# Blender 4.4.3
# www.blender.org
mtllib simulated_cloth.mtl
o Cloth
v -0.033285 -0.258513 2.362083
v 0.028467 -0.264462 2.376874
v -0.027795 -0.228870 2.282136
v 0.025347 -0.237546 2.288021
v -0.015953 -0.177911 2.218065
v -0.004552 -0.180302 2.216362
v -0.003889 -0.115863 2.183415
v -0.004313 -0.123816 2.188519
v 0.001439 -0.037453 2.173206
v 0.001850 -0.038415 2.178310
v -0.001926 0.047320 2.190213
v -0.001577 0.053604 2.194931
v -0.012801 0.120122 2.229873
v -0.001209 0.118451 2.224064
v -0.025483 0.189221 2.303895
v 0.116770 -0.277627 2.423790
v 0.123051 -0.266317 2.358624
v 0.220519 -0.271422 2.493324
v 0.232591 -0.267468 2.435174
v 0.309338 -0.205240 2.570672
v 0.327194 -0.203434 2.512254
v 0.351049 -0.087355 2.627538
v 0.370436 -0.078492 2.565944
v 0.341988 0.050087 2.634943
v 0.360331 0.063957 2.570163
v 0.288575 0.178065 2.597059
v 0.302728 0.188963 2.528099
v 0.199280 0.254951 2.532747
v 0.207947 0.255755 2.457138
v 0.100612 0.269595 2.463348
v 0.105161 0.255051 2.377708
v 0.019060 0.202476 2.303933
v -0.032063 0.240906 2.399294
v 0.020411 0.252430 2.413048
v -0.030925 -0.346029 2.743216
v -0.032197 -0.338166 2.694432
v -0.034286 -0.323097 2.613250
v -0.036050 -0.305607 2.527899
v -0.035990 -0.283296 2.443437
v 0.025794 -0.288193 2.455147
v 0.027054 -0.309073 2.537433
v 0.032298 -0.325362 2.622281
v 0.037170 -0.339026 2.703414
v 0.039504 -0.345822 2.751789
v 0.012136 0.114577 2.811296
v 0.010363 0.142425 2.772269
v 0.011439 0.191153 2.700140
v 0.014535 0.234895 2.611395
v 0.017917 0.259177 2.513866
v -0.032186 0.114649 2.806837
v -0.033023 0.142820 2.766919
v -0.033877 0.191732 2.692417
v -0.034343 0.233786 2.600565
v -0.034124 0.254698 2.500575
v 0.117075 -0.338536 2.773520
v 0.117201 -0.334292 2.727517
v 0.115191 -0.324147 2.649485
v 0.111492 -0.311370 2.568584
v 0.111328 -0.295785 2.492379
v 0.195107 -0.311876 2.804482
v 0.200063 -0.309254 2.763901
v 0.205185 -0.301060 2.694393
v 0.208063 -0.290842 2.622360
v 0.212030 -0.280415 2.554587
v 0.257271 -0.249986 2.837053
v 0.266045 -0.245622 2.803469
v 0.277333 -0.235279 2.745535
v 0.287610 -0.224096 2.685404
v 0.297493 -0.213220 2.627308
v 0.288067 -0.152621 2.859807
v 0.297156 -0.143812 2.831741
v 0.309783 -0.128860 2.783117
v 0.323429 -0.114315 2.732206
v 0.337049 -0.100279 2.681140
v 0.282860 -0.045617 2.865576
v 0.290078 -0.031654 2.839085
v 0.300588 -0.010085 2.792976
v 0.313901 0.011720 2.742816
v 0.327945 0.032207 2.690541
v 0.240871 0.039651 2.857825
v 0.245372 0.058744 2.829623
v 0.252771 0.089643 2.779724
v 0.264182 0.123810 2.722639
v 0.276565 0.155190 2.661099
v 0.165286 0.089180 2.841762
v 0.166686 0.112700 2.809729
v 0.171960 0.153287 2.752500
v 0.181418 0.197649 2.684648
v 0.190962 0.234223 2.609664
v 0.079244 0.109657 2.823682
v 0.078460 0.136236 2.787524
v 0.082370 0.183031 2.722085
v 0.089461 0.229462 2.642555
v 0.095933 0.261017 2.554170
v 0.039322 -0.230930 2.242228
v -0.016120 -0.179592 2.206671
v -0.002710 -0.112568 2.183250
v 0.002218 -0.042103 2.179458
v 0.000465 0.042553 2.188995
v 0.004054 0.103881 2.203948
v 0.130151 -0.263428 2.301077
v 0.247189 -0.267483 2.372576
v 0.354080 -0.204649 2.444011
v 0.405592 -0.075279 2.489459
v 0.392821 0.070656 2.489691
v 0.323072 0.184552 2.449916
v 0.219067 0.236972 2.382683
v 0.112797 0.230189 2.307184
v 0.032675 0.176223 2.244903
v 0.050978 -0.226067 2.110206
v 0.005510 -0.169898 2.102436
v -0.003876 -0.111508 2.088758
v 0.002148 -0.045991 2.083685
v 0.000168 0.026242 2.090842
v 0.011647 0.087107 2.101915
v 0.143123 -0.259752 2.120435
v 0.265471 -0.257997 2.132344
v 0.381845 -0.194107 2.144510
v 0.451146 -0.077872 2.153563
v 0.442121 0.046599 2.154942
v 0.365290 0.138175 2.148997
v 0.255838 0.178997 2.137715
v 0.141624 0.179522 2.122037
v 0.052477 0.147522 2.108164
v -0.002575 -0.109815 2.172368
v -0.002311 -0.111241 2.150967
v -0.015207 -0.174830 2.157956
v -0.016820 -0.179350 2.189564
v 0.440657 -0.076060 2.389054
v 0.451148 -0.077825 2.272525
v 0.440886 0.054381 2.273134
v 0.427307 0.065256 2.388299
v 0.002518 -0.047050 2.171294
v 0.002813 -0.048718 2.150998
v 0.360576 0.149176 2.257345
v 0.345671 0.167343 2.358082
v 0.001383 0.033183 2.175474
v 0.001612 0.029893 2.153825
v 0.247848 0.186903 2.229755
v 0.233850 0.208742 2.307282
v 0.005873 0.092475 2.182502
v 0.009082 0.088768 2.156760
v 0.132380 0.183896 2.196432
v 0.122276 0.202261 2.250380
v 0.040949 -0.229476 2.211943
v 0.043424 -0.228957 2.176047
v 0.138491 -0.261118 2.198589
v 0.134881 -0.261988 2.252159
v 0.037760 0.159084 2.206099
v 0.044616 0.150968 2.169348
v 0.262851 -0.261363 2.226143
v 0.258138 -0.264685 2.303556
v 0.381287 -0.198358 2.253977
v 0.375482 -0.201831 2.356112
v 0.061722 -0.214931 2.010791
v 0.013233 -0.160858 2.008470
v -0.002153 -0.102285 2.006649
v -0.000305 -0.043315 2.006915
v 0.004475 0.019147 2.009141
v 0.018044 0.085080 2.011603
v 0.147989 -0.252266 2.014379
v 0.264887 -0.251178 2.018469
v 0.378603 -0.186992 2.023005
v 0.446216 -0.075175 2.027900
v 0.434868 0.043993 2.030666
v 0.359917 0.133709 2.029979
v 0.256787 0.176787 2.026937
v 0.150108 0.177908 2.021190
v 0.063891 0.143226 2.015048
v 0.104307 -0.049550 1.276750
v 0.079621 -0.006813 1.277871
v 0.070417 0.034105 1.280079
v 0.067511 0.073327 1.283624
v 0.069069 0.114764 1.283066
v 0.079171 0.159665 1.285510
v 0.153411 -0.084424 1.276290
v 0.227431 -0.086703 1.278549
v 0.304003 -0.035529 1.283495
v 0.348330 0.050955 1.287798
v 0.343180 0.140137 1.291569
v 0.297384 0.205318 1.295285
v 0.231798 0.233236 1.296210
v 0.164943 0.229708 1.294223
v 0.110206 0.202957 1.289892
v 0.420595 0.047392 1.910709
v 0.401678 0.056559 1.799859
v 0.383540 0.069878 1.692588
v 0.366533 0.084745 1.589379
v 0.352323 0.101578 1.494895
v 0.345401 0.117973 1.414209
v 0.297186 0.183819 1.418486
v 0.301885 0.169801 1.500074
v 0.311423 0.156388 1.595915
v 0.322174 0.145371 1.699272
v 0.334027 0.137769 1.805352
v 0.347948 0.133329 1.913789
v 0.011647 0.022369 1.904720
v 0.016901 0.030906 1.798801
v 0.024377 0.044342 1.693926
v 0.033335 0.061595 1.595688
v 0.035868 0.074039 1.524085
v 0.038714 0.035027 1.409276
v 0.036998 0.050239 1.472722
v 0.033029 0.020255 1.590866
v 0.023440 -0.000315 1.693294
v 0.009826 -0.019851 1.796992
v 0.001328 -0.035132 1.902369
v 0.229878 0.210760 1.420626
v 0.232818 0.198509 1.503084
v 0.236370 0.187070 1.599548
v 0.239840 0.178476 1.702510
v 0.245627 0.176113 1.807745
v 0.252214 0.175566 1.914643
v 0.031647 0.085190 1.907352
v 0.039342 0.088462 1.801959
v 0.045836 0.095649 1.696565
v 0.050860 0.107757 1.594440
v 0.051064 0.111410 1.489668
v 0.066421 0.139681 1.410173
v 0.161133 0.202458 1.419076
v 0.161152 0.191631 1.502008
v 0.160541 0.184594 1.599152
v 0.158938 0.178515 1.702474
v 0.157763 0.175847 1.807443
v 0.155449 0.176849 1.913053
v 0.076296 -0.192776 1.902308
v 0.087213 -0.165257 1.796864
v 0.090802 -0.138683 1.691585
v 0.092334 -0.113261 1.589123
v 0.091017 -0.094113 1.491173
v 0.092948 -0.077939 1.406352
v 0.146161 -0.112204 1.405730
v 0.146098 -0.128128 1.490037
v 0.148740 -0.149833 1.586331
v 0.149839 -0.179471 1.686979
v 0.151614 -0.209222 1.792445
v 0.151390 -0.234749 1.901292
v 0.076574 0.142508 1.910251
v 0.084309 0.142911 1.805157
v 0.090689 0.146944 1.699957
v 0.095005 0.154994 1.596599
v 0.096867 0.162944 1.498185
v 0.101117 0.174254 1.415359
v 0.222903 -0.113089 1.407036
v 0.225110 -0.129154 1.490153
v 0.229783 -0.150793 1.584992
v 0.236586 -0.180411 1.684817
v 0.247749 -0.211143 1.790139
v 0.258301 -0.235572 1.901165
v 0.300158 -0.059026 1.409902
v 0.305482 -0.075391 1.491292
v 0.315085 -0.095952 1.584999
v 0.329363 -0.122283 1.685127
v 0.348899 -0.150334 1.790438
v 0.366925 -0.172511 1.902371
v 0.028692 -0.140807 1.902487
v 0.047345 -0.113903 1.799235
v 0.056059 -0.090314 1.694651
v 0.057986 -0.069003 1.591157
v 0.058299 -0.051311 1.492416
v 0.062792 -0.035453 1.407295
v 0.348099 0.028100 1.411591
v 0.356429 0.011113 1.491989
v 0.371547 -0.009155 1.585113
v 0.390442 -0.030716 1.686409
v 0.412068 -0.050988 1.793155
v 0.432667 -0.066229 1.905715
v 0.003719 -0.088528 1.901619
v 0.020817 -0.066183 1.798020
v 0.035681 -0.043701 1.694727
v 0.039770 -0.024220 1.591447
v 0.039756 -0.007046 1.490937
v 0.045658 0.005475 1.408145
v 0.113198 -0.034228 1.222247
v 0.087239 0.007977 1.222951
v 0.075468 0.047821 1.223686
v 0.072430 0.086707 1.225012
v 0.073969 0.130034 1.226706
v 0.083732 0.178585 1.230432
v 0.160539 -0.068826 1.221666
v 0.232869 -0.072489 1.224016
v 0.310264 -0.023436 1.229087
v 0.354775 0.062524 1.234480
v 0.348898 0.152508 1.239656
v 0.303324 0.219433 1.243791
v 0.237533 0.248633 1.243869
v 0.170357 0.247286 1.241230
v 0.114970 0.222381 1.236374
v 0.117203 -0.021923 1.167604
v 0.090589 0.020547 1.168785
v 0.077533 0.061168 1.169521
v 0.073588 0.101984 1.170424
v 0.075448 0.148633 1.172054
v 0.087232 0.199297 1.175850
v 0.165321 -0.055443 1.166813
v 0.238943 -0.058318 1.169041
v 0.317857 -0.009844 1.173722
v 0.362946 0.075873 1.179165
v 0.356595 0.167320 1.184392
v 0.309805 0.236185 1.187868
v 0.243080 0.266053 1.187296
v 0.176241 0.265759 1.184982
v 0.120608 0.242469 1.181144
v 0.059447 0.105376 1.337802
v 0.117473 -0.008620 1.103648
v 0.090029 0.034092 1.104908
v 0.077169 0.075519 1.105731
v 0.073681 0.118183 1.106299
v 0.076528 0.167418 1.107047
v 0.090545 0.218628 1.109012
v 0.168586 -0.041818 1.102978
v 0.246074 -0.044915 1.104531
v 0.326671 0.003566 1.107953
v 0.364955 0.183158 1.115329
v 0.316412 0.254266 1.116923
v 0.246736 0.285357 1.115846
v 0.179146 0.284790 1.114112
v 0.124680 0.261085 1.111870
v 0.342454 0.129726 1.348491
v 0.071156 0.142966 1.348670
v 0.097555 -0.063180 1.337571
v 0.105871 0.186435 1.349216
v 0.069971 -0.020834 1.338529
v 0.057259 0.020342 1.342247
v 0.295622 0.194687 1.352275
v 0.050230 0.061028 1.363003
v 0.229409 0.221458 1.353964
v 0.162270 0.214851 1.352437
v 0.149162 -0.098186 1.337145
v 0.224225 -0.099855 1.338981
v 0.300380 -0.046757 1.343013
v 0.346034 0.040262 1.345774
v 0.371703 0.089942 1.111964
v 0.117661 0.000612 1.032715
v 0.089430 0.043451 1.033081
v 0.076683 0.085065 1.033289
v 0.073914 0.128227 1.033104
v 0.077510 0.178186 1.032532
v 0.092186 0.229616 1.032230
v 0.170985 -0.033177 1.032870
v 0.251698 -0.037073 1.033778
v 0.333920 0.011947 1.034928
v 0.379229 0.098815 1.036064
v 0.373168 0.192692 1.036645
v 0.323697 0.265752 1.036166
v 0.249626 0.298980 1.034717
v 0.179429 0.297949 1.033478
v 0.125638 0.272634 1.032599
v 0.181880 0.261135 0.606510
v 0.245517 0.263066 0.605316
v 0.312846 0.233719 0.605632
v 0.357633 0.171928 0.607775
v 0.357866 0.091705 0.611852
v 0.312662 0.014226 0.616654
v 0.240919 -0.031316 0.619874
v 0.174497 -0.023855 0.620492
v 0.108363 0.199208 0.611225
v 0.098008 0.156352 0.613451
v 0.097090 0.115359 0.615156
v 0.102102 0.080497 0.616706
v 0.113817 0.047206 0.618208
v 0.135140 0.236854 0.608653
v 0.134863 0.010717 0.619561
v 0.093308 0.229656 0.950385
v 0.095905 0.224504 0.865982
v 0.099913 0.218247 0.780999
v 0.104478 0.210521 0.695783
v 0.079139 0.178534 0.952052
v 0.082042 0.174551 0.867969
v 0.086770 0.170148 0.782975
v 0.092688 0.164994 0.697895
v 0.383821 0.100682 0.954753
v 0.384590 0.099096 0.869343
v 0.379354 0.096763 0.782546
v 0.369328 0.094533 0.696226
v 0.172828 -0.026439 0.705323
v 0.173419 -0.027661 0.790623
v 0.174129 -0.028175 0.874969
v 0.173080 -0.029669 0.956760
v 0.075831 0.129257 0.953552
v 0.078941 0.126448 0.869796
v 0.083789 0.123670 0.784830
v 0.090262 0.120926 0.699704
v 0.105599 0.046597 0.703107
v 0.100338 0.045280 0.788114
v 0.096198 0.045308 0.872336
v 0.092248 0.045906 0.955008
v 0.321784 0.014221 0.700691
v 0.330577 0.014704 0.786454
v 0.335697 0.015726 0.872376
v 0.336729 0.015289 0.956217
v 0.244726 -0.032759 0.704241
v 0.249604 -0.033170 0.789663
v 0.253018 -0.032866 0.874703
v 0.253838 -0.033854 0.957147
v 0.126109 0.272765 0.949185
v 0.127735 0.266837 0.864311
v 0.130175 0.259098 0.779107
v 0.132962 0.249422 0.693564
v 0.368418 0.178857 0.692692
v 0.377639 0.183993 0.779342
v 0.382115 0.188643 0.866620
v 0.379730 0.192749 0.953145
v 0.120286 0.003985 0.955803
v 0.123351 0.005101 0.873811
v 0.125652 0.006038 0.789716
v 0.128736 0.008059 0.704508
v 0.320698 0.244608 0.690822
v 0.327608 0.253289 0.777314
v 0.331222 0.260460 0.864357
v 0.329512 0.265919 0.951220
v 0.248445 0.276002 0.690633
v 0.250650 0.286798 0.776905
v 0.251994 0.295238 0.863317
v 0.251652 0.300584 0.949663
v 0.093951 0.082987 0.701450
v 0.087661 0.083701 0.786467
v 0.082796 0.085125 0.871087
v 0.079008 0.086867 0.954396
v 0.181573 0.274094 0.691734
v 0.180630 0.284854 0.777680
v 0.179903 0.293297 0.863426
v 0.179505 0.299029 0.948993
v 0.190070 0.203421 0.250078
v 0.236341 0.206337 0.249554
v 0.282693 0.180714 0.249107
v 0.310648 0.127931 0.250148
v 0.311199 0.062545 0.253795
v 0.283190 0.000886 0.258804
v 0.232461 -0.035162 0.262840
v 0.184156 -0.031430 0.263977
v 0.139431 0.142215 0.252612
v 0.135241 0.104977 0.254877
v 0.137166 0.073757 0.257000
v 0.140784 0.048318 0.258822
v 0.146039 0.023297 0.260517
v 0.156375 0.178750 0.250923
v 0.157203 -0.005125 0.262492
v 0.347663 0.162581 0.526592
v 0.338098 0.151933 0.447141
v 0.328062 0.141214 0.368542
v 0.318055 0.132665 0.294227
v 0.287512 0.186609 0.292848
v 0.293714 0.196016 0.366505
v 0.299871 0.208192 0.444658
v 0.306004 0.221120 0.524102
v 0.112256 0.185536 0.529558
v 0.117752 0.172188 0.449670
v 0.125089 0.159141 0.371093
v 0.133665 0.148031 0.296846
v 0.130064 0.110354 0.299291
v 0.121132 0.121121 0.373339
v 0.112108 0.133164 0.451735
v 0.104136 0.144768 0.531691
v 0.238870 -0.030299 0.538829
v 0.237201 -0.031175 0.459596
v 0.235269 -0.033382 0.381069
v 0.233344 -0.035823 0.306817
v 0.287632 0.001661 0.303135
v 0.293279 0.005482 0.377923
v 0.299293 0.009786 0.456788
v 0.305450 0.013048 0.536040
v 0.142675 0.011116 0.537935
v 0.148780 0.007391 0.458693
v 0.152332 0.001854 0.380711
v 0.154689 -0.002823 0.306686
v 0.182251 -0.030345 0.307861
v 0.181380 -0.026735 0.381775
v 0.180059 -0.023446 0.459930
v 0.177591 -0.022058 0.539074
v 0.105802 0.106650 0.533237
v 0.116010 0.097316 0.453317
v 0.125446 0.087167 0.375286
v 0.133188 0.078142 0.301502
v 0.137457 0.051999 0.303327
v 0.131534 0.059445 0.376988
v 0.123377 0.067950 0.454787
v 0.112676 0.075090 0.534615
v 0.124358 0.044715 0.536216
v 0.133527 0.038991 0.456650
v 0.139348 0.031783 0.378845
v 0.143235 0.026080 0.304986
v 0.318279 0.065557 0.298171
v 0.327974 0.071847 0.372918
v 0.337921 0.079601 0.451769
v 0.347544 0.086735 0.531104
v 0.237238 0.212660 0.293094
v 0.238887 0.222560 0.366197
v 0.240777 0.235268 0.443979
v 0.242842 0.249109 0.523475
v 0.137137 0.222764 0.526752
v 0.140624 0.208894 0.446901
v 0.145562 0.195737 0.368616
v 0.151714 0.184932 0.294824
v 0.187762 0.209966 0.293661
v 0.185223 0.220526 0.366844
v 0.183365 0.233491 0.444732
v 0.182123 0.247280 0.524462
v -0.094456 -0.262794 2.375205
v -0.080206 -0.232886 2.287450
v -0.026437 -0.175388 2.215308
v -0.020841 0.113622 2.227576
v -0.181725 -0.274601 2.419778
v -0.181566 -0.265939 2.354138
v -0.282773 -0.261333 2.484499
v -0.287975 -0.258453 2.424310
v -0.367287 -0.191960 2.554293
v -0.377962 -0.185927 2.494410
v -0.406034 -0.084290 2.605500
v -0.421203 -0.075089 2.544367
v -0.396353 0.040811 2.614404
v -0.411808 0.051180 2.551341
v -0.344567 0.162493 2.583927
v -0.356342 0.171588 2.516957
v -0.258330 0.238066 2.527951
v -0.264133 0.237695 2.455363
v -0.162237 0.252338 2.464885
v -0.161369 0.231232 2.384523
v -0.068642 0.187846 2.310373
v -0.083413 0.241806 2.415695
v -0.096605 -0.285140 2.453578
v -0.097687 -0.305408 2.535471
v -0.099487 -0.321900 2.619562
v -0.100317 -0.335945 2.700325
v -0.100250 -0.343048 2.748724
v -0.074736 0.113423 2.808710
v -0.074516 0.141006 2.769861
v -0.077285 0.189134 2.698037
v -0.081244 0.232097 2.609786
v -0.084318 0.254484 2.513400
v -0.175049 -0.333069 2.766796
v -0.177275 -0.328095 2.720560
v -0.178958 -0.316907 2.642922
v -0.178674 -0.303326 2.563341
v -0.179520 -0.288343 2.488549
v -0.249379 -0.304724 2.794057
v -0.255930 -0.301105 2.752772
v -0.264009 -0.291330 2.682990
v -0.269956 -0.279535 2.611787
v -0.275780 -0.268374 2.545567
v -0.308108 -0.243332 2.823469
v -0.317964 -0.238249 2.788551
v -0.331304 -0.226670 2.729242
v -0.343772 -0.214021 2.668572
v -0.355510 -0.201682 2.610710
v -0.337140 -0.148854 2.844225
v -0.347136 -0.140171 2.814422
v -0.361296 -0.125309 2.763752
v -0.376363 -0.110758 2.711358
v -0.391281 -0.096867 2.659353
v -0.332210 -0.045728 2.849759
v -0.340513 -0.032769 2.821616
v -0.352557 -0.012757 2.773707
v -0.366950 0.007285 2.722428
v -0.381794 0.025655 2.669669
v -0.292408 0.036588 2.843719
v -0.298356 0.054341 2.814358
v -0.307526 0.082982 2.763593
v -0.319838 0.114418 2.706655
v -0.332592 0.142811 2.646164
v -0.220675 0.085350 2.831222
v -0.223780 0.107777 2.798712
v -0.230854 0.146330 2.741508
v -0.241044 0.188159 2.674647
v -0.250692 0.221797 2.601641
v -0.138645 0.106960 2.817484
v -0.139520 0.132849 2.781419
v -0.145087 0.178278 2.716371
v -0.152872 0.223018 2.637744
v -0.159279 0.251689 2.551260
v -0.087755 -0.221778 2.243123
v -0.018702 0.101120 2.208582
v -0.181360 -0.260915 2.297927
v -0.290626 -0.257269 2.362055
v -0.386724 -0.183951 2.424937
v -0.436785 -0.071179 2.468880
v -0.428283 0.055124 2.473399
v -0.367845 0.169622 2.439601
v -0.269180 0.226823 2.380995
v -0.161096 0.213748 2.314681
v -0.071750 0.163920 2.253262
v -0.088001 -0.211396 2.109999
v -0.031822 -0.158077 2.101511
v -0.023610 0.086782 2.102798
v -0.175642 -0.253689 2.119417
v -0.289091 -0.254664 2.131677
v -0.398213 -0.187033 2.145525
v -0.463038 -0.075406 2.155919
v -0.455057 0.041221 2.157897
v -0.382973 0.129595 2.151842
v -0.279699 0.174394 2.140305
v -0.169603 0.177543 2.125452
v -0.078428 0.145172 2.111825
v -0.451444 -0.071756 2.376087
v -0.462047 -0.074567 2.271272
v -0.455745 0.045120 2.272009
v -0.444552 0.051967 2.377824
v -0.386059 0.137343 2.256436
v -0.379286 0.155161 2.350822
v -0.280103 0.181045 2.230531
v -0.275267 0.203289 2.305856
v -0.016453 0.093075 2.185475
v -0.018479 0.089110 2.158755
v -0.167488 0.181403 2.199998
v -0.163270 0.196270 2.255298
v -0.087312 -0.218200 2.212756
v -0.087019 -0.216145 2.176157
v -0.179229 -0.256579 2.197502
v -0.180305 -0.258085 2.250406
v -0.070995 0.154272 2.212250
v -0.074200 0.147796 2.174202
v -0.292439 -0.256964 2.224385
v -0.291503 -0.256629 2.297237
v -0.399340 -0.187272 2.252194
v -0.393657 -0.184606 2.343891
v -0.087565 -0.202989 2.009341
v -0.038359 -0.147571 2.006360
v -0.012809 -0.092873 2.003557
v -0.005583 -0.037103 2.003789
v -0.010291 0.023828 2.006597
v -0.030895 0.088169 2.010464
v -0.168303 -0.245299 2.012303
v -0.278219 -0.245316 2.016693
v -0.386303 -0.179444 2.022715
v -0.451514 -0.071005 2.028557
v -0.442051 0.043637 2.032300
v -0.370985 0.131695 2.032382
v -0.272780 0.176062 2.029193
v -0.168719 0.178202 2.023437
v -0.082321 0.145490 2.016318
v -0.100068 -0.043357 1.265685
v -0.075534 0.000718 1.267301
v -0.064650 0.041525 1.269512
v -0.061280 0.079675 1.272620
v -0.063418 0.120801 1.272264
v -0.074781 0.165687 1.275429
v -0.148119 -0.079528 1.265884
v -0.221568 -0.084214 1.270030
v -0.297654 -0.035689 1.277283
v -0.341757 0.049742 1.283422
v -0.337260 0.139159 1.287407
v -0.293171 0.205792 1.289729
v -0.228510 0.235123 1.288890
v -0.161743 0.233374 1.285610
v -0.106766 0.208364 1.280511
v -0.420058 0.048499 1.910589
v -0.394646 0.056400 1.799376
v -0.374885 0.071558 1.692770
v -0.359297 0.087813 1.589493
v -0.345491 0.101889 1.492217
v -0.337037 0.115523 1.410006
v -0.292135 0.183991 1.413522
v -0.298840 0.172329 1.496655
v -0.308995 0.161217 1.594958
v -0.318411 0.149387 1.700294
v -0.330688 0.137730 1.807248
v -0.351342 0.133725 1.915383
v -0.017029 0.031656 1.899612
v -0.022208 0.039893 1.792333
v -0.030525 0.051053 1.686626
v -0.033602 0.066117 1.586919
v -0.034076 0.077540 1.514233
v -0.033904 0.040114 1.397704
v -0.033901 0.054422 1.461825
v -0.029369 0.023335 1.580793
v -0.026805 0.004067 1.684896
v -0.017864 -0.011811 1.790458
v -0.011814 -0.025254 1.897320
v -0.228560 0.211843 1.414198
v -0.232363 0.201703 1.497931
v -0.235928 0.194751 1.596309
v -0.240358 0.189024 1.702006
v -0.247967 0.181035 1.809161
v -0.260687 0.176736 1.916248
v -0.037460 0.092574 1.903434
v -0.044216 0.096410 1.796207
v -0.050532 0.103244 1.689665
v -0.052156 0.113724 1.586378
v -0.050776 0.115460 1.480159
v -0.065584 0.144290 1.400423
v -0.160686 0.204064 1.411319
v -0.161961 0.194512 1.495137
v -0.161614 0.191889 1.593751
v -0.161401 0.189440 1.699411
v -0.163197 0.182787 1.806916
v -0.166333 0.177986 1.913996
v -0.087382 -0.187385 1.897069
v -0.088809 -0.163406 1.787822
v -0.088424 -0.136769 1.681404
v -0.087165 -0.111861 1.577707
v -0.086386 -0.091330 1.479053
v -0.088089 -0.074018 1.393865
v -0.141072 -0.109126 1.394402
v -0.141812 -0.125961 1.479234
v -0.144772 -0.147708 1.577498
v -0.147032 -0.174495 1.681002
v -0.152520 -0.203551 1.787095
v -0.159957 -0.228835 1.897223
v -0.086147 0.146777 1.908830
v -0.090538 0.150047 1.801674
v -0.094184 0.155612 1.694516
v -0.096110 0.161233 1.589664
v -0.097507 0.166584 1.490139
v -0.100498 0.178186 1.406701
v -0.217352 -0.111622 1.398070
v -0.221242 -0.129289 1.481555
v -0.228122 -0.151065 1.579002
v -0.233853 -0.173797 1.682720
v -0.244747 -0.200835 1.788303
v -0.262066 -0.227345 1.898517
v -0.294993 -0.060524 1.403419
v -0.301083 -0.078546 1.485449
v -0.312461 -0.099975 1.581465
v -0.323488 -0.117839 1.684765
v -0.340365 -0.138386 1.790472
v -0.365276 -0.162709 1.901182
v -0.042996 -0.133958 1.896803
v -0.049112 -0.113460 1.788543
v -0.053160 -0.089947 1.682314
v -0.052393 -0.068259 1.578504
v -0.053072 -0.048755 1.479758
v -0.056906 -0.031428 1.394691
v -0.341098 0.024996 1.407030
v -0.348778 0.008761 1.488786
v -0.362149 -0.010148 1.584388
v -0.379859 -0.027374 1.686009
v -0.403302 -0.044178 1.791891
v -0.430132 -0.060385 1.904520
v -0.019530 -0.079342 1.896472
v -0.026920 -0.062447 1.789376
v -0.033466 -0.042709 1.683516
v -0.034006 -0.022688 1.579519
v -0.035352 -0.003685 1.478946
v -0.039983 0.009928 1.396197
v -0.104702 -0.030060 1.211677
v -0.079912 0.013328 1.212661
v -0.068293 0.054423 1.213759
v -0.065145 0.093446 1.214985
v -0.067353 0.136592 1.216794
v -0.078483 0.184929 1.220707
v -0.152612 -0.063947 1.212491
v -0.226972 -0.069936 1.215903
v -0.304529 -0.024333 1.222785
v -0.349007 0.061361 1.230039
v -0.344140 0.151949 1.235358
v -0.299775 0.220147 1.238242
v -0.234462 0.250819 1.236721
v -0.167181 0.251236 1.232697
v -0.111038 0.227939 1.226866
v -0.109231 -0.017173 1.158751
v -0.082864 0.025637 1.159489
v -0.070329 0.067252 1.160227
v -0.066679 0.108379 1.160896
v -0.068976 0.154798 1.162271
v -0.081938 0.205079 1.165694
v -0.157995 -0.050503 1.159196
v -0.232589 -0.056364 1.161788
v -0.311469 -0.010803 1.167805
v -0.356886 0.074661 1.174615
v -0.351481 0.166388 1.179569
v -0.305745 0.235862 1.181667
v -0.239803 0.266879 1.179618
v -0.173278 0.268711 1.176115
v -0.116875 0.247307 1.171169
v -0.055577 0.110638 1.326505
v -0.109394 -0.004339 1.095239
v -0.082058 0.038735 1.095684
v -0.069828 0.080668 1.096051
v -0.066926 0.123463 1.096211
v -0.070293 0.172496 1.096589
v -0.085615 0.223326 1.098355
v -0.160646 -0.038364 1.095686
v -0.238288 -0.043842 1.098054
v -0.319097 0.002758 1.102707
v -0.358560 0.180917 1.109917
v -0.311045 0.251869 1.109894
v -0.242917 0.283965 1.107373
v -0.176249 0.286355 1.104849
v -0.121443 0.264896 1.101752
v -0.334808 0.128107 1.344251
v -0.068484 0.148340 1.338309
v -0.094512 -0.057405 1.325794
v -0.103539 0.191538 1.340027
v -0.066640 -0.014253 1.327274
v -0.052963 0.026534 1.331375
v -0.290738 0.194961 1.346647
v -0.046174 0.066356 1.351688
v -0.226671 0.222795 1.346599
v -0.159903 0.217742 1.343976
v -0.144760 -0.094240 1.325787
v -0.218352 -0.097896 1.329863
v -0.294196 -0.047176 1.336422
v -0.338616 0.038219 1.341156
v -0.364837 0.088313 1.107367
v -0.108945 0.004205 1.024137
v -0.081504 0.047606 1.023533
v -0.069515 0.089445 1.022987
v -0.067208 0.132440 1.022267
v -0.071644 0.182079 1.021410
v -0.088402 0.232796 1.021178
v -0.161917 -0.030768 1.025356
v -0.243052 -0.036463 1.027299
v -0.325876 0.010993 1.029639
v -0.372102 0.096769 1.031248
v -0.366705 0.189855 1.031092
v -0.318261 0.263167 1.029163
v -0.245728 0.298053 1.026180
v -0.176600 0.299674 1.023971
v -0.123310 0.275325 1.022228
v -0.174605 0.260417 0.596941
v -0.238177 0.260371 0.596475
v -0.304765 0.229097 0.597638
v -0.350010 0.167102 0.600575
v -0.349988 0.088290 0.605305
v -0.302030 0.013301 0.609963
v -0.229641 -0.030798 0.612186
v -0.165169 -0.021534 0.611853
v -0.099087 0.201485 0.601175
v -0.088057 0.159177 0.603497
v -0.087125 0.118248 0.605223
v -0.092715 0.083596 0.606785
v -0.105395 0.050949 0.608582
v -0.127027 0.237872 0.598695
v -0.126951 0.014605 0.610371
v -0.091131 0.230855 0.939411
v -0.092850 0.225432 0.855504
v -0.094325 0.220038 0.770782
v -0.097103 0.212779 0.685696
v -0.073345 0.181228 0.940772
v -0.075977 0.176591 0.857050
v -0.080278 0.172373 0.772492
v -0.085285 0.167567 0.687782
v -0.376537 0.098425 0.949443
v -0.376821 0.096517 0.863599
v -0.371339 0.093963 0.776376
v -0.361298 0.091557 0.689732
v -0.162919 -0.024780 0.696466
v -0.163374 -0.026007 0.781980
v -0.164343 -0.026298 0.866601
v -0.163691 -0.027589 0.948705
v -0.068396 0.132794 0.942484
v -0.070784 0.129371 0.858873
v -0.076347 0.126219 0.774257
v -0.082600 0.123401 0.689516
v -0.096252 0.049232 0.693138
v -0.091934 0.048164 0.778068
v -0.088902 0.048906 0.862300
v -0.084794 0.049784 0.945098
v -0.311495 0.013190 0.694005
v -0.320735 0.013617 0.779899
v -0.326463 0.014638 0.866095
v -0.328292 0.014240 0.950323
v -0.233756 -0.032433 0.696557
v -0.239022 -0.032707 0.782148
v -0.243064 -0.032320 0.867410
v -0.244709 -0.033362 0.950147
v -0.124884 0.274173 0.938936
v -0.124998 0.268158 0.854335
v -0.124922 0.260688 0.769151
v -0.126069 0.250812 0.683566
v -0.360992 0.174848 0.685600
v -0.370573 0.180313 0.772808
v -0.375462 0.185271 0.860605
v -0.373500 0.189779 0.947459
v -0.111782 0.007138 0.946685
v -0.114851 0.007855 0.864393
v -0.116533 0.008459 0.780136
v -0.119485 0.010751 0.694937
v -0.313248 0.240863 0.682840
v -0.321031 0.250086 0.769800
v -0.325390 0.257749 0.857262
v -0.324200 0.263615 0.944333
v -0.241650 0.274069 0.681627
v -0.244769 0.285668 0.768081
v -0.247011 0.294869 0.854712
v -0.247390 0.300594 0.941198
v -0.085333 0.085312 0.691222
v -0.079743 0.086587 0.776116
v -0.075071 0.088792 0.860612
v -0.071693 0.090932 0.943886
v -0.174959 0.274108 0.681969
v -0.175163 0.285838 0.768021
v -0.175761 0.295145 0.853885
v -0.176410 0.301272 0.939479
v -0.177883 0.200058 0.240388
v -0.224356 0.199638 0.240328
v -0.270493 0.171783 0.240874
v -0.300224 0.118168 0.242764
v -0.304098 0.053837 0.246884
v -0.276372 -0.004002 0.252977
v -0.223014 -0.033063 0.257662
v -0.172051 -0.027355 0.257850
v -0.127013 0.142751 0.243047
v -0.122121 0.105200 0.245335
v -0.123623 0.074020 0.247777
v -0.127806 0.048592 0.249986
v -0.133295 0.024318 0.252372
v -0.143998 0.178534 0.241257
v -0.144009 -0.003051 0.255230
v -0.339849 0.156731 0.519388
v -0.329905 0.145067 0.439826
v -0.319273 0.133351 0.361040
v -0.308307 0.123703 0.286646
v -0.275751 0.178344 0.284513
v -0.283110 0.188618 0.358443
v -0.290346 0.201654 0.436815
v -0.297324 0.215507 0.516268
v -0.101198 0.187428 0.519384
v -0.105390 0.173700 0.439440
v -0.111957 0.160138 0.360896
v -0.120681 0.148578 0.286920
v -0.115867 0.110826 0.289422
v -0.107004 0.122690 0.363297
v -0.098927 0.135566 0.441681
v -0.092125 0.147458 0.521670
v -0.227659 -0.029546 0.531111
v -0.225849 -0.030403 0.451798
v -0.223887 -0.032100 0.373258
v -0.223011 -0.033294 0.299987
v -0.280368 -0.002037 0.296307
v -0.284702 0.002678 0.370638
v -0.290017 0.007491 0.449687
v -0.295331 0.011634 0.529165
v -0.136313 0.016060 0.529164
v -0.140490 0.011585 0.450153
v -0.140395 0.004415 0.372298
v -0.140954 -0.000929 0.298700
v -0.169524 -0.026580 0.300365
v -0.169098 -0.024046 0.373619
v -0.169768 -0.020538 0.451768
v -0.168792 -0.018948 0.530774
v -0.094670 0.109885 0.523397
v -0.104308 0.100464 0.443550
v -0.111980 0.089233 0.365577
v -0.118501 0.078779 0.291971
v -0.123473 0.052713 0.294229
v -0.119314 0.061990 0.367757
v -0.114041 0.072164 0.445503
v -0.103894 0.079394 0.525119
v -0.117717 0.049781 0.527069
v -0.125573 0.043568 0.447762
v -0.127684 0.034461 0.370098
v -0.129706 0.027343 0.296517
v -0.311853 0.057960 0.290879
v -0.321533 0.065555 0.365691
v -0.331150 0.074214 0.444845
v -0.340195 0.082435 0.524413
v -0.225930 0.206691 0.283840
v -0.228981 0.217608 0.357332
v -0.232060 0.231132 0.435362
v -0.234957 0.245701 0.514843
v -0.127861 0.223308 0.516818
v -0.130239 0.209032 0.436983
v -0.134103 0.195561 0.358683
v -0.139518 0.184688 0.284968
v -0.176311 0.206942 0.283951
v -0.175240 0.218088 0.357405
v -0.174626 0.231645 0.435456
v -0.174252 0.246000 0.515130
v 0.027043 -0.275874 2.415941
v -0.007257 -0.284863 2.446446
v -0.034910 -0.270478 2.402593
v -0.004903 -0.260232 2.365787
v 0.028628 -0.253268 2.335859
v -0.031085 -0.245864 2.321663
v -0.005358 -0.231553 2.283659
v 0.003644 -0.209494 2.243901
v -0.022723 -0.205579 2.246578
v -0.009709 -0.179649 2.218229
v -0.004900 -0.150553 2.198445
v -0.009035 -0.147971 2.197065
v -0.004513 -0.123023 2.186537
v 0.000242 -0.079717 2.179846
v -0.000136 -0.077485 2.174781
v 0.001700 -0.037654 2.174580
v 0.001317 0.004588 2.183271
v 0.000859 0.004333 2.178632
v -0.002251 0.054846 2.193279
v -0.001236 0.083439 2.204843
v -0.006320 0.084496 2.205961
v -0.006911 0.120919 2.228215
v 0.069399 -0.271086 2.396837
v 0.072616 -0.255148 2.323738
v 0.119968 -0.270760 2.390971
v 0.168234 -0.279853 2.456409
v 0.177190 -0.272005 2.395837
v 0.226157 -0.268564 2.464401
v 0.269235 -0.246794 2.532399
v 0.284591 -0.245468 2.474777
v 0.317123 -0.203440 2.542084
v 0.337007 -0.150480 2.603994
v 0.356091 -0.145544 2.544107
v 0.359411 -0.082176 2.598163
v 0.352305 -0.019569 2.637953
v 0.371471 -0.007452 2.574739
v 0.350061 0.057644 2.604167
v 0.320653 0.117863 2.620488
v 0.337319 0.131425 2.553874
v 0.295124 0.185235 2.563445
v 0.247091 0.224836 2.566986
v 0.258376 0.231180 2.495084
v 0.203448 0.258025 2.494684
v 0.149170 0.268797 2.497177
v 0.155660 0.263101 2.417020
v 0.102681 0.264695 2.419334
v 0.003281 0.157261 2.254796
v -0.019689 0.155232 2.262730
v -0.006803 0.194020 2.303123
v 0.020710 0.234052 2.361530
v -0.029552 0.218843 2.350421
v -0.008325 0.245109 2.402058
v -0.010498 0.256440 2.503808
v 0.019362 0.260493 2.463601
v -0.033457 0.253055 2.449633
v 0.059424 0.234455 2.340860
v 0.056911 0.262308 2.434330
v 0.065419 -0.292647 2.470342
v 0.113609 -0.286466 2.457286
v 0.161333 -0.293311 2.520888
v 0.215715 -0.275592 2.523145
v 0.259021 -0.253819 2.591160
v 0.302997 -0.208658 2.598912
v 0.323856 -0.160881 2.658766
v 0.343863 -0.093545 2.654927
v 0.337999 -0.034860 2.691712
v 0.334847 0.041557 2.663419
v 0.307388 0.097164 2.679586
v 0.282527 0.167931 2.629441
v 0.236782 0.201690 2.637085
v 0.195198 0.246868 2.571172
v 0.142821 0.253147 2.581205
v 0.098455 0.268472 2.508611
v 0.053508 0.261688 2.531011
v 0.010945 0.123884 2.798117
v 0.042302 0.113265 2.816458
v 0.078379 0.118769 2.811443
v 0.040812 0.140659 2.778636
v 0.010534 0.166063 2.738767
v 0.079799 0.158580 2.756899
v 0.043380 0.188803 2.709461
v 0.012860 0.214797 2.657358
v 0.085777 0.207343 2.683801
v 0.048570 0.234046 2.624735
v 0.016260 0.250088 2.563324
v 0.092927 0.247729 2.599091
v 0.121432 0.102199 2.832442
v 0.165815 0.097593 2.831028
v 0.121618 0.127472 2.798267
v 0.168634 0.131851 2.782708
v 0.126345 0.171772 2.736914
v 0.176415 0.175712 2.719740
v 0.134820 0.218166 2.663168
v 0.186372 0.217554 2.647721
v 0.206364 0.068824 2.850531
v 0.243001 0.046803 2.848469
v 0.209251 0.090261 2.820580
v 0.248514 0.073440 2.805869
v 0.215349 0.126214 2.767275
v 0.258120 0.106661 2.751911
v 0.225732 0.166329 2.705082
v 0.270441 0.140263 2.692236
v 0.266578 0.001167 2.863017
v 0.285995 -0.040428 2.856858
v 0.272556 0.017731 2.836004
v 0.294944 -0.021133 2.816899
v 0.281524 0.043691 2.788625
v 0.306987 0.000931 2.768205
v 0.293978 0.071329 2.735711
v 0.320967 0.022194 2.716928
v 0.289953 -0.098147 2.864771
v 0.291859 -0.149815 2.850640
v 0.298230 -0.086781 2.837995
v 0.303260 -0.136444 2.808204
v 0.310042 -0.068855 2.791559
v 0.316555 -0.121480 2.757666
v 0.323829 -0.051405 2.742195
v 0.330271 -0.107256 2.706768
v 0.277136 -0.204607 2.850366
v 0.260915 -0.249250 2.825906
v 0.286501 -0.198211 2.819948
v 0.271721 -0.240667 2.775465
v 0.299082 -0.185762 2.767328
v 0.282629 -0.229734 2.715294
v 0.311650 -0.173175 2.712608
v 0.292462 -0.218498 2.656091
v 0.229335 -0.285995 2.821227
v 0.197178 -0.311729 2.790778
v 0.236555 -0.282961 2.784112
v 0.202907 -0.305511 2.730349
v 0.245227 -0.274146 2.720300
v 0.206802 -0.296107 2.658079
v 0.252081 -0.263835 2.654109
v 0.209584 -0.285542 2.587747
v 0.156916 -0.328693 2.788218
v 0.117211 -0.337527 2.757841
v 0.159354 -0.325583 2.744582
v 0.116576 -0.329668 2.689809
v 0.160677 -0.316891 2.670181
v 0.113292 -0.317995 2.608758
v 0.159818 -0.305794 2.593127
v 0.110616 -0.304125 2.529584
v 0.077502 -0.343633 2.761186
v 0.038647 -0.343731 2.735188
v 0.075933 -0.338027 2.713632
v 0.034997 -0.332672 2.664152
v 0.071710 -0.326008 2.633418
v 0.029463 -0.317491 2.579815
v 0.066489 -0.311294 2.549956
v 0.025700 -0.299527 2.495661
v -0.011921 0.114812 2.808189
v -0.013429 0.142915 2.768469
v -0.032533 0.124001 2.793423
v -0.013501 0.191847 2.694525
v -0.033498 0.166719 2.732394
v -0.012309 0.234431 2.603373
v -0.034164 0.214768 2.648076
v -0.034364 0.247552 2.551127
v 0.003535 -0.346376 2.745727
v -0.031372 -0.343505 2.726417
v 0.001412 -0.338810 2.697017
v -0.033219 -0.331092 2.655097
v -0.002553 -0.324118 2.615737
v -0.035280 -0.314622 2.570699
v -0.006465 -0.306925 2.530380
v -0.036364 -0.295355 2.485259
v 0.374470 0.068564 2.532231
v 0.385848 -0.076324 2.530065
v 0.406874 -0.001293 2.495208
v -0.000522 0.048673 2.194054
v 0.002352 0.111812 2.215280
v 0.001815 0.070305 2.193666
v 0.339923 -0.204355 2.480001
v 0.239823 -0.267561 2.404656
v 0.305237 -0.246563 2.409554
v 0.108741 0.243339 2.340483
v 0.213053 0.248379 2.419987
v 0.164675 0.240705 2.344327
v -0.003857 -0.121152 2.188013
v 0.002011 -0.039939 2.180802
v 0.000858 -0.077823 2.179404
v 0.126776 -0.264335 2.328550
v 0.035844 -0.233237 2.262001
v 0.080109 -0.250085 2.269715
v 0.312005 0.188777 2.490511
v 0.364257 0.134424 2.474102
v -0.004578 -0.179065 2.211037
v 0.009012 -0.206171 2.220027
v 0.388157 -0.145247 2.471937
v 0.028629 0.187824 2.270544
v 0.067236 0.207499 2.273757
v 0.002117 -0.003028 2.182641
v 0.187001 -0.270659 2.335744
v 0.273095 0.218538 2.418814
v 0.012436 0.140249 2.220960
v -0.008311 -0.144633 2.191706
v -0.000310 -0.171973 2.136153
v -0.007666 -0.140381 2.150372
v -0.003212 -0.115780 2.128912
v -0.000779 -0.139501 2.097841
v 0.442524 0.049859 2.214656
v 0.456615 -0.009995 2.275174
v 0.451628 -0.078069 2.213673
v 0.456998 -0.013933 2.155322
v 0.001263 -0.080473 2.150548
v 0.002848 -0.048102 2.125991
v 0.000393 -0.077232 2.083962
v 0.364209 0.142654 2.204585
v 0.407172 0.108851 2.266953
v 0.409921 0.098502 2.152701
v 0.002907 -0.013048 2.151949
v 0.001296 0.028956 2.130501
v 0.001987 -0.012961 2.085404
v 0.252731 0.181633 2.186372
v 0.306119 0.174488 2.244807
v 0.312735 0.164566 2.144021
v 0.004365 0.056154 2.154483
v 0.010560 0.088029 2.134314
v 0.004952 0.054215 2.098965
v 0.137126 0.180731 2.162910
v 0.188857 0.189293 2.213135
v 0.197656 0.183495 2.130195
v 0.140679 -0.260771 2.163497
v 0.085909 -0.248391 2.186494
v 0.046866 -0.228102 2.147949
v 0.091840 -0.246415 2.114981
v 0.020777 0.122319 2.161322
v 0.048442 0.149269 2.143106
v 0.026078 0.119799 2.104283
v 0.264330 -0.259817 2.182018
v 0.198764 -0.266640 2.211977
v 0.202333 -0.264709 2.126287
v 0.082700 0.171409 2.181323
v 0.091847 0.167567 2.114286
v 0.381794 -0.196415 2.200718
v 0.325564 -0.239248 2.240462
v 0.327150 -0.234890 2.138511
v 0.011393 -0.203345 2.167096
v 0.022127 -0.199801 2.106174
v 0.424763 -0.142547 2.265201
v 0.424758 -0.139744 2.149781
v 0.425748 -0.075204 2.442573
v 0.366829 -0.203585 2.402796
v 0.416934 -0.144124 2.376563
v 0.448411 -0.077124 2.331312
v 0.379739 -0.200083 2.305781
v 0.040544 -0.229800 2.226174
v -0.016597 -0.179655 2.198173
v 0.008829 -0.204906 2.198047
v 0.041610 -0.229349 2.196450
v -0.016513 -0.178490 2.178228
v 0.253580 -0.266419 2.338898
v 0.320581 -0.243180 2.330669
v 0.260978 -0.262928 2.266183
v 0.035178 0.166644 2.223881
v 0.117329 0.216104 2.277318
v 0.074293 0.184577 2.225877
v 0.040930 0.153885 2.189136
v 0.127373 0.190910 2.224522
v 0.132849 -0.262695 2.276001
v 0.194475 -0.268707 2.276916
v 0.136618 -0.261448 2.227274
v 0.004943 0.097091 2.192708
v 0.015654 0.127253 2.191690
v 0.007288 0.089937 2.171623
v 0.083000 -0.248725 2.230266
v 0.226127 0.223143 2.344979
v 0.176756 0.210802 2.278266
v 0.241380 0.195994 2.269400
v 0.001093 0.037071 2.182237
v 0.002848 0.059630 2.177459
v 0.001523 0.030957 2.167191
v 0.334866 0.176903 2.405639
v 0.291103 0.194888 2.334633
v 0.354386 0.157640 2.308413
v 0.002369 -0.044758 2.175852
v 0.002607 -0.010561 2.172909
v 0.002667 -0.048406 2.164299
v 0.412132 0.069430 2.441700
v 0.392912 0.123908 2.376343
v 0.436436 0.059782 2.331321
v -0.002598 -0.110037 2.177876
v 0.001062 -0.079131 2.170623
v -0.002406 -0.110252 2.164746
v 0.444109 -0.003835 2.392823
v -0.008802 -0.142146 2.178237
v 0.449589 -0.077068 2.091285
v 0.381068 -0.191177 2.084773
v 0.420787 -0.134500 2.025533
v 0.009171 -0.166517 2.058930
v -0.001500 -0.106526 2.053539
v 0.002214 -0.131601 2.007518
v 0.295952 0.199702 1.322910
v 0.323058 0.166547 1.350410
v 0.342225 0.134813 1.319247
v 0.324141 0.176978 1.293584
v 0.439579 0.044634 2.093232
v 0.450788 -0.014033 2.029718
v 0.001650 -0.045434 2.052129
v -0.002130 -0.072871 2.006435
v 0.363772 0.135382 2.090235
v 0.402853 0.094357 2.030681
v 0.003171 0.019870 2.055745
v 0.001918 -0.012834 2.007867
v 0.257168 0.177706 2.083822
v 0.310177 0.160884 2.028769
v 0.013788 0.085922 2.060286
v 0.008936 0.051955 2.010483
v 0.146032 0.178738 2.073977
v 0.202464 0.182367 2.024350
v 0.145657 -0.257146 2.069849
v 0.055839 -0.221862 2.063452
v 0.100133 -0.236683 2.012439
v 0.057554 0.145273 2.064622
v 0.035520 0.116309 2.012971
v 0.265860 -0.255387 2.077142
v 0.204099 -0.258451 2.016422
v 0.102892 0.164267 2.017911
v 0.324927 -0.227262 2.020626
v 0.032805 -0.189123 2.009507
v 0.060403 0.067421 1.318493
v 0.055284 0.089371 1.353270
v 0.064003 0.108948 1.312481
v 0.067775 0.093887 1.283594
v 0.230156 0.226967 1.324275
v 0.263485 0.212978 1.353554
v 0.265715 0.223968 1.296198
v 0.061820 0.119591 1.349448
v 0.075599 0.151039 1.315860
v 0.072218 0.136583 1.284126
v 0.163312 0.221940 1.322616
v 0.195250 0.221426 1.353532
v 0.197699 0.234637 1.295511
v 0.150849 -0.091659 1.305997
v 0.120082 -0.082606 1.337266
v 0.100387 -0.056698 1.306409
v 0.125464 -0.069068 1.276357
v 0.085590 0.165945 1.348225
v 0.108111 0.194261 1.318826
v 0.091518 0.182504 1.287451
v 0.225546 -0.093486 1.308081
v 0.184558 -0.105530 1.337611
v 0.188036 -0.091731 1.276932
v 0.131885 0.202999 1.350868
v 0.135147 0.219037 1.292306
v 0.301837 -0.041221 1.312623
v 0.264289 -0.079515 1.340998
v 0.267698 -0.067432 1.280930
v 0.081133 -0.042231 1.337944
v 0.074694 -0.014051 1.307554
v 0.089329 -0.028312 1.277247
v 0.346655 0.045570 1.316130
v 0.328614 -0.005474 1.344594
v 0.331899 0.005376 1.285813
v 0.062546 0.000210 1.339670
v 0.064553 0.027287 1.310648
v 0.073804 0.014079 1.278770
v 0.350722 0.086555 1.346942
v 0.351891 0.097095 1.289631
v 0.053222 0.039809 1.348408
v 0.068446 0.053599 1.281864
v -0.001148 -0.096587 1.954534
v -0.000883 -0.039947 1.955386
v 0.000173 -0.062130 1.901699
v 0.011666 -0.078025 1.849522
v 0.005080 -0.028379 1.849499
v 0.013032 -0.043222 1.797180
v 0.029339 -0.054497 1.746475
v 0.016153 -0.010295 1.744880
v 0.028539 -0.021748 1.693954
v 0.039032 -0.033700 1.642995
v 0.029593 0.009828 1.642168
v 0.035441 -0.001843 1.590901
v 0.039392 -0.015208 1.540353
v 0.034396 0.032259 1.537231
v 0.036022 0.017410 1.486028
v 0.041823 -0.000894 1.446615
v 0.036850 0.038213 1.433095
v 0.040708 0.022754 1.408660
v 0.428451 0.044897 1.969384
v 0.440560 -0.071604 1.965558
v 0.436678 -0.007944 1.908227
v 0.411420 0.051301 1.854515
v 0.422921 -0.059306 1.848468
v 0.416319 0.003981 1.796236
v 0.392305 0.062916 1.745929
v 0.401016 -0.041346 1.739186
v 0.395835 0.020393 1.688968
v 0.375032 0.077162 1.640218
v 0.380618 -0.019782 1.634964
v 0.377217 0.038602 1.586619
v 0.358580 0.092842 1.540709
v 0.363316 0.001118 1.537280
v 0.361780 0.057575 1.492985
v 0.348158 0.110287 1.452562
v 0.351377 0.020275 1.449863
v 0.353668 0.074513 1.412580
v 0.019609 -0.152319 1.955283
v 0.013193 -0.114660 1.902021
v 0.038798 -0.127335 1.850797
v 0.032508 -0.089537 1.798936
v 0.052969 -0.101666 1.747076
v 0.044621 -0.066575 1.695061
v 0.057547 -0.079346 1.642585
v 0.047035 -0.046609 1.591559
v 0.057927 -0.059686 1.540756
v 0.047369 -0.029342 1.492389
v 0.059955 -0.043363 1.447603
v 0.053072 -0.014287 1.407723
v 0.373843 -0.180828 1.961656
v 0.408027 -0.122603 1.903712
v 0.358424 -0.162289 1.845433
v 0.388224 -0.103667 1.791276
v 0.338917 -0.136777 1.737049
v 0.366834 -0.079176 1.685330
v 0.321303 -0.108278 1.634481
v 0.349463 -0.054897 1.584818
v 0.309988 -0.085202 1.537024
v 0.336595 -0.034309 1.491613
v 0.302061 -0.066604 1.448654
v 0.329403 -0.017624 1.410867
v 0.068716 -0.205158 1.956190
v 0.049725 -0.167027 1.902613
v 0.082961 -0.178939 1.849514
v 0.065235 -0.139376 1.798521
v 0.089363 -0.152034 1.744025
v 0.071065 -0.114556 1.693455
v 0.092003 -0.125383 1.639986
v 0.072941 -0.091349 1.590319
v 0.091711 -0.102929 1.539182
v 0.072544 -0.073133 1.491876
v 0.091336 -0.085999 1.446541
v 0.075596 -0.057034 1.406821
v 0.262280 -0.244630 1.959172
v 0.315162 -0.211528 1.901576
v 0.253358 -0.224298 1.844909
v 0.300213 -0.187532 1.790111
v 0.241905 -0.196316 1.736731
v 0.284244 -0.157410 1.684961
v 0.232563 -0.164746 1.634351
v 0.273741 -0.129314 1.585026
v 0.227420 -0.139051 1.536692
v 0.267066 -0.108404 1.490741
v 0.223451 -0.120640 1.446581
v 0.263486 -0.092200 1.408518
v 0.070633 0.142375 1.962850
v 0.153300 0.177292 1.966878
v 0.112431 0.163454 1.911720
v 0.080989 0.142673 1.857743
v 0.156834 0.176238 1.860053
v 0.118130 0.162965 1.806481
v 0.087474 0.144148 1.752470
v 0.158395 0.176447 1.754897
v 0.122431 0.166393 1.701437
v 0.093360 0.150849 1.647909
v 0.159692 0.181545 1.650422
v 0.125751 0.172934 1.598021
v 0.095889 0.158880 1.546420
v 0.161075 0.187639 1.549344
v 0.127345 0.179667 1.500451
v 0.098770 0.168391 1.453821
v 0.161050 0.196781 1.458309
v 0.129207 0.190175 1.417416
v 0.149927 -0.244804 1.957429
v 0.201952 -0.242709 1.901069
v 0.152051 -0.222620 1.846453
v 0.196635 -0.218054 1.790841
v 0.150603 -0.194806 1.739149
v 0.190536 -0.187553 1.685361
v 0.149433 -0.164001 1.636151
v 0.186948 -0.157227 1.585353
v 0.147466 -0.137870 1.537374
v 0.183513 -0.135128 1.489873
v 0.145513 -0.119870 1.445752
v 0.182483 -0.119210 1.406019
v 0.024601 0.084786 1.959771
v 0.049764 0.115731 1.908761
v 0.036557 0.086419 1.854797
v 0.058120 0.117296 1.803604
v 0.042183 0.091386 1.749035
v 0.065090 0.122414 1.698259
v 0.049058 0.101473 1.644994
v 0.069712 0.132462 1.595176
v 0.051346 0.112049 1.544190
v 0.071392 0.140955 1.494683
v 0.059478 0.126113 1.436141
v 0.079243 0.156032 1.412849
v 0.109594 -0.216448 1.901776
v 0.115298 -0.189750 1.794656
v 0.116629 -0.161366 1.689279
v 0.117209 -0.133618 1.587709
v 0.115177 -0.113109 1.490520
v 0.116212 -0.097020 1.405944
v 0.254968 0.175958 1.970006
v 0.202897 0.181147 1.914113
v 0.248976 0.175694 1.860798
v 0.200853 0.180459 1.807918
v 0.242491 0.176762 1.754989
v 0.198485 0.182423 1.702873
v 0.237890 0.182080 1.650568
v 0.197825 0.189357 1.599752
v 0.234717 0.192548 1.550056
v 0.196689 0.198430 1.502961
v 0.231086 0.204786 1.459711
v 0.195074 0.209980 1.420229
v 0.007316 0.020246 1.957477
v 0.019835 0.053405 1.906025
v 0.014951 0.025909 1.851826
v 0.026140 0.059053 1.800322
v 0.019720 0.037032 1.745941
v 0.032392 0.069167 1.695082
v 0.029494 0.052840 1.643480
v 0.039000 0.083732 1.595464
v 0.035206 0.069130 1.553424
v 0.039809 0.088879 1.513594
v 0.354434 0.132940 1.970714
v 0.301292 0.159837 1.914489
v 0.340915 0.134994 1.858984
v 0.290675 0.162199 1.806873
v 0.327810 0.141260 1.752156
v 0.281810 0.166682 1.701330
v 0.316802 0.150448 1.647027
v 0.274902 0.176724 1.598286
v 0.306195 0.162815 1.546613
v 0.268411 0.189496 1.502105
v 0.298995 0.177082 1.457195
v 0.264477 0.202444 1.420033
v 0.005518 -0.007113 1.903456
v 0.011283 0.004670 1.797601
v 0.021607 0.021391 1.693275
v 0.031960 0.040949 1.593682
v 0.035245 0.063686 1.508808
v 0.389162 0.095480 1.912598
v 0.372512 0.102197 1.803057
v 0.357475 0.112795 1.696280
v 0.343153 0.125174 1.592741
v 0.330981 0.139856 1.497451
v 0.325357 0.155198 1.416348
v 0.345514 0.146011 1.265240
v 0.351137 0.056580 1.260709
v 0.357892 0.108896 1.237072
v 0.073745 0.041035 1.251018
v 0.071112 0.079764 1.253007
v 0.073189 0.067024 1.224310
v 0.299991 0.211924 1.269177
v 0.329905 0.190215 1.242063
v 0.072387 0.121908 1.254156
v 0.072696 0.107579 1.225741
v 0.234388 0.240529 1.269649
v 0.271637 0.238707 1.244355
v 0.081781 0.168834 1.257181
v 0.077066 0.153995 1.228220
v 0.167342 0.238226 1.267261
v 0.203257 0.251032 1.242766
v 0.109008 -0.041635 1.248836
v 0.083923 0.000827 1.249693
v 0.098043 -0.013187 1.222681
v 0.156957 -0.076469 1.248304
v 0.133705 -0.053534 1.221770
v 0.112427 0.212404 1.262529
v 0.095994 0.202092 1.233295
v 0.229969 -0.079591 1.250620
v 0.194044 -0.076557 1.222361
v 0.140312 0.237693 1.239115
v 0.306878 -0.029608 1.255739
v 0.273360 -0.054393 1.226402
v 0.079940 0.028328 1.223233
v 0.338496 0.017012 1.231815
v 0.235812 -0.065450 1.197423
v 0.163306 -0.062037 1.195061
v 0.199422 -0.062584 1.167481
v 0.117785 0.232495 1.209984
v 0.173511 0.256489 1.214530
v 0.146316 0.256946 1.183339
v 0.313910 -0.016848 1.202345
v 0.280217 -0.040411 1.171228
v 0.089461 0.014291 1.196587
v 0.076699 0.054374 1.197184
v 0.082686 0.041231 1.169153
v 0.358779 0.068923 1.207901
v 0.346547 0.030315 1.176408
v 0.115913 -0.027959 1.195722
v 0.101792 -0.000871 1.168284
v 0.352705 0.159606 1.213362
v 0.365921 0.122756 1.181849
v 0.073093 0.094068 1.198214
v 0.074684 0.081109 1.169942
v 0.306696 0.227547 1.217389
v 0.337064 0.206135 1.186554
v 0.074793 0.138988 1.199994
v 0.073810 0.124459 1.171059
v 0.240579 0.257144 1.217126
v 0.277497 0.255854 1.188013
v 0.085461 0.188818 1.204031
v 0.079384 0.173979 1.173625
v 0.208870 0.268879 1.186230
v 0.138019 -0.040835 1.166974
v 0.100716 0.222782 1.178513
v 0.089009 0.209530 1.144179
v 0.123032 0.252160 1.148345
v 0.104814 0.241680 1.110437
v 0.050782 0.012756 1.374136
v 0.042500 0.043869 1.389166
v 0.242454 -0.051218 1.137920
v 0.167049 -0.048466 1.135997
v 0.204766 -0.048956 1.103443
v 0.178149 0.275317 1.151348
v 0.149785 0.275649 1.113110
v 0.322190 -0.002794 1.142135
v 0.288488 -0.027114 1.106099
v 0.090678 0.027337 1.138194
v 0.077661 0.068434 1.139060
v 0.082153 0.055096 1.105365
v 0.367300 0.083137 1.147093
v 0.355474 0.043969 1.109971
v 0.117587 -0.015282 1.136832
v 0.101450 0.012477 1.104316
v 0.343543 0.124325 1.379804
v 0.346421 0.034622 1.377217
v 0.360665 0.175451 1.151584
v 0.374464 0.137544 1.113770
v 0.073775 0.110308 1.139848
v 0.074542 0.096205 1.106039
v 0.312938 0.245336 1.154188
v 0.344880 0.223163 1.116467
v 0.076031 0.158469 1.141132
v 0.074249 0.142022 1.106584
v 0.245051 0.275628 1.153341
v 0.282535 0.274723 1.116614
v 0.081500 0.193388 1.107840
v 0.211769 0.288203 1.114976
v 0.139487 -0.027402 1.103112
v 0.066111 -0.027851 1.371335
v 0.299713 -0.052525 1.375046
v 0.095191 -0.070147 1.370468
v 0.223291 -0.106235 1.371557
v 0.103442 0.179764 1.381176
v 0.161557 0.208397 1.384170
v 0.147612 -0.104906 1.369963
v 0.066654 0.136352 1.383861
v 0.229333 0.216218 1.385714
v 0.296089 0.189602 1.383810
v 0.249282 -0.040180 1.069743
v 0.169862 -0.036623 1.068537
v 0.208836 -0.040804 1.033266
v 0.117316 -0.003133 1.068844
v 0.140539 -0.018381 1.032683
v 0.076986 0.174234 1.070636
v 0.091599 0.225558 1.071417
v 0.082895 0.204334 1.032307
v 0.073613 0.124415 1.070546
v 0.074835 0.152445 1.032831
v 0.076632 0.081310 1.070326
v 0.074408 0.105954 1.033265
v 0.089356 0.039692 1.069743
v 0.101142 0.021802 1.032889
v 0.125449 0.268247 1.072972
v 0.179443 0.292814 1.074520
v 0.150160 0.287960 1.032991
v 0.081478 0.064514 1.033219
v 0.106305 0.252794 1.032333
v 0.248258 0.293639 1.076012
v 0.212867 0.301940 1.034046
v 0.320102 0.261471 1.077283
v 0.287765 0.287470 1.035471
v 0.369207 0.189193 1.076744
v 0.353188 0.233509 1.036584
v 0.375790 0.095347 1.074751
v 0.382203 0.146625 1.036438
v 0.330762 0.008543 1.072089
v 0.362947 0.052664 1.035537
v 0.295174 -0.019130 1.034337
v 0.173353 -0.025247 0.662628
v 0.147341 -0.010605 0.705053
v 0.131384 0.009458 0.661769
v 0.151458 -0.007744 0.620126
v 0.097719 0.082136 0.658876
v 0.091271 0.101322 0.700577
v 0.093579 0.118669 0.657202
v 0.098853 0.097276 0.615943
v 0.115321 0.027480 0.703844
v 0.109264 0.047190 0.660441
v 0.122824 0.029345 0.618913
v 0.363024 0.175709 0.649832
v 0.375339 0.137659 0.694272
v 0.363556 0.093291 0.653619
v 0.363978 0.132853 0.609599
v 0.350866 0.052307 0.698436
v 0.317039 0.014242 0.658283
v 0.340066 0.051132 0.614309
v 0.316739 0.239457 0.647873
v 0.349476 0.215349 0.691537
v 0.339791 0.206317 0.606458
v 0.181832 0.267828 0.648836
v 0.213067 0.278572 0.691060
v 0.247040 0.269753 0.647656
v 0.212067 0.265491 0.605756
v 0.090682 0.142284 0.698823
v 0.095411 0.161243 0.655427
v 0.096727 0.135185 0.614338
v 0.285578 0.264951 0.690534
v 0.280175 0.252712 0.605263
v 0.096951 0.188089 0.696883
v 0.106535 0.205372 0.653229
v 0.101579 0.177985 0.612424
v 0.285026 -0.015578 0.702716
v 0.242566 -0.032109 0.661738
v 0.278402 -0.014780 0.618583
v 0.116263 0.231290 0.694652
v 0.134177 0.243485 0.650829
v 0.119320 0.219159 0.609929
v 0.154774 0.264000 0.692581
v 0.156057 0.251212 0.607494
v 0.205893 -0.035500 0.705106
v 0.204886 -0.033444 0.620474
v 0.098631 0.065003 0.702305
v 0.107027 0.064100 0.617463
v 0.090507 0.045370 0.994823
v 0.077548 0.086749 0.994608
v 0.084089 0.066622 0.954682
v 0.094209 0.045694 0.914017
v 0.080787 0.086122 0.913060
v 0.088104 0.065386 0.871668
v 0.098215 0.045114 0.830313
v 0.085065 0.084268 0.828827
v 0.092746 0.064651 0.787274
v 0.102718 0.045831 0.745730
v 0.090624 0.083366 0.744028
v 0.253197 -0.035115 0.996314
v 0.172077 -0.031038 0.995669
v 0.210863 -0.037566 0.957102
v 0.253753 -0.033114 0.916467
v 0.173821 -0.028755 0.916375
v 0.210809 -0.036405 0.875089
v 0.251621 -0.032987 0.832311
v 0.173940 -0.027871 0.832958
v 0.208604 -0.036314 0.790440
v 0.247190 -0.033126 0.746953
v 0.172926 -0.027247 0.748069
v 0.125752 0.273934 0.991215
v 0.179417 0.299798 0.991499
v 0.150326 0.288451 0.948949
v 0.126785 0.270144 0.906823
v 0.179672 0.296627 0.906254
v 0.151306 0.282498 0.863749
v 0.128882 0.263148 0.821730
v 0.180214 0.289350 0.820560
v 0.152885 0.274317 0.778312
v 0.131569 0.254579 0.736399
v 0.181123 0.279780 0.734751
v 0.092639 0.230754 0.991794
v 0.107094 0.252817 0.949688
v 0.094388 0.227326 0.908346
v 0.109279 0.247189 0.865079
v 0.097777 0.221473 0.823500
v 0.112570 0.240101 0.780024
v 0.102205 0.214693 0.738445
v 0.335884 0.014068 0.996336
v 0.297556 -0.015732 0.956821
v 0.336651 0.015815 0.914766
v 0.296400 -0.014879 0.873751
v 0.333708 0.015240 0.829482
v 0.292019 -0.015557 0.788280
v 0.326468 0.014351 0.743493
v 0.078207 0.179362 0.992933
v 0.084311 0.204477 0.951201
v 0.080388 0.176697 0.910262
v 0.087132 0.199894 0.866965
v 0.084162 0.172360 0.825481
v 0.091620 0.194564 0.781993
v 0.089723 0.167800 0.740465
v 0.250792 0.301069 0.992474
v 0.326931 0.266984 0.994046
v 0.291793 0.288448 0.950317
v 0.252073 0.298429 0.906553
v 0.331051 0.263520 0.907919
v 0.292776 0.283003 0.863640
v 0.251471 0.291321 0.820075
v 0.329990 0.257030 0.820764
v 0.290201 0.274996 0.776904
v 0.249640 0.281693 0.733778
v 0.324414 0.249183 0.734023
v 0.074696 0.129626 0.994054
v 0.076617 0.153096 0.952862
v 0.077229 0.127979 0.911980
v 0.079576 0.149709 0.868933
v 0.081094 0.124982 0.827344
v 0.084389 0.146166 0.783926
v 0.086941 0.122424 0.742296
v 0.213476 0.303543 0.949243
v 0.213597 0.298091 0.863287
v 0.213382 0.289543 0.777203
v 0.376731 0.193646 0.995383
v 0.359888 0.233294 0.952217
v 0.381718 0.190876 0.910133
v 0.362129 0.228259 0.865396
v 0.380680 0.186332 0.822934
v 0.357915 0.222275 0.778146
v 0.373420 0.181551 0.735929
v 0.381902 0.100429 0.996041
v 0.366498 0.055455 0.955503
v 0.384845 0.100109 0.912406
v 0.366138 0.055032 0.870841
v 0.382745 0.097922 0.825948
v 0.360706 0.053493 0.784462
v 0.374745 0.095652 0.739283
v 0.387929 0.147475 0.953976
v 0.389818 0.144603 0.867941
v 0.385036 0.141214 0.780826
v 0.118735 0.002812 0.995061
v 0.103965 0.024710 0.955380
v 0.121909 0.004638 0.915231
v 0.107587 0.024963 0.873068
v 0.124557 0.005520 0.831910
v 0.110958 0.025556 0.788947
v 0.126924 0.006859 0.747248
v 0.076492 0.107393 0.954060
v 0.079907 0.105138 0.870507
v 0.084793 0.103049 0.785672
v 0.142871 -0.014757 0.956285
v 0.145059 -0.013170 0.874491
v 0.145949 -0.012295 0.790328
v 0.284724 0.183212 0.263915
v 0.306334 0.162404 0.293221
v 0.313717 0.129714 0.265040
v 0.299897 0.156982 0.249319
v 0.133428 0.106623 0.269979
v 0.130513 0.128790 0.298060
v 0.137260 0.144150 0.267607
v 0.136175 0.123113 0.253720
v 0.285182 0.000620 0.273828
v 0.262195 -0.022177 0.305250
v 0.232680 -0.036249 0.277771
v 0.259473 -0.021876 0.261089
v 0.182997 -0.031508 0.278880
v 0.165586 -0.017534 0.307441
v 0.155971 -0.004370 0.277480
v 0.167971 -0.019459 0.263427
v 0.139629 0.049518 0.273979
v 0.135273 0.064622 0.302449
v 0.135848 0.075082 0.272153
v 0.138872 0.060596 0.257943
v 0.147783 0.011965 0.305829
v 0.144926 0.024295 0.275629
v 0.150395 0.009473 0.261468
v 0.131266 0.093343 0.300454
v 0.135802 0.088460 0.255983
v 0.205394 -0.037831 0.307700
v 0.206181 -0.037803 0.263832
v 0.139987 0.039350 0.304165
v 0.143051 0.036121 0.259659
v 0.314161 0.063470 0.268810
v 0.306732 0.032066 0.300682
v 0.300788 0.030092 0.256270
v 0.236622 0.209001 0.264335
v 0.263514 0.203513 0.292889
v 0.260666 0.197360 0.249271
v 0.140490 0.167184 0.295743
v 0.154470 0.181047 0.265797
v 0.145903 0.161225 0.251658
v 0.189028 0.206032 0.264865
v 0.211377 0.214564 0.293345
v 0.212199 0.208083 0.249821
v 0.167593 0.199700 0.294133
v 0.171191 0.193274 0.250414
v 0.322050 0.099706 0.295926
v 0.314433 0.095790 0.251677
v 0.352509 0.167497 0.566766
v 0.352526 0.089545 0.571100
v 0.353414 0.125638 0.528627
v 0.342918 0.157360 0.486802
v 0.342742 0.083365 0.491413
v 0.343260 0.116623 0.449221
v 0.333133 0.146449 0.407655
v 0.332987 0.075664 0.412203
v 0.332585 0.107240 0.370478
v 0.322977 0.136553 0.330215
v 0.323005 0.068419 0.334372
v 0.136025 0.229845 0.567323
v 0.181897 0.254232 0.565074
v 0.157213 0.237296 0.525471
v 0.138675 0.215771 0.486660
v 0.182641 0.240351 0.484400
v 0.159668 0.223482 0.445654
v 0.142909 0.202157 0.407509
v 0.184213 0.226810 0.405500
v 0.163154 0.210411 0.367583
v 0.148582 0.189914 0.330563
v 0.186437 0.214859 0.329091
v 0.244075 0.256125 0.563952
v 0.211081 0.251536 0.523785
v 0.241776 0.242131 0.483548
v 0.210819 0.237685 0.444180
v 0.239808 0.228661 0.404809
v 0.210877 0.224832 0.366403
v 0.238028 0.217193 0.328482
v 0.110180 0.192429 0.570038
v 0.122227 0.205066 0.528173
v 0.114769 0.178799 0.489485
v 0.126691 0.191300 0.448308
v 0.121187 0.165594 0.410157
v 0.132911 0.178128 0.369835
v 0.129377 0.153165 0.332824
v 0.309259 0.227532 0.564424
v 0.275444 0.239168 0.523570
v 0.302922 0.214648 0.484258
v 0.271377 0.225608 0.444125
v 0.296803 0.201886 0.405347
v 0.267411 0.213112 0.366207
v 0.290599 0.190880 0.328506
v 0.308826 0.013898 0.575984
v 0.330889 0.048245 0.533706
v 0.302329 0.011639 0.496393
v 0.322730 0.043098 0.454429
v 0.296272 0.007669 0.417235
v 0.314555 0.037092 0.375528
v 0.290372 0.003407 0.339334
v 0.119016 0.046411 0.576794
v 0.107158 0.078074 0.575283
v 0.117885 0.060177 0.535358
v 0.129319 0.042183 0.496224
v 0.118234 0.071720 0.494484
v 0.128062 0.053780 0.455638
v 0.136834 0.035398 0.417499
v 0.127816 0.063778 0.415592
v 0.135105 0.045920 0.377879
v 0.141383 0.028584 0.340886
v 0.134710 0.055395 0.339137
v 0.239751 -0.030621 0.578945
v 0.176018 -0.022635 0.579320
v 0.205435 -0.031826 0.539192
v 0.238061 -0.030500 0.499138
v 0.178973 -0.022373 0.499378
v 0.205916 -0.032604 0.460002
v 0.236261 -0.032173 0.420180
v 0.180842 -0.024969 0.420678
v 0.205758 -0.035003 0.381692
v 0.234266 -0.034684 0.342732
v 0.181786 -0.028605 0.343639
v 0.101132 0.111193 0.573848
v 0.100835 0.150670 0.572232
v 0.104146 0.124959 0.532485
v 0.110883 0.102045 0.493090
v 0.107934 0.138963 0.491565
v 0.113378 0.114451 0.452534
v 0.120901 0.092310 0.414008
v 0.116532 0.127183 0.412275
v 0.122815 0.103310 0.374338
v 0.129604 0.082306 0.337349
v 0.125768 0.115364 0.335213
v 0.138803 0.011413 0.578291
v 0.132346 0.028345 0.537107
v 0.146061 0.009687 0.498155
v 0.140106 0.023491 0.457712
v 0.150829 0.004656 0.419511
v 0.144741 0.017039 0.379818
v 0.153527 -0.000711 0.342600
v 0.108669 0.090230 0.533944
v 0.119385 0.082081 0.454058
v 0.128379 0.072833 0.376156
v 0.157038 -0.006347 0.538624
v 0.161367 -0.008823 0.459473
v 0.163872 -0.013267 0.381412
v 0.273693 -0.014682 0.537801
v 0.269763 -0.016430 0.458552
v 0.265865 -0.019342 0.379818
v 0.106531 0.165204 0.530751
v 0.113201 0.152613 0.450823
v 0.121491 0.139922 0.372273
v 0.331120 0.195143 0.525099
v 0.323041 0.183186 0.445642
v 0.314715 0.171550 0.367238
v 0.043195 0.086142 1.463273
v 0.043891 0.065601 1.410509
v -0.064395 -0.283445 2.445684
v -0.096007 -0.273641 2.414307
v -0.061487 -0.259269 2.365012
v -0.090391 -0.250989 2.334487
v -0.050005 -0.228902 2.283419
v -0.047826 -0.203487 2.243666
v -0.021961 -0.176711 2.217386
v -0.012622 -0.147724 2.197233
v -0.008671 0.081228 2.206623
v -0.017786 0.117924 2.230005
v -0.135004 -0.269019 2.394101
v -0.182000 -0.269863 2.386495
v -0.130650 -0.252680 2.321491
v -0.232116 -0.274146 2.450493
v -0.285758 -0.259561 2.454573
v -0.234724 -0.269885 2.388496
v -0.329348 -0.233264 2.519915
v -0.372856 -0.188435 2.525195
v -0.337231 -0.229296 2.460271
v -0.393188 -0.141237 2.584149
v -0.413551 -0.079102 2.576285
v -0.406458 -0.133323 2.523687
v -0.406694 -0.023099 2.615652
v -0.403931 0.046685 2.584289
v -0.422620 -0.013132 2.553718
v -0.375552 0.104490 2.603255
v -0.350497 0.168325 2.551381
v -0.389531 0.114772 2.538531
v -0.304573 0.208445 2.558109
v -0.261444 0.239366 2.491683
v -0.313564 0.214267 2.488452
v -0.209629 0.251295 2.496024
v -0.162132 0.242745 2.423847
v -0.212139 0.241714 2.420155
v -0.039467 0.148389 2.259917
v -0.043715 0.186792 2.306295
v -0.079132 0.220104 2.366321
v -0.055427 0.239685 2.403593
v -0.084696 0.253409 2.464371
v -0.057196 0.254139 2.503721
v -0.113949 0.212614 2.348842
v -0.119352 0.247359 2.437131
v -0.135082 -0.287573 2.467837
v -0.180700 -0.280822 2.453624
v -0.227578 -0.283388 2.514948
v -0.279268 -0.264190 2.514599
v -0.319884 -0.240977 2.578388
v -0.361427 -0.196383 2.582550
v -0.379557 -0.152720 2.638956
v -0.398638 -0.090306 2.632923
v -0.391657 -0.036640 2.669564
v -0.389036 0.033747 2.642586
v -0.362056 0.086943 2.661298
v -0.338623 0.153975 2.615325
v -0.294573 0.188694 2.625714
v -0.254747 0.232419 2.564601
v -0.204439 0.242018 2.576054
v -0.161273 0.255957 2.507517
v -0.118422 0.254571 2.529650
v -0.103377 0.111378 2.812201
v -0.074135 0.122656 2.795604
v -0.103466 0.138298 2.774584
v -0.138417 0.115844 2.805277
v -0.075635 0.164369 2.736496
v -0.107697 0.185463 2.705809
v -0.141819 0.154565 2.750937
v -0.079242 0.212420 2.655464
v -0.113661 0.229486 2.621789
v -0.148937 0.201780 2.678462
v -0.083025 0.246648 2.562141
v -0.156417 0.240186 2.595032
v -0.221831 0.093368 2.820273
v -0.178923 0.098782 2.824092
v -0.180822 0.123160 2.789764
v -0.226768 0.125999 2.771583
v -0.187264 0.165733 2.728680
v -0.235781 0.167525 2.709126
v -0.196420 0.209977 2.655969
v -0.246111 0.206693 2.638575
v -0.295026 0.043249 2.833887
v -0.259684 0.065079 2.838007
v -0.264184 0.085254 2.807232
v -0.302486 0.067976 2.790042
v -0.272113 0.118971 2.753562
v -0.313419 0.098684 2.735735
v -0.283308 0.156327 2.692060
v -0.326325 0.129397 2.676671
v -0.335695 -0.040899 2.840401
v -0.316779 -0.000641 2.847811
v -0.324013 0.014663 2.819354
v -0.346192 -0.023008 2.798439
v -0.334630 0.038585 2.770592
v -0.359548 -0.002585 2.748301
v -0.348071 0.063832 2.717159
v -0.374436 0.016752 2.696213
v -0.341206 -0.146078 2.834398
v -0.338925 -0.096320 2.848831
v -0.348163 -0.085558 2.820298
v -0.354006 -0.132875 2.789788
v -0.361454 -0.068504 2.771823
v -0.368797 -0.117921 2.737498
v -0.376452 -0.051976 2.720988
v -0.383870 -0.103741 2.685372
v -0.312080 -0.242313 2.811812
v -0.326830 -0.199154 2.835593
v -0.337137 -0.192416 2.803586
v -0.324620 -0.232726 2.759759
v -0.351440 -0.179310 2.749153
v -0.337703 -0.220402 2.698630
v -0.365761 -0.165862 2.693290
v -0.349645 -0.207681 2.639290
v -0.251972 -0.304200 2.780066
v -0.281755 -0.278768 2.809122
v -0.290289 -0.274790 2.770987
v -0.260176 -0.296600 2.718946
v -0.301449 -0.264425 2.706352
v -0.267209 -0.285560 2.646961
v -0.310969 -0.252410 2.640342
v -0.272681 -0.273647 2.577928
v -0.175898 -0.331789 2.751002
v -0.213100 -0.322179 2.779608
v -0.217409 -0.318158 2.735538
v -0.178426 -0.322942 2.682917
v -0.222108 -0.308088 2.661291
v -0.178911 -0.310300 2.602768
v -0.224569 -0.295770 2.585476
v -0.178772 -0.296024 2.525136
v -0.100224 -0.340846 2.732106
v -0.137024 -0.339462 2.756340
v -0.137725 -0.333341 2.708685
v -0.100113 -0.329385 2.661172
v -0.137404 -0.320642 2.628923
v -0.098583 -0.313893 2.577464
v -0.135611 -0.305486 2.546576
v -0.097033 -0.295984 2.493990
v -0.051934 0.114269 2.806997
v -0.052045 0.142266 2.767368
v -0.053680 0.190926 2.693574
v -0.055788 0.233132 2.602683
v -0.065094 -0.345004 2.744269
v -0.065473 -0.337299 2.695567
v -0.065647 -0.322441 2.614492
v -0.065230 -0.305168 2.529503
v -0.419945 0.054062 2.514629
v -0.439602 -0.008663 2.476549
v -0.428976 -0.072463 2.508801
v -0.005917 0.069502 2.195997
v -0.020602 0.107230 2.219881
v -0.382600 -0.184504 2.461136
v -0.342570 -0.228001 2.394486
v -0.289588 -0.257763 2.393461
v -0.161111 0.221677 2.348297
v -0.214264 0.227480 2.347839
v -0.266603 0.233701 2.418540
v -0.181594 -0.263077 2.324599
v -0.131565 -0.243769 2.269015
v -0.086672 -0.225760 2.262220
v -0.362078 0.172155 2.479885
v -0.403969 0.116576 2.460553
v -0.050561 -0.198874 2.221096
v -0.025933 -0.174506 2.210465
v -0.418971 -0.130396 2.450837
v -0.072169 0.172476 2.278835
v -0.112772 0.191218 2.282773
v -0.235428 -0.267612 2.329360
v -0.321804 0.207663 2.412349
v -0.040292 0.133343 2.227666
v -0.026864 -0.164177 2.135656
v -0.015104 -0.132433 2.096852
v -0.467821 -0.013425 2.274073
v -0.457135 0.042424 2.216494
v -0.468684 -0.015358 2.158070
v -0.464118 -0.075522 2.215298
v -0.427442 0.096632 2.265826
v -0.385818 0.131895 2.206162
v -0.424916 0.090395 2.155688
v -0.335628 0.165357 2.244502
v -0.280745 0.175995 2.188302
v -0.333560 0.157597 2.146654
v -0.005184 0.057036 2.155128
v -0.009128 0.054657 2.098911
v -0.020683 0.087750 2.135877
v -0.222955 0.185910 2.215295
v -0.168992 0.178379 2.166463
v -0.223993 0.180748 2.133062
v -0.129715 -0.238469 2.186086
v -0.177956 -0.255564 2.162557
v -0.127732 -0.235259 2.114456
v -0.087609 -0.214049 2.147900
v -0.041168 0.120671 2.165087
v -0.046275 0.118163 2.106721
v -0.076339 0.146043 2.147518
v -0.234414 -0.264969 2.210423
v -0.291707 -0.256508 2.181226
v -0.230475 -0.262098 2.125158
v -0.116953 0.168426 2.185979
v -0.120078 0.165423 2.118176
v -0.349008 -0.229992 2.238639
v -0.400097 -0.187927 2.201221
v -0.346730 -0.228813 2.138654
v -0.050340 -0.193551 2.167259
v -0.056239 -0.184911 2.105743
v -0.438457 -0.133935 2.263622
v -0.438509 -0.134234 2.151547
v -0.444403 -0.071029 2.424453
v -0.430115 -0.131137 2.363052
v -0.390350 -0.183997 2.385781
v -0.457519 -0.073085 2.324781
v -0.396808 -0.185834 2.299444
v -0.087607 -0.219424 2.227244
v -0.050131 -0.196723 2.198931
v -0.087072 -0.217358 2.196855
v -0.345896 -0.228182 2.321259
v -0.291146 -0.256856 2.330120
v -0.292044 -0.256747 2.262466
v -0.070868 0.158540 2.231261
v -0.113267 0.178459 2.232124
v -0.161736 0.205528 2.283647
v -0.072260 0.150574 2.194430
v -0.165386 0.187510 2.228434
v -0.234914 -0.265904 2.273191
v -0.180843 -0.259272 2.273658
v -0.179854 -0.257266 2.225915
v -0.017020 0.096398 2.196594
v -0.038440 0.125299 2.196567
v -0.017028 0.090771 2.173979
v -0.130643 -0.240136 2.230055
v -0.218337 0.205453 2.280423
v -0.272123 0.216394 2.343167
v -0.278106 0.190446 2.268907
v -0.004185 0.060731 2.178700
v -0.330300 0.187061 2.329867
v -0.373712 0.163755 2.396254
v -0.383697 0.145588 2.304247
v -0.418328 0.108696 2.367274
v -0.436642 0.054333 2.427523
v -0.451243 0.048603 2.325674
v -0.456056 -0.009633 2.381089
v -0.458732 -0.073935 2.093058
v -0.426831 -0.128272 2.025784
v -0.393542 -0.184269 2.085314
v -0.035394 -0.152784 2.057532
v -0.022965 -0.119812 2.004822
v -0.008288 -0.100093 2.051695
v -0.316619 0.165751 1.345597
v -0.291342 0.200052 1.317235
v -0.319045 0.176620 1.288852
v -0.335402 0.133569 1.315045
v -0.449871 0.041782 2.095884
v -0.456606 -0.012168 2.030806
v -0.007314 -0.065388 2.003191
v -0.000933 -0.042086 2.050436
v -0.377955 0.129983 2.093206
v -0.411758 0.092505 2.032839
v -0.006653 -0.007449 2.005002
v -0.005199 0.022080 2.054456
v -0.276983 0.174913 2.086463
v -0.323804 0.159626 2.031111
v -0.017692 0.055861 2.008429
v -0.027160 0.086771 2.060251
v -0.169419 0.177833 2.076923
v -0.220148 0.181888 2.026626
v -0.172295 -0.250414 2.068443
v -0.123540 -0.227095 2.010748
v -0.087932 -0.207877 2.062856
v -0.052006 0.118863 2.013092
v -0.080417 0.145076 2.067202
v -0.284495 -0.251011 2.076035
v -0.220968 -0.253082 2.014240
v -0.121791 0.165784 2.019881
v -0.335062 -0.219966 2.019596
v -0.059591 -0.175800 2.007900
v -0.051632 0.094518 1.341961
v -0.055441 0.073326 1.307263
v -0.061779 0.099974 1.272596
v -0.059311 0.114557 1.301303
v -0.259955 0.214020 1.347037
v -0.226974 0.228559 1.316806
v -0.262142 0.225198 1.289736
v -0.058592 0.124813 1.338514
v -0.067145 0.142624 1.273654
v -0.071988 0.156745 1.305531
v -0.192816 0.223246 1.345503
v -0.160376 0.225265 1.313971
v -0.194486 0.237325 1.287465
v -0.116480 -0.077697 1.325454
v -0.146609 -0.086947 1.295078
v -0.120615 -0.063546 1.265398
v -0.097700 -0.050017 1.295171
v -0.083211 0.171379 1.338485
v -0.087701 0.188360 1.277739
v -0.105143 0.199524 1.309453
v -0.179326 -0.102565 1.327227
v -0.219727 -0.091170 1.299210
v -0.182457 -0.087790 1.267396
v -0.129532 0.207179 1.342085
v -0.131897 0.223674 1.283266
v -0.258147 -0.078672 1.333191
v -0.295360 -0.041290 1.306223
v -0.261554 -0.066459 1.273544
v -0.078184 -0.035864 1.326420
v -0.085480 -0.021363 1.266409
v -0.071853 -0.006304 1.296858
v -0.322060 -0.006971 1.339090
v -0.339500 0.044089 1.311642
v -0.325410 0.004516 1.280658
v -0.058665 0.006694 1.328673
v -0.068917 0.021779 1.268304
v -0.060034 0.034474 1.300025
v -0.342690 0.084515 1.342801
v -0.345447 0.095837 1.285612
v -0.048818 0.045591 1.337373
v -0.062205 0.060461 1.271059
v -0.016640 -0.086377 1.950513
v -0.013941 -0.052371 1.896693
v -0.009545 -0.031422 1.951177
v -0.022728 -0.071386 1.842738
v -0.020977 -0.037016 1.789885
v -0.013998 -0.018729 1.843724
v -0.030976 -0.052759 1.736269
v -0.028837 -0.019174 1.684206
v -0.022801 -0.004275 1.737464
v -0.034145 -0.032634 1.631270
v -0.030244 0.000447 1.579878
v -0.028760 0.013218 1.632829
v -0.034296 -0.012867 1.528374
v -0.032089 0.021316 1.474600
v -0.030391 0.035650 1.526675
v -0.036962 0.003220 1.434580
v -0.035499 0.027607 1.396995
v -0.032758 0.043145 1.421686
v -0.431967 0.046002 1.969963
v -0.434991 -0.004732 1.907269
v -0.441834 -0.066515 1.965118
v -0.407120 0.051587 1.854092
v -0.408533 0.006937 1.794767
v -0.416921 -0.052757 1.847023
v -0.383895 0.063340 1.745639
v -0.385353 0.022938 1.688591
v -0.390729 -0.035569 1.738325
v -0.366833 0.079926 1.640745
v -0.367401 0.040026 1.586646
v -0.370406 -0.019088 1.634758
v -0.352071 0.095086 1.539563
v -0.353732 0.056545 1.490345
v -0.354866 -0.000651 1.535366
v -0.340306 0.108622 1.448794
v -0.345443 0.071519 1.408429
v -0.344206 0.017357 1.445756
v -0.040751 -0.141531 1.951845
v -0.028986 -0.106524 1.896585
v -0.045783 -0.124535 1.842340
v -0.036022 -0.088010 1.788926
v -0.051893 -0.101618 1.735207
v -0.041414 -0.066345 1.682863
v -0.053011 -0.078825 1.630029
v -0.041293 -0.045639 1.579029
v -0.052312 -0.058228 1.528090
v -0.042450 -0.026530 1.479924
v -0.054520 -0.039904 1.434917
v -0.047070 -0.010160 1.395385
v -0.405338 -0.114277 1.902625
v -0.376765 -0.172317 1.960667
v -0.378850 -0.093519 1.790896
v -0.352599 -0.150938 1.844701
v -0.358232 -0.075368 1.685124
v -0.330506 -0.127090 1.737368
v -0.343434 -0.058165 1.582758
v -0.317952 -0.109347 1.632656
v -0.330634 -0.037565 1.487233
v -0.306572 -0.089411 1.532051
v -0.323734 -0.020286 1.405471
v -0.297150 -0.068743 1.442408
v -0.087279 -0.196256 1.953199
v -0.062249 -0.161196 1.896975
v -0.088005 -0.176278 1.841951
v -0.066630 -0.138682 1.788201
v -0.089010 -0.149935 1.734346
v -0.068702 -0.113533 1.681849
v -0.087673 -0.124015 1.629147
v -0.067507 -0.090425 1.578063
v -0.086719 -0.100935 1.527357
v -0.067485 -0.070488 1.479364
v -0.086670 -0.082522 1.434193
v -0.070250 -0.052991 1.394180
v -0.315864 -0.201895 1.899799
v -0.270626 -0.237463 1.956807
v -0.294131 -0.175680 1.789580
v -0.253099 -0.214929 1.842465
v -0.280477 -0.151824 1.683972
v -0.238201 -0.186643 1.735264
v -0.272530 -0.132012 1.580222
v -0.230897 -0.162250 1.630511
v -0.263302 -0.110323 1.483458
v -0.224795 -0.139955 1.528977
v -0.258130 -0.092134 1.400822
v -0.218546 -0.119752 1.437729
v -0.084201 0.146054 1.962737
v -0.123116 0.165984 1.911616
v -0.167688 0.178032 1.968428
v -0.088285 0.148033 1.855224
v -0.124240 0.170064 1.804486
v -0.164735 0.179496 1.860369
v -0.092572 0.152665 1.748011
v -0.125440 0.176101 1.697095
v -0.162033 0.186524 1.753204
v -0.095325 0.158604 1.641636
v -0.127015 0.179399 1.591784
v -0.161300 0.191159 1.646072
v -0.096758 0.163542 1.538897
v -0.128224 0.182763 1.492982
v -0.162001 0.192555 1.543121
v -0.098889 0.171837 1.445403
v -0.128682 0.193004 1.409238
v -0.161419 0.198469 1.450943
v -0.208513 -0.235923 1.897625
v -0.164097 -0.238142 1.954447
v -0.196116 -0.209983 1.787336
v -0.156068 -0.217224 1.841461
v -0.187941 -0.181090 1.681569
v -0.149391 -0.188905 1.733721
v -0.184093 -0.155664 1.578010
v -0.145664 -0.160722 1.628876
v -0.179368 -0.133799 1.480079
v -0.143478 -0.136043 1.527281
v -0.177055 -0.116760 1.395794
v -0.140760 -0.117134 1.434641
v -0.034374 0.090349 1.957282
v -0.057478 0.121628 1.906006
v -0.040594 0.094495 1.849773
v -0.063803 0.124675 1.798832
v -0.047809 0.099121 1.742710
v -0.069090 0.130419 1.691954
v -0.051939 0.108552 1.637522
v -0.070777 0.138736 1.587633
v -0.051713 0.116763 1.535466
v -0.071706 0.145028 1.485982
v -0.058792 0.130421 1.426331
v -0.078576 0.160521 1.403614
v -0.119506 -0.210977 1.897116
v -0.116821 -0.186219 1.787388
v -0.113895 -0.158165 1.681040
v -0.112496 -0.131715 1.577465
v -0.110819 -0.110474 1.478957
v -0.111411 -0.093460 1.393852
v -0.213028 0.181949 1.915591
v -0.267250 0.176623 1.971813
v -0.205095 0.186805 1.808552
v -0.253868 0.177892 1.862403
v -0.200222 0.193991 1.701136
v -0.243567 0.185226 1.755692
v -0.198259 0.197392 1.595354
v -0.237884 0.192042 1.648653
v -0.197025 0.201448 1.496849
v -0.234229 0.197838 1.545745
v -0.194459 0.210947 1.413026
v -0.230330 0.206477 1.453879
v -0.014488 0.027530 1.953625
v -0.024687 0.061962 1.901300
v -0.019020 0.035731 1.845842
v -0.030726 0.067643 1.793999
v -0.026547 0.044808 1.739124
v -0.037977 0.076396 1.687894
v -0.032884 0.058455 1.635489
v -0.040234 0.089021 1.587035
v -0.033690 0.072888 1.543985
v -0.038920 0.092545 1.503881
v -0.307368 0.160947 1.916163
v -0.362009 0.133123 1.972498
v -0.290331 0.164730 1.808784
v -0.340245 0.134660 1.860773
v -0.280417 0.174240 1.701827
v -0.323641 0.143105 1.753780
v -0.273544 0.182993 1.596266
v -0.313760 0.155477 1.647183
v -0.266860 0.192593 1.497939
v -0.303925 0.166815 1.544406
v -0.261650 0.203559 1.414428
v -0.294646 0.178021 1.452835
v -0.012901 0.002579 1.898302
v -0.018061 0.013569 1.791207
v -0.027154 0.027205 1.685685
v -0.030407 0.044743 1.584393
v -0.032872 0.067295 1.498552
v -0.390250 0.095600 1.913542
v -0.366767 0.100926 1.804040
v -0.351231 0.114667 1.697131
v -0.338882 0.129127 1.592504
v -0.326071 0.141395 1.494486
v -0.318161 0.153876 1.411834
v -0.340337 0.145285 1.261068
v -0.352553 0.107954 1.232928
v -0.345096 0.055423 1.256354
v -0.066991 0.048099 1.240676
v -0.065870 0.073791 1.214339
v -0.064027 0.086391 1.242456
v -0.296197 0.212585 1.263712
v -0.325784 0.190222 1.237249
v -0.065647 0.114226 1.215735
v -0.066037 0.128297 1.243841
v -0.231201 0.242692 1.262504
v -0.268438 0.240153 1.237997
v -0.071083 0.160470 1.218422
v -0.076838 0.175111 1.247385
v -0.164088 0.242165 1.258757
v -0.200189 0.254056 1.234895
v -0.102265 -0.036726 1.237799
v -0.090133 -0.008624 1.212086
v -0.078006 0.007193 1.239131
v -0.150024 -0.071712 1.238409
v -0.125118 -0.049116 1.211765
v -0.091447 0.208153 1.223620
v -0.108659 0.217977 1.253181
v -0.224060 -0.077071 1.242337
v -0.187226 -0.072113 1.213811
v -0.136850 0.242530 1.230004
v -0.300897 -0.030169 1.249544
v -0.267794 -0.054054 1.219006
v -0.072853 0.034443 1.213217
v -0.332584 0.015794 1.226615
v -0.229845 -0.063072 1.189627
v -0.192651 -0.058631 1.160127
v -0.155483 -0.056953 1.186745
v -0.113885 0.237768 1.200175
v -0.143119 0.260986 1.173878
v -0.170466 0.260078 1.205823
v -0.308046 -0.017873 1.196087
v -0.273952 -0.040390 1.164439
v -0.081696 0.019351 1.186843
v -0.075239 0.046842 1.159883
v -0.069492 0.060707 1.187685
v -0.352990 0.067753 1.203367
v -0.340180 0.029096 1.171352
v -0.107289 -0.023617 1.186059
v -0.093850 0.003878 1.159070
v -0.347965 0.159008 1.208825
v -0.360321 0.121656 1.177362
v -0.067653 0.087456 1.160545
v -0.065989 0.100746 1.188575
v -0.303069 0.227964 1.211570
v -0.332465 0.205447 1.181108
v -0.067054 0.130763 1.161410
v -0.068219 0.145471 1.190273
v -0.237497 0.258893 1.209771
v -0.273883 0.256013 1.181041
v -0.073398 0.179988 1.163663
v -0.080128 0.194980 1.194127
v -0.205840 0.270658 1.177939
v -0.130259 -0.035850 1.158752
v -0.096222 0.228188 1.168299
v -0.083836 0.214810 1.133773
v -0.100789 0.246013 1.099934
v -0.119530 0.256504 1.138320
v -0.045460 0.017807 1.362652
v -0.037909 0.049042 1.377669
v -0.235406 -0.049746 1.131167
v -0.196900 -0.046547 1.096567
v -0.159711 -0.044166 1.128690
v -0.146924 0.278631 1.103469
v -0.175215 0.277517 1.142312
v -0.315148 -0.003633 1.136627
v -0.280773 -0.027190 1.100194
v -0.082892 0.032288 1.129037
v -0.074446 0.060004 1.095898
v -0.070379 0.074110 1.129674
v -0.360830 0.081769 1.142542
v -0.348208 0.042693 1.105216
v -0.109860 -0.010576 1.128356
v -0.093361 0.016913 1.095432
v -0.335341 0.122162 1.375539
v -0.339198 0.031902 1.372533
v -0.354901 0.173901 1.146450
v -0.367898 0.135609 1.108941
v -0.067543 0.101484 1.096151
v -0.066964 0.116213 1.130141
v -0.308198 0.243929 1.147534
v -0.338811 0.220723 1.110264
v -0.067702 0.147219 1.096309
v -0.069655 0.164142 1.131071
v -0.241469 0.275230 1.145248
v -0.277993 0.272625 1.108801
v -0.075794 0.198318 1.097231
v -0.208517 0.288091 1.106042
v -0.131480 -0.023367 1.095276
v -0.061044 -0.022868 1.359244
v -0.294092 -0.053491 1.368422
v -0.090891 -0.065591 1.358143
v -0.217441 -0.104545 1.362446
v -0.101937 0.184413 1.372263
v -0.160091 0.210626 1.376046
v -0.142634 -0.101598 1.358474
v -0.064989 0.141331 1.373721
v -0.227297 0.217323 1.378742
v -0.291014 0.189745 1.378441
v -0.240949 -0.039390 1.063352
v -0.199910 -0.039248 1.026256
v -0.161228 -0.033831 1.061170
v -0.131550 -0.015285 1.024638
v -0.108785 0.000738 1.060401
v -0.070940 0.178711 1.059797
v -0.077961 0.207931 1.021159
v -0.087094 0.229594 1.060533
v -0.066918 0.129088 1.060033
v -0.068410 0.156519 1.021818
v -0.069346 0.085985 1.060297
v -0.067506 0.110286 1.022667
v -0.092812 0.025732 1.023806
v -0.081306 0.044048 1.060377
v -0.122553 0.271521 1.062710
v -0.147724 0.290485 1.023088
v -0.176595 0.294206 1.065077
v -0.073948 0.068823 1.023265
v -0.103505 0.255615 1.021542
v -0.209548 0.302313 1.024940
v -0.244372 0.292097 1.067404
v -0.283152 0.285556 1.027675
v -0.314517 0.258701 1.070161
v -0.347060 0.230592 1.030341
v -0.362577 0.186501 1.071204
v -0.375495 0.144137 1.031395
v -0.368704 0.093464 1.070076
v -0.355315 0.051127 1.030631
v -0.322870 0.007669 1.066922
v -0.286822 -0.019385 1.028466
v -0.137918 -0.008299 0.695767
v -0.163661 -0.023346 0.653831
v -0.143102 -0.004425 0.611175
v -0.122602 0.012667 0.652358
v -0.083202 0.103678 0.690338
v -0.088563 0.084689 0.648766
v -0.089112 0.100208 0.605994
v -0.084781 0.121327 0.647163
v -0.106010 0.030248 0.694061
v -0.114818 0.033319 0.609504
v -0.100112 0.050241 0.650611
v -0.367892 0.134020 0.687540
v -0.355474 0.171349 0.642634
v -0.356626 0.128537 0.602775
v -0.355562 0.090141 0.647087
v -0.341716 0.050278 0.691971
v -0.330851 0.048968 0.607827
v -0.306512 0.013290 0.651608
v -0.341926 0.211267 0.684024
v -0.308934 0.235314 0.639822
v -0.331747 0.201350 0.598866
v -0.206434 0.277682 0.681602
v -0.174837 0.267441 0.639136
v -0.204897 0.263839 0.596518
v -0.239932 0.267430 0.638694
v -0.083231 0.144851 0.688687
v -0.086687 0.138072 0.604413
v -0.086803 0.163996 0.645435
v -0.278456 0.261981 0.682045
v -0.272439 0.248933 0.596846
v -0.089523 0.190566 0.686777
v -0.091880 0.180615 0.602413
v -0.098241 0.207714 0.643192
v -0.274084 -0.015827 0.695595
v -0.267013 -0.014846 0.611447
v -0.231401 -0.031729 0.654045
v -0.109098 0.233183 0.684602
v -0.110607 0.220901 0.599894
v -0.126663 0.244712 0.640851
v -0.148077 0.264766 0.682659
v -0.148450 0.251383 0.597686
v -0.195360 -0.034561 0.696813
v -0.194413 -0.032178 0.612260
v -0.089514 0.067444 0.692176
v -0.098098 0.067498 0.607653
v -0.082814 0.049376 0.985074
v -0.076808 0.070692 0.944468
v -0.070397 0.090965 0.984155
v -0.086938 0.049457 0.904015
v -0.080768 0.069158 0.861425
v -0.073234 0.090010 0.902549
v -0.090515 0.048407 0.820270
v -0.084595 0.067607 0.777079
v -0.077244 0.087607 0.818411
v -0.093671 0.048425 0.735697
v -0.082485 0.085841 0.733734
v -0.244341 -0.034598 0.989583
v -0.201487 -0.036219 0.949583
v -0.162818 -0.028834 0.987889
v -0.244234 -0.032599 0.909288
v -0.200809 -0.035107 0.867281
v -0.164250 -0.026771 0.908133
v -0.241294 -0.032446 0.824913
v -0.198186 -0.035210 0.782375
v -0.163975 -0.026111 0.824465
v -0.236417 -0.032760 0.739330
v -0.162906 -0.025648 0.739279
v -0.124130 0.275947 0.980847
v -0.148180 0.290629 0.939078
v -0.176529 0.301919 0.981986
v -0.125168 0.271324 0.896731
v -0.147836 0.284399 0.853977
v -0.176142 0.298746 0.896733
v -0.124805 0.264673 0.811793
v -0.147558 0.275780 0.768478
v -0.175407 0.290808 0.810974
v -0.125397 0.256099 0.726409
v -0.175031 0.280263 0.725012
v -0.089764 0.232894 0.980694
v -0.105995 0.253723 0.939051
v -0.092198 0.228091 0.897616
v -0.106825 0.248024 0.854870
v -0.093404 0.222849 0.813192
v -0.107243 0.241741 0.769945
v -0.095678 0.216768 0.728290
v -0.327702 0.013059 0.990754
v -0.288749 -0.016066 0.950375
v -0.327833 0.014734 0.908646
v -0.286699 -0.015146 0.866973
v -0.324119 0.014161 0.823059
v -0.281603 -0.015804 0.781279
v -0.316416 0.013269 0.736840
v -0.072426 0.182653 0.981655
v -0.080289 0.206450 0.940003
v -0.074514 0.178931 0.899122
v -0.082708 0.201348 0.856228
v -0.077829 0.174444 0.814788
v -0.085630 0.196579 0.771632
v -0.083018 0.170185 0.730180
v -0.246779 0.300809 0.984014
v -0.287039 0.287148 0.942633
v -0.321657 0.264649 0.987153
v -0.247475 0.298345 0.898029
v -0.287399 0.281306 0.855783
v -0.325522 0.261053 0.900953
v -0.246062 0.290587 0.811373
v -0.283993 0.272686 0.768732
v -0.323811 0.254065 0.813488
v -0.243271 0.280161 0.724832
v -0.317394 0.245738 0.726245
v -0.067750 0.133495 0.983040
v -0.069660 0.156279 0.941631
v -0.069288 0.131182 0.900950
v -0.072135 0.152222 0.857946
v -0.073142 0.127702 0.816578
v -0.077369 0.148560 0.773365
v -0.079783 0.124865 0.731927
v -0.209710 0.304898 0.940161
v -0.208984 0.299059 0.854106
v -0.207738 0.289607 0.767862
v -0.354053 0.230419 0.946017
v -0.370484 0.190774 0.989797
v -0.355855 0.224984 0.858940
v -0.375309 0.187718 0.904299
v -0.351047 0.218617 0.771196
v -0.373806 0.182780 0.816689
v -0.366167 0.177749 0.729082
v -0.374752 0.098284 0.990992
v -0.358565 0.053769 0.950018
v -0.377322 0.097697 0.906867
v -0.357585 0.053151 0.864931
v -0.374805 0.095213 0.819997
v -0.351762 0.051497 0.778203
v -0.366711 0.092779 0.732914
v -0.381258 0.144764 0.948592
v -0.382712 0.141502 0.862158
v -0.377663 0.137843 0.774553
v -0.110087 0.006181 0.986220
v -0.096079 0.028271 0.945828
v -0.113486 0.007590 0.905924
v -0.099856 0.028182 0.863288
v -0.115788 0.008081 0.822408
v -0.102243 0.028251 0.779088
v -0.117590 0.009291 0.737625
v -0.069045 0.111243 0.943247
v -0.071761 0.108469 0.859775
v -0.077085 0.105770 0.775175
v -0.133796 -0.012089 0.947678
v -0.135793 -0.010854 0.865557
v -0.136366 -0.010215 0.781154
v -0.295098 0.153493 0.285341
v -0.272606 0.174507 0.255613
v -0.288185 0.147382 0.241594
v -0.303497 0.120205 0.257570
v -0.116947 0.129285 0.288128
v -0.119846 0.106873 0.260298
v -0.123473 0.123478 0.244150
v -0.124636 0.144682 0.257906
v -0.253378 -0.022689 0.298531
v -0.278363 -0.003851 0.267593
v -0.251469 -0.023280 0.255774
v -0.222964 -0.033671 0.271954
v -0.152095 -0.014849 0.299659
v -0.170599 -0.027314 0.272181
v -0.155014 -0.016435 0.256676
v -0.142414 -0.002382 0.269915
v -0.120863 0.065265 0.293113
v -0.126138 0.049857 0.265030
v -0.125541 0.060825 0.248909
v -0.121732 0.075426 0.262807
v -0.134150 0.013489 0.297633
v -0.137403 0.010960 0.253760
v -0.131761 0.025355 0.267356
v -0.116638 0.093901 0.290734
v -0.122340 0.088689 0.246567
v -0.193773 -0.033761 0.300566
v -0.195330 -0.033709 0.258323
v -0.126345 0.040306 0.295373
v -0.130324 0.036687 0.251116
v -0.300465 0.025977 0.293613
v -0.307429 0.055123 0.261711
v -0.294373 0.022766 0.249828
v -0.251921 0.196315 0.284054
v -0.224849 0.202542 0.255053
v -0.248531 0.189439 0.240494
v -0.127935 0.167568 0.285847
v -0.133560 0.161664 0.242062
v -0.142132 0.180865 0.256052
v -0.200131 0.209965 0.283804
v -0.177064 0.202786 0.255135
v -0.200189 0.202897 0.240290
v -0.155780 0.198255 0.284331
v -0.158845 0.191721 0.240695
v -0.314235 0.091207 0.288495
v -0.305780 0.086344 0.244501
v -0.344813 0.162159 0.559581
v -0.346265 0.120363 0.521716
v -0.344872 0.085745 0.564500
v -0.334935 0.151002 0.479550
v -0.336212 0.110312 0.442129
v -0.335705 0.078511 0.484611
v -0.324682 0.139080 0.400258
v -0.325402 0.099950 0.363137
v -0.326412 0.069810 0.405135
v -0.313746 0.128172 0.322625
v -0.316640 0.061573 0.327038
v -0.127321 0.230623 0.557378
v -0.148774 0.236960 0.515818
v -0.174354 0.253227 0.555642
v -0.128842 0.216101 0.476738
v -0.150258 0.222675 0.436053
v -0.174372 0.238790 0.475119
v -0.131975 0.202124 0.397586
v -0.152546 0.209196 0.357895
v -0.174912 0.224674 0.396176
v -0.136680 0.189654 0.320639
v -0.175694 0.212117 0.319496
v -0.203395 0.249258 0.514787
v -0.236498 0.253072 0.555238
v -0.202307 0.234756 0.435217
v -0.233508 0.238363 0.474948
v -0.201134 0.221150 0.357220
v -0.230555 0.224136 0.396111
v -0.227390 0.211757 0.319395
v -0.099958 0.194527 0.559927
v -0.112024 0.206361 0.518056
v -0.103000 0.180501 0.479273
v -0.115262 0.192210 0.438165
v -0.108358 0.166879 0.399929
v -0.120578 0.178676 0.359717
v -0.116179 0.153877 0.322717
v -0.267114 0.234539 0.515344
v -0.300910 0.222407 0.556526
v -0.262194 0.220158 0.435904
v -0.293847 0.208567 0.476440
v -0.257082 0.206839 0.357737
v -0.286773 0.194906 0.397428
v -0.279384 0.183067 0.320269
v -0.322316 0.045332 0.527048
v -0.298338 0.012831 0.569218
v -0.315029 0.039094 0.447524
v -0.292657 0.009769 0.489403
v -0.307490 0.032306 0.368342
v -0.287320 0.005073 0.410023
v -0.282386 0.000301 0.332132
v -0.111624 0.050925 0.567414
v -0.110315 0.064960 0.526049
v -0.097989 0.081844 0.565585
v -0.122534 0.047286 0.487241
v -0.119601 0.058307 0.446584
v -0.109499 0.076203 0.485126
v -0.127065 0.039083 0.408679
v -0.123272 0.048595 0.368915
v -0.117226 0.067311 0.406343
v -0.128318 0.030388 0.332249
v -0.121130 0.056893 0.329943
v -0.228485 -0.029953 0.571249
v -0.195107 -0.030021 0.531144
v -0.167101 -0.019841 0.570865
v -0.226824 -0.029738 0.491385
v -0.194742 -0.030695 0.451988
v -0.169681 -0.019251 0.491176
v -0.224811 -0.031269 0.412342
v -0.193705 -0.032611 0.373674
v -0.169441 -0.022281 0.412514
v -0.223267 -0.032760 0.335191
v -0.169043 -0.025520 0.335642
v -0.090384 0.114283 0.563972
v -0.092318 0.127892 0.522553
v -0.089717 0.153453 0.562251
v -0.099523 0.105323 0.483286
v -0.100671 0.117198 0.442618
v -0.095265 0.141540 0.481519
v -0.108513 0.095065 0.404273
v -0.108818 0.105132 0.364457
v -0.102881 0.129269 0.402223
v -0.115138 0.083563 0.327691
v -0.111357 0.116319 0.325219
v -0.131902 0.015969 0.569326
v -0.126161 0.033496 0.528132
v -0.139219 0.014500 0.489524
v -0.132225 0.027951 0.448983
v -0.140658 0.008009 0.411033
v -0.133026 0.019648 0.371249
v -0.140315 0.001325 0.334322
v -0.098622 0.093951 0.524252
v -0.108908 0.085762 0.444508
v -0.115581 0.075149 0.366658
v -0.149751 -0.002075 0.530085
v -0.152198 -0.005128 0.451136
v -0.151681 -0.010655 0.373134
v -0.262556 -0.014872 0.530514
v -0.259096 -0.017046 0.451096
v -0.255682 -0.019955 0.372286
v -0.094822 0.167558 0.520628
v -0.100184 0.154614 0.440641
v -0.107704 0.141225 0.362108
v -0.322594 0.189123 0.517595
v -0.313805 0.176173 0.438090
v -0.304560 0.163597 0.359505
v -0.041711 0.090220 1.452878
v -0.040645 0.070466 1.399328
v -0.006187 -0.272074 2.406017
v -0.004301 -0.248057 2.324990
v -0.009660 -0.207666 2.246448
v -0.006743 -0.150230 2.198269
v 0.000034 -0.079183 2.176469
v 0.001049 0.005704 2.180115
v -0.003859 0.085920 2.205915
v 0.071232 -0.262499 2.360345
v 0.172620 -0.274815 2.426071
v 0.276115 -0.245312 2.503942
v 0.345231 -0.147114 2.575058
v 0.360636 -0.012932 2.608006
v 0.328140 0.125672 2.588502
v 0.252466 0.230388 2.531351
v 0.152233 0.268512 2.456297
v -0.008469 0.157386 2.260467
v -0.007273 0.224178 2.352051
v -0.009440 0.255842 2.452820
v 0.058063 0.251217 2.386731
v 0.067130 -0.281447 2.433121
v 0.164253 -0.286418 2.487729
v 0.263603 -0.249766 2.561283
v 0.330147 -0.155251 2.631695
v 0.345011 -0.026975 2.665537
v 0.313929 0.108303 2.650586
v 0.241954 0.215095 2.602188
v 0.146126 0.263649 2.539048
v 0.055429 0.265868 2.482645
v 0.041108 0.122518 2.803652
v 0.041590 0.163841 2.746401
v 0.045849 0.212912 2.668656
v 0.051186 0.250682 2.578609
v 0.121177 0.111029 2.820919
v 0.123301 0.148467 2.769423
v 0.130389 0.195616 2.701390
v 0.139058 0.237736 2.622852
v 0.207733 0.076692 2.840554
v 0.211660 0.107241 2.795314
v 0.220202 0.146264 2.737132
v 0.231370 0.185171 2.671540
v 0.269289 0.007415 2.854083
v 0.276570 0.030225 2.813331
v 0.287425 0.057523 2.762678
v 0.300734 0.084699 2.707949
v 0.293449 -0.094125 2.856011
v 0.303830 -0.077955 2.815558
v 0.316772 -0.059982 2.767015
v 0.330954 -0.043040 2.717143
v 0.281030 -0.202952 2.840373
v 0.292695 -0.192134 2.794483
v 0.305430 -0.179439 2.739872
v 0.317753 -0.166953 2.685631
v 0.232333 -0.285782 2.808786
v 0.241057 -0.278843 2.753300
v 0.248857 -0.269098 2.686960
v 0.255299 -0.258623 2.622128
v 0.157973 -0.328228 2.773406
v 0.160375 -0.321644 2.708654
v 0.160330 -0.311542 2.631340
v 0.159913 -0.299763 2.556139
v 0.076960 -0.342034 2.744920
v 0.074166 -0.332491 2.674841
v 0.068936 -0.318913 2.591510
v 0.065140 -0.302752 2.509347
v -0.012795 0.124152 2.794818
v -0.013676 0.166775 2.734186
v -0.013009 0.215084 2.650543
v -0.011467 0.248641 2.554207
v 0.002752 -0.343971 2.728969
v -0.000420 -0.331933 2.657656
v -0.004696 -0.315796 2.573133
v -0.007418 -0.296819 2.487931
v 0.386759 -0.003450 2.537395
v 0.000706 0.077509 2.200928
v 0.294668 -0.246392 2.443611
v 0.159779 0.253492 2.379803
v 0.000499 -0.079218 2.181559
v 0.077056 -0.251777 2.294186
v 0.349310 0.134586 2.515984
v 0.009443 -0.207849 2.232072
v 0.370659 -0.145305 2.510185
v 0.063630 0.220352 2.304136
v 0.001704 0.001337 2.184939
v 0.182121 -0.271058 2.365630
v 0.265166 0.227012 2.457811
v 0.009612 0.149276 2.238387
v -0.005043 -0.148304 2.196080
v -0.003135 -0.141267 2.131399
v 0.457550 -0.012359 2.215764
v 0.001097 -0.080572 2.126111
v 0.409761 0.102821 2.210757
v 0.002852 -0.013046 2.127232
v 0.310596 0.168358 2.196421
v 0.004874 0.055415 2.132273
v 0.193756 0.185080 2.174880
v 0.088543 -0.247943 2.155197
v 0.023487 0.121195 2.137469
v 0.200606 -0.265833 2.172544
v 0.087168 0.169075 2.151837
v 0.326568 -0.237255 2.191600
v 0.017237 -0.201920 2.141759
v 0.425060 -0.141306 2.208444
v 0.405009 -0.144747 2.427531
v 0.422840 -0.143458 2.321444
v 0.008970 -0.205205 2.208664
v 0.009270 -0.204538 2.185482
v 0.314380 -0.245272 2.371916
v 0.323908 -0.241126 2.286585
v 0.070623 0.195426 2.248067
v 0.078351 0.176279 2.204839
v 0.191257 -0.269875 2.306336
v 0.196819 -0.267559 2.246077
v 0.013994 0.132656 2.205292
v 0.017957 0.124000 2.178186
v 0.081903 -0.249164 2.249024
v 0.084134 -0.248540 2.210543
v 0.170426 0.225930 2.310453
v 0.183078 0.197838 2.246697
v 0.002393 0.063984 2.185404
v 0.003507 0.057238 2.168260
v 0.281984 0.207209 2.377597
v 0.299457 0.183462 2.290503
v 0.002416 -0.007318 2.178156
v 0.002755 -0.012411 2.165411
v 0.379916 0.130571 2.427470
v 0.401840 0.116187 2.322287
v 0.000965 -0.078095 2.175338
v 0.001191 -0.080016 2.163695
v 0.427997 -0.001482 2.447076
v 0.453002 -0.007016 2.334562
v -0.008661 -0.142708 2.185003
v -0.008475 -0.141759 2.168688
v 0.423628 -0.137669 2.088401
v 0.000889 -0.136290 2.056609
v 0.323024 0.171554 1.321156
v 0.454883 -0.014590 2.092966
v 0.000008 -0.075813 2.051970
v 0.407547 0.095776 2.092216
v 0.002542 -0.013877 2.053369
v 0.312531 0.162337 2.087474
v 0.006311 0.052379 2.058639
v 0.200592 0.182908 2.079218
v 0.095736 -0.242841 2.066425
v 0.029811 0.117963 2.061909
v 0.203647 -0.262526 2.073466
v 0.097155 0.165873 2.068814
v 0.326853 -0.231793 2.080925
v 0.026943 -0.195791 2.061033
v 0.061705 0.089399 1.316331
v 0.264092 0.218113 1.324020
v 0.067622 0.128562 1.314897
v 0.196093 0.227664 1.323763
v 0.122246 -0.076201 1.306072
v 0.088840 0.173736 1.316993
v 0.185959 -0.098921 1.306567
v 0.133371 0.210665 1.320888
v 0.265700 -0.073606 1.310309
v 0.084815 -0.035561 1.306870
v 0.329817 -0.000096 1.314576
v 0.068500 0.007026 1.308679
v 0.350724 0.091765 1.317573
v 0.061847 0.047033 1.314078
v -0.002734 -0.068456 1.954723
v 0.005792 -0.053537 1.849148
v 0.021108 -0.032345 1.745491
v 0.033532 -0.011643 1.642518
v 0.035509 0.008012 1.538602
v 0.037422 0.019321 1.442924
v 0.444683 -0.011835 1.967678
v 0.426966 -0.002632 1.851351
v 0.405770 0.011773 1.742157
v 0.386389 0.029423 1.636971
v 0.368695 0.047988 1.538440
v 0.356917 0.066668 1.450833
v 0.005882 -0.124549 1.954812
v 0.022900 -0.102428 1.850284
v 0.039998 -0.077499 1.747181
v 0.046688 -0.056332 1.643069
v 0.046827 -0.037577 1.540965
v 0.049508 -0.021796 1.447656
v 0.415568 -0.129540 1.963457
v 0.398690 -0.113925 1.846492
v 0.377340 -0.091921 1.737608
v 0.357455 -0.066519 1.634381
v 0.342539 -0.044283 1.537022
v 0.332127 -0.025311 1.449313
v 0.040500 -0.179481 1.955746
v 0.058690 -0.153013 1.850559
v 0.068962 -0.126771 1.745973
v 0.072427 -0.102499 1.641541
v 0.072696 -0.081642 1.540085
v 0.073480 -0.065090 1.447119
v 0.320950 -0.220558 1.960254
v 0.308103 -0.200447 1.844966
v 0.291971 -0.172950 1.736788
v 0.278096 -0.142411 1.634453
v 0.270270 -0.118191 1.536869
v 0.264649 -0.099761 1.447658
v 0.108191 0.163537 1.964837
v 0.115611 0.163171 1.859026
v 0.120358 0.163883 1.753901
v 0.124304 0.169738 1.649352
v 0.126679 0.175950 1.548061
v 0.128148 0.184582 1.456547
v 0.203482 -0.251891 1.958257
v 0.199645 -0.231256 1.845366
v 0.193368 -0.203360 1.737408
v 0.188519 -0.171676 1.634801
v 0.185260 -0.145066 1.536819
v 0.182434 -0.126760 1.445877
v 0.042749 0.115564 1.961138
v 0.054791 0.116327 1.856297
v 0.061406 0.119136 1.750789
v 0.068107 0.127138 1.646347
v 0.070359 0.137097 1.544654
v 0.075175 0.148574 1.448631
v 0.104876 -0.227836 1.956730
v 0.113347 -0.203356 1.847988
v 0.116011 -0.175842 1.741580
v 0.117290 -0.146850 1.638069
v 0.116243 -0.122414 1.538226
v 0.115035 -0.104916 1.446044
v 0.203162 0.181716 1.968704
v 0.202031 0.180679 1.860716
v 0.199571 0.180808 1.755298
v 0.197960 0.185520 1.650891
v 0.197491 0.193487 1.550108
v 0.195735 0.204157 1.459420
v 0.013853 0.052323 1.958616
v 0.024008 0.055634 1.853297
v 0.028597 0.063469 1.747360
v 0.036294 0.076319 1.644176
v 0.040089 0.088914 1.550658
v 0.306214 0.159929 1.970625
v 0.295931 0.160706 1.860185
v 0.285939 0.164019 1.753945
v 0.278234 0.171015 1.649305
v 0.271532 0.182936 1.548890
v 0.266036 0.196209 1.458951
v 0.002684 -0.010541 1.956360
v 0.008503 -0.002045 1.850487
v 0.015522 0.012566 1.745037
v 0.027747 0.030981 1.642690
v 0.033891 0.051394 1.547584
v 0.396567 0.094217 1.970371
v 0.380896 0.098153 1.857158
v 0.364718 0.107242 1.749477
v 0.350363 0.118765 1.643847
v 0.336329 0.132128 1.543661
v 0.327542 0.147893 1.454860
v 0.354386 0.102777 1.262959
v 0.071825 0.060259 1.252018
v 0.326561 0.183194 1.267460
v 0.071290 0.100220 1.253588
v 0.268383 0.230889 1.269907
v 0.075283 0.144956 1.255362
v 0.200181 0.242501 1.268716
v 0.094069 -0.020474 1.249284
v 0.129698 -0.061095 1.248397
v 0.093801 0.192014 1.259672
v 0.190921 -0.084050 1.248969
v 0.137456 0.228115 1.265185
v 0.270312 -0.060994 1.253048
v 0.077494 0.021373 1.250234
v 0.334876 0.011057 1.258329
v 0.196840 -0.069540 1.195777
v 0.143421 0.247364 1.212569
v 0.276621 -0.047534 1.199734
v 0.081671 0.034738 1.196841
v 0.342410 0.023412 1.205101
v 0.100605 -0.006948 1.196254
v 0.361839 0.115529 1.210661
v 0.074046 0.073868 1.197650
v 0.333511 0.197881 1.215778
v 0.073340 0.115677 1.198929
v 0.274791 0.247045 1.217763
v 0.078273 0.163724 1.201653
v 0.206333 0.259830 1.215986
v 0.136464 -0.047057 1.195177
v 0.098298 0.212447 1.206972
v 0.103011 0.232750 1.146288
v 0.045841 0.030147 1.378791
v 0.202106 -0.055467 1.136558
v 0.148525 0.266503 1.150053
v 0.284269 -0.033357 1.139869
v 0.082787 0.048217 1.138658
v 0.350962 0.037416 1.144598
v 0.101941 0.005791 1.137579
v 0.351674 0.081001 1.378250
v 0.370154 0.130365 1.149447
v 0.074835 0.088800 1.139451
v 0.340789 0.214835 1.153286
v 0.074108 0.133572 1.140346
v 0.279968 0.265287 1.154096
v 0.080493 0.184216 1.142394
v 0.210651 0.278478 1.152379
v 0.138927 -0.034071 1.136186
v 0.057390 -0.006863 1.372197
v 0.328352 -0.011143 1.376304
v 0.078206 -0.049268 1.370841
v 0.263473 -0.085549 1.373336
v 0.130481 0.196167 1.382649
v 0.183374 -0.112153 1.370340
v 0.082079 0.159776 1.380716
v 0.118133 -0.089427 1.370134
v 0.194924 0.215643 1.385289
v 0.263647 0.207944 1.385219
v 0.323895 0.161314 1.381817
v 0.207060 -0.044016 1.068951
v 0.139909 -0.022023 1.068531
v 0.082294 0.200327 1.070901
v 0.074418 0.148567 1.070558
v 0.074239 0.102179 1.070484
v 0.100952 0.018030 1.069305
v 0.150190 0.283220 1.073778
v 0.081467 0.060767 1.070081
v 0.105870 0.248629 1.072146
v 0.212432 0.296530 1.075238
v 0.285198 0.282574 1.076775
v 0.349119 0.229730 1.077275
v 0.378558 0.143199 1.075858
v 0.359626 0.049172 1.073454
v 0.292295 -0.022348 1.070824
v 0.149038 -0.009216 0.662313
v 0.094858 0.099759 0.658043
v 0.118622 0.028606 0.661135
v 0.369662 0.135514 0.651519
v 0.345351 0.051807 0.655961
v 0.344604 0.211157 0.648619
v 0.212658 0.272234 0.648106
v 0.093701 0.139299 0.656345
v 0.282883 0.259084 0.647565
v 0.099362 0.183589 0.654392
v 0.281484 -0.015213 0.660293
v 0.117915 0.225661 0.652010
v 0.155532 0.257870 0.649760
v 0.205113 -0.034572 0.662499
v 0.102436 0.064897 0.659684
v 0.082447 0.066310 0.994724
v 0.086027 0.066112 0.913500
v 0.090323 0.064843 0.829534
v 0.095468 0.064784 0.744886
v 0.210099 -0.038822 0.996050
v 0.211113 -0.036787 0.916633
v 0.209928 -0.036325 0.832913
v 0.207144 -0.036086 0.747825
v 0.150138 0.289487 0.991248
v 0.150728 0.285872 0.906400
v 0.152029 0.278634 0.821047
v 0.153836 0.269470 0.735503
v 0.106582 0.253983 0.991407
v 0.107999 0.250300 0.907498
v 0.110832 0.243784 0.822568
v 0.114421 0.236017 0.737400
v 0.296902 -0.017058 0.996393
v 0.297350 -0.015008 0.915803
v 0.294643 -0.015182 0.831116
v 0.288689 -0.015713 0.745452
v 0.083496 0.205466 0.992326
v 0.085501 0.202380 0.909292
v 0.089187 0.197285 0.824484
v 0.094294 0.191603 0.739479
v 0.290038 0.289190 0.993203
v 0.292765 0.286170 0.907066
v 0.291851 0.279247 0.820212
v 0.288060 0.270246 0.733703
v 0.075587 0.153713 0.993537
v 0.077919 0.151534 0.911182
v 0.081707 0.147902 0.826448
v 0.087498 0.144401 0.741399
v 0.213213 0.304054 0.991915
v 0.213607 0.301335 0.906316
v 0.213496 0.294125 0.820234
v 0.213270 0.284359 0.734159
v 0.356865 0.234447 0.994817
v 0.361799 0.231007 0.908995
v 0.360748 0.225335 0.821705
v 0.354035 0.218996 0.734771
v 0.365220 0.054620 0.996222
v 0.366850 0.055517 0.913585
v 0.364112 0.054267 0.827685
v 0.356153 0.052842 0.741351
v 0.385346 0.147852 0.995766
v 0.389608 0.146220 0.911265
v 0.388243 0.142903 0.824362
v 0.380600 0.139503 0.737450
v 0.102255 0.023869 0.994920
v 0.105815 0.024915 0.914604
v 0.109267 0.025125 0.831126
v 0.112871 0.026360 0.746528
v 0.075217 0.107503 0.994413
v 0.078059 0.106394 0.912600
v 0.082121 0.103982 0.828130
v 0.087896 0.102263 0.743168
v 0.141576 -0.016140 0.995312
v 0.144115 -0.013832 0.915858
v 0.145619 -0.012707 0.832572
v 0.146395 -0.011653 0.747814
v 0.302607 0.159173 0.264158
v 0.134121 0.124912 0.268773
v 0.260650 -0.022750 0.276068
v 0.166673 -0.018994 0.278361
v 0.137670 0.061852 0.273101
v 0.149250 0.010365 0.276522
v 0.134266 0.089927 0.271121
v 0.205538 -0.038539 0.278735
v 0.141924 0.037228 0.274806
v 0.303372 0.030484 0.271310
v 0.261817 0.199998 0.264064
v 0.143781 0.163323 0.266593
v 0.211751 0.210739 0.264597
v 0.169658 0.195761 0.265236
v 0.317565 0.097153 0.266635
v 0.358557 0.129543 0.568715
v 0.348378 0.121286 0.488881
v 0.337980 0.111839 0.409685
v 0.327202 0.103132 0.332034
v 0.156522 0.244283 0.566088
v 0.158281 0.230350 0.485376
v 0.161281 0.216769 0.406345
v 0.165314 0.204656 0.329698
v 0.211479 0.258539 0.564341
v 0.210893 0.244564 0.483789
v 0.210802 0.231031 0.405002
v 0.211079 0.219302 0.328711
v 0.120659 0.212157 0.568686
v 0.124229 0.198111 0.488098
v 0.129575 0.184589 0.408842
v 0.136660 0.172225 0.331635
v 0.277672 0.246006 0.563969
v 0.273384 0.232342 0.483693
v 0.269385 0.219108 0.404906
v 0.265444 0.207880 0.328381
v 0.335254 0.050001 0.573643
v 0.326779 0.045893 0.494053
v 0.318650 0.040080 0.414854
v 0.310535 0.034358 0.336923
v 0.112301 0.062502 0.576012
v 0.123284 0.057247 0.495276
v 0.131986 0.049900 0.416480
v 0.137695 0.042292 0.340005
v 0.205074 -0.032406 0.579393
v 0.205752 -0.031916 0.499493
v 0.205906 -0.033678 0.420678
v 0.205541 -0.036471 0.343493
v 0.100142 0.130222 0.573070
v 0.108643 0.119729 0.492340
v 0.118139 0.108941 0.413154
v 0.127292 0.097965 0.336326
v 0.127584 0.029349 0.577573
v 0.136611 0.026310 0.497225
v 0.142771 0.020267 0.418549
v 0.146310 0.014193 0.341765
v 0.103472 0.093978 0.574584
v 0.114118 0.086281 0.493799
v 0.124164 0.077537 0.414809
v 0.132096 0.068397 0.338273
v 0.154269 -0.006618 0.578907
v 0.159444 -0.007152 0.498909
v 0.162812 -0.010960 0.420264
v 0.164718 -0.015531 0.343284
v 0.275852 -0.014526 0.577814
v 0.271712 -0.015339 0.498133
v 0.267808 -0.017810 0.419053
v 0.263972 -0.020880 0.341327
v 0.103882 0.171673 0.571244
v 0.109643 0.158874 0.490656
v 0.117159 0.146260 0.411310
v 0.126077 0.133960 0.334036
v 0.335294 0.200906 0.565346
v 0.327091 0.189211 0.485279
v 0.318911 0.177200 0.406231
v 0.310486 0.166559 0.329057
v 0.053535 0.103548 1.398803
v 0.039810 0.049022 1.410126
v 0.037975 0.079605 1.494312
v -0.063389 -0.271011 2.405211
v -0.057711 -0.246544 2.324432
v -0.035472 -0.204337 2.246152
v -0.011343 -0.148468 2.197371
v -0.008211 0.084480 2.206803
v -0.133445 -0.261065 2.357591
v -0.233797 -0.271602 2.419316
v -0.333628 -0.230898 2.490605
v -0.399903 -0.136695 2.555055
v -0.414505 -0.017527 2.586136
v -0.382469 0.110576 2.572138
v -0.309217 0.212882 2.523797
v -0.211133 0.247686 2.457618
v -0.030098 0.152320 2.263116
v -0.051538 0.217099 2.354643
v -0.056988 0.252268 2.453381
v -0.117385 0.231527 2.392419
v -0.135289 -0.277772 2.430605
v -0.229850 -0.278074 2.482168
v -0.324631 -0.236555 2.548931
v -0.386386 -0.146652 2.611861
v -0.399133 -0.029550 2.643184
v -0.368797 0.096578 2.632721
v -0.299696 0.200433 2.591974
v -0.207406 0.249852 2.535603
v -0.119567 0.255631 2.482945
v -0.102779 0.120485 2.799475
v -0.105192 0.161027 2.742523
v -0.110652 0.208999 2.665302
v -0.116347 0.245219 2.576264
v -0.179319 0.107299 2.812495
v -0.183502 0.143367 2.760963
v -0.191750 0.188536 2.693573
v -0.200748 0.228302 2.616508
v -0.261620 0.072485 2.827676
v -0.267635 0.101200 2.781649
v -0.277478 0.137686 2.723639
v -0.289104 0.173700 2.659231
v -0.319902 0.005149 2.838305
v -0.328926 0.026183 2.795878
v -0.341099 0.051268 2.744287
v -0.355146 0.075877 2.689432
v -0.342721 -0.092507 2.839399
v -0.354525 -0.077174 2.796765
v -0.368823 -0.060069 2.746483
v -0.384107 -0.044166 2.695389
v -0.331003 -0.197355 2.824997
v -0.344168 -0.186053 2.777131
v -0.358672 -0.172564 2.721048
v -0.372699 -0.159209 2.665981
v -0.285169 -0.278193 2.796283
v -0.295969 -0.269942 2.739642
v -0.306430 -0.258522 2.672982
v -0.315349 -0.246408 2.608794
v -0.214784 -0.321374 2.764605
v -0.220040 -0.313539 2.699546
v -0.223515 -0.302079 2.622949
v -0.225790 -0.289447 2.549376
v -0.137259 -0.337674 2.740017
v -0.137849 -0.327449 2.670012
v -0.136529 -0.313279 2.587528
v -0.135076 -0.297026 2.506518
v -0.051709 0.123584 2.793669
v -0.052747 0.166004 2.733151
v -0.054737 0.213993 2.649702
v -0.056675 0.247009 2.553742
v -0.065187 -0.342550 2.727514
v -0.065664 -0.330331 2.656271
v -0.065472 -0.314062 2.572076
v -0.064922 -0.295142 2.487163
v -0.431019 -0.010149 2.517443
v -0.007597 0.075595 2.203287
v -0.340217 -0.228399 2.428308
v -0.213091 0.235145 2.383602
v -0.131457 -0.247302 2.292740
v -0.396687 0.116876 2.501564
v -0.051854 -0.200273 2.232497
v -0.412834 -0.131276 2.489146
v -0.113456 0.199596 2.313374
v -0.235281 -0.268651 2.358426
v -0.317677 0.212692 2.451436
v -0.041502 0.140103 2.244983
v -0.011852 -0.145941 2.195252
v -0.011894 -0.137316 2.130898
v -0.469956 -0.014929 2.217616
v -0.427755 0.092363 2.212462
v -0.335639 0.159685 2.198017
v -0.006641 0.055878 2.132675
v -0.224128 0.181875 2.177497
v -0.129011 -0.237246 2.154777
v -0.043552 0.119140 2.140720
v -0.233177 -0.264073 2.171436
v -0.118746 0.166192 2.156217
v -0.349020 -0.230201 2.191416
v -0.053664 -0.189025 2.141595
v -0.439932 -0.134739 2.209574
v -0.424776 -0.130407 2.408669
v -0.434848 -0.132457 2.314605
v -0.050230 -0.197512 2.209826
v -0.050043 -0.195807 2.185970
v -0.344346 -0.227905 2.358819
v -0.347580 -0.228994 2.281471
v -0.112497 0.184754 2.255844
v -0.114944 0.172616 2.209983
v -0.235212 -0.266673 2.301238
v -0.234750 -0.265396 2.243610
v -0.038807 0.128660 2.211185
v -0.039348 0.122685 2.182367
v -0.131138 -0.241494 2.248748
v -0.130209 -0.239276 2.210216
v -0.216012 0.217486 2.313267
v -0.220834 0.193964 2.248600
v -0.004650 0.064371 2.187235
v -0.004419 0.058441 2.169111
v -0.326110 0.198823 2.371511
v -0.333692 0.174917 2.287844
v -0.411331 0.113726 2.415482
v -0.424046 0.102498 2.317198
v -0.448107 -0.008582 2.430862
v -0.462877 -0.011433 2.328501
v -0.434064 -0.132141 2.089628
v -0.018997 -0.125772 2.054754
v -0.317235 0.170996 1.316346
v -0.464091 -0.014404 2.095201
v -0.002765 -0.071396 2.050138
v -0.419458 0.090759 2.095159
v -0.001770 -0.011155 2.051875
v -0.329566 0.158093 2.090256
v -0.013176 0.054068 2.057673
v -0.222580 0.181190 2.081937
v -0.125802 -0.232036 2.065514
v -0.049158 0.118045 2.063288
v -0.226285 -0.258546 2.071919
v -0.121029 0.165512 2.071861
v -0.341994 -0.225464 2.080624
v -0.058164 -0.180711 2.060223
v -0.056890 0.095017 1.305019
v -0.260416 0.219203 1.317414
v -0.063417 0.134207 1.304075
v -0.193092 0.229947 1.315606
v -0.118852 -0.070456 1.294757
v -0.085667 0.179383 1.307172
v -0.180874 -0.095358 1.296530
v -0.130457 0.215100 1.311880
v -0.259421 -0.072525 1.302697
v -0.082381 -0.028161 1.295923
v -0.323091 -0.001073 1.309251
v -0.064810 0.014681 1.298112
v -0.343386 0.090209 1.313506
v -0.056890 0.053541 1.303172
v -0.011288 -0.059142 1.950531
v -0.016762 -0.045009 1.843124
v -0.025600 -0.028381 1.736874
v -0.030072 -0.009547 1.631968
v -0.030754 0.010985 1.527336
v -0.032992 0.023945 1.431299
v -0.446744 -0.008903 1.967592
v -0.421888 0.000447 1.849940
v -0.396196 0.014621 1.741043
v -0.375777 0.031469 1.637220
v -0.360022 0.048449 1.537287
v -0.348823 0.064214 1.447130
v -0.026254 -0.113681 1.951072
v -0.032143 -0.097957 1.842507
v -0.039500 -0.077234 1.735694
v -0.041688 -0.055782 1.630604
v -0.041428 -0.035839 1.528459
v -0.044194 -0.018146 1.435193
v -0.417132 -0.122377 1.962816
v -0.392104 -0.104264 1.845573
v -0.367365 -0.083713 1.737576
v -0.350550 -0.067281 1.633466
v -0.336590 -0.047948 1.533673
v -0.326349 -0.028230 1.444293
v -0.060811 -0.169462 1.952575
v -0.064268 -0.150807 1.842171
v -0.068322 -0.125934 1.734785
v -0.068166 -0.101685 1.629558
v -0.067223 -0.080016 1.527679
v -0.068386 -0.061592 1.434494
v -0.326234 -0.212156 1.958626
v -0.304675 -0.189367 1.843648
v -0.285928 -0.162777 1.736577
v -0.276511 -0.142061 1.631696
v -0.267919 -0.121229 1.530444
v -0.259880 -0.100445 1.440094
v -0.122489 0.165792 1.965722
v -0.123687 0.167346 1.858007
v -0.124799 0.173275 1.750771
v -0.126188 0.178158 1.643948
v -0.127774 0.180487 1.541148
v -0.128473 0.187087 1.448664
v -0.214934 -0.245574 1.955402
v -0.202065 -0.223968 1.841654
v -0.191281 -0.195208 1.734144
v -0.185829 -0.168017 1.629445
v -0.181898 -0.144167 1.527863
v -0.177511 -0.124703 1.435812
v -0.054744 0.120200 1.959825
v -0.060488 0.123028 1.852389
v -0.066850 0.127041 1.745243
v -0.070329 0.134604 1.639381
v -0.070979 0.141991 1.536523
v -0.075047 0.152630 1.439575
v -0.121357 -0.220129 1.953780
v -0.118069 -0.199545 1.841669
v -0.115367 -0.172104 1.733911
v -0.112969 -0.144607 1.628850
v -0.111777 -0.120278 1.527179
v -0.110469 -0.101721 1.434174
v -0.216915 0.181965 1.970514
v -0.208857 0.183406 1.861897
v -0.202217 0.190802 1.754929
v -0.198951 0.196057 1.647731
v -0.197801 0.198868 1.544742
v -0.195794 0.205593 1.452720
v -0.021711 0.058837 1.955257
v -0.027323 0.064815 1.847563
v -0.034659 0.071276 1.740631
v -0.039841 0.082760 1.636413
v -0.039812 0.093120 1.541551
v -0.316292 0.160670 1.972453
v -0.298161 0.161806 1.862045
v -0.284616 0.169360 1.755398
v -0.276867 0.178687 1.648569
v -0.270244 0.187612 1.545714
v -0.263793 0.197961 1.453983
v -0.010711 -0.002648 1.952261
v -0.014683 0.007959 1.844596
v -0.022843 0.019853 1.738141
v -0.029590 0.035587 1.634237
v -0.031051 0.054901 1.537672
v -0.401908 0.094305 1.971711
v -0.377902 0.097242 1.858100
v -0.358032 0.107128 1.750411
v -0.345101 0.122193 1.644409
v -0.332373 0.135461 1.542120
v -0.321068 0.147443 1.450852
v -0.348665 0.101715 1.258927
v -0.064714 0.067144 1.241556
v -0.322080 0.183071 1.262762
v -0.064485 0.106680 1.243090
v -0.265038 0.232318 1.263591
v -0.069593 0.151307 1.245305
v -0.196995 0.245503 1.260836
v -0.087912 -0.014910 1.238380
v -0.122572 -0.056373 1.237731
v -0.089519 0.198065 1.250093
v -0.184555 -0.079878 1.239905
v -0.134027 0.232955 1.256185
v -0.264501 -0.060371 1.245713
v -0.071287 0.028292 1.239889
v -0.328755 0.010021 1.253211
v -0.190041 -0.065105 1.187828
v -0.140063 0.251893 1.203229
v -0.270934 -0.047394 1.192468
v -0.074297 0.040505 1.187279
v -0.336412 0.022141 1.199883
v -0.092328 -0.002466 1.186384
v -0.356525 0.114595 1.206341
v -0.066878 0.080490 1.188098
v -0.329360 0.197732 1.210692
v -0.066414 0.122277 1.189238
v -0.271513 0.248092 1.211160
v -0.072246 0.170078 1.191867
v -0.203348 0.262433 1.207941
v -0.127954 -0.042339 1.186144
v -0.093703 0.218264 1.196997
v -0.098708 0.237656 1.135932
v -0.040811 0.035284 1.367384
v -0.194947 -0.052292 1.129570
v -0.145495 0.269999 1.140536
v -0.277225 -0.033383 1.133618
v -0.075209 0.053538 1.129387
v -0.344115 0.036224 1.139739
v -0.094103 0.010520 1.128657
v -0.343401 0.078340 1.374041
v -0.364067 0.128897 1.144791
v -0.067832 0.094679 1.129912
v -0.335439 0.213275 1.147430
v -0.067464 0.139384 1.130470
v -0.275855 0.264223 1.146668
v -0.074595 0.189729 1.132133
v -0.207491 0.279214 1.143774
v -0.131396 -0.029372 1.128318
v -0.052020 -0.001873 1.360412
v -0.322323 -0.013317 1.370748
v -0.073639 -0.044370 1.358572
v -0.257676 -0.085063 1.365520
v -0.128973 0.199767 1.374182
v -0.177852 -0.109568 1.359935
v -0.080596 0.164821 1.371212
v -0.113649 -0.085453 1.358001
v -0.193376 0.216926 1.377621
v -0.260430 0.208954 1.379076
v -0.316904 0.160143 1.377099
v -0.198539 -0.042152 1.062061
v -0.131275 -0.018571 1.060632
v -0.076904 0.204637 1.059982
v -0.067971 0.153154 1.059863
v -0.067295 0.106895 1.060193
v -0.092621 0.022174 1.060366
v -0.147510 0.285869 1.063976
v -0.073778 0.065307 1.060357
v -0.102287 0.252303 1.061480
v -0.209160 0.296300 1.066130
v -0.280520 0.280229 1.068863
v -0.342793 0.226832 1.070960
v -0.371783 0.140896 1.070910
v -0.352103 0.047751 1.068693
v -0.284158 -0.022512 1.065045
v -0.140017 -0.006488 0.653151
v -0.085891 0.102305 0.647942
v -0.109711 0.031879 0.651514
v -0.362237 0.131588 0.644709
v -0.336110 0.049751 0.649492
v -0.336774 0.206689 0.641002
v -0.205709 0.270933 0.638722
v -0.085016 0.142053 0.646353
v -0.275415 0.255726 0.639062
v -0.090854 0.186211 0.644372
v -0.270262 -0.015375 0.653176
v -0.109987 0.227537 0.641986
v -0.148346 0.258323 0.639875
v -0.194568 -0.033543 0.654213
v -0.093182 0.067645 0.649672
v -0.075081 0.070489 0.984604
v -0.078769 0.070064 0.903251
v -0.082688 0.068281 0.819317
v -0.086778 0.067326 0.734711
v -0.200945 -0.037417 0.988791
v -0.201439 -0.035458 0.908940
v -0.199663 -0.035101 0.824988
v -0.196655 -0.035101 0.739617
v -0.147962 0.291885 0.981329
v -0.148126 0.287876 0.896591
v -0.147588 0.280376 0.811265
v -0.147754 0.270584 0.725606
v -0.104787 0.255777 0.980615
v -0.106690 0.250877 0.897092
v -0.106856 0.245077 0.812463
v -0.108070 0.237837 0.727327
v -0.288377 -0.017372 0.990245
v -0.288121 -0.015324 0.909156
v -0.284528 -0.015410 0.824225
v -0.278024 -0.015989 0.738365
v -0.079073 0.208233 0.981069
v -0.081534 0.203871 0.898298
v -0.083953 0.198994 0.813964
v -0.087669 0.193871 0.729251
v -0.285437 0.287745 0.985514
v -0.287732 0.284737 0.899314
v -0.286085 0.277246 0.812217
v -0.281377 0.267620 0.725343
v -0.068983 0.157338 0.982347
v -0.070629 0.154315 0.900032
v -0.074358 0.150312 0.815663
v -0.080628 0.146837 0.731066
v -0.209731 0.305112 0.982843
v -0.209453 0.302608 0.897190
v -0.208385 0.294669 0.810984
v -0.207090 0.283934 0.724729
v -0.350993 0.231613 0.988641
v -0.355791 0.227958 0.902693
v -0.354188 0.221850 0.815035
v -0.346824 0.215165 0.727508
v -0.357490 0.053009 0.991038
v -0.358613 0.053731 0.907864
v -0.355314 0.052319 0.821597
v -0.347109 0.050821 0.734953
v -0.378733 0.145266 0.990575
v -0.382734 0.143321 0.905684
v -0.380966 0.139640 0.818352
v -0.373176 0.136031 0.730911
v -0.094121 0.027610 0.985599
v -0.098116 0.028316 0.904901
v -0.101159 0.028091 0.821300
v -0.103666 0.028939 0.736669
v -0.068168 0.111589 0.983653
v -0.070150 0.109987 0.901803
v -0.074086 0.107033 0.817503
v -0.080312 0.104701 0.732804
v -0.132503 -0.013276 0.986993
v -0.134984 -0.011342 0.907052
v -0.136174 -0.010541 0.823524
v -0.136803 -0.009548 0.738537
v -0.290984 0.149789 0.256361
v -0.121081 0.125280 0.259058
v -0.252455 -0.023693 0.270209
v -0.153381 -0.016032 0.271168
v -0.123784 0.062154 0.263944
v -0.135872 0.011831 0.268621
v -0.120258 0.090218 0.261577
v -0.194414 -0.034082 0.272578
v -0.128730 0.037857 0.266156
v -0.297184 0.023548 0.264587
v -0.249829 0.192330 0.255221
v -0.131353 0.163769 0.256884
v -0.199983 0.205734 0.255022
v -0.157463 0.194279 0.255465
v -0.309256 0.088019 0.259335
v -0.351309 0.124769 0.561866
v -0.341298 0.115491 0.481886
v -0.330909 0.105032 0.402477
v -0.319780 0.095295 0.324590
v -0.148511 0.244193 0.556366
v -0.149379 0.229773 0.475763
v -0.151304 0.215746 0.396720
v -0.154060 0.203291 0.319932
v -0.204089 0.256572 0.555247
v -0.202831 0.241966 0.474833
v -0.201741 0.227746 0.395970
v -0.200560 0.215174 0.319326
v -0.111172 0.213680 0.558608
v -0.113381 0.199204 0.477961
v -0.117637 0.185319 0.398701
v -0.124108 0.172634 0.321590
v -0.269672 0.241797 0.555665
v -0.264658 0.227301 0.475494
v -0.259675 0.213248 0.396603
v -0.254447 0.201169 0.319696
v -0.326270 0.047557 0.567093
v -0.318670 0.042415 0.487275
v -0.311269 0.035658 0.407807
v -0.303877 0.029061 0.329692
v -0.104084 0.066682 0.566460
v -0.115711 0.062171 0.486134
v -0.121952 0.053613 0.407474
v -0.124471 0.043960 0.331103
v -0.194735 -0.030835 0.571271
v -0.195125 -0.030022 0.491481
v -0.194182 -0.031665 0.412642
v -0.193524 -0.033310 0.335706
v -0.089028 0.133157 0.563150
v -0.096342 0.122618 0.482410
v -0.104894 0.111352 0.403255
v -0.112658 0.099079 0.326490
v -0.120700 0.034041 0.568390
v -0.130104 0.031385 0.488400
v -0.132958 0.023813 0.409895
v -0.133207 0.016076 0.333335
v -0.093409 0.097350 0.564775
v -0.104040 0.090134 0.484192
v -0.112752 0.080700 0.405291
v -0.118047 0.069761 0.328818
v -0.146660 -0.002699 0.570180
v -0.151605 -0.002977 0.490500
v -0.152040 -0.007871 0.411958
v -0.151568 -0.013064 0.335133
v -0.264503 -0.014584 0.570614
v -0.260830 -0.015752 0.490759
v -0.257331 -0.018507 0.411526
v -0.254360 -0.021343 0.334009
v -0.093087 0.174187 0.561181
v -0.097203 0.161067 0.480494
v -0.103691 0.147978 0.401126
v -0.112214 0.134797 0.323944
v -0.327038 0.195404 0.557814
v -0.318233 0.182690 0.477765
v -0.309249 0.169705 0.398610
v -0.299783 0.158147 0.321208
v -0.051349 0.108273 1.388067
v -0.035787 0.054124 1.398689
v -0.036572 0.083250 1.484131
vn -0.0096 -0.9590 -0.2831
vn -0.0200 -0.9572 -0.2889
vn -0.0213 -0.9564 -0.2914
vn -0.0162 -0.9572 -0.2888
vn -0.0191 -0.9574 -0.2880
vn -0.0145 -0.9568 -0.2903
vn -0.0158 -0.9569 -0.2901
vn -0.0316 -0.9587 -0.2828
vn -0.0367 -0.9624 -0.2690
vn -0.0556 -0.9448 -0.3230
vn -0.0772 -0.9579 -0.2765
vn -0.0280 -0.9372 -0.3476
vn -0.0523 -0.8777 -0.4764
vn -0.0920 -0.8906 -0.4454
vn -0.1916 -0.9306 -0.3119
vn -0.1526 -0.7800 -0.6069
vn -0.3654 -0.8021 -0.4724
vn -0.0802 -0.7727 -0.6297
vn -0.0818 -0.6363 -0.7671
vn -0.1970 -0.6272 -0.7535
vn -0.5975 -0.5777 -0.5561
vn 0.0691 -0.4936 -0.8669
vn -0.7244 -0.3347 -0.6027
vn -0.0233 -0.4481 -0.8937
vn -0.0114 -0.3870 -0.9220
vn 0.2015 -0.3955 -0.8961
vn -0.5723 -0.2900 -0.7670
vn 0.9857 -0.1255 -0.1124
vn 0.9860 -0.1254 -0.1098
vn 0.9882 -0.0959 -0.1195
vn 0.9879 -0.0926 -0.1244
vn 0.9790 -0.1339 -0.1541
vn 0.9843 -0.0635 -0.1646
vn 0.9856 -0.0024 -0.1689
vn 0.9933 -0.0075 -0.1157
vn 0.9967 -0.0069 -0.0808
vn 0.9848 0.0832 -0.1526
vn 0.9759 0.0810 -0.2025
vn 0.9828 0.0522 -0.1769
vn 0.9717 0.1190 -0.2040
vn 0.9835 0.1006 -0.1501
vn 0.9818 0.1010 -0.1611
vn -0.1719 0.3038 -0.9371
vn 0.0477 0.3635 -0.9304
vn -0.1731 0.4606 -0.8705
vn -0.2318 0.4021 -0.8858
vn -0.3550 0.3260 -0.8762
vn -0.3268 0.3965 -0.8579
vn -0.2705 0.5735 -0.7732
vn -0.2911 0.5706 -0.7679
vn -0.4878 0.5136 -0.7058
vn -0.0655 -0.9732 -0.2203
vn -0.0167 -0.9679 -0.2510
vn -0.1432 -0.9718 -0.1872
vn -0.0790 -0.9902 -0.1155
vn -0.0139 -0.9852 -0.1706
vn 0.0429 -0.9745 -0.2201
vn 0.0937 -0.9896 -0.1089
vn 0.1600 -0.9747 -0.1563
vn 0.0286 -0.9980 -0.0556
vn 0.2173 -0.9755 0.0333
vn 0.2795 -0.9601 -0.0098
vn 0.3449 -0.9370 -0.0559
vn 0.5149 -0.8507 0.1058
vn 0.5667 -0.8225 0.0486
vn 0.4641 -0.8728 0.1512
vn 0.6912 -0.6765 0.2540
vn 0.7303 -0.6555 0.1925
vn 0.7651 -0.6316 0.1254
vn 0.8770 -0.4158 0.2407
vn 0.8979 -0.4018 0.1800
vn 0.8469 -0.4299 0.3130
vn 0.9239 -0.1776 0.3389
vn 0.9467 -0.1729 0.2716
vn 0.9588 -0.1686 0.2286
vn 0.9534 0.0531 0.2969
vn 0.9611 0.0502 0.2718
vn 0.9355 0.0584 0.3485
vn 0.8995 0.2764 0.3385
vn 0.9143 0.2607 0.3099
vn 0.9194 0.2519 0.3020
vn 0.8361 0.4611 0.2972
vn 0.8374 0.4473 0.3140
vn 0.8241 0.4861 0.2908
vn 0.7037 0.6839 0.1926
vn 0.7099 0.6597 0.2465
vn 0.7040 0.6437 0.2999
vn 0.5306 0.8329 0.1572
vn 0.5152 0.8199 0.2497
vn 0.5368 0.8416 0.0600
vn 0.3402 0.9377 -0.0709
vn 0.3196 0.9464 0.0465
vn 0.2987 0.9400 0.1649
vn 0.1153 0.9911 -0.0667
vn 0.1011 0.9930 0.0609
vn 0.1349 0.9742 -0.1809
vn -0.0565 0.9593 -0.2767
vn -0.0488 0.9828 -0.1781
vn -0.0437 0.9979 -0.0474
vn -0.2651 0.6911 -0.6724
vn -0.4277 0.6768 -0.5991
vn -0.2362 0.6894 -0.6848
vn -0.2022 0.7813 -0.5905
vn -0.2192 0.7910 -0.5712
vn -0.2905 0.8267 -0.4819
vn -0.1746 0.8756 -0.4503
vn -0.1898 0.9005 -0.3913
vn -0.1661 0.8620 -0.4790
vn -0.1239 0.9355 -0.3307
vn -0.1375 0.9443 -0.2988
vn -0.1497 0.9592 -0.2399
vn -0.1317 0.9861 0.1015
vn -0.1351 0.9887 -0.0645
vn -0.1175 0.9866 -0.1132
vn -0.1076 0.9919 0.0673
vn -0.0828 0.9866 -0.1408
vn -0.0539 0.9973 0.0497
vn -0.2103 0.9042 -0.3717
vn -0.1562 0.9442 -0.2901
vn -0.1269 0.9803 -0.1513
vn 0.0134 -0.9607 -0.2771
vn 0.0269 -0.9638 -0.2654
vn 0.0838 -0.9664 -0.2432
vn 0.1073 -0.9676 -0.2286
vn 0.2105 -0.9616 -0.1763
vn 0.2434 -0.9547 -0.1710
vn 0.3950 -0.9147 -0.0857
vn 0.4294 -0.8974 -0.1016
vn 0.6051 -0.7962 0.0023
vn 0.6318 -0.7746 -0.0300
vn 0.7883 -0.6106 0.0759
vn 0.8041 -0.5928 0.0454
vn 0.9094 -0.3901 0.1441
vn 0.9164 -0.3794 0.1276
vn 0.9635 -0.1650 0.2108
vn 0.9649 -0.1609 0.2078
vn 0.9622 0.0485 0.2678
vn 0.9606 0.0476 0.2738
vn 0.9181 0.2468 0.3101
vn 0.9139 0.2435 0.3249
vn 0.8314 0.4398 0.3397
vn 0.8214 0.4353 0.3684
vn 0.6902 0.6322 0.3521
vn 0.6718 0.6227 0.4011
vn 0.4955 0.8026 0.3322
vn 0.4737 0.7826 0.4040
vn 0.2811 0.9202 0.2725
vn 0.2655 0.8919 0.3661
vn 0.0928 0.9782 0.1856
vn 0.0877 0.9504 0.2984
vn -0.0410 0.9949 0.0917
vn -0.0393 0.9743 0.2218
vn -0.1114 0.9819 0.1534
vn -0.1151 0.9933 0.0055
vn -0.0681 0.8111 0.5809
vn -0.0517 0.8063 0.5893
vn -0.0561 0.8076 0.5871
vn -0.0709 0.8105 0.5814
vn -0.0084 0.8010 0.5986
vn -0.0135 0.8053 0.5927
vn -0.0138 0.8086 0.5882
vn -0.0603 0.8097 0.5838
vn -0.0763 0.8120 0.5787
vn -0.0659 0.8198 0.5689
vn -0.0833 0.8253 0.5585
vn -0.0155 0.8143 0.5802
vn -0.0190 0.8329 0.5531
vn -0.0743 0.8445 0.5304
vn -0.0932 0.8543 0.5113
vn -0.0858 0.8803 0.4665
vn -0.1060 0.8924 0.4387
vn -0.0244 0.8646 0.5019
vn -0.0308 0.9033 0.4278
vn -0.0978 0.9191 0.3817
vn -0.1189 0.9303 0.3471
vn -0.1068 0.9545 0.2783
vn -0.1278 0.9629 0.2375
vn -0.0361 0.9418 0.3341
vn 0.1851 0.7676 0.6137
vn 0.1818 0.7857 0.5913
vn 0.0613 0.8011 0.5954
vn 0.0660 0.7916 0.6075
vn 0.1937 0.7956 0.5740
vn 0.0665 0.8069 0.5870
vn 0.1998 0.7914 0.5777
vn 0.0694 0.8075 0.5858
vn 0.2075 0.7920 0.5742
vn 0.0725 0.8176 0.5712
vn 0.2190 0.8045 0.5521
vn 0.0760 0.8416 0.5348
vn 0.2339 0.8287 0.5085
vn 0.0799 0.8762 0.4753
vn 0.2500 0.8597 0.4454
vn 0.0838 0.9146 0.3955
vn 0.5815 0.5766 0.5739
vn 0.5839 0.6164 0.5283
vn 0.3627 0.7351 0.5728
vn 0.3633 0.7056 0.6084
vn 0.6106 0.6318 0.4775
vn 0.3825 0.7495 0.5403
vn 0.6117 0.6271 0.4823
vn 0.3877 0.7428 0.5458
vn 0.6121 0.6186 0.4926
vn 0.3946 0.7356 0.5506
vn 0.6188 0.6124 0.4920
vn 0.4079 0.7359 0.5405
vn 0.6329 0.6113 0.4751
vn 0.4275 0.7456 0.5112
vn 0.6518 0.6153 0.4434
vn 0.4504 0.7625 0.4645
vn 0.8808 0.1900 0.4337
vn 0.8943 0.2256 0.3864
vn 0.7772 0.4305 0.4589
vn 0.7699 0.3882 0.5065
vn 0.9174 0.2353 0.3210
vn 0.8049 0.4426 0.3953
vn 0.9156 0.2404 0.3222
vn 0.8029 0.4435 0.3984
vn 0.9101 0.2423 0.3361
vn 0.7977 0.4403 0.4121
vn 0.9062 0.2419 0.3469
vn 0.7964 0.4361 0.4189
vn 0.9059 0.2412 0.3480
vn 0.8011 0.4333 0.4128
vn 0.9091 0.2416 0.3393
vn 0.8104 0.4331 0.3946
vn 0.9284 -0.1677 0.3315
vn 0.9485 -0.1486 0.2799
vn 0.9440 0.0353 0.3282
vn 0.9262 0.0083 0.3769
vn 0.9669 -0.1372 0.2150
vn 0.9632 0.0452 0.2651
vn 0.9691 -0.1337 0.2074
vn 0.9635 0.0508 0.2630
vn 0.9681 -0.1352 0.2109
vn 0.9604 0.0528 0.2735
vn 0.9665 -0.1407 0.2146
vn 0.9577 0.0517 0.2832
vn 0.9654 -0.1481 0.2144
vn 0.9569 0.0494 0.2860
vn 0.9651 -0.1553 0.2108
vn 0.9583 0.0478 0.2817
vn 0.8044 -0.5514 0.2209
vn 0.8199 -0.5494 0.1609
vn 0.9112 -0.3438 0.2270
vn 0.8912 -0.3544 0.2832
vn 0.8390 -0.5369 0.0881
vn 0.9304 -0.3311 0.1570
vn 0.8407 -0.5373 0.0667
vn 0.9331 -0.3302 0.1422
vn 0.8381 -0.5429 0.0525
vn 0.9322 -0.3352 0.1366
vn 0.8330 -0.5519 0.0395
vn 0.9296 -0.3444 0.1315
vn 0.8257 -0.5633 0.0304
vn 0.9260 -0.3560 0.1260
vn 0.8161 -0.5770 0.0310
vn 0.9216 -0.3680 0.1232
vn 0.4914 -0.8684 0.0664
vn 0.4891 -0.8721 0.0154
vn 0.6703 -0.7371 0.0860
vn 0.6636 -0.7340 0.1449
vn 0.4978 -0.8663 -0.0417
vn 0.6861 -0.7273 0.0174
vn 0.4942 -0.8669 -0.0660
vn 0.6858 -0.7278 -0.0073
vn 0.4882 -0.8684 -0.0865
vn 0.6815 -0.7313 -0.0268
vn 0.4805 -0.8708 -0.1038
vn 0.6747 -0.7368 -0.0439
vn 0.4696 -0.8756 -0.1127
vn 0.6650 -0.7450 -0.0533
vn 0.4533 -0.8845 -0.1109
vn 0.6510 -0.7574 -0.0491
vn 0.2041 -0.9774 -0.0556
vn 0.1937 -0.9775 -0.0832
vn 0.3211 -0.9462 -0.0411
vn 0.3292 -0.9442 -0.0020
vn 0.1860 -0.9759 -0.1139
vn 0.3207 -0.9434 -0.0840
vn 0.1727 -0.9762 -0.1315
vn 0.3122 -0.9442 -0.1053
vn 0.1591 -0.9762 -0.1473
vn 0.3028 -0.9449 -0.1241
vn 0.1462 -0.9761 -0.1609
vn 0.2929 -0.9459 -0.1398
vn 0.1337 -0.9754 -0.1751
vn 0.2810 -0.9479 -0.1502
vn 0.1213 -0.9727 -0.1979
vn 0.2652 -0.9510 -0.1592
vn 0.0601 -0.9906 -0.1233
vn 0.0526 -0.9893 -0.1363
vn 0.1082 -0.9875 -0.1144
vn 0.1180 -0.9884 -0.0955
vn 0.0425 -0.9872 -0.1535
vn 0.0971 -0.9859 -0.1365
vn 0.0293 -0.9857 -0.1661
vn 0.0818 -0.9851 -0.1510
vn 0.0158 -0.9841 -0.1769
vn 0.0664 -0.9842 -0.1639
vn 0.0037 -0.9822 -0.1876
vn 0.0523 -0.9830 -0.1759
vn -0.0053 -0.9783 -0.2074
vn 0.0406 -0.9802 -0.1936
vn -0.0092 -0.9696 -0.2445
vn 0.0327 -0.9735 -0.2265
vn -0.0592 0.8141 0.5777
vn -0.0582 0.8159 0.5752
vn -0.0633 0.8153 0.5756
vn -0.0299 0.8180 0.5745
vn -0.0288 0.8168 0.5762
vn -0.0287 0.8192 0.5728
vn -0.0685 0.8309 0.5522
vn -0.0756 0.8627 0.5000
vn -0.0313 0.8676 0.4963
vn -0.0307 0.8344 0.5502
vn -0.0846 0.9025 0.4222
vn -0.0938 0.9404 0.3270
vn -0.0337 0.9469 0.3199
vn -0.0320 0.9084 0.4168
vn -0.1013 0.9718 0.2129
vn -0.0393 0.9785 0.2026
vn 0.0183 -0.9900 -0.1397
vn 0.0140 -0.9887 -0.1495
vn -0.0167 -0.9892 -0.1457
vn -0.0177 -0.9879 -0.1543
vn -0.0189 -0.9855 -0.1688
vn 0.0078 -0.9863 -0.1645
vn -0.0004 -0.9844 -0.1762
vn -0.0205 -0.9834 -0.1804
vn -0.0225 -0.9816 -0.1897
vn -0.0088 -0.9826 -0.1858
vn -0.0165 -0.9805 -0.1956
vn -0.0245 -0.9796 -0.1992
vn -0.0254 -0.9754 -0.2190
vn -0.0216 -0.9762 -0.2159
vn -0.0224 -0.9671 -0.2535
vn -0.0237 -0.9666 -0.2551
vn 0.9127 0.0675 0.4031
vn 0.8794 0.3015 0.3685
vn 0.8990 -0.1808 0.3990
vn 0.8974 -0.1839 0.4010
vn 0.9093 0.0799 0.4083
vn 0.8730 0.3334 0.3561
vn -0.7825 0.2180 -0.5832
vn -0.9368 0.1156 -0.3301
vn -0.8042 0.3494 -0.4807
vn -0.9357 0.2390 -0.2595
vn -0.9733 0.1038 -0.2046
vn -0.9848 0.0729 -0.1577
vn 0.4398 -0.8845 0.1556
vn 0.6698 -0.6906 0.2730
vn 0.1851 -0.9816 0.0460
vn 0.1861 -0.9822 0.0253
vn 0.4454 -0.8878 0.1161
vn 0.6756 -0.6993 0.2336
vn 0.1559 0.9504 -0.2691
vn -0.0547 0.9386 -0.3407
vn 0.3513 0.9210 -0.1684
vn 0.3440 0.9090 -0.2353
vn 0.1707 0.9274 -0.3329
vn -0.0329 0.9180 -0.3953
vn -0.0494 -0.0315 -0.9983
vn 0.9582 -0.1424 -0.2482
vn 0.0272 -0.0111 -0.9996
vn -0.9935 0.0231 -0.1119
vn -0.9947 0.0633 -0.0813
vn -0.9909 0.1345 -0.0035
vn -0.2292 -0.9645 -0.1309
vn -0.1322 -0.9887 -0.0711
vn -0.3877 -0.8971 -0.2120
vn -0.4715 -0.8741 -0.1168
vn -0.2840 -0.9546 -0.0896
vn -0.1565 -0.9862 -0.0537
vn 0.8042 0.5242 0.2801
vn 0.6836 0.7171 0.1355
vn 0.7871 0.5687 0.2389
vn 0.6535 0.7535 0.0718
vn -0.6809 -0.7143 -0.1619
vn -0.9198 -0.0542 0.3887
vn -0.8121 -0.2855 0.5090
vn -0.7441 -0.6529 0.1419
vn 0.8230 -0.4410 0.3580
vn 0.8255 -0.4514 0.3388
vn -0.2568 0.8815 -0.3962
vn -0.4653 0.7658 -0.4439
vn -0.2608 0.8676 -0.4234
vn -0.5218 0.7433 -0.4186
vn -0.0280 0.0999 -0.9946
vn 0.8779 0.1456 -0.4561
vn -0.9894 -0.0160 -0.1446
vn -0.9925 -0.0053 -0.1221
vn -0.0112 -0.9996 -0.0245
vn -0.0195 -0.9995 -0.0243
vn 0.5270 0.8493 -0.0293
vn 0.4993 0.8608 -0.0990
vn -0.6678 0.5742 -0.4736
vn -0.7824 0.5068 -0.3620
vn -0.8820 0.2317 0.4103
vn -0.8458 0.2270 0.4828
vn -0.8269 0.2370 0.5099
vn -0.7310 0.2961 0.6148
vn -0.8025 -0.4947 -0.3335
vn -0.9596 0.0355 -0.2791
vn -0.9841 -0.0420 -0.1727
vn -0.8922 -0.3448 -0.2916
vn -0.9907 0.0923 -0.0999
vn -0.9979 0.0113 -0.0633
vn -0.9983 -0.0408 -0.0426
vn -0.9867 -0.1459 -0.0719
vn -0.9240 -0.3610 -0.1263
vn 0.9227 0.3853 0.0143
vn 0.9963 0.0796 0.0324
vn 0.9972 0.0745 -0.0007
vn 0.9233 0.3838 -0.0155
vn 0.9724 -0.2315 0.0279
vn 0.9708 -0.2398 -0.0006
vn 0.9699 -0.2426 -0.0196
vn 0.9968 0.0760 -0.0241
vn 0.9217 0.3862 -0.0374
vn -0.9901 0.1401 -0.0085
vn -0.9965 0.0841 -0.0019
vn -0.9959 0.0888 0.0159
vn -0.9923 0.1223 0.0193
vn -0.9996 0.0262 -0.0043
vn -0.9996 0.0264 0.0107
vn -0.9995 0.0255 0.0193
vn -0.9959 0.0868 0.0237
vn -0.9917 0.1255 0.0281
vn 0.5582 0.8270 -0.0670
vn 0.7658 0.6427 -0.0224
vn 0.7662 0.6415 -0.0380
vn 0.5588 0.8272 -0.0584
vn 0.7669 0.6398 -0.0495
vn 0.5658 0.8229 -0.0524
vn -0.9999 -0.0145 -0.0024
vn -0.9997 -0.0201 0.0134
vn -0.9995 -0.0313 0.0001
vn -0.9991 -0.0387 0.0164
vn -0.9987 -0.0443 0.0259
vn -0.9995 -0.0225 0.0220
vn 0.1705 0.9743 -0.1470
vn 0.3474 0.9312 -0.1104
vn 0.3439 0.9364 -0.0702
vn 0.1582 0.9847 -0.0736
vn 0.3548 0.9338 -0.0450
vn 0.1667 0.9855 -0.0331
vn -0.9941 0.1061 -0.0244
vn -0.9907 0.1270 -0.0496
vn -0.9878 0.1546 -0.0187
vn -0.9907 0.1364 -0.0007
vn -0.9634 0.2472 -0.1033
vn -0.9598 0.2744 -0.0593
vn -0.9506 0.3056 -0.0542
vn -0.9842 0.1742 -0.0314
vn -0.9937 0.1023 -0.0455
vn -0.1144 0.9765 -0.1824
vn 0.0272 0.9847 -0.1719
vn 0.0070 0.9972 -0.0742
vn -0.1371 0.9872 -0.0809
vn 0.0064 0.9996 -0.0281
vn -0.1486 0.9880 -0.0420
vn -0.1591 -0.9870 -0.0245
vn -0.3205 -0.9464 -0.0396
vn -0.3284 -0.9429 -0.0547
vn -0.1590 -0.9868 -0.0305
vn -0.5109 -0.8554 -0.0849
vn -0.5298 -0.8419 -0.1027
vn -0.5487 -0.8282 -0.1142
vn -0.3429 -0.9360 -0.0797
vn -0.1651 -0.9850 -0.0500
vn -0.8466 0.5095 -0.1540
vn -0.8407 0.5319 -0.1014
vn -0.5903 0.7869 -0.1800
vn -0.5922 0.7974 -0.1161
vn -0.5863 0.8040 -0.0993
vn -0.8244 0.5590 -0.0890
vn 0.2157 -0.9761 -0.0264
vn 0.0013 -0.9997 -0.0248
vn 0.0082 -0.9997 -0.0249
vn 0.2236 -0.9743 -0.0280
vn 0.0135 -0.9992 -0.0367
vn 0.2334 -0.9717 -0.0375
vn -0.3096 0.9329 -0.1838
vn -0.3261 0.9401 -0.0995
vn -0.3375 0.9384 -0.0739
vn 0.6992 -0.7149 -0.0086
vn 0.4721 -0.8813 -0.0211
vn 0.4763 -0.8788 -0.0283
vn 0.6988 -0.7150 -0.0220
vn 0.4819 -0.8753 -0.0395
vn 0.6988 -0.7145 -0.0347
vn -0.6569 -0.7307 -0.1857
vn -0.7089 -0.6759 -0.2018
vn -0.7594 -0.6358 -0.1382
vn 0.8661 -0.4998 0.0097
vn 0.8629 -0.5053 -0.0109
vn 0.8607 -0.5084 -0.0255
vn 0.8484 -0.4647 0.2536
vn 0.9274 -0.1918 0.3212
vn 0.6922 -0.7049 0.1546
vn 0.7009 -0.7094 0.0743
vn 0.8660 -0.4791 0.1433
vn 0.9589 -0.2050 0.1962
vn 0.8692 -0.4912 0.0568
vn 0.9716 -0.2192 0.0894
vn 0.7009 -0.7130 0.0195
vn -0.6562 -0.7540 -0.0296
vn -0.4969 -0.8657 -0.0601
vn -0.7083 -0.7058 -0.0106
vn -0.7010 -0.7121 -0.0380
vn -0.6532 -0.7565 -0.0317
vn -0.5065 -0.8617 -0.0321
vn -0.6484 -0.7566 -0.0848
vn -0.5049 -0.8618 -0.0499
vn -0.6943 -0.7110 -0.1116
vn 0.4605 -0.8857 0.0595
vn 0.1994 -0.9799 -0.0052
vn 0.2081 -0.9778 -0.0237
vn 0.4687 -0.8833 0.0145
vn 0.4704 -0.8824 -0.0100
vn 0.2114 -0.9770 -0.0277
vn -0.2419 0.8618 -0.4458
vn -0.5359 0.7398 -0.4068
vn -0.0133 0.9015 -0.4326
vn -0.0223 0.9069 -0.4208
vn -0.2401 0.8737 -0.4230
vn -0.5465 0.7500 -0.3727
vn -0.2741 0.9071 -0.3194
vn -0.5720 0.7693 -0.2847
vn -0.0675 0.9434 -0.3248
vn -0.0131 -0.9993 -0.0355
vn -0.1632 -0.9854 -0.0476
vn -0.1636 -0.9858 -0.0392
vn -0.0073 -0.9992 -0.0389
vn -0.0038 -0.9995 -0.0322
vn -0.1616 -0.9864 -0.0293
vn -0.8189 0.4834 -0.3094
vn -0.9585 0.2122 -0.1904
vn -0.8315 0.4811 -0.2779
vn -0.9617 0.2115 -0.1742
vn -0.8415 0.4910 -0.2254
vn -0.9625 0.2251 -0.1517
vn -0.3104 -0.9489 -0.0578
vn -0.3196 -0.9469 -0.0356
vn -0.3193 -0.9471 -0.0313
vn 0.1663 0.9136 -0.3711
vn 0.3153 0.9092 -0.2720
vn 0.2679 0.9235 -0.2745
vn 0.1335 0.9207 -0.3668
vn 0.0771 0.9531 -0.2927
vn 0.2121 0.9502 -0.2285
vn -0.9885 0.0853 -0.1251
vn -0.9934 0.0615 -0.0965
vn -0.9910 0.0871 -0.1012
vn -0.9953 0.0657 -0.0705
vn -0.9913 0.1028 -0.0824
vn -0.9954 0.0815 -0.0512
vn 0.4588 0.8767 -0.1445
vn 0.6202 0.7844 0.0072
vn 0.5900 0.8063 -0.0424
vn 0.4133 0.8959 -0.1628
vn 0.3723 0.9161 -0.1488
vn 0.5683 0.8202 -0.0659
vn -0.9990 -0.0106 -0.0431
vn -0.9987 0.0237 -0.0451
vn -0.9984 -0.0264 -0.0492
vn -0.9994 -0.0273 -0.0193
vn -0.9997 -0.0104 -0.0240
vn -0.9991 0.0262 -0.0321
vn -0.9998 -0.0117 -0.0130
vn -0.9995 0.0263 -0.0176
vn -0.9996 -0.0282 -0.0094
vn 0.7782 0.6070 0.1608
vn 0.8895 0.3634 0.2770
vn 0.9098 0.3814 0.1639
vn 0.7726 0.6306 0.0742
vn 0.7678 0.6406 0.0112
vn 0.9196 0.3866 0.0699
vn -0.9968 0.0745 -0.0279
vn -0.9892 0.1458 0.0159
vn -0.9963 0.0811 -0.0296
vn -0.9886 0.1499 -0.0163
vn -0.9964 0.0829 -0.0200
vn -0.9884 0.1502 -0.0243
vn 0.9390 0.0902 0.3320
vn 0.9740 0.0924 0.2068
vn 0.9914 0.0873 0.0975
vn -0.9663 0.2439 0.0825
vn -0.9696 0.2292 0.0857
vn -0.9757 0.2110 0.0585
vn -0.9698 0.2352 0.0642
vn -0.9797 0.2003 0.0016
vn -0.9763 0.2161 0.0150
vn -0.9803 0.1961 -0.0251
vn -0.9780 0.2076 -0.0207
vn -0.9806 0.1942 -0.0259
vn -0.9778 0.2076 -0.0265
vn 0.8587 -0.5100 -0.0498
vn 0.9696 -0.2403 -0.0453
vn 0.6978 -0.7139 -0.0586
vn 0.6944 -0.7127 -0.0990
vn 0.8552 -0.5105 -0.0897
vn 0.9684 -0.2357 -0.0821
vn -0.9784 -0.1967 -0.0631
vn -0.9073 -0.4059 -0.1100
vn -0.9995 -0.0249 -0.0172
vn -0.9967 -0.0794 -0.0154
vn -0.9630 -0.2576 -0.0793
vn -0.8747 -0.4623 -0.1453
vn 0.6107 0.7814 0.1283
vn 0.8081 0.5825 0.0878
vn 0.8091 0.5746 0.1230
vn 0.6133 0.7728 0.1635
vn 0.9434 0.3294 0.0400
vn 0.9419 0.3273 0.0761
vn 0.9379 0.3225 0.1283
vn 0.8080 0.5619 0.1774
vn 0.6143 0.7582 0.2187
vn 0.9952 0.0842 -0.0502
vn 0.9175 0.3931 -0.0596
vn 0.9922 0.0953 -0.0798
vn 0.9120 0.4025 -0.0796
vn -0.9974 0.0719 -0.0042
vn -0.9983 0.0553 0.0193
vn -0.9994 0.0332 0.0073
vn -0.9988 0.0434 0.0235
vn -0.9975 0.0662 0.0244
vn -0.9993 0.0289 0.0223
vn 0.7667 0.6390 -0.0629
vn 0.5743 0.8168 -0.0544
vn 0.7649 0.6399 -0.0744
vn 0.5813 0.8115 -0.0599
vn -0.9996 -0.0005 -0.0283
vn -0.9997 0.0252 -0.0068
vn -0.9966 0.0698 -0.0432
vn -0.9929 0.1125 -0.0378
vn -0.9970 0.0773 -0.0010
vn 0.3705 0.9281 -0.0373
vn 0.1815 0.9832 -0.0203
vn 0.3847 0.9222 -0.0392
vn 0.1951 0.9806 -0.0206
vn -0.9819 0.1794 -0.0600
vn -0.9374 0.3399 -0.0757
vn -0.9206 0.3775 -0.1000
vn -0.9759 0.2056 -0.0727
vn 0.0090 0.9998 -0.0156
vn -0.1626 0.9861 -0.0336
vn 0.0106 0.9998 -0.0144
vn -0.1776 0.9837 -0.0284
vn -0.3644 -0.9242 -0.1142
vn -0.1806 -0.9803 -0.0804
vn -0.5588 -0.8168 -0.1435
vn -0.5696 -0.8009 -0.1848
vn -0.3946 -0.9058 -0.1544
vn -0.2055 -0.9715 -0.1180
vn -0.8033 0.5871 -0.1003
vn -0.5808 0.8079 -0.1000
vn -0.5827 0.8073 -0.0933
vn -0.7860 0.6083 -0.1099
vn 0.0138 -0.9980 -0.0613
vn 0.2423 -0.9683 -0.0598
vn 0.0082 -0.9952 -0.0974
vn 0.2489 -0.9637 -0.0968
vn -0.3536 0.9328 -0.0696
vn -0.3727 0.9260 -0.0596
vn 0.4870 -0.8712 -0.0627
vn 0.4902 -0.8656 -0.1019
vn -0.7544 -0.6401 -0.1454
vn -0.7345 -0.6528 -0.1853
vn -0.9772 0.0906 -0.1920
vn -0.9799 0.1433 -0.1387
vn -0.9818 0.0641 -0.1789
vn -0.9785 0.0222 -0.2051
vn -0.9779 0.1627 -0.1312
vn -0.9803 0.1359 -0.1435
vn -0.9876 0.1080 -0.1138
vn -0.9890 0.0406 -0.1424
vn -0.9874 -0.0052 -0.1582
vn 0.1196 0.9772 0.1757
vn 0.3704 0.9156 0.1566
vn 0.3755 0.9071 0.1903
vn 0.1325 0.9694 0.2068
vn 0.3792 0.8930 0.2425
vn 0.1441 0.9569 0.2522
vn -0.9557 0.2850 -0.0741
vn -0.9604 0.2657 -0.0840
vn -0.8955 0.4446 -0.0192
vn -0.9080 0.4190 -0.0055
vn -0.9226 0.3853 0.0187
vn -0.9726 0.2244 -0.0606
vn -0.2816 0.9394 0.1955
vn -0.1003 0.9767 0.1900
vn -0.0808 0.9723 0.2194
vn -0.2668 0.9373 0.2245
vn -0.0619 0.9644 0.2571
vn -0.2498 0.9340 0.2556
vn -0.3319 -0.9200 -0.2084
vn -0.5555 -0.8061 -0.2041
vn -0.5610 -0.7954 -0.2292
vn -0.3336 -0.9140 -0.2311
vn -0.7120 -0.6729 -0.2007
vn -0.7212 -0.6541 -0.2283
vn -0.7237 -0.6337 -0.2734
vn -0.5628 -0.7786 -0.2777
vn -0.3346 -0.9019 -0.2733
vn -0.7844 0.6179 0.0538
vn -0.8018 0.5921 0.0814
vn -0.6266 0.7686 0.1285
vn -0.6406 0.7513 0.1589
vn -0.6456 0.7407 0.1860
vn -0.8147 0.5697 0.1081
vn 0.3021 -0.9368 -0.1765
vn -0.0255 -0.9788 -0.2031
vn -0.0290 -0.9747 -0.2215
vn 0.2948 -0.9371 -0.1868
vn -0.0342 -0.9672 -0.2515
vn 0.2847 -0.9368 -0.2036
vn -0.4522 0.8739 0.1786
vn -0.4520 0.8674 0.2081
vn -0.4451 0.8639 0.2357
vn 0.7517 -0.6525 -0.0958
vn 0.5657 -0.8134 -0.1355
vn 0.5597 -0.8177 -0.1342
vn 0.7513 -0.6549 -0.0816
vn 0.5509 -0.8230 -0.1382
vn 0.7483 -0.6594 -0.0720
vn -0.8267 -0.5258 -0.2003
vn -0.8367 -0.4982 -0.2276
vn -0.9004 -0.3827 -0.2069
vn -0.9108 -0.3457 -0.2256
vn -0.9137 -0.3343 -0.2312
vn -0.8380 -0.4806 -0.2583
vn 0.9726 -0.2296 -0.0371
vn 0.8846 -0.4620 -0.0643
vn 0.8882 -0.4578 -0.0382
vn 0.9754 -0.2203 -0.0027
vn 0.8897 -0.4564 -0.0139
vn 0.9763 -0.2135 0.0354
vn -0.9365 -0.2693 -0.2245
vn -0.9477 -0.2243 -0.2268
vn -0.9534 -0.1750 -0.2458
vn -0.9636 -0.1347 -0.2309
vn -0.9755 -0.1261 -0.1804
vn -0.9557 -0.2144 -0.2016
vn 0.9990 0.0448 -0.0039
vn 0.9981 0.0514 0.0333
vn 0.9951 0.0560 0.0809
vn -0.9667 -0.0619 -0.2483
vn -0.9727 -0.0540 -0.2258
vn -0.9839 -0.0595 -0.1684
vn -0.9995 -0.0021 -0.0302
vn -0.9848 -0.1541 -0.0805
vn -0.9961 0.0867 -0.0151
vn -0.9950 0.0840 -0.0541
vn -0.9940 -0.0544 -0.0949
vn -0.9582 -0.2368 -0.1607
vn -0.9801 -0.1333 -0.1470
vn -0.9243 -0.3146 -0.2161
vn -0.9959 0.0404 -0.0810
vn -0.9928 -0.0366 -0.1139
vn -0.9592 -0.2169 -0.1816
vn -0.9020 -0.3654 -0.2302
vn -0.9450 -0.2660 -0.1901
vn -0.9059 -0.3704 -0.2053
vn -0.9830 -0.1100 -0.1467
vn -0.9785 -0.1420 -0.1498
vn -0.9520 -0.2597 -0.1622
vn -0.9294 -0.3354 -0.1542
vn -0.9715 -0.2120 -0.1057
vn -0.9525 -0.2890 -0.0960
vn -0.9861 -0.1233 -0.1118
vn -0.9954 -0.0760 -0.0581
vn -0.9865 -0.1552 -0.0514
vn -0.9649 -0.2571 -0.0541
vn -0.9936 -0.1089 -0.0314
vn -0.9685 -0.2450 -0.0448
vn -0.9990 -0.0272 -0.0346
vn -0.9955 0.0754 -0.0581
vn -0.9954 -0.0891 -0.0359
vn -0.9658 -0.2517 -0.0629
vn -0.9889 -0.1314 -0.0689
vn -0.9545 -0.2791 -0.1055
vn -0.9966 0.0565 -0.0599
vn -0.9901 -0.0291 -0.1375
vn -0.9708 -0.1802 -0.1585
vn -0.9422 -0.2893 -0.1689
vn 0.9883 0.1044 -0.1109
vn 0.9065 0.4110 -0.0960
vn 0.9646 -0.2317 -0.1260
vn 0.9583 -0.2296 -0.1700
vn 0.9838 0.1094 -0.1420
vn 0.9025 0.4162 -0.1109
vn 0.9799 0.1096 -0.1664
vn 0.9014 0.4162 -0.1197
vn 0.9511 -0.2298 -0.2062
vn 0.9449 -0.2343 -0.2288
vn 0.9789 0.1041 -0.1760
vn 0.9045 0.4105 -0.1158
vn 0.9804 0.0929 -0.1735
vn 0.9102 0.4007 -0.1050
vn 0.9400 -0.2447 -0.2376
vn 0.9367 -0.2582 -0.2365
vn 0.9825 0.0793 -0.1685
vn 0.9158 0.3897 -0.0976
vn 0.9837 0.0682 -0.1667
vn 0.9200 0.3798 -0.0965
vn 0.9360 -0.2673 -0.2292
vn 0.9384 -0.2670 -0.2193
vn 0.9846 0.0619 -0.1635
vn 0.9239 0.3711 -0.0935
vn 0.9872 0.0576 -0.1487
vn 0.9289 0.3626 -0.0750
vn 0.9435 -0.2603 -0.2049
vn 0.9503 -0.2539 -0.1801
vn 0.9915 0.0516 -0.1194
vn 0.9345 0.3535 -0.0412
vn 0.9952 0.0440 -0.0875
vn 0.9390 0.3439 -0.0113
vn 0.9570 -0.2502 -0.1467
vn 0.9630 -0.2462 -0.1101
vn 0.9974 0.0389 -0.0603
vn 0.9419 0.3360 0.0058
vn -0.9282 -0.3403 -0.1503
vn -0.8320 -0.5132 -0.2107
vn -0.8832 -0.4109 -0.2261
vn -0.7969 -0.5416 -0.2676
vn -0.8512 -0.4544 -0.2627
vn -0.7906 -0.5454 -0.2784
vn -0.8512 -0.4629 -0.2471
vn -0.8146 -0.5279 -0.2401
vn -0.8765 -0.4387 -0.1983
vn -0.8462 -0.4994 -0.1859
vn -0.9041 -0.4025 -0.1434
vn -0.8651 -0.4803 -0.1446
vn -0.9200 -0.3793 -0.0988
vn -0.8687 -0.4812 -0.1176
vn -0.9240 -0.3756 -0.0721
vn -0.8651 -0.4919 -0.0979
vn -0.9222 -0.3806 -0.0687
vn -0.8629 -0.4973 -0.0904
vn -0.9185 -0.3852 -0.0889
vn -0.8648 -0.4913 -0.1037
vn -0.9140 -0.3854 -0.1270
vn -0.8691 -0.4760 -0.1345
vn -0.9140 -0.3692 -0.1679
vn -0.8757 -0.4539 -0.1648
vn 0.8486 -0.5102 -0.1398
vn 0.6882 -0.7098 -0.1501
vn 0.6802 -0.7050 -0.2007
vn 0.8393 -0.5095 -0.1897
vn 0.8290 -0.5090 -0.2318
vn 0.6720 -0.6991 -0.2443
vn 0.6640 -0.6935 -0.2795
vn 0.8185 -0.5107 -0.2631
vn 0.8089 -0.5163 -0.2812
vn 0.6578 -0.6900 -0.3022
vn 0.6571 -0.6906 -0.3021
vn 0.8034 -0.5247 -0.2816
vn 0.8061 -0.5293 -0.2647
vn 0.6654 -0.6932 -0.2770
vn 0.6801 -0.6911 -0.2447
vn 0.8165 -0.5239 -0.2426
vn 0.8303 -0.5099 -0.2252
vn 0.6967 -0.6817 -0.2234
vn 0.7132 -0.6699 -0.2062
vn 0.8445 -0.4948 -0.2048
vn 0.8579 -0.4835 -0.1739
vn 0.7286 -0.6605 -0.1811
vn 0.7408 -0.6548 -0.1500
vn 0.8694 -0.4751 -0.1360
vn -0.7167 -0.6552 -0.2389
vn -0.5886 -0.7750 -0.2302
vn -0.7150 -0.6418 -0.2771
vn -0.6200 -0.7404 -0.2597
vn -0.7376 -0.6188 -0.2704
vn -0.6611 -0.7070 -0.2514
vn -0.7727 -0.5933 -0.2258
vn -0.6971 -0.6830 -0.2179
vn -0.7981 -0.5741 -0.1831
vn -0.7142 -0.6721 -0.1954
vn -0.8045 -0.5715 -0.1618
vn -0.7125 -0.6751 -0.1912
vn -0.7982 -0.5843 -0.1466
vn -0.7017 -0.6889 -0.1815
vn -0.7907 -0.5992 -0.1253
vn -0.6914 -0.7054 -0.1561
vn -0.7891 -0.6045 -0.1091
vn -0.6856 -0.7159 -0.1323
vn -0.7936 -0.5976 -0.1142
vn -0.6857 -0.7162 -0.1297
vn -0.8004 -0.5827 -0.1407
vn -0.6899 -0.7078 -0.1519
vn -0.8068 -0.5660 -0.1695
vn -0.6951 -0.6959 -0.1805
vn 0.4912 -0.8578 -0.1512
vn 0.2533 -0.9567 -0.1434
vn 0.2561 -0.9476 -0.1908
vn 0.4911 -0.8477 -0.2004
vn 0.4911 -0.8364 -0.2437
vn 0.2589 -0.9374 -0.2329
vn 0.2634 -0.9264 -0.2690
vn 0.4920 -0.8243 -0.2803
vn 0.4949 -0.8134 -0.3057
vn 0.2705 -0.9158 -0.2969
vn 0.2786 -0.9100 -0.3070
vn 0.5013 -0.8085 -0.3083
vn 0.5108 -0.8116 -0.2836
vn 0.2846 -0.9133 -0.2915
vn 0.2867 -0.9224 -0.2589
vn 0.5207 -0.8169 -0.2481
vn 0.5306 -0.8179 -0.2225
vn 0.2880 -0.9302 -0.2276
vn 0.2926 -0.9340 -0.2049
vn 0.5421 -0.8150 -0.2047
vn 0.5542 -0.8115 -0.1852
vn 0.2998 -0.9349 -0.1898
vn 0.3051 -0.9349 -0.1813
vn 0.5633 -0.8097 -0.1647
vn -0.3894 0.9201 -0.0431
vn -0.5928 0.8017 -0.0761
vn -0.1881 0.9819 -0.0206
vn -0.1944 0.9808 -0.0162
vn -0.4003 0.9158 -0.0321
vn -0.6044 0.7947 -0.0570
vn -0.4068 0.9131 -0.0256
vn -0.6098 0.7916 -0.0403
vn -0.2008 0.9795 -0.0132
vn -0.2072 0.9783 -0.0016
vn -0.4120 0.9111 -0.0118
vn -0.6092 0.7927 -0.0238
vn -0.4173 0.9087 0.0118
vn -0.6089 0.7933 -0.0044
vn -0.2100 0.9775 0.0210
vn -0.2103 0.9766 0.0446
vn -0.4212 0.9063 0.0345
vn -0.6093 0.7928 0.0182
vn -0.4201 0.9063 0.0460
vn -0.6031 0.7967 0.0381
vn -0.2142 0.9752 0.0565
vn -0.2254 0.9724 0.0603
vn -0.4140 0.9089 0.0502
vn -0.5885 0.8070 0.0494
vn -0.4096 0.9103 0.0602
vn -0.5762 0.8155 0.0538
vn -0.2430 0.9673 0.0732
vn -0.2627 0.9597 0.0993
vn -0.4127 0.9071 0.0822
vn -0.5736 0.8164 0.0664
vn -0.4209 0.9008 0.1066
vn -0.5734 0.8148 0.0854
vn -0.2795 0.9519 0.1251
vn -0.2894 0.9461 0.1451
vn -0.4321 0.8931 0.1248
vn -0.5807 0.8093 0.0886
vn -0.0016 -0.9900 -0.1413
vn -0.2376 -0.9581 -0.1601
vn -0.2738 -0.9412 -0.1980
vn -0.0139 -0.9826 -0.1853
vn -0.0255 -0.9747 -0.2220
vn -0.3079 -0.9253 -0.2212
vn -0.3315 -0.9139 -0.2344
vn -0.0324 -0.9672 -0.2518
vn -0.0329 -0.9600 -0.2781
vn -0.3411 -0.9061 -0.2503
vn -0.3402 -0.9022 -0.2652
vn -0.0294 -0.9552 -0.2944
vn -0.0260 -0.9572 -0.2882
vn -0.3340 -0.9056 -0.2614
vn -0.3256 -0.9162 -0.2337
vn -0.0246 -0.9655 -0.2592
vn -0.0237 -0.9745 -0.2233
vn -0.3175 -0.9272 -0.1987
vn -0.3127 -0.9333 -0.1766
vn -0.0213 -0.9802 -0.1969
vn -0.0187 -0.9820 -0.1879
vn -0.3133 -0.9329 -0.1778
vn -0.3189 -0.9278 -0.1937
vn -0.0189 -0.9812 -0.1921
vn -0.7800 0.6168 -0.1055
vn -0.9051 0.4101 -0.1125
vn -0.7824 0.6174 -0.0820
vn -0.8968 0.4330 -0.0913
vn -0.7816 0.6218 -0.0504
vn -0.8896 0.4541 -0.0492
vn -0.7729 0.6339 -0.0288
vn -0.8776 0.4788 -0.0238
vn -0.7625 0.6468 -0.0161
vn -0.8645 0.5022 -0.0190
vn -0.7548 0.6560 0.0036
vn -0.8557 0.5174 -0.0077
vn -0.7459 0.6653 0.0307
vn -0.8514 0.5242 0.0175
vn -0.7352 0.6762 0.0468
vn -0.8491 0.5271 0.0346
vn -0.7343 0.6777 0.0394
vn -0.8520 0.5231 0.0212
vn -0.7447 0.6663 0.0377
vn -0.8824 0.4699 -0.0214
vn -0.7433 0.6667 0.0553
vn -0.8904 0.4550 -0.0125
vn -0.7387 0.6730 0.0370
vn -0.8703 0.4922 -0.0187
vn -0.4337 -0.8794 -0.1965
vn -0.4798 -0.8473 -0.2277
vn -0.5254 -0.8184 -0.2325
vn -0.5581 -0.7996 -0.2216
vn -0.5710 -0.7909 -0.2200
vn -0.5682 -0.7908 -0.2276
vn -0.5579 -0.7999 -0.2212
vn -0.5456 -0.8153 -0.1939
vn -0.5350 -0.8288 -0.1639
vn -0.5300 -0.8343 -0.1518
vn -0.5319 -0.8305 -0.1651
vn -0.5384 -0.8211 -0.1895
vn 0.0115 0.9999 -0.0129
vn 0.2047 0.9786 -0.0202
vn 0.2082 0.9780 -0.0149
vn 0.0100 0.9999 -0.0102
vn 0.0039 1.0000 -0.0065
vn 0.2048 0.9788 -0.0081
vn 0.1970 0.9804 -0.0008
vn -0.0028 1.0000 0.0017
vn -0.0047 0.9998 0.0197
vn 0.1894 0.9818 0.0142
vn 0.1833 0.9821 0.0430
vn -0.0049 0.9989 0.0462
vn -0.0135 0.9976 0.0680
vn 0.1748 0.9818 0.0738
vn 0.1604 0.9827 0.0927
vn -0.0358 0.9962 0.0796
vn -0.0660 0.9934 0.0942
vn 0.1421 0.9840 0.1071
vn 0.1247 0.9842 0.1258
vn -0.0937 0.9886 0.1179
vn -0.1123 0.9839 0.1390
vn 0.1124 0.9835 0.1415
vn 0.1071 0.9828 0.1501
vn -0.1194 0.9810 0.1531
vn -0.9621 0.2560 -0.0940
vn -0.9830 0.1728 -0.0618
vn -0.9503 0.3009 -0.0803
vn -0.9727 0.2243 -0.0597
vn -0.9417 0.3343 -0.0391
vn -0.9671 0.2525 -0.0315
vn -0.9331 0.3591 -0.0168
vn -0.9663 0.2564 -0.0223
vn -0.9267 0.3750 -0.0229
vn -0.9694 0.2417 -0.0438
vn -0.9259 0.3770 -0.0262
vn -0.9747 0.2144 -0.0628
vn -0.9307 0.3657 -0.0113
vn -0.9811 0.1855 -0.0554
vn -0.9357 0.3528 0.0086
vn -0.9856 0.1668 -0.0287
vn -0.9360 0.3516 0.0136
vn -0.9867 0.1625 -0.0064
vn -0.9436 0.3303 -0.0234
vn -0.9856 0.1691 -0.0078
vn 0.3949 0.9179 -0.0387
vn 0.5855 0.8084 -0.0611
vn 0.5877 0.8072 -0.0553
vn 0.4004 0.9158 -0.0311
vn 0.4003 0.9162 -0.0200
vn 0.5886 0.8073 -0.0432
vn 0.5867 0.8094 -0.0269
vn 0.3934 0.9193 -0.0084
vn 0.3826 0.9239 0.0074
vn 0.5823 0.8129 -0.0098
vn 0.5807 0.8140 0.0080
vn 0.3744 0.9267 0.0334
vn 0.3735 0.9256 0.0616
vn 0.5873 0.8090 0.0238
vn 0.6004 0.7989 0.0346
vn 0.3779 0.9224 0.0793
vn 0.3817 0.9196 0.0927
vn 0.6125 0.7889 0.0499
vn 0.6171 0.7832 0.0758
vn 0.3803 0.9182 0.1112
vn 0.3744 0.9184 0.1276
vn 0.6145 0.7827 0.0987
vn 0.6105 0.7846 0.1086
vn 0.3688 0.9196 0.1355
vn -0.9909 0.1308 -0.0303
vn -0.9850 0.1667 -0.0456
vn -0.9851 0.1670 -0.0416
vn -0.9900 0.1303 -0.0543
vn -0.9932 0.0749 -0.0894
vn -0.9934 0.0282 -0.1115
vn -0.9954 0.0096 -0.0958
vn -0.9983 0.0161 -0.0561
vn -0.9992 0.0269 -0.0296
vn -0.9956 0.0796 -0.0491
vn 0.7621 0.6424 -0.0805
vn 0.7600 0.6447 -0.0822
vn 0.7604 0.6448 -0.0770
vn 0.7635 0.6427 -0.0630
vn 0.7677 0.6391 -0.0476
vn 0.7727 0.6337 -0.0372
vn 0.7799 0.6251 -0.0323
vn 0.7888 0.6140 -0.0267
vn 0.7973 0.6036 -0.0077
vn 0.8023 0.5964 0.0259
vn 0.8039 0.5923 0.0541
vn 0.8048 0.5898 0.0661
vn 0.9902 0.0573 0.1277
vn 0.9316 0.3151 0.1810
vn 0.9751 -0.2103 0.0708
vn 0.9737 -0.2093 0.0904
vn 0.9862 0.0574 0.1551
vn 0.9271 0.3095 0.2112
vn -0.9929 -0.0663 -0.0988
vn -0.9820 -0.1412 -0.1256
vn -0.9963 -0.0113 -0.0850
vn -0.9991 -0.0134 -0.0410
vn -0.9951 -0.0771 -0.0622
vn -0.9814 -0.1657 -0.0970
vn 0.8046 0.5466 0.2321
vn 0.6134 0.7411 0.2731
vn 0.8027 0.5363 0.2609
vn 0.6136 0.7309 0.2989
vn -0.9966 0.0335 -0.0752
vn -0.9939 0.0937 -0.0582
vn -0.9955 0.0936 -0.0147
vn -0.9990 0.0345 -0.0285
vn 0.3807 0.8769 0.2934
vn 0.1525 0.9428 0.2965
vn 0.3824 0.8682 0.3163
vn 0.1592 0.9352 0.3163
vn -0.9795 0.2003 -0.0196
vn -0.9306 0.3630 0.0476
vn -0.9305 0.3594 0.0707
vn -0.9804 0.1964 0.0148
vn -0.0462 0.9548 0.2935
vn -0.2329 0.9299 0.2847
vn -0.0333 0.9503 0.3096
vn -0.2170 0.9298 0.2971
vn -0.8343 -0.4843 -0.2633
vn -0.7240 -0.6253 -0.2913
vn -0.9095 -0.3532 -0.2191
vn -0.9046 -0.3823 -0.1886
vn -0.8345 -0.5016 -0.2280
vn -0.7294 -0.6339 -0.2572
vn -0.5653 -0.7672 -0.3029
vn -0.3385 -0.8924 -0.2984
vn -0.5713 -0.7727 -0.2768
vn -0.3430 -0.8956 -0.2833
vn -0.8194 0.5579 0.1316
vn -0.6418 0.7379 0.2086
vn -0.6310 0.7441 0.2194
vn -0.8153 0.5602 0.1464
vn -0.0416 -0.9617 -0.2710
vn 0.2739 -0.9372 -0.2158
vn -0.0468 -0.9628 -0.2662
vn 0.2657 -0.9391 -0.2180
vn -0.4330 0.8631 0.2599
vn -0.4177 0.8675 0.2702
vn 0.5412 -0.8287 -0.1425
vn 0.7437 -0.6653 -0.0653
vn 0.5325 -0.8337 -0.1466
vn 0.7384 -0.6712 -0.0650
vn -0.9566 -0.2377 -0.1684
vn -0.9520 -0.2710 -0.1421
vn 0.8891 -0.4576 0.0069
vn 0.8876 -0.4604 0.0161
vn -0.0463 -0.9675 -0.2486
vn 0.2614 -0.9418 -0.2113
vn -0.3407 -0.9060 -0.2510
vn -0.3314 -0.9150 -0.2302
vn -0.0423 -0.9718 -0.2318
vn 0.2588 -0.9458 -0.1961
vn -0.4027 0.8774 0.2607
vn -0.6167 0.7577 0.2135
vn -0.2037 0.9360 0.2871
vn -0.1959 0.9435 0.2675
vn -0.3929 0.8874 0.2410
vn -0.6043 0.7720 0.1969
vn 0.5258 -0.8380 -0.1458
vn 0.7337 -0.6762 -0.0664
vn 0.5210 -0.8431 -0.1335
vn 0.7305 -0.6803 -0.0595
vn -0.9489 -0.2930 -0.1174
vn -0.9040 -0.4010 -0.1482
vn -0.9793 -0.1847 -0.0831
vn -0.9794 -0.1920 -0.0628
vn -0.9499 -0.2998 -0.0880
vn -0.9070 -0.4063 -0.1106
vn 0.8863 -0.4629 0.0158
vn 0.9736 -0.2085 0.0924
vn 0.8857 -0.4640 0.0165
vn 0.9745 -0.2064 0.0879
vn -0.8386 -0.5158 -0.1752
vn -0.7347 -0.6476 -0.2021
vn -0.8422 -0.5221 -0.1347
vn -0.7346 -0.6580 -0.1656
vn 0.9856 0.0589 0.1583
vn 0.9268 0.3094 0.2127
vn 0.9868 0.0625 0.1497
vn 0.9283 0.3134 0.2003
vn -0.9948 -0.0882 -0.0510
vn -0.9995 -0.0170 -0.0270
vn -0.9997 -0.0190 -0.0175
vn -0.9949 -0.0936 -0.0377
vn 0.8041 0.5358 0.2577
vn 0.6158 0.7322 0.2910
vn 0.8056 0.5414 0.2408
vn 0.6168 0.7394 0.2700
vn -0.9993 0.0368 -0.0106
vn -0.9949 0.1005 0.0055
vn -0.9937 0.1108 0.0139
vn -0.9992 0.0400 -0.0021
vn 0.3852 0.8705 0.3064
vn 0.1654 0.9373 0.3067
vn 0.3868 0.8772 0.2845
vn 0.1695 0.9430 0.2864
vn -0.9779 0.2063 0.0328
vn -0.9248 0.3717 0.0813
vn -0.9161 0.3926 0.0815
vn -0.9739 0.2236 0.0392
vn -0.0228 0.9536 0.3001
vn -0.0164 0.9596 0.2809
vn -0.5727 -0.7868 -0.2300
vn -0.5659 -0.7994 -0.2017
vn -0.8049 0.5747 0.1478
vn -0.7925 0.5939 0.1388
vn -0.7828 0.6096 0.1248
vn -0.9070 0.4142 0.0756
vn -0.5993 0.7807 0.1770
vn -0.6037 0.7830 0.1499
vn -0.7795 0.6175 0.1050
vn -0.9005 0.4301 0.0642
vn -0.9644 -0.1200 -0.2356
vn -0.9445 -0.2416 -0.2225
vn -0.9794 0.0591 -0.1932
vn -0.0409 -0.9771 -0.2088
vn 0.2546 -0.9520 -0.1699
vn -0.3219 -0.9228 -0.2115
vn -0.3174 -0.9320 -0.1750
vn -0.0443 -0.9848 -0.1682
vn 0.2485 -0.9597 -0.1312
vn -0.3923 0.8932 0.2195
vn -0.1960 0.9490 0.2468
vn -0.2030 0.9556 0.2136
vn -0.4013 0.8964 0.1882
vn 0.5173 -0.8488 -0.1093
vn 0.7291 -0.6831 -0.0429
vn 0.5144 -0.8540 -0.0781
vn 0.7290 -0.6842 -0.0225
vn -0.9528 -0.2980 -0.0579
vn -0.9100 -0.4068 -0.0799
vn -0.9812 -0.1893 -0.0375
vn -0.9833 -0.1807 -0.0198
vn -0.9553 -0.2935 -0.0366
vn -0.9112 -0.4079 -0.0573
vn 0.8860 -0.4630 0.0229
vn 0.9756 -0.2025 0.0849
vn 0.8871 -0.4605 0.0314
vn 0.9767 -0.1983 0.0819
vn -0.8431 -0.5268 -0.1075
vn -0.7303 -0.6677 -0.1442
vn -0.8417 -0.5333 -0.0846
vn -0.7248 -0.6785 -0.1193
vn 0.9987 0.0395 -0.0335
vn 0.9433 0.3314 0.0193
vn 0.9683 -0.2391 -0.0723
vn 0.9880 0.0667 0.1396
vn 0.9298 0.3179 0.1857
vn 0.9895 0.0698 0.1268
vn 0.9326 0.3208 0.1657
vn -0.9957 -0.0908 -0.0193
vn -0.9999 -0.0155 -0.0056
vn -1.0000 -0.0069 0.0009
vn -0.9966 -0.0816 -0.0072
vn 0.8063 0.5480 0.2226
vn 0.6164 0.7471 0.2487
vn 0.8089 0.5541 0.1965
vn 0.6182 0.7555 0.2168
vn -0.9989 0.0469 0.0051
vn -0.9921 0.1242 0.0179
vn -0.9902 0.1385 0.0167
vn -0.9984 0.0569 0.0072
vn 0.3875 0.8838 0.2622
vn 0.1715 0.9487 0.2655
vn 0.3904 0.8922 0.2269
vn 0.1741 0.9575 0.2300
vn -0.9690 0.2438 0.0396
vn -0.9645 0.2618 0.0344
vn -0.0151 0.9653 0.2609
vn -0.0168 0.9739 0.2265
vn -0.5557 -0.8107 -0.1841
vn -0.5475 -0.8224 -0.1543
vn -0.9236 -0.3269 -0.2004
vn -0.8868 -0.4232 -0.1860
vn 0.8784 -0.4680 -0.0972
vn 0.7485 -0.6523 -0.1193
vn -0.8150 -0.5489 -0.1859
vn -0.7019 -0.6853 -0.1942
vn 0.5672 -0.8104 -0.1466
vn 0.3058 -0.9356 -0.1764
vn -0.4446 0.8835 0.1477
vn -0.6038 0.7910 0.0983
vn -0.2902 0.9422 0.1677
vn -0.0220 -0.9801 -0.1975
vn -0.3265 -0.9229 -0.2039
vn -0.7618 0.6474 0.0242
vn -0.8913 0.4520 -0.0370
vn -0.5469 -0.8126 -0.2014
vn -0.1148 0.9790 0.1682
vn 0.1099 0.9812 0.1588
vn 0.3673 0.9193 0.1415
vn 0.6091 0.7849 0.1138
vn 0.8063 0.5871 0.0724
vn -0.0496 -0.9918 -0.1174
vn 0.2429 -0.9660 -0.0885
vn -0.3172 -0.9400 -0.1256
vn -0.3190 -0.9442 -0.0817
vn -0.0540 -0.9958 -0.0736
vn 0.2394 -0.9694 -0.0548
vn -0.5431 -0.8318 -0.1143
vn -0.7205 -0.6874 -0.0916
vn -0.7179 -0.6926 -0.0695
vn -0.5417 -0.8368 -0.0793
vn -0.9619 0.2725 0.0222
vn -0.9888 0.1489 0.0084
vn -0.8983 0.4370 0.0449
vn -0.8998 0.4359 0.0177
vn -0.9616 0.2745 0.0040
vn -0.9883 0.1524 -0.0051
vn -0.9978 0.0659 0.0012
vn -1.0000 0.0021 -0.0028
vn -0.9975 0.0699 -0.0102
vn -0.9999 0.0068 -0.0135
vn -0.9974 -0.0716 -0.0078
vn -0.9849 -0.1721 -0.0166
vn -0.9976 -0.0666 -0.0175
vn -0.9853 -0.1690 -0.0244
vn -0.8392 -0.5397 -0.0671
vn -0.9108 -0.4102 -0.0464
vn -0.9092 -0.4140 -0.0452
vn -0.8368 -0.5445 -0.0572
vn -0.4150 0.8996 0.1364
vn -0.6143 0.7817 0.1079
vn -0.2128 0.9646 0.1559
vn -0.2219 0.9717 0.0813
vn -0.4276 0.9014 0.0690
vn -0.6250 0.7788 0.0527
vn -0.9566 -0.2900 -0.0298
vn -0.9562 -0.2908 -0.0340
vn -0.7825 0.6181 0.0750
vn -0.7882 0.6144 0.0347
vn -0.0189 0.9860 0.1658
vn 0.1784 0.9694 0.1687
vn 0.1826 0.9789 0.0922
vn -0.0208 0.9958 0.0886
vn 0.3962 0.9027 0.1681
vn 0.6232 0.7644 0.1653
vn 0.6279 0.7714 0.1029
vn 0.4017 0.9107 0.0961
vn 0.8143 0.5591 0.1561
vn 0.9371 0.3211 0.1367
vn 0.9420 0.3191 0.1037
vn 0.8197 0.5625 0.1080
vn 0.9916 0.0701 0.1088
vn 0.9777 -0.1961 0.0748
vn 0.9779 -0.1991 0.0635
vn 0.9939 0.0661 0.0883
vn 0.8879 -0.4587 0.0355
vn 0.7290 -0.6845 -0.0064
vn 0.7278 -0.6858 0.0002
vn 0.8870 -0.4607 0.0324
vn 0.5123 -0.8574 -0.0485
vn 0.5107 -0.8593 -0.0292
vn -0.4008 -0.9158 -0.0247
vn -0.6213 -0.7825 -0.0411
vn -0.6410 -0.7655 -0.0562
vn -0.4207 -0.9065 -0.0369
vn -0.7661 -0.6401 -0.0579
vn -0.7787 -0.6230 -0.0739
vn -0.7902 -0.6072 -0.0829
vn -0.6600 -0.7485 -0.0640
vn -0.4410 -0.8965 -0.0430
vn -0.9758 -0.2044 -0.0780
vn -0.9915 -0.1042 -0.0778
vn -0.9893 -0.1202 -0.0826
vn -0.9721 -0.2181 -0.0865
vn -0.9968 -0.0213 -0.0767
vn -0.9963 -0.0365 -0.0781
vn -0.9945 -0.0626 -0.0845
vn -0.9848 -0.1481 -0.0909
vn -0.9653 -0.2426 -0.0963
vn -0.8552 -0.5135 -0.0695
vn -0.8594 -0.5041 -0.0852
vn -0.9102 -0.4073 -0.0753
vn -0.9087 -0.4078 -0.0895
vn -0.9053 -0.4128 -0.1001
vn -0.8624 -0.4972 -0.0951
vn 0.9410 0.3101 -0.1355
vn 0.9918 0.0090 -0.1274
vn 0.9910 0.0047 -0.1337
vn 0.9402 0.3082 -0.1452
vn 0.9545 -0.2748 -0.1162
vn 0.9531 -0.2782 -0.1191
vn 0.9532 -0.2801 -0.1136
vn 0.9911 0.0010 -0.1331
vn 0.9403 0.3057 -0.1495
vn 0.8551 -0.5087 -0.0999
vn 0.8561 -0.5069 -0.1007
vn 0.7129 -0.6971 -0.0768
vn 0.7184 -0.6914 -0.0769
vn 0.7250 -0.6853 -0.0687
vn 0.8587 -0.5041 -0.0925
vn 0.6078 0.7813 -0.1421
vn 0.8030 0.5791 -0.1406
vn 0.8015 0.5782 -0.1526
vn 0.6066 0.7796 -0.1554
vn 0.8013 0.5763 -0.1605
vn 0.6068 0.7774 -0.1655
vn -0.2493 0.9589 -0.1354
vn -0.0362 0.9896 -0.1391
vn -0.0371 0.9878 -0.1512
vn -0.2508 0.9569 -0.1468
vn 0.1773 0.9741 -0.1405
vn 0.1767 0.9722 -0.1536
vn 0.1769 0.9704 -0.1645
vn -0.0378 0.9862 -0.1612
vn -0.2538 0.9546 -0.1559
vn -0.9959 0.0495 -0.0756
vn -0.9965 0.0370 -0.0748
vn -0.9884 0.1313 -0.0763
vn -0.9897 0.1217 -0.0752
vn -0.9912 0.1064 -0.0788
vn -0.9967 0.0160 -0.0793
vn 0.3924 0.9089 -0.1414
vn 0.3918 0.9069 -0.1551
vn 0.3923 0.9047 -0.1661
vn -0.9657 0.2467 -0.0809
vn -0.9675 0.2393 -0.0819
vn -0.9108 0.4028 -0.0905
vn -0.9131 0.3965 -0.0950
vn -0.9167 0.3869 -0.1003
vn -0.9699 0.2281 -0.0858
vn 0.5136 -0.8566 -0.0496
vn 0.5204 -0.8524 -0.0503
vn 0.2332 -0.9721 -0.0268
vn 0.2335 -0.9719 -0.0300
vn 0.2333 -0.9720 -0.0282
vn 0.5276 -0.8483 -0.0445
vn -0.8062 0.5824 -0.1038
vn -0.8092 0.5768 -0.1116
vn -0.6496 0.7512 -0.1173
vn -0.6529 0.7467 -0.1273
vn -0.6598 0.7391 -0.1354
vn -0.8147 0.5677 -0.1186
vn -0.4575 0.8799 -0.1282
vn -0.4601 0.8769 -0.1391
vn -0.4660 0.8723 -0.1478
vn -0.0996 -0.9949 -0.0177
vn -0.1109 -0.9935 -0.0254
vn -0.1235 -0.9919 -0.0281
vn -0.9482 -0.3081 -0.0774
vn -0.9444 -0.3165 -0.0892
vn -0.9377 -0.3327 -0.0998
vn -0.9542 -0.2966 -0.0394
vn -0.9066 -0.4194 -0.0455
vn -0.9843 -0.1734 -0.0330
vn -0.9824 -0.1830 -0.0375
vn -0.9514 -0.3052 -0.0407
vn -0.9039 -0.4255 -0.0429
vn -0.9489 -0.3128 -0.0407
vn -0.9018 -0.4303 -0.0398
vn -0.9803 -0.1936 -0.0402
vn -0.9784 -0.2015 -0.0449
vn -0.9474 -0.3172 -0.0431
vn -0.9012 -0.4316 -0.0399
vn -0.9471 -0.3172 -0.0488
vn -0.9025 -0.4285 -0.0437
vn -0.9773 -0.2051 -0.0524
vn -0.9770 -0.2041 -0.0616
vn -0.9480 -0.3133 -0.0570
vn -0.9055 -0.4212 -0.0510
vn -0.9489 -0.3085 -0.0666
vn -0.9087 -0.4128 -0.0618
vn -0.9769 -0.2017 -0.0703
vn -0.0569 -0.9974 -0.0450
vn 0.2382 -0.9706 -0.0346
vn -0.3219 -0.9453 -0.0524
vn -0.3261 -0.9447 -0.0344
vn -0.0594 -0.9978 -0.0277
vn 0.2380 -0.9710 -0.0230
vn -0.0629 -0.9979 -0.0155
vn 0.2378 -0.9712 -0.0144
vn -0.3325 -0.9429 -0.0217
vn -0.3417 -0.9397 -0.0109
vn -0.0682 -0.9977 -0.0059
vn 0.2366 -0.9716 -0.0081
vn -0.0748 -0.9972 -0.0005
vn 0.2348 -0.9720 -0.0069
vn -0.3534 -0.9355 -0.0037
vn -0.3671 -0.9302 -0.0038
vn -0.0821 -0.9966 -0.0017
vn 0.2333 -0.9723 -0.0119
vn -0.0901 -0.9959 -0.0086
vn 0.2329 -0.9723 -0.0199
vn -0.3828 -0.9238 -0.0120
vn -0.4370 0.8995 0.0049
vn -0.6325 0.7745 -0.0017
vn -0.2297 0.9732 0.0120
vn -0.2369 0.9708 -0.0370
vn -0.4443 0.8949 -0.0407
vn -0.6374 0.7694 -0.0417
vn -0.4505 0.8902 -0.0671
vn -0.6413 0.7645 -0.0652
vn -0.2432 0.9677 -0.0662
vn -0.2476 0.9652 -0.0837
vn -0.4552 0.8866 -0.0821
vn -0.6446 0.7605 -0.0783
vn -0.4577 0.8842 -0.0932
vn -0.6471 0.7574 -0.0875
vn -0.2497 0.9634 -0.0970
vn -0.2500 0.9620 -0.1098
vn -0.4582 0.8827 -0.1044
vn -0.6484 0.7552 -0.0966
vn -0.4576 0.8816 -0.1162
vn -0.6488 0.7535 -0.1066
vn -0.2494 0.9606 -0.1228
vn -0.7930 0.6092 -0.0071
vn -0.9023 0.4309 -0.0118
vn -0.7959 0.6041 -0.0397
vn -0.9040 0.4259 -0.0362
vn -0.7977 0.6000 -0.0602
vn -0.9047 0.4227 -0.0533
vn -0.7994 0.5965 -0.0722
vn -0.9050 0.4205 -0.0648
vn -0.8012 0.5930 -0.0804
vn -0.9057 0.4176 -0.0733
vn -0.8030 0.5895 -0.0879
vn -0.9070 0.4133 -0.0803
vn -0.8046 0.5861 -0.0957
vn -0.9089 0.4081 -0.0859
vn 0.5092 -0.8604 -0.0208
vn 0.7243 -0.6895 -0.0013
vn 0.5074 -0.8615 -0.0174
vn 0.7190 -0.6950 -0.0056
vn 0.5056 -0.8627 -0.0146
vn 0.7133 -0.7008 -0.0104
vn 0.5041 -0.8636 -0.0140
vn 0.7090 -0.7049 -0.0184
vn 0.5036 -0.8637 -0.0194
vn 0.7071 -0.7064 -0.0329
vn 0.5049 -0.8626 -0.0306
vn 0.7072 -0.7051 -0.0514
vn 0.5083 -0.8602 -0.0423
vn 0.7092 -0.7018 -0.0677
vn -0.9625 0.2709 -0.0159
vn -0.9884 0.1504 -0.0190
vn -0.9632 0.2668 -0.0330
vn -0.9886 0.1472 -0.0308
vn -0.9632 0.2647 -0.0464
vn -0.9885 0.1456 -0.0411
vn -0.9628 0.2642 -0.0574
vn -0.9880 0.1457 -0.0514
vn -0.9625 0.2629 -0.0670
vn -0.9874 0.1455 -0.0623
vn -0.9629 0.2591 -0.0750
vn -0.9871 0.1430 -0.0719
vn -0.9641 0.2532 -0.0796
vn -0.9874 0.1381 -0.0768
vn 0.4044 0.9141 0.0305
vn 0.1847 0.9825 0.0227
vn 0.6298 0.7755 0.0452
vn 0.6284 0.7779 -0.0003
vn 0.4043 0.9145 -0.0184
vn 0.1847 0.9824 -0.0276
vn 0.4024 0.9140 -0.0520
vn 0.1835 0.9812 -0.0601
vn 0.6247 0.7800 -0.0357
vn 0.6202 0.7818 -0.0649
vn 0.3997 0.9134 -0.0764
vn 0.1819 0.9799 -0.0817
vn 0.3971 0.9128 -0.0956
vn 0.1804 0.9787 -0.0983
vn 0.6158 0.7828 -0.0895
vn 0.6123 0.7830 -0.1098
vn 0.3950 0.9118 -0.1120
vn 0.1793 0.9773 -0.1128
vn 0.3935 0.9105 -0.1269
vn 0.1782 0.9758 -0.1267
vn 0.6097 0.7824 -0.1269
vn -0.9974 0.0688 -0.0215
vn -0.9997 0.0057 -0.0240
vn -0.9974 0.0654 -0.0301
vn -0.9995 0.0007 -0.0312
vn -0.9973 0.0627 -0.0381
vn -0.9993 -0.0053 -0.0375
vn -0.9970 0.0614 -0.0475
vn -0.9989 -0.0100 -0.0457
vn -0.9964 0.0607 -0.0590
vn -0.9983 -0.0127 -0.0567
vn -0.9958 0.0593 -0.0700
vn -0.9976 -0.0138 -0.0680
vn -0.9955 0.0561 -0.0759
vn -0.9971 -0.0152 -0.0750
vn -0.0234 0.9996 0.0178
vn -0.0268 0.9991 -0.0326
vn -0.0304 0.9975 -0.0638
vn -0.0331 0.9959 -0.0836
vn -0.0346 0.9945 -0.0987
vn -0.0353 0.9930 -0.1124
vn -0.0357 0.9914 -0.1259
vn 0.8228 0.5649 0.0628
vn 0.9460 0.3160 0.0727
vn 0.9486 0.3136 0.0429
vn 0.8229 0.5677 0.0239
vn 0.8206 0.5714 -0.0122
vn 0.9497 0.3129 0.0091
vn 0.9492 0.3132 -0.0293
vn 0.8167 0.5751 -0.0472
vn 0.8124 0.5777 -0.0789
vn 0.9473 0.3135 -0.0665
vn 0.9448 0.3130 -0.0971
vn 0.8085 0.5790 -0.1047
vn 0.8054 0.5794 -0.1248
vn 0.9426 0.3117 -0.1197
vn 0.8833 -0.4682 0.0242
vn 0.9767 -0.2087 0.0503
vn 0.8772 -0.4800 0.0137
vn 0.9741 -0.2233 0.0347
vn 0.8704 -0.4924 0.0002
vn 0.9710 -0.2388 0.0127
vn 0.8647 -0.5020 -0.0190
vn 0.9677 -0.2514 -0.0173
vn 0.8606 -0.5073 -0.0438
vn 0.9643 -0.2599 -0.0508
vn 0.8578 -0.5093 -0.0690
vn 0.9606 -0.2657 -0.0810
vn 0.8559 -0.5095 -0.0889
vn 0.9571 -0.2705 -0.1034
vn 0.9960 0.0580 0.0684
vn 0.9978 0.0475 0.0468
vn 0.9991 0.0375 0.0180
vn 0.9994 0.0295 -0.0189
vn 0.9981 0.0235 -0.0571
vn 0.9958 0.0186 -0.0893
vn 0.9935 0.0138 -0.1127
vn -0.8345 -0.5486 -0.0507
vn -0.7164 -0.6955 -0.0547
vn -0.8322 -0.5528 -0.0440
vn -0.7152 -0.6975 -0.0438
vn -0.8303 -0.5560 -0.0382
vn -0.7149 -0.6983 -0.0353
vn -0.8305 -0.5560 -0.0354
vn -0.7177 -0.6958 -0.0291
vn -0.8341 -0.5504 -0.0365
vn -0.7254 -0.6878 -0.0265
vn -0.8409 -0.5396 -0.0425
vn -0.7376 -0.6746 -0.0302
vn -0.8487 -0.5261 -0.0540
vn -0.7520 -0.6579 -0.0415
vn -0.9972 -0.0689 -0.0276
vn -0.9965 -0.0767 -0.0339
vn -0.9955 -0.0863 -0.0387
vn -0.9945 -0.0945 -0.0453
vn -0.9936 -0.0991 -0.0548
vn -0.9929 -0.0998 -0.0653
vn -0.9923 -0.0994 -0.0733
vn -0.5421 -0.8384 -0.0558
vn -0.5439 -0.8381 -0.0408
vn -0.5478 -0.8361 -0.0297
vn -0.5553 -0.8314 -0.0204
vn -0.5673 -0.8234 -0.0142
vn -0.5832 -0.8122 -0.0155
vn -0.6016 -0.7984 -0.0256
vn 0.6829 0.7153 -0.1484
vn 0.8591 0.4866 -0.1589
vn 0.8616 0.4698 -0.1920
vn 0.6916 0.6994 -0.1802
vn 0.9586 0.2365 -0.1585
vn 0.9550 0.2268 -0.1910
vn 0.9507 0.2193 -0.2192
vn 0.8606 0.4583 -0.2221
vn 0.6949 0.6876 -0.2106
vn -0.9933 -0.0296 -0.1115
vn -0.9877 0.0852 -0.1314
vn -0.9863 0.0907 -0.1375
vn -0.9933 -0.0146 -0.1143
vn -0.9595 0.2402 -0.1471
vn -0.9597 0.2334 -0.1568
vn -0.9588 0.2302 -0.1663
vn -0.9852 0.0932 -0.1437
vn -0.9930 -0.0077 -0.1179
vn 0.7691 -0.6381 -0.0363
vn 0.5618 -0.8273 -0.0061
vn 0.5641 -0.8241 -0.0518
vn 0.7713 -0.6317 -0.0786
vn 0.2545 -0.9669 0.0169
vn 0.2607 -0.9649 -0.0302
vn 0.2712 -0.9599 -0.0708
vn 0.5669 -0.8188 -0.0907
vn 0.7699 -0.6280 -0.1139
vn -0.4651 -0.8848 0.0286
vn -0.7131 -0.7009 0.0142
vn -0.7121 -0.7019 -0.0169
vn -0.4586 -0.8886 -0.0097
vn -0.8584 -0.5129 -0.0044
vn -0.8597 -0.5099 -0.0286
vn -0.8571 -0.5131 -0.0462
vn -0.7053 -0.7077 -0.0416
vn -0.4456 -0.8943 -0.0420
vn -0.9801 -0.1903 -0.0568
vn -0.9834 -0.1684 -0.0670
vn -0.9859 -0.1534 -0.0665
vn -0.9824 -0.1768 -0.0595
vn -0.9863 -0.1451 -0.0782
vn -0.9888 -0.1280 -0.0766
vn -0.9896 -0.1211 -0.0770
vn -0.9866 -0.1485 -0.0670
vn -0.9829 -0.1733 -0.0616
vn -0.9295 -0.3683 -0.0210
vn -0.9314 -0.3619 -0.0388
vn -0.9604 -0.2766 -0.0345
vn -0.9625 -0.2672 -0.0467
vn -0.9624 -0.2660 -0.0542
vn -0.9306 -0.3626 -0.0506
vn -0.9903 -0.1038 -0.0928
vn -0.9920 -0.0856 -0.0926
vn -0.9925 -0.0774 -0.0942
vn -0.1194 -0.9924 0.0302
vn -0.1096 -0.9939 -0.0143
vn -0.0939 -0.9942 -0.0528
vn -0.9738 -0.2228 -0.0461
vn -0.9760 -0.2110 -0.0533
vn -0.9763 -0.2085 -0.0578
vn 0.9676 -0.2262 -0.1119
vn 0.8968 -0.4363 -0.0733
vn 0.8981 -0.4255 -0.1117
vn 0.9652 -0.2165 -0.1467
vn 0.8949 -0.4226 -0.1433
vn 0.9607 -0.2153 -0.1751
vn 0.2001 0.9710 -0.1308
vn 0.4519 0.8816 -0.1362
vn 0.4603 0.8724 -0.1644
vn 0.2013 0.9671 -0.1554
vn 0.4657 0.8637 -0.1928
vn 0.2052 0.9619 -0.1809
vn -0.8908 0.4272 -0.1551
vn -0.8953 0.4122 -0.1689
vn -0.7628 0.6277 -0.1556
vn -0.7719 0.6116 -0.1737
vn -0.7739 0.6036 -0.1917
vn -0.8959 0.4050 -0.1827
vn -0.3238 0.9353 -0.1425
vn -0.0600 0.9891 -0.1342
vn -0.0667 0.9853 -0.1571
vn -0.3346 0.9278 -0.1648
vn -0.0658 0.9813 -0.1806
vn -0.3359 0.9231 -0.1873
vn -0.5685 0.8087 -0.1507
vn -0.5798 0.7964 -0.1717
vn -0.5821 0.7899 -0.1927
vn 0.9898 -0.0033 -0.1425
vn 0.9845 -0.0020 -0.1751
vn 0.9793 -0.0045 -0.2024
vn 0.9917 -0.0020 -0.1287
vn 0.9414 0.3021 -0.1502
vn 0.9542 -0.2805 -0.1037
vn 0.9556 -0.2790 -0.0948
vn 0.9922 -0.0043 -0.1249
vn 0.9431 0.2969 -0.1500
vn 0.9922 -0.0060 -0.1244
vn 0.9450 0.2900 -0.1513
vn 0.9570 -0.2755 -0.0903
vn 0.9586 -0.2699 -0.0906
vn 0.9919 -0.0070 -0.1269
vn 0.9472 0.2813 -0.1541
vn 0.9914 -0.0076 -0.1305
vn 0.9500 0.2707 -0.1560
vn 0.9605 -0.2621 -0.0938
vn 0.9628 -0.2519 -0.0981
vn 0.9910 -0.0073 -0.1333
vn 0.9533 0.2589 -0.1555
vn 0.9907 -0.0058 -0.1359
vn 0.9566 0.2472 -0.1544
vn 0.9654 -0.2394 -0.1030
vn -0.4742 0.8668 -0.1545
vn -0.6692 0.7294 -0.1420
vn -0.2578 0.9524 -0.1626
vn -0.2621 0.9505 -0.1670
vn -0.4831 0.8609 -0.1598
vn -0.6793 0.7188 -0.1479
vn -0.4923 0.8549 -0.1637
vn -0.6892 0.7082 -0.1532
vn -0.2670 0.9487 -0.1693
vn -0.2734 0.9469 -0.1690
vn -0.5028 0.8484 -0.1655
vn -0.6998 0.6967 -0.1574
vn -0.5160 0.8407 -0.1645
vn -0.7130 0.6827 -0.1600
vn -0.2824 0.9450 -0.1652
vn -0.2944 0.9427 -0.1572
vn -0.5324 0.8312 -0.1602
vn -0.7290 0.6655 -0.1600
vn -0.5509 0.8203 -0.1537
vn -0.7466 0.6464 -0.1572
vn -0.3089 0.9396 -0.1472
vn -0.0379 0.9851 -0.1679
vn 0.1786 0.9689 -0.1713
vn 0.1815 0.9679 -0.1740
vn -0.0374 0.9845 -0.1713
vn -0.0371 0.9844 -0.1721
vn 0.1851 0.9672 -0.1738
vn 0.1889 0.9670 -0.1711
vn -0.0377 0.9847 -0.1702
vn -0.0401 0.9856 -0.1642
vn 0.1926 0.9675 -0.1640
vn 0.1960 0.9688 -0.1518
vn -0.0448 0.9872 -0.1533
vn -0.0517 0.9887 -0.1406
vn 0.1985 0.9704 -0.1378
vn -0.8222 0.5553 -0.1249
vn -0.9217 0.3729 -0.1066
vn -0.8305 0.5414 -0.1312
vn -0.9277 0.3556 -0.1136
vn -0.8385 0.5271 -0.1379
vn -0.9338 0.3366 -0.1211
vn -0.8471 0.5115 -0.1445
vn -0.9398 0.3163 -0.1290
vn -0.8570 0.4928 -0.1505
vn -0.9457 0.2947 -0.1369
vn -0.8685 0.4709 -0.1547
vn -0.9513 0.2729 -0.1436
vn -0.8805 0.4479 -0.1555
vn -0.9561 0.2538 -0.1468
vn 0.3945 0.9026 -0.1727
vn 0.6089 0.7746 -0.1710
vn 0.6131 0.7709 -0.1728
vn 0.3982 0.9005 -0.1749
vn 0.4034 0.8982 -0.1746
vn 0.6192 0.7659 -0.1731
vn 0.6276 0.7592 -0.1724
vn 0.4101 0.8956 -0.1722
vn 0.4187 0.8928 -0.1659
vn 0.6388 0.7507 -0.1685
vn 0.6526 0.7406 -0.1601
vn 0.4291 0.8899 -0.1546
vn 0.4406 0.8865 -0.1417
vn 0.6681 0.7287 -0.1506
vn 0.8621 -0.5005 -0.0791
vn 0.7314 -0.6797 -0.0552
vn 0.7368 -0.6749 -0.0412
vn 0.8657 -0.4962 -0.0661
vn 0.8692 -0.4911 -0.0577
vn 0.7411 -0.6707 -0.0306
vn 0.7450 -0.6666 -0.0246
vn 0.8731 -0.4845 -0.0545
vn 0.8778 -0.4758 -0.0553
vn 0.7495 -0.6616 -0.0224
vn 0.7551 -0.6551 -0.0230
vn 0.8836 -0.4646 -0.0584
vn 0.8904 -0.4508 -0.0633
vn 0.7621 -0.6469 -0.0264
vn -0.9311 -0.3493 -0.1050
vn -0.9034 -0.4164 -0.1020
vn -0.9570 -0.2706 -0.1043
vn -0.9505 -0.2921 -0.1059
vn -0.9286 -0.3570 -0.1016
vn -0.9065 -0.4118 -0.0932
vn -0.9321 -0.3508 -0.0895
vn -0.9152 -0.3958 -0.0763
vn -0.9488 -0.3002 -0.0988
vn -0.9523 -0.2932 -0.0848
vn -0.9406 -0.3319 -0.0720
vn -0.9268 -0.3714 -0.0563
vn -0.9508 -0.3048 -0.0550
vn -0.9381 -0.3442 -0.0386
vn -0.9594 -0.2734 -0.0698
vn -0.9676 -0.2452 -0.0599
vn -0.9606 -0.2744 -0.0445
vn -0.9476 -0.3181 -0.0285
vn -0.9685 -0.2454 -0.0424
vn -0.9551 -0.2949 -0.0279
vn -0.9750 -0.2149 -0.0564
vn -0.1354 -0.9905 -0.0222
vn 0.2325 -0.9724 -0.0203
vn -0.4595 -0.8874 -0.0376
vn -0.4730 -0.8808 -0.0209
vn -0.1439 -0.9896 -0.0082
vn 0.2318 -0.9727 -0.0077
vn -0.1473 -0.9891 0.0085
vn 0.2322 -0.9727 0.0054
vn -0.4798 -0.8774 -0.0002
vn -0.4803 -0.8769 0.0169
vn -0.1458 -0.9891 0.0219
vn 0.2340 -0.9721 0.0154
vn -0.1412 -0.9895 0.0308
vn 0.2370 -0.9713 0.0218
vn -0.4768 -0.8785 0.0284
vn -0.4721 -0.8809 0.0350
vn -0.1349 -0.9902 0.0365
vn 0.2413 -0.9701 0.0256
vn -0.1277 -0.9911 0.0380
vn 0.2472 -0.9686 0.0258
vn -0.4682 -0.8829 0.0364
vn -0.9960 -0.0136 -0.0889
vn -0.9908 -0.0969 -0.0948
vn -0.9927 0.0833 -0.0869
vn -0.9940 0.0534 -0.0958
vn -0.9940 -0.0487 -0.0982
vn -0.9857 -0.1331 -0.1032
vn -0.9912 -0.0831 -0.1030
vn -0.9809 -0.1640 -0.1050
vn -0.9945 0.0211 -0.1025
vn -0.9943 -0.0082 -0.1064
vn -0.9886 -0.1106 -0.1026
vn -0.9778 -0.1841 -0.0999
vn -0.9869 -0.1266 -0.1001
vn -0.9774 -0.1902 -0.0922
vn -0.9936 -0.0298 -0.1092
vn -0.9929 -0.0408 -0.1118
vn -0.9867 -0.1296 -0.0982
vn -0.9794 -0.1827 -0.0864
vn -0.9880 -0.1206 -0.0961
vn -0.9828 -0.1655 -0.0823
vn -0.9928 -0.0401 -0.1129
vn -0.8670 -0.4894 -0.0936
vn -0.8019 -0.5922 -0.0787
vn -0.8754 -0.4767 -0.0797
vn -0.8145 -0.5769 -0.0614
vn -0.8871 -0.4577 -0.0589
vn -0.8267 -0.5614 -0.0382
vn -0.8994 -0.4356 -0.0376
vn -0.8366 -0.5475 -0.0169
vn -0.9097 -0.4148 -0.0206
vn -0.8436 -0.5369 -0.0015
vn -0.9177 -0.3972 -0.0116
vn -0.8486 -0.5291 0.0062
vn -0.9242 -0.3816 -0.0123
vn -0.8534 -0.5212 0.0051
vn -0.9780 -0.1824 -0.1007
vn -0.9709 -0.2144 -0.1064
vn -0.9661 -0.2362 -0.1041
vn -0.9652 -0.2439 -0.0943
vn -0.9681 -0.2367 -0.0825
vn -0.9733 -0.2173 -0.0740
vn -0.9790 -0.1918 -0.0696
vn -0.6776 -0.7331 -0.0587
vn -0.6921 -0.7206 -0.0404
vn -0.7022 -0.7117 -0.0172
vn -0.7075 -0.7068 0.0027
vn -0.7090 -0.7051 0.0163
vn -0.7091 -0.7048 0.0233
vn -0.7104 -0.7034 0.0231
vn 0.5338 -0.8449 -0.0334
vn 0.5384 -0.8424 -0.0204
vn 0.5418 -0.8405 -0.0090
vn 0.5445 -0.8388 -0.0012
vn 0.5473 -0.8369 0.0032
vn 0.5511 -0.8345 0.0050
vn 0.5561 -0.8311 0.0034
vn -0.9731 0.2108 -0.0926
vn -0.9770 0.1878 -0.1006
vn -0.9809 0.1618 -0.1082
vn -0.9840 0.1360 -0.1151
vn -0.9861 0.1129 -0.1219
vn -0.9872 0.0954 -0.1280
vn -0.9876 0.0860 -0.1313
vn 0.8030 0.5729 -0.1643
vn 0.8065 0.5675 -0.1656
vn 0.8117 0.5598 -0.1668
vn 0.8185 0.5494 -0.1681
vn 0.8274 0.5362 -0.1672
vn 0.8381 0.5207 -0.1629
vn 0.8493 0.5037 -0.1577
vn -0.9601 0.2680 -0.0795
vn -0.9630 0.2572 -0.0804
vn -0.9751 0.1969 -0.1022
vn -0.9808 0.1635 -0.1067
vn -0.9691 0.2310 -0.0862
vn -0.0247 -0.9632 -0.2678
vn -0.0010 -0.9630 -0.2695
vn -0.0044 -0.9586 -0.2846
vn -0.0170 -0.9593 -0.2817
vn 0.0333 -0.9646 -0.2617
vn 0.0078 -0.9583 -0.2856
vn 0.0740 -0.9534 -0.2925
vn 0.0132 -0.9402 -0.3403
vn 0.1548 -0.9259 -0.3446
vn 0.0085 -0.8825 -0.4701
vn 0.2356 -0.8468 -0.4769
vn 0.0102 -0.7871 -0.6167
vn 0.4019 -0.7446 -0.5329
vn 0.0290 -0.6631 -0.7479
vn 0.4546 -0.6309 -0.6288
vn -0.1972 -0.4626 -0.8644
vn 0.3347 -0.4447 -0.8308
vn -0.3080 -0.2963 -0.9041
vn -0.1779 0.3275 -0.9279
vn -0.2478 0.4952 -0.8327
vn -0.4159 0.4032 -0.8152
vn -0.7364 0.1460 -0.6607
vn 0.1301 0.6688 -0.7320
vn -0.2116 0.5882 -0.7805
vn 0.0290 -0.9756 -0.2177
vn 0.0894 -0.9728 -0.2139
vn -0.0370 -0.9864 -0.1601
vn 0.0235 -0.9905 -0.1357
vn 0.0835 -0.9894 -0.1187
vn 0.1654 -0.9628 -0.2136
vn -0.1896 -0.9772 -0.0959
vn -0.1448 -0.9869 -0.0706
vn -0.4086 -0.9121 -0.0347
vn -0.3875 -0.9217 -0.0174
vn -0.3711 -0.9285 -0.0081
vn -0.1073 -0.9927 -0.0546
vn -0.6249 -0.7804 0.0192
vn -0.6171 -0.7864 0.0294
vn -0.7942 -0.6027 0.0773
vn -0.7888 -0.6092 0.0820
vn -0.7822 -0.6174 0.0835
vn -0.6096 -0.7919 0.0341
vn -0.9074 -0.3936 0.1475
vn -0.9041 -0.4014 0.1464
vn -0.9618 -0.1664 0.2175
vn -0.9626 -0.1708 0.2103
vn -0.9637 -0.1772 0.1999
vn -0.9001 -0.4116 0.1429
vn -0.9621 0.0550 0.2671
vn -0.9656 0.0572 0.2535
vn -0.9229 0.2534 0.2898
vn -0.9277 0.2608 0.2670
vn -0.9330 0.2691 0.2389
vn -0.9702 0.0587 0.2353
vn -0.8505 0.4379 0.2913
vn -0.8575 0.4478 0.2534
vn -0.7320 0.6250 0.2714
vn -0.7407 0.6375 0.2121
vn -0.7437 0.6510 0.1521
vn -0.8625 0.4598 0.2113
vn -0.5551 0.8035 0.2150
vn -0.5578 0.8193 0.1327
vn -0.3429 0.9328 0.1113
vn -0.3271 0.9449 0.0129
vn -0.2995 0.9524 -0.0570
vn -0.5514 0.8321 0.0591
vn -0.1569 0.9874 -0.0219
vn -0.1224 0.9846 -0.1248
vn -0.0477 0.9876 -0.1495
vn -0.0093 0.9675 -0.2528
vn 0.0726 0.9589 -0.2742
vn -0.0664 0.9829 -0.1715
vn 0.1419 0.7840 -0.6043
vn -0.1537 0.7077 -0.6896
vn 0.0696 0.8689 -0.4900
vn -0.1343 0.7944 -0.5924
vn -0.0358 0.8960 -0.4425
vn -0.1228 0.8685 -0.4803
vn -0.0406 0.9492 -0.3122
vn -0.0915 0.9369 -0.3374
vn 0.0398 0.9967 0.0710
vn 0.0053 0.9987 0.0506
vn -0.0383 0.9887 -0.1448
vn -0.0002 0.9924 -0.1229
vn 0.0135 0.9327 -0.3603
vn 0.1143 0.9199 -0.3751
vn -0.0155 0.9685 -0.2485
vn -0.0589 -0.9685 -0.2419
vn -0.0233 -0.9707 -0.2390
vn -0.1391 -0.9698 -0.2006
vn -0.0957 -0.9771 -0.1899
vn -0.2784 -0.9492 -0.1467
vn -0.2381 -0.9630 -0.1264
vn -0.4630 -0.8820 -0.0879
vn -0.4358 -0.8980 -0.0613
vn -0.6531 -0.7569 -0.0239
vn -0.6373 -0.7706 -0.0004
vn -0.8110 -0.5826 0.0537
vn -0.8014 -0.5944 0.0667
vn -0.9154 -0.3763 0.1431
vn -0.9110 -0.3858 0.1457
vn -0.9611 -0.1587 0.2260
vn -0.9613 -0.1627 0.2221
vn -0.9569 0.0500 0.2862
vn -0.9593 0.0523 0.2774
vn -0.9142 0.2415 0.3253
vn -0.9186 0.2469 0.3086
vn -0.8326 0.4242 0.3561
vn -0.8421 0.4301 0.3253
vn -0.7011 0.6035 0.3798
vn -0.7182 0.6135 0.3283
vn -0.5227 0.7637 0.3789
vn -0.5421 0.7846 0.3009
vn -0.3280 0.8821 0.3380
vn -0.3406 0.9120 0.2284
vn -0.1572 0.9516 0.2640
vn -0.1634 0.9790 0.1222
vn -0.0362 0.9827 0.1818
vn -0.0476 0.9988 0.0141
vn 0.0028 0.9975 -0.0704
vn 0.0283 0.9930 0.1143
vn 0.0144 0.8165 0.5772
vn 0.0160 0.8155 0.5785
vn 0.0022 0.8136 0.5815
vn -0.0006 0.8128 0.5825
vn 0.0194 0.8167 0.5767
vn 0.0038 0.8150 0.5794
vn -0.0426 0.8134 0.5801
vn -0.0400 0.8114 0.5832
vn -0.0428 0.8081 0.5875
vn 0.0246 0.8300 0.5572
vn 0.0070 0.8246 0.5656
vn 0.0335 0.8592 0.5105
vn 0.0140 0.8492 0.5278
vn -0.0427 0.8358 0.5474
vn -0.0440 0.8181 0.5735
vn 0.0458 0.8980 0.4376
vn 0.0247 0.8856 0.4639
vn 0.0567 0.9374 0.3437
vn 0.0353 0.9258 0.3764
vn -0.0333 0.9068 0.4202
vn -0.0385 0.8672 0.4964
vn 0.0579 0.9724 0.2261
vn 0.0390 0.9639 0.2633
vn -0.0311 0.9478 0.3175
vn -0.2325 0.7721 0.5914
vn -0.1160 0.7983 0.5910
vn -0.1141 0.8061 0.5808
vn -0.2323 0.7871 0.5713
vn -0.1223 0.8097 0.5740
vn -0.2468 0.7939 0.5557
vn -0.1289 0.8085 0.5742
vn -0.2566 0.7875 0.5604
vn -0.1347 0.8170 0.5608
vn -0.2672 0.7858 0.5578
vn -0.1398 0.8396 0.5249
vn -0.2804 0.7961 0.5363
vn -0.1448 0.8738 0.4642
vn -0.2960 0.8185 0.4924
vn -0.1503 0.9134 0.3783
vn -0.3124 0.8489 0.4263
vn -0.6081 0.5726 0.5499
vn -0.4037 0.7056 0.5824
vn -0.4060 0.7302 0.5495
vn -0.6128 0.6058 0.5074
vn -0.4267 0.7405 0.5192
vn -0.6378 0.6173 0.4606
vn -0.4353 0.7316 0.5248
vn -0.6413 0.6109 0.4643
vn -0.4447 0.7224 0.5295
vn -0.6439 0.6014 0.4730
vn -0.4592 0.7207 0.5193
vn -0.6517 0.5944 0.4713
vn -0.4788 0.7284 0.4900
vn -0.6654 0.5925 0.4541
vn -0.5009 0.7438 0.4426
vn -0.6828 0.5960 0.4226
vn -0.8832 0.1888 0.4293
vn -0.7814 0.3842 0.4917
vn -0.7898 0.4197 0.4473
vn -0.8962 0.2188 0.3860
vn -0.8144 0.4295 0.3902
vn -0.9167 0.2274 0.3284
vn -0.8137 0.4295 0.3917
vn -0.9155 0.2322 0.3285
vn -0.8101 0.4262 0.4026
vn -0.9109 0.2345 0.3396
vn -0.8098 0.4223 0.4072
vn -0.9075 0.2350 0.3480
vn -0.8145 0.4201 0.4002
vn -0.9074 0.2356 0.3480
vn -0.8228 0.4208 0.3821
vn -0.9101 0.2377 0.3394
vn -0.9275 -0.1624 0.3366
vn -0.9253 0.0103 0.3791
vn -0.9414 0.0331 0.3357
vn -0.9455 -0.1459 0.2911
vn -0.9590 0.0420 0.2804
vn -0.9626 -0.1366 0.2342
vn -0.9594 0.0473 0.2782
vn -0.9646 -0.1337 0.2273
vn -0.9566 0.0498 0.2870
vn -0.9637 -0.1351 0.2303
vn -0.9541 0.0497 0.2952
vn -0.9622 -0.1400 0.2336
vn -0.9535 0.0488 0.2975
vn -0.9612 -0.1468 0.2334
vn -0.9547 0.0487 0.2937
vn -0.9610 -0.1534 0.2302
vn -0.8123 -0.5383 0.2247
vn -0.8931 -0.3451 0.2884
vn -0.9112 -0.3356 0.2389
vn -0.8268 -0.5357 0.1715
vn -0.9286 -0.3261 0.1769
vn -0.8434 -0.5267 0.1059
vn -0.9311 -0.3262 0.1634
vn -0.8446 -0.5285 0.0858
vn -0.9301 -0.3316 0.1579
vn -0.8420 -0.5347 0.0716
vn -0.9276 -0.3410 0.1527
vn -0.8370 -0.5441 0.0583
vn -0.9241 -0.3528 0.1470
vn -0.8300 -0.5557 0.0482
vn -0.9199 -0.3650 0.1431
vn -0.8211 -0.5690 0.0460
vn -0.5162 -0.8541 0.0643
vn -0.6799 -0.7187 0.1460
vn -0.6872 -0.7205 0.0933
vn -0.5156 -0.8566 0.0183
vn -0.7002 -0.7133 0.0303
vn -0.5221 -0.8521 -0.0353
vn -0.6994 -0.7147 0.0063
vn -0.5187 -0.8529 -0.0593
vn -0.6953 -0.7186 -0.0133
vn -0.5136 -0.8543 -0.0804
vn -0.6890 -0.7241 -0.0311
vn -0.5072 -0.8562 -0.0987
vn -0.6802 -0.7318 -0.0420
vn -0.4982 -0.8603 -0.1084
vn -0.6682 -0.7429 -0.0400
vn -0.4841 -0.8687 -0.1050
vn -0.2378 -0.9694 -0.0616
vn -0.3599 -0.9329 -0.0068
vn -0.3538 -0.9343 -0.0423
vn -0.2294 -0.9694 -0.0868
vn -0.3527 -0.9320 -0.0835
vn -0.2221 -0.9680 -0.1168
vn -0.3453 -0.9326 -0.1050
vn -0.2107 -0.9682 -0.1349
vn -0.3378 -0.9330 -0.1245
vn -0.1998 -0.9680 -0.1516
vn -0.3301 -0.9333 -0.1410
vn -0.1897 -0.9677 -0.1659
vn -0.3203 -0.9352 -0.1509
vn -0.1790 -0.9676 -0.1780
vn -0.3046 -0.9401 -0.1532
vn -0.1643 -0.9677 -0.1911
vn -0.0945 -0.9873 -0.1273
vn -0.1526 -0.9831 -0.1011
vn -0.1447 -0.9824 -0.1184
vn -0.0889 -0.9862 -0.1395
vn -0.1349 -0.9808 -0.1405
vn -0.0807 -0.9843 -0.1569
vn -0.1221 -0.9802 -0.1556
vn -0.0703 -0.9829 -0.1700
vn -0.1097 -0.9794 -0.1694
vn -0.0601 -0.9816 -0.1815
vn -0.0987 -0.9784 -0.1816
vn -0.0512 -0.9800 -0.1922
vn -0.0886 -0.9765 -0.1965
vn -0.0437 -0.9769 -0.2093
vn -0.0774 -0.9725 -0.2199
vn -0.0364 -0.9703 -0.2392
vn 0.0022 0.8191 0.5736
vn 0.0026 0.8171 0.5765
vn 0.0048 0.8182 0.5748
vn 0.0083 0.8339 0.5518
vn 0.0144 0.8660 0.4997
vn 0.0225 0.9064 0.4218
vn 0.0288 0.9452 0.3252
vn 0.0261 0.9781 0.2067
vn -0.0496 -0.9873 -0.1511
vn -0.0521 -0.9885 -0.1418
vn -0.0457 -0.9850 -0.1663
vn -0.0408 -0.9831 -0.1784
vn -0.0360 -0.9814 -0.1883
vn -0.0320 -0.9797 -0.1981
vn -0.0284 -0.9758 -0.2167
vn -0.0242 -0.9678 -0.2505
vn -0.9377 0.2785 0.2075
vn -0.9751 0.0591 0.2135
vn -0.9411 0.2890 0.1757
vn -0.9800 0.0583 0.1900
vn -0.9655 -0.1972 0.1702
vn -0.9647 -0.1861 0.1864
vn 0.9584 0.2707 -0.0903
vn 0.6942 0.4667 -0.5479
vn 0.9726 0.2297 -0.0364
vn 0.9479 0.3146 -0.0494
vn 0.8576 0.5033 -0.1061
vn 0.7121 0.6011 -0.3626
vn -0.7737 -0.6282 0.0820
vn -0.6009 -0.7986 0.0351
vn -0.7639 -0.6408 0.0765
vn -0.5911 -0.8060 0.0318
vn -0.3457 -0.9383 -0.0049
vn -0.3575 -0.9339 -0.0042
vn 0.1543 0.9563 -0.2484
vn -0.0251 0.9806 -0.1946
vn 0.1781 0.9529 -0.2456
vn -0.0278 0.9712 -0.2366
vn -0.2799 0.9422 -0.1840
vn -0.2802 0.9529 -0.1164
vn 0.1389 -0.9857 -0.0956
vn 0.2519 -0.9523 -0.1722
vn 0.1805 -0.9807 -0.0746
vn 0.3211 -0.9394 -0.1197
vn 0.4271 -0.8942 -0.1341
vn 0.3432 -0.9075 -0.2421
vn -0.7408 0.6655 0.0915
vn -0.8643 0.4745 0.1669
vn -0.7306 0.6821 0.0316
vn -0.8614 0.4927 0.1232
vn 0.5343 -0.8327 -0.1456
vn 0.5883 -0.7967 0.1387
vn 0.6839 -0.5265 0.5050
vn 0.8315 -0.3985 0.3871
vn -0.8949 -0.4248 0.1365
vn -0.8889 -0.4402 0.1267
vn 0.3646 0.8601 -0.3567
vn 0.2516 0.9185 -0.3049
vn 0.4982 0.8366 -0.2278
vn 0.3353 0.9108 -0.2407
vn -0.0772 -0.9961 -0.0436
vn -0.0547 -0.9978 -0.0378
vn -0.5422 0.8401 -0.0115
vn -0.5315 0.8429 -0.0836
vn 0.5323 0.7587 -0.3756
vn 0.6890 0.7012 -0.1831
vn 0.9275 -0.1388 0.3472
vn 0.8410 -0.0175 0.5408
vn 0.9172 -0.1139 0.3818
vn 0.9266 -0.1295 0.3529
vn 0.5795 -0.7417 -0.3376
vn 0.7204 -0.6188 -0.3131
vn 0.8869 -0.4143 -0.2042
vn 0.8922 -0.3402 -0.2971
vn 0.7756 -0.6114 -0.1566
vn 0.8568 -0.4934 -0.1498
vn 0.9113 -0.3798 -0.1587
vn 0.9277 -0.3581 -0.1053
vn 0.9572 -0.2681 -0.1087
vn -0.9383 0.3448 0.0273
vn -0.9319 0.3623 -0.0188
vn -0.9981 0.0611 0.0036
vn -0.9968 0.0546 0.0581
vn -0.9244 0.3772 -0.0565
vn -0.9963 0.0701 -0.0490
vn -0.9698 -0.2393 -0.0473
vn -0.9708 -0.2397 0.0090
vn -0.9693 -0.2376 0.0630
vn -0.6178 0.7810 -0.0915
vn -0.6013 0.7957 -0.0733
vn -0.7879 0.6138 -0.0498
vn -0.8036 0.5945 -0.0285
vn -0.5973 0.8002 -0.0535
vn -0.7785 0.6247 -0.0607
vn -0.2226 0.9609 -0.1645
vn -0.2095 0.9749 -0.0754
vn -0.4015 0.9123 -0.0806
vn -0.4145 0.8992 -0.1402
vn -0.2086 0.9778 -0.0204
vn -0.4019 0.9149 -0.0372
vn 0.9674 0.2487 -0.0473
vn 0.9559 0.2882 -0.0569
vn 0.9351 0.3467 -0.0736
vn 0.9447 0.3193 -0.0744
vn 0.9646 0.2379 -0.1137
vn 0.9300 0.3566 -0.0894
vn 0.8615 0.5015 -0.0799
vn 0.8592 0.5026 -0.0955
vn 0.8609 0.4952 -0.1166
vn 0.1233 0.9800 -0.1561
vn 0.1394 0.9884 -0.0603
vn -0.0328 0.9973 -0.0664
vn -0.0481 0.9848 -0.1672
vn 0.1485 0.9889 -0.0096
vn -0.0278 0.9996 -0.0103
vn 0.2436 -0.9697 -0.0195
vn 0.2477 -0.9685 -0.0265
vn 0.4150 -0.9091 -0.0363
vn 0.4001 -0.9160 -0.0306
vn 0.2517 -0.9670 -0.0400
vn 0.4333 -0.9003 -0.0415
vn 0.5694 -0.8193 -0.0676
vn 0.5252 -0.8468 -0.0844
vn 0.4869 -0.8703 -0.0743
vn 0.7170 0.6910 -0.0923
vn 0.7082 0.6936 -0.1318
vn 0.7274 0.6833 -0.0624
vn 0.5402 0.8406 -0.0392
vn 0.5254 0.8475 -0.0756
vn 0.5105 0.8494 -0.1338
vn -0.2887 -0.9574 -0.0016
vn -0.2826 -0.9587 -0.0310
vn 0.0052 -0.9995 -0.0311
vn 0.0021 -0.9999 -0.0152
vn -0.2786 -0.9581 -0.0663
vn 0.0057 -0.9985 -0.0537
vn 0.3245 0.9438 -0.0625
vn 0.3085 0.9406 -0.1415
vn 0.3375 0.9411 -0.0195
vn -0.7268 -0.6857 0.0387
vn -0.7252 -0.6885 -0.0085
vn -0.5358 -0.8441 -0.0211
vn -0.5407 -0.8410 0.0196
vn -0.7206 -0.6906 -0.0614
vn -0.5301 -0.8452 -0.0679
vn 0.5718 -0.7930 -0.2101
vn 0.4853 -0.8555 -0.1803
vn 0.6718 -0.7314 -0.1177
vn -0.8701 -0.4928 0.0025
vn -0.8703 -0.4896 0.0535
vn -0.8671 -0.4954 -0.0529
vn -0.9660 -0.2098 0.1514
vn -0.8821 -0.4568 0.1150
vn -0.9663 -0.2220 0.1301
vn -0.8754 -0.4722 0.1034
vn -0.7399 -0.6691 0.0696
vn -0.7524 -0.6549 0.0710
vn -0.9673 -0.2318 0.1032
vn -0.8710 -0.4835 0.0867
vn -0.7305 -0.6798 0.0644
vn 0.4466 -0.8906 -0.0857
vn 0.4670 -0.8816 -0.0688
vn 0.4617 -0.8856 -0.0502
vn 0.4686 -0.8818 -0.0540
vn 0.4498 -0.8914 -0.0558
vn 0.4552 -0.8886 -0.0565
vn 0.4700 -0.8814 -0.0476
vn 0.4688 -0.8800 -0.0761
vn 0.4417 -0.8919 -0.0971
vn -0.5786 -0.8151 0.0303
vn -0.5630 -0.8257 0.0357
vn -0.3148 -0.9491 0.0042
vn -0.3318 -0.9433 -0.0037
vn -0.5489 -0.8350 0.0382
vn -0.2991 -0.9542 0.0100
vn 0.5211 0.8313 -0.1935
vn 0.3328 0.9114 -0.2422
vn 0.5051 0.8375 -0.2088
vn 0.3012 0.9165 -0.2631
vn 0.1063 0.9447 -0.3103
vn 0.1453 0.9479 -0.2836
vn 0.4994 0.8446 -0.1929
vn 0.2933 0.9282 -0.2290
vn 0.1028 0.9592 -0.2635
vn -0.0356 -0.9989 -0.0309
vn -0.0183 -0.9996 -0.0203
vn 0.2281 -0.9730 -0.0350
vn 0.2095 -0.9763 -0.0541
vn -0.0053 -0.9999 -0.0119
vn 0.2383 -0.9710 -0.0220
vn 0.8695 0.4857 -0.0900
vn 0.7135 0.6863 -0.1413
vn 0.8670 0.4832 -0.1218
vn 0.7068 0.6885 -0.1625
vn 0.8633 0.4868 -0.1333
vn 0.7030 0.6918 -0.1652
vn 0.3604 -0.9297 -0.0761
vn 0.3812 -0.9235 -0.0436
vn 0.3910 -0.9199 -0.0290
vn -0.0606 0.9534 -0.2955
vn -0.0833 0.9423 -0.3244
vn -0.2774 0.9173 -0.2857
vn -0.2858 0.9246 -0.2517
vn -0.0732 0.9583 -0.2762
vn -0.2506 0.9345 -0.2527
vn 0.9757 0.2134 -0.0502
vn 0.9534 0.2961 -0.0578
vn 0.9761 0.2096 -0.0571
vn 0.9541 0.2886 -0.0800
vn 0.9740 0.2211 -0.0503
vn 0.9515 0.2967 -0.0815
vn -0.5135 0.8448 -0.1506
vn -0.4829 0.8541 -0.1930
vn -0.6817 0.7282 -0.0705
vn -0.7111 0.7027 -0.0247
vn -0.4450 0.8755 -0.1886
vn -0.6473 0.7564 -0.0941
vn -0.8534 0.5150 0.0812
vn -0.8400 0.5411 0.0404
vn -0.9432 0.3132 0.1107
vn -0.9428 0.3005 0.1442
vn -0.8224 0.5689 0.0026
vn -0.9420 0.3279 0.0722
vn -0.9847 0.0563 0.1650
vn -0.9891 0.0537 0.1372
vn -0.9933 0.0523 0.1033
vn -0.9664 -0.2380 -0.0976
vn -0.8608 -0.4982 -0.1040
vn -0.9609 -0.2371 -0.1432
vn -0.8517 -0.5013 -0.1529
vn -0.7034 -0.6927 -0.1594
vn -0.7130 -0.6924 -0.1107
vn 0.8044 -0.5822 -0.1183
vn 0.8691 -0.4718 -0.1484
vn 0.8295 -0.5494 -0.1006
vn 0.8978 -0.4258 -0.1122
vn 0.9544 -0.2767 -0.1123
vn 0.9456 -0.2907 -0.1461
vn -0.6410 0.7561 0.1318
vn -0.6360 0.7522 0.1720
vn -0.8253 0.5468 0.1411
vn -0.8294 0.5493 0.1017
vn -0.6307 0.7406 0.2317
vn -0.8191 0.5387 0.1972
vn -0.9403 0.3035 0.1542
vn -0.9463 0.3067 0.1023
vn -0.9493 0.3085 0.0600
vn -0.9181 0.3871 -0.0858
vn -0.9925 0.0791 -0.0931
vn -0.9123 0.3930 -0.1149
vn -0.9875 0.0867 -0.1317
vn 0.9859 -0.1202 -0.1168
vn 0.9847 -0.1204 -0.1261
vn 0.9867 -0.1274 -0.1006
vn 0.9960 -0.0109 -0.0892
vn 0.9948 -0.0157 -0.1011
vn 0.9947 -0.0215 -0.1006
vn -0.6004 0.7984 -0.0458
vn -0.7752 0.6278 -0.0700
vn -0.6050 0.7940 -0.0591
vn -0.7742 0.6265 -0.0902
vn 0.9922 0.0640 -0.1069
vn 0.9917 0.0541 -0.1164
vn 0.9934 0.0784 -0.0838
vn 0.9813 0.1759 -0.0784
vn 0.9773 0.1795 -0.1126
vn -0.2101 0.9777 0.0001
vn -0.4070 0.9132 -0.0195
vn -0.2103 0.9776 -0.0048
vn -0.4118 0.9108 -0.0278
vn 0.9382 0.3333 -0.0932
vn 0.9488 0.3091 -0.0650
vn 0.8765 0.4791 -0.0457
vn 0.8691 0.4905 -0.0635
vn 0.1564 0.9877 0.0070
vn -0.0245 0.9997 0.0087
vn 0.1640 0.9865 0.0047
vn -0.0195 0.9998 0.0052
vn 0.2553 -0.9650 -0.0603
vn 0.4500 -0.8913 -0.0545
vn 0.2593 -0.9618 -0.0873
vn 0.4650 -0.8820 -0.0768
vn 0.6233 -0.7780 -0.0788
vn 0.6009 -0.7966 -0.0659
vn 0.7379 0.6737 -0.0408
vn 0.7448 0.6667 -0.0270
vn 0.5603 0.8282 -0.0123
vn 0.5529 0.8330 -0.0200
vn -0.2769 -0.9555 -0.1017
vn 0.0041 -0.9968 -0.0804
vn -0.2782 -0.9504 -0.1392
vn 0.0009 -0.9938 -0.1116
vn 0.3490 0.9371 -0.0032
vn 0.3571 0.9341 -0.0018
vn -0.5240 -0.8444 -0.1120
vn -0.5188 -0.8405 -0.1564
vn 0.7158 -0.6924 -0.0904
vn 0.7420 -0.6646 -0.0879
vn 0.9772 0.1140 -0.1791
vn 0.9837 0.0270 -0.1777
vn 0.9861 0.0792 -0.1460
vn 0.9802 0.1636 -0.1116
vn 0.9919 -0.0021 -0.1271
vn 0.9924 0.0556 -0.1099
vn 0.9883 0.1294 -0.0804
vn 0.9821 0.1546 -0.1079
vn 0.9787 0.1801 -0.0981
vn -0.1288 0.9751 0.1807
vn -0.1450 0.9657 0.2152
vn -0.3924 0.8989 0.1951
vn -0.3903 0.9074 0.1559
vn -0.1578 0.9517 0.2635
vn -0.3934 0.8840 0.2525
vn 0.9569 0.2866 -0.0475
vn 0.9517 0.3044 -0.0405
vn 0.9682 0.2486 -0.0267
vn 0.9132 0.4045 0.0499
vn 0.9004 0.4342 0.0279
vn 0.8889 0.4579 0.0141
vn 0.2526 0.9430 0.2167
vn 0.2400 0.9403 0.2412
vn 0.0609 0.9704 0.2336
vn 0.0827 0.9753 0.2048
vn 0.2259 0.9359 0.2702
vn 0.0422 0.9617 0.2709
vn 0.3545 -0.9056 -0.2329
vn 0.3584 -0.9018 -0.2414
vn 0.5876 -0.7765 -0.2278
vn 0.5760 -0.7828 -0.2355
vn 0.3523 -0.8989 -0.2603
vn 0.5866 -0.7753 -0.2339
vn 0.7535 -0.6236 -0.2082
vn 0.7422 -0.6331 -0.2198
vn 0.7211 -0.6498 -0.2403
vn 0.7927 0.6001 0.1074
vn 0.7779 0.6230 0.0821
vn 0.8022 0.5820 0.1330
vn 0.6291 0.7499 0.2045
vn 0.6264 0.7589 0.1784
vn 0.6131 0.7751 0.1529
vn -0.2862 -0.9393 -0.1895
vn -0.2764 -0.9402 -0.1992
vn 0.0512 -0.9700 -0.2377
vn 0.0448 -0.9744 -0.2204
vn -0.2594 -0.9423 -0.2116
vn 0.0572 -0.9640 -0.2595
vn 0.4287 0.8750 0.2251
vn 0.4261 0.8819 0.2018
vn 0.4233 0.8706 0.2508
vn -0.7440 -0.6582 -0.1153
vn -0.7452 -0.6610 -0.0877
vn -0.5468 -0.8252 -0.1417
vn -0.5517 -0.8203 -0.1508
vn -0.7426 -0.6667 -0.0627
vn -0.5352 -0.8338 -0.1352
vn 0.8432 -0.4902 -0.2207
vn 0.8198 -0.5162 -0.2481
vn 0.8593 -0.4743 -0.1915
vn 0.9202 -0.3487 -0.1780
vn 0.9053 -0.3618 -0.2227
vn 0.8846 -0.3898 -0.2560
vn -0.9755 -0.2166 -0.0373
vn -0.9764 -0.2156 0.0099
vn -0.8886 -0.4570 -0.0391
vn -0.8859 -0.4569 -0.0795
vn -0.9751 -0.2153 0.0542
vn -0.8886 -0.4587 -0.0019
vn 0.9402 -0.2577 -0.2227
vn 0.9222 -0.2830 -0.2637
vn 0.9544 -0.2493 -0.1642
vn 0.9751 -0.1619 -0.1513
vn 0.9613 -0.1670 -0.2192
vn 0.9458 -0.1842 -0.2675
vn -0.9972 0.0466 0.0581
vn -0.9989 0.0464 0.0109
vn -0.9932 0.0470 0.1067
vn 0.9762 -0.0700 -0.2052
vn 0.9659 -0.0588 -0.2521
vn 0.9872 -0.0771 -0.1398
vn 0.9593 -0.2669 -0.0918
vn 0.9885 -0.1305 -0.0769
vn 0.9595 -0.2672 -0.0897
vn 0.9875 -0.1418 -0.0683
vn 0.9987 -0.0214 -0.0457
vn 0.9981 -0.0120 -0.0612
vn 0.9559 -0.2732 -0.1078
vn 0.9836 -0.1581 -0.0863
vn 0.9538 -0.2747 -0.1218
vn 0.9803 -0.1666 -0.1064
vn 0.9948 -0.0503 -0.0884
vn 0.9974 -0.0374 -0.0620
vn 0.9573 -0.2675 -0.1099
vn 0.9823 -0.1589 -0.0996
vn 0.9638 -0.2547 -0.0791
vn 0.9880 -0.1389 -0.0678
vn 0.9976 -0.0330 -0.0608
vn 0.9947 -0.0493 -0.0898
vn 0.9689 -0.2420 -0.0525
vn 0.9925 -0.1171 -0.0363
vn 0.9717 -0.2316 -0.0466
vn 0.9947 -0.0989 -0.0268
vn 0.9999 0.0037 -0.0124
vn 0.9996 -0.0118 -0.0259
vn 0.9729 -0.2241 -0.0567
vn 0.9963 -0.0779 -0.0363
vn 0.9715 -0.2279 -0.0661
vn 0.9973 -0.0637 -0.0357
vn 0.9921 0.1159 -0.0474
vn 0.9994 0.0213 -0.0275
vn 0.9632 -0.2528 -0.0914
vn 0.9935 -0.1018 -0.0509
vn 0.9496 -0.2658 -0.1660
vn 0.9774 -0.1504 -0.1488
vn 0.9924 0.0125 -0.1225
vn 0.9946 0.0952 -0.0401
vn -0.9049 0.3995 -0.1466
vn -0.9812 0.0937 -0.1686
vn -0.8966 0.4082 -0.1720
vn -0.9744 0.1001 -0.2015
vn -0.9425 -0.2417 -0.2309
vn -0.9529 -0.2380 -0.1881
vn -0.8935 0.4138 -0.1744
vn -0.9701 0.1025 -0.2200
vn -0.9010 0.4075 -0.1490
vn -0.9718 0.0963 -0.2152
vn -0.9302 -0.2556 -0.2635
vn -0.9329 -0.2484 -0.2606
vn -0.9152 0.3862 -0.1156
vn -0.9774 0.0817 -0.1947
vn -0.9291 0.3572 -0.0955
vn -0.9826 0.0642 -0.1745
vn -0.9439 -0.2489 -0.2170
vn -0.9355 -0.2570 -0.2424
vn -0.9391 0.3317 -0.0897
vn -0.9860 0.0497 -0.1591
vn -0.9444 0.3163 -0.0895
vn -0.9883 0.0412 -0.1467
vn -0.9554 -0.2272 -0.1886
vn -0.9511 -0.2362 -0.1993
vn -0.9460 0.3122 -0.0873
vn -0.9901 0.0392 -0.1349
vn -0.9462 0.3153 -0.0734
vn -0.9922 0.0425 -0.1173
vn -0.9606 -0.2268 -0.1608
vn -0.9578 -0.2253 -0.1787
vn -0.9470 0.3183 -0.0426
vn -0.9947 0.0469 -0.0913
vn -0.9486 0.3164 -0.0049
vn -0.9969 0.0487 -0.0614
vn -0.9688 -0.2231 -0.1084
vn -0.9646 -0.2265 -0.1352
vn 0.8436 -0.5273 -0.1014
vn 0.9099 -0.4027 -0.0994
vn 0.8481 -0.5164 -0.1188
vn 0.9132 -0.3935 -0.1061
vn 0.8474 -0.5110 -0.1438
vn 0.9113 -0.3919 -0.1267
vn 0.8483 -0.5061 -0.1555
vn 0.9102 -0.3904 -0.1385
vn 0.8541 -0.5003 -0.1424
vn 0.9139 -0.3861 -0.1255
vn 0.8606 -0.4956 -0.1169
vn 0.9199 -0.3800 -0.0970
vn 0.8630 -0.4955 -0.0986
vn 0.9242 -0.3746 -0.0743
vn 0.8620 -0.4978 -0.0958
vn 0.9263 -0.3702 -0.0704
vn 0.8621 -0.4960 -0.1036
vn 0.9269 -0.3665 -0.0811
vn 0.8650 -0.4884 -0.1152
vn 0.9256 -0.3663 -0.0949
vn 0.8681 -0.4775 -0.1357
vn 0.9216 -0.3692 -0.1194
vn 0.8700 -0.4591 -0.1799
vn 0.9169 -0.3591 -0.1744
vn -0.8388 -0.5048 -0.2039
vn -0.8224 -0.5093 -0.2536
vn -0.6793 -0.6849 -0.2637
vn -0.6919 -0.6902 -0.2119
vn -0.8076 -0.5157 -0.2862
vn -0.8039 -0.5229 -0.2835
vn -0.6691 -0.6845 -0.2894
vn -0.6696 -0.6810 -0.2964
vn -0.8144 -0.5237 -0.2501
vn -0.8317 -0.5113 -0.2167
vn -0.6883 -0.6952 -0.2073
vn -0.6775 -0.6927 -0.2473
vn -0.8472 -0.4902 -0.2049
vn -0.8566 -0.4715 -0.2096
vn -0.7063 -0.6744 -0.2151
vn -0.6982 -0.6878 -0.1988
vn -0.8606 -0.4626 -0.2130
vn -0.8638 -0.4627 -0.1995
vn -0.7191 -0.6575 -0.2248
vn -0.7127 -0.6624 -0.2309
vn -0.8687 -0.4650 -0.1711
vn -0.8746 -0.4636 -0.1418
vn -0.7330 -0.6597 -0.1660
vn -0.7262 -0.6586 -0.1970
vn 0.6395 -0.7617 -0.1036
vn 0.7567 -0.6456 -0.1024
vn 0.6526 -0.7454 -0.1361
vn 0.7637 -0.6326 -0.1291
vn 0.6652 -0.7278 -0.1666
vn 0.7678 -0.6211 -0.1573
vn 0.6790 -0.7117 -0.1802
vn 0.7746 -0.6095 -0.1687
vn 0.6908 -0.7017 -0.1742
vn 0.7847 -0.5997 -0.1568
vn 0.6940 -0.7008 -0.1650
vn 0.7910 -0.5962 -0.1375
vn 0.6862 -0.7092 -0.1619
vn 0.7883 -0.6021 -0.1268
vn 0.6749 -0.7211 -0.1566
vn 0.7810 -0.6121 -0.1240
vn 0.6708 -0.7271 -0.1461
vn 0.7787 -0.6150 -0.1243
vn 0.6761 -0.7227 -0.1432
vn 0.7844 -0.6066 -0.1297
vn 0.6850 -0.7110 -0.1589
vn 0.7921 -0.5923 -0.1478
vn 0.6931 -0.6944 -0.1935
vn 0.7975 -0.5737 -0.1867
vn -0.5157 -0.8318 -0.2054
vn -0.5152 -0.8181 -0.2554
vn -0.2922 -0.9287 -0.2283
vn -0.2833 -0.9416 -0.1819
vn -0.5176 -0.8049 -0.2903
vn -0.5218 -0.8024 -0.2898
vn -0.3096 -0.9080 -0.2821
vn -0.3027 -0.9147 -0.2677
vn -0.5233 -0.8134 -0.2541
vn -0.5184 -0.8276 -0.2152
vn -0.2907 -0.9271 -0.2366
vn -0.3064 -0.9142 -0.2652
vn -0.5114 -0.8348 -0.2039
vn -0.5093 -0.8325 -0.2180
vn -0.2555 -0.9404 -0.2243
vn -0.2699 -0.9370 -0.2220
vn -0.5143 -0.8249 -0.2348
vn -0.5244 -0.8188 -0.2334
vn -0.2632 -0.9378 -0.2264
vn -0.2540 -0.9395 -0.2300
vn -0.5355 -0.8177 -0.2111
vn -0.5443 -0.8185 -0.1837
vn -0.2850 -0.9385 -0.1947
vn -0.2757 -0.9377 -0.2114
vn 0.5628 0.8265 -0.0097
vn 0.3620 0.9322 -0.0018
vn 0.5673 0.8235 -0.0052
vn 0.3701 0.9290 0.0095
vn 0.1785 0.9838 0.0168
vn 0.1708 0.9853 0.0019
vn 0.5812 0.8138 0.0029
vn 0.3882 0.9211 0.0301
vn 0.6033 0.7974 0.0123
vn 0.4145 0.9089 0.0447
vn 0.2070 0.9761 0.0657
vn 0.1905 0.9806 0.0462
vn 0.6227 0.7822 0.0210
vn 0.4380 0.8979 0.0452
vn 0.6278 0.7779 0.0283
vn 0.4480 0.8933 0.0364
vn 0.2344 0.9711 0.0445
vn 0.2232 0.9728 0.0622
vn 0.6148 0.7881 0.0316
vn 0.4420 0.8967 0.0248
vn 0.5905 0.8065 0.0305
vn 0.4263 0.9044 0.0182
vn 0.2469 0.9689 0.0170
vn 0.2409 0.9702 0.0256
vn 0.5700 0.8209 0.0347
vn 0.4113 0.9110 0.0294
vn 0.5612 0.8255 0.0601
vn 0.4034 0.9128 0.0645
vn 0.2639 0.9622 0.0678
vn 0.2553 0.9664 0.0305
vn 0.5573 0.8246 0.0974
vn 0.4013 0.9093 0.1101
vn 0.5639 0.8177 0.1159
vn 0.4057 0.9019 0.1481
vn 0.2681 0.9504 0.1579
vn 0.2688 0.9563 0.1152
vn -0.0036 -0.9889 -0.1485
vn -0.0093 -0.9815 -0.1911
vn 0.2720 -0.9489 -0.1598
vn 0.2648 -0.9567 -0.1206
vn -0.0154 -0.9722 -0.2335
vn -0.0187 -0.9652 -0.2608
vn 0.2862 -0.9305 -0.2287
vn 0.2797 -0.9390 -0.2000
vn -0.0147 -0.9648 -0.2628
vn -0.0005 -0.9686 -0.2488
vn 0.2968 -0.9255 -0.2351
vn 0.2913 -0.9266 -0.2379
vn 0.0202 -0.9716 -0.2359
vn 0.0383 -0.9732 -0.2268
vn 0.3136 -0.9248 -0.2155
vn 0.3047 -0.9245 -0.2289
vn 0.0458 -0.9752 -0.2167
vn 0.0427 -0.9775 -0.2066
vn 0.3215 -0.9293 -0.1816
vn 0.3195 -0.9273 -0.1953
vn 0.0366 -0.9792 -0.1995
vn 0.0347 -0.9794 -0.1988
vn 0.3316 -0.9223 -0.1987
vn 0.3242 -0.9280 -0.1835
vn 0.8789 0.4758 -0.0338
vn 0.7469 0.6646 -0.0210
vn 0.8757 0.4819 -0.0300
vn 0.7471 0.6644 -0.0205
vn 0.8698 0.4922 -0.0341
vn 0.7502 0.6608 -0.0218
vn 0.8664 0.4982 -0.0345
vn 0.7585 0.6514 -0.0171
vn 0.8672 0.4977 -0.0190
vn 0.7671 0.6415 -0.0016
vn 0.8678 0.4968 0.0092
vn 0.7679 0.6402 0.0203
vn 0.8633 0.5034 0.0355
vn 0.7569 0.6524 0.0379
vn 0.8541 0.5183 0.0429
vn 0.7393 0.6722 0.0407
vn 0.8489 0.5280 0.0236
vn 0.7307 0.6820 0.0309
vn 0.8736 0.4865 -0.0109
vn 0.7364 0.6753 0.0395
vn 0.8813 0.4724 0.0071
vn 0.7342 0.6754 0.0699
vn 0.8628 0.5056 0.0079
vn 0.7312 0.6791 0.0638
vn 0.4796 -0.8709 -0.1072
vn 0.4952 -0.8569 -0.1433
vn 0.5114 -0.8407 -0.1780
vn 0.5259 -0.8270 -0.1989
vn 0.5349 -0.8203 -0.2027
vn 0.5358 -0.8200 -0.2013
vn 0.5308 -0.8235 -0.2002
vn 0.5258 -0.8292 -0.1898
vn 0.5250 -0.8339 -0.1703
vn 0.5290 -0.8335 -0.1598
vn 0.5364 -0.8267 -0.1700
vn 0.5465 -0.8139 -0.1973
vn -0.0149 0.9999 -0.0018
vn -0.0136 0.9999 0.0095
vn -0.2187 0.9756 -0.0176
vn -0.2115 0.9772 -0.0188
vn -0.0151 0.9991 0.0404
vn -0.0151 0.9978 0.0651
vn -0.2431 0.9691 0.0424
vn -0.2320 0.9727 0.0097
vn -0.0101 0.9978 0.0654
vn 0.0002 0.9988 0.0498
vn -0.2328 0.9712 0.0504
vn -0.2439 0.9682 0.0554
vn 0.0171 0.9993 0.0344
vn 0.0423 0.9986 0.0305
vn -0.1841 0.9818 0.0471
vn -0.2121 0.9763 0.0440
vn 0.0729 0.9963 0.0452
vn 0.1000 0.9920 0.0777
vn -0.1274 0.9882 0.0854
vn -0.1534 0.9863 0.0614
vn 0.1151 0.9864 0.1176
vn 0.1154 0.9814 0.1531
vn -0.1077 0.9843 0.1402
vn -0.1117 0.9871 0.1145
vn 0.9824 0.1804 -0.0485
vn 0.9508 0.3067 -0.0437
vn 0.9804 0.1951 -0.0280
vn 0.9469 0.3201 -0.0308
vn 0.9765 0.2131 -0.0334
vn 0.9392 0.3417 -0.0345
vn 0.9735 0.2230 -0.0516
vn 0.9330 0.3575 -0.0426
vn 0.9738 0.2210 -0.0535
vn 0.9323 0.3601 -0.0347
vn 0.9763 0.2143 -0.0303
vn 0.9348 0.3550 -0.0082
vn 0.9775 0.2108 0.0027
vn 0.9354 0.3529 0.0223
vn 0.9769 0.2124 0.0237
vn 0.9317 0.3612 0.0382
vn 0.9760 0.2168 0.0222
vn 0.9254 0.3778 0.0294
vn 0.9746 0.2240 0.0012
vn 0.9314 0.3637 -0.0162
vn -0.4171 0.9075 -0.0502
vn -0.4269 0.9023 -0.0608
vn -0.6122 0.7835 -0.1062
vn -0.6082 0.7890 -0.0874
vn -0.4425 0.8960 -0.0380
vn -0.4561 0.8899 0.0054
vn -0.6347 0.7718 -0.0384
vn -0.6220 0.7781 -0.0882
vn -0.4583 0.8881 0.0364
vn -0.4483 0.8928 0.0448
vn -0.6413 0.7669 0.0255
vn -0.6419 0.7667 0.0067
vn -0.4320 0.9008 0.0445
vn -0.4165 0.9079 0.0477
vn -0.6362 0.7713 0.0212
vn -0.6372 0.7702 0.0257
vn -0.4061 0.9121 0.0557
vn -0.4013 0.9132 0.0702
vn -0.6492 0.7602 0.0270
vn -0.6410 0.7673 0.0187
vn -0.3983 0.9124 0.0937
vn -0.3942 0.9114 0.1182
vn -0.6532 0.7522 0.0869
vn -0.6546 0.7541 0.0537
vn 0.9951 0.0845 -0.0521
vn 0.9956 0.0890 -0.0310
vn 0.9951 0.0892 -0.0419
vn 0.9942 0.0840 -0.0679
vn 0.9941 0.0792 -0.0740
vn 0.9954 0.0817 -0.0497
vn 0.9959 0.0895 -0.0148
vn 0.9956 0.0932 0.0037
vn 0.9959 0.0898 -0.0055
vn 0.9899 0.1348 -0.0440
vn -0.7709 0.6255 -0.1205
vn -0.7663 0.6264 -0.1428
vn -0.7680 0.6266 -0.1324
vn -0.7794 0.6202 -0.0885
vn -0.7941 0.6063 -0.0423
vn -0.8063 0.5911 -0.0203
vn -0.8150 0.5792 -0.0203
vn -0.8210 0.5701 -0.0288
vn -0.8257 0.5631 -0.0347
vn -0.8297 0.5577 -0.0256
vn -0.8328 0.5535 0.0063
vn -0.8336 0.5504 0.0468
vn -0.9336 0.2983 0.1984
vn -0.9884 0.0464 0.1446
vn -0.9310 0.2955 0.2143
vn -0.9862 0.0461 0.1588
vn -0.9720 -0.2156 0.0936
vn -0.9729 -0.2153 0.0848
vn 0.9812 -0.1633 -0.1029
vn 0.9937 -0.0765 -0.0823
vn 0.9814 -0.1705 -0.0877
vn 0.9950 -0.0796 -0.0607
vn 0.9992 -0.0068 -0.0389
vn 0.9977 -0.0054 -0.0670
vn -0.6259 0.7269 0.2826
vn -0.8128 0.5279 0.2462
vn -0.6258 0.7220 0.2950
vn -0.8115 0.5229 0.2609
vn 0.9973 0.0496 -0.0543
vn 0.9985 0.0494 -0.0224
vn 0.9933 0.1154 -0.0037
vn 0.9926 0.1167 -0.0346
vn -0.1665 0.9382 0.3035
vn -0.3932 0.8690 0.3005
vn -0.1745 0.9346 0.3099
vn -0.3955 0.8646 0.3100
vn 0.9740 0.2263 0.0062
vn 0.9746 0.2220 0.0297
vn 0.9193 0.3840 0.0855
vn 0.9199 0.3854 0.0725
vn 0.2109 0.9325 0.2932
vn 0.0273 0.9531 0.3014
vn 0.1951 0.9358 0.2937
vn 0.0139 0.9524 0.3045
vn 0.7506 -0.6229 -0.2203
vn 0.8619 -0.4721 -0.1850
vn 0.7403 -0.6311 -0.2318
vn 0.8556 -0.4820 -0.1886
vn 0.9197 -0.3627 -0.1500
vn 0.9236 -0.3508 -0.1546
vn 0.3412 -0.8956 -0.2855
vn 0.5745 -0.7767 -0.2585
vn 0.3342 -0.8974 -0.2882
vn 0.5613 -0.7824 -0.2697
vn 0.8044 0.5745 0.1516
vn 0.7988 0.5809 0.1565
vn 0.6108 0.7597 0.2231
vn 0.6231 0.7499 0.2224
vn -0.2396 -0.9449 -0.2230
vn 0.0638 -0.9583 -0.2785
vn -0.2236 -0.9483 -0.2254
vn 0.0710 -0.9587 -0.2756
vn 0.4114 0.8706 0.2697
vn 0.3958 0.8780 0.2692
vn -0.7380 -0.6728 -0.0517
vn -0.5206 -0.8428 -0.1366
vn -0.7332 -0.6773 -0.0601
vn -0.5082 -0.8487 -0.1464
vn 0.9588 -0.2538 -0.1274
vn 0.9571 -0.2651 -0.1173
vn -0.8874 -0.4605 0.0201
vn -0.8864 -0.4624 0.0203
vn -0.2167 -0.9522 -0.2155
vn 0.0757 -0.9651 -0.2508
vn -0.2176 -0.9559 -0.1973
vn 0.0758 -0.9720 -0.2223
vn 0.3356 -0.9143 -0.2269
vn 0.3339 -0.9055 -0.2619
vn 0.5951 0.7761 0.2086
vn 0.3793 0.8905 0.2512
vn 0.5812 0.7916 0.1887
vn 0.3665 0.9018 0.2290
vn 0.1658 0.9541 0.2495
vn 0.1792 0.9451 0.2733
vn -0.7289 -0.6805 -0.0750
vn -0.5013 -0.8514 -0.1542
vn -0.7252 -0.6843 -0.0764
vn -0.4994 -0.8538 -0.1473
vn 0.9154 -0.3775 -0.1398
vn 0.9550 -0.2761 -0.1083
vn 0.9144 -0.3899 -0.1085
vn 0.9558 -0.2826 -0.0808
vn 0.9821 -0.1795 -0.0576
vn 0.9808 -0.1776 -0.0804
vn -0.9729 -0.2152 0.0851
vn -0.8854 -0.4648 0.0081
vn -0.9741 -0.2134 0.0747
vn -0.8840 -0.4674 0.0020
vn 0.7318 -0.6453 -0.2192
vn 0.8487 -0.4981 -0.1779
vn 0.7285 -0.6603 -0.1824
vn 0.8458 -0.5139 -0.1435
vn -0.9329 0.2990 0.2007
vn -0.9875 0.0486 0.1498
vn -0.9349 0.3071 0.1778
vn -0.9895 0.0544 0.1336
vn 0.9949 -0.0847 -0.0543
vn 0.9956 -0.0858 -0.0372
vn 0.9997 -0.0122 -0.0199
vn 0.9994 -0.0106 -0.0315
vn -0.6293 0.7287 0.2700
vn -0.8145 0.5278 0.2409
vn -0.6307 0.7391 0.2364
vn -0.8163 0.5376 0.2115
vn 0.9987 0.0491 -0.0121
vn 0.9987 0.0502 -0.0041
vn 0.9918 0.1274 0.0142
vn 0.9928 0.1195 0.0086
vn -0.1834 0.9410 0.2845
vn -0.4002 0.8715 0.2833
vn -0.1909 0.9481 0.2542
vn -0.4033 0.8803 0.2498
vn 0.9723 0.2306 0.0394
vn 0.9681 0.2470 0.0412
vn 0.9037 0.4201 0.0822
vn 0.9132 0.3980 0.0873
vn 0.0004 0.9595 0.2815
vn -0.0116 0.9669 0.2549
vn 0.5551 -0.7931 -0.2508
vn 0.5545 -0.8043 -0.2134
vn 0.7871 0.5986 0.1490
vn 0.7732 0.6196 0.1352
vn 0.8937 0.4429 0.0720
vn 0.7626 0.6361 0.1179
vn 0.8861 0.4601 0.0554
vn 0.7595 0.6437 0.0937
vn 0.5817 0.8016 0.1384
vn 0.5755 0.8005 0.1673
vn 0.9411 -0.2280 -0.2495
vn 0.9640 -0.0967 -0.2477
vn 0.9773 0.0986 -0.1877
vn -0.2207 -0.9606 -0.1692
vn 0.0739 -0.9786 -0.1919
vn -0.2217 -0.9665 -0.1295
vn 0.0731 -0.9857 -0.1518
vn 0.3358 -0.9299 -0.1501
vn 0.3362 -0.9222 -0.1911
vn 0.3629 0.9084 0.2078
vn 0.3719 0.9109 0.1787
vn 0.1623 0.9654 0.2043
vn 0.1591 0.9601 0.2301
vn -0.7227 -0.6887 -0.0589
vn -0.4993 -0.8577 -0.1222
vn -0.7212 -0.6920 -0.0328
vn -0.4988 -0.8624 -0.0863
vn 0.9153 -0.3964 -0.0716
vn 0.9581 -0.2824 -0.0480
vn 0.9164 -0.3974 -0.0477
vn 0.9604 -0.2773 -0.0285
vn 0.9864 -0.1636 -0.0139
vn 0.9843 -0.1739 -0.0296
vn -0.9751 -0.2101 0.0715
vn -0.8830 -0.4692 0.0091
vn -0.9758 -0.2064 0.0726
vn -0.8827 -0.4693 0.0221
vn 0.7276 -0.6718 -0.1386
vn 0.8451 -0.5247 -0.1023
vn 0.7275 -0.6785 -0.1021
vn 0.8453 -0.5294 -0.0724
vn -0.9497 0.3118 0.0279
vn -0.9985 0.0475 -0.0289
vn -0.9726 -0.2190 -0.0781
vn -0.9352 0.3155 0.1611
vn -0.9906 0.0613 0.1223
vn -0.9355 0.3202 0.1493
vn -0.9911 0.0662 0.1151
vn 0.9967 -0.0795 -0.0157
vn 0.9977 -0.0683 -0.0044
vn 1.0000 0.0028 0.0010
vn 1.0000 -0.0073 -0.0056
vn -0.6296 0.7468 0.2142
vn -0.8154 0.5463 0.1913
vn -0.6300 0.7515 0.1958
vn -0.8154 0.5515 0.1762
vn 0.9984 0.0567 0.0037
vn 0.9977 0.0679 0.0054
vn 0.9877 0.1558 0.0131
vn 0.9900 0.1401 0.0164
vn -0.1964 0.9520 0.2346
vn -0.4045 0.8856 0.2282
vn -0.2011 0.9559 0.2143
vn -0.4075 0.8892 0.2082
vn 0.9628 0.2675 0.0379
vn 0.9574 0.2873 0.0286
vn -0.0198 0.9715 0.2364
vn -0.0225 0.9765 0.2143
vn 0.5549 -0.8141 -0.1715
vn 0.5546 -0.8217 -0.1309
vn 0.8728 -0.4272 -0.2363
vn 0.9145 -0.3241 -0.2422
vn -0.8808 -0.4596 -0.1139
vn -0.7392 -0.6586 -0.1405
vn 0.7033 -0.6724 -0.2309
vn 0.8038 -0.5471 -0.2335
vn -0.5501 -0.8189 -0.1636
vn -0.2887 -0.9391 -0.1866
vn 0.5889 0.7979 0.1291
vn 0.4165 0.8917 0.1773
vn 0.2624 0.9458 0.1913
vn 0.0384 -0.9777 -0.2066
vn 0.3434 -0.9133 -0.2189
vn 0.8844 0.4668 -0.0050
vn 0.7559 0.6523 0.0554
vn 0.5601 -0.7970 -0.2261
vn 0.1029 0.9781 0.1809
vn -0.1144 0.9805 0.1597
vn -0.3906 0.9105 0.1358
vn -0.6471 0.7544 0.1103
vn -0.8321 0.5493 0.0767
vn -0.2205 -0.9715 -0.0866
vn 0.0739 -0.9916 -0.1060
vn -0.2193 -0.9742 -0.0535
vn 0.0754 -0.9949 -0.0673
vn 0.3374 -0.9386 -0.0717
vn 0.3360 -0.9357 -0.1073
vn 0.5551 -0.8262 -0.0957
vn 0.5567 -0.8278 -0.0692
vn 0.7301 -0.6805 -0.0628
vn 0.7285 -0.6807 -0.0775
vn 0.9853 0.1706 0.0033
vn 0.9529 0.3031 0.0116
vn 0.9831 0.1828 -0.0104
vn 0.9490 0.3152 -0.0112
vn 0.8807 0.4737 -0.0071
vn 0.8824 0.4697 0.0284
vn 0.9999 0.0124 -0.0027
vn 0.9968 0.0793 -0.0003
vn 0.9998 0.0169 -0.0106
vn 0.9961 0.0877 -0.0093
vn 0.9878 -0.1553 -0.0148
vn 0.9982 -0.0588 -0.0068
vn 0.9875 -0.1558 -0.0239
vn 0.9983 -0.0571 -0.0153
vn 0.8459 -0.5302 -0.0585
vn 0.8462 -0.5300 -0.0548
vn 0.9162 -0.3982 -0.0457
vn 0.9170 -0.3967 -0.0417
vn 0.5982 0.7959 0.0928
vn 0.3922 0.9106 0.1302
vn 0.6197 0.7841 0.0330
vn 0.4187 0.9059 0.0636
vn 0.1944 0.9769 0.0888
vn 0.1753 0.9718 0.1575
vn 0.9617 -0.2729 -0.0269
vn 0.9608 -0.2749 -0.0349
vn 0.7641 0.6426 0.0561
vn 0.7725 0.6350 0.0073
vn -0.0203 0.9851 0.1707
vn -0.0153 0.9946 0.1025
vn -0.2126 0.9713 0.1063
vn -0.2065 0.9630 0.1730
vn -0.4144 0.8942 0.1694
vn -0.4231 0.8997 0.1069
vn -0.6412 0.7594 0.1103
vn -0.6346 0.7554 0.1632
vn -0.8188 0.5536 0.1522
vn -0.8245 0.5544 0.1131
vn -0.9428 0.3156 0.1071
vn -0.9381 0.3199 0.1331
vn -0.9922 0.0662 0.1056
vn -0.9942 0.0601 0.0896
vn -0.9757 -0.2101 0.0626
vn -0.9761 -0.2053 0.0710
vn -0.8825 -0.4694 0.0309
vn -0.8807 -0.4727 0.0300
vn -0.7180 -0.6960 -0.0025
vn -0.7200 -0.6939 -0.0114
vn -0.4975 -0.8659 -0.0523
vn -0.4961 -0.8677 -0.0311
vn 0.4247 -0.9048 -0.0295
vn 0.4516 -0.8910 -0.0475
vn 0.6613 -0.7466 -0.0733
vn 0.6375 -0.7688 -0.0502
vn 0.4809 -0.8748 -0.0580
vn 0.6866 -0.7218 -0.0867
vn 0.7955 -0.5958 -0.1102
vn 0.7822 -0.6158 -0.0943
vn 0.7706 -0.6337 -0.0677
vn 0.9808 -0.1827 -0.0678
vn 0.9734 -0.2147 -0.0802
vn 0.9915 -0.1125 -0.0653
vn 0.9946 -0.0826 -0.0631
vn 0.9582 -0.2686 -0.0980
vn 0.9830 -0.1659 -0.0791
vn 0.9955 -0.0712 -0.0622
vn 0.9982 -0.0297 -0.0528
vn 0.9983 -0.0067 -0.0586
vn 0.8529 -0.5116 -0.1044
vn 0.8536 -0.5153 -0.0761
vn 0.8529 -0.5075 -0.1229
vn 0.8904 -0.4380 -0.1237
vn 0.9014 -0.4203 -0.1035
vn 0.9100 -0.4075 -0.0763
vn -0.9401 0.3107 -0.1402
vn -0.9381 0.3122 -0.1503
vn -0.9911 -0.0018 -0.1331
vn -0.9918 0.0009 -0.1276
vn -0.9369 0.3133 -0.1551
vn -0.9913 -0.0031 -0.1314
vn -0.9460 -0.3062 -0.1062
vn -0.9461 -0.3028 -0.1151
vn -0.9479 -0.2973 -0.1141
vn -0.8379 -0.5370 -0.0979
vn -0.8389 -0.5352 -0.0992
vn -0.8388 -0.5378 -0.0846
vn -0.7023 -0.7089 -0.0646
vn -0.6979 -0.7120 -0.0776
vn -0.6942 -0.7155 -0.0788
vn -0.6193 0.7701 -0.1528
vn -0.6179 0.7683 -0.1669
vn -0.8010 0.5762 -0.1622
vn -0.8042 0.5753 -0.1493
vn -0.6185 0.7655 -0.1775
vn -0.7995 0.5759 -0.1709
vn 0.2225 0.9644 -0.1428
vn 0.2209 0.9630 -0.1540
vn 0.0061 0.9870 -0.1606
vn 0.0060 0.9888 -0.1490
vn 0.2212 0.9615 -0.1629
vn 0.0052 0.9854 -0.1700
vn -0.2093 0.9621 -0.1746
vn -0.2072 0.9645 -0.1640
vn -0.2071 0.9666 -0.1511
vn 0.9981 0.0422 -0.0456
vn 0.9969 0.0571 -0.0551
vn 0.9985 0.0163 -0.0516
vn 0.9920 0.1154 -0.0510
vn 0.9907 0.1277 -0.0465
vn 0.9893 0.1354 -0.0545
vn -0.4160 0.8940 -0.1663
vn -0.4157 0.8966 -0.1524
vn -0.4185 0.8907 -0.1776
vn 0.9665 0.2502 -0.0572
vn 0.9657 0.2528 -0.0596
vn 0.9672 0.2463 -0.0624
vn 0.9066 0.4135 -0.0841
vn 0.9065 0.4151 -0.0768
vn 0.9069 0.4152 -0.0721
vn -0.5057 -0.8611 -0.0532
vn -0.4991 -0.8649 -0.0522
vn -0.5113 -0.8582 -0.0448
vn -0.2174 -0.9756 -0.0317
vn -0.2198 -0.9750 -0.0330
vn -0.2199 -0.9751 -0.0277
vn 0.7936 0.6000 -0.1011
vn 0.7954 0.5992 -0.0908
vn 0.7941 0.5977 -0.1103
vn 0.6303 0.7647 -0.1340
vn 0.6291 0.7674 -0.1241
vn 0.6323 0.7666 -0.1117
vn 0.4320 0.8906 -0.1421
vn 0.4353 0.8908 -0.1301
vn 0.4330 0.8886 -0.1515
vn 0.1356 -0.9903 -0.0302
vn 0.1198 -0.9926 -0.0186
vn 0.1545 -0.9873 -0.0359
vn 0.9418 -0.3227 -0.0942
vn 0.9522 -0.2967 -0.0725
vn 0.9249 -0.3626 -0.1144
vn 0.9136 -0.4037 -0.0483
vn 0.9575 -0.2855 -0.0405
vn 0.9102 -0.4116 -0.0454
vn 0.9525 -0.3017 -0.0404
vn 0.9816 -0.1880 -0.0318
vn 0.9854 -0.1677 -0.0302
vn 0.9075 -0.4182 -0.0397
vn 0.9477 -0.3169 -0.0383
vn 0.9069 -0.4200 -0.0333
vn 0.9455 -0.3236 -0.0369
vn 0.9748 -0.2194 -0.0399
vn 0.9774 -0.2086 -0.0341
vn 0.9088 -0.4161 -0.0298
vn 0.9474 -0.3179 -0.0377
vn 0.9118 -0.4091 -0.0351
vn 0.9518 -0.3035 -0.0437
vn 0.9790 -0.1957 -0.0564
vn 0.9757 -0.2140 -0.0481
vn 0.9131 -0.4044 -0.0517
vn 0.9548 -0.2920 -0.0555
vn 0.9818 -0.1792 -0.0621
vn -0.2191 -0.9751 -0.0347
vn 0.0767 -0.9962 -0.0420
vn -0.2195 -0.9753 -0.0247
vn 0.0783 -0.9966 -0.0263
vn 0.3436 -0.9386 -0.0307
vn 0.3399 -0.9393 -0.0472
vn -0.2197 -0.9754 -0.0168
vn 0.0809 -0.9966 -0.0143
vn -0.2192 -0.9756 -0.0099
vn 0.0853 -0.9964 -0.0040
vn 0.3584 -0.9335 -0.0067
vn 0.3496 -0.9367 -0.0179
vn -0.2185 -0.9758 -0.0069
vn 0.0913 -0.9958 0.0023
vn -0.2183 -0.9758 -0.0105
vn 0.0986 -0.9951 0.0013
vn 0.3844 -0.9232 -0.0013
vn 0.3700 -0.9290 0.0002
vn -0.2189 -0.9756 -0.0189
vn 0.1077 -0.9942 -0.0068
vn 0.4023 -0.9154 -0.0123
vn 0.6401 0.7680 -0.0207
vn 0.4446 0.8957 -0.0009
vn 0.6557 0.7534 -0.0488
vn 0.4639 0.8849 -0.0428
vn 0.2288 0.9728 -0.0360
vn 0.2138 0.9767 0.0172
vn 0.6636 0.7461 -0.0546
vn 0.4726 0.8791 -0.0621
vn 0.6629 0.7466 -0.0569
vn 0.4707 0.8792 -0.0736
vn 0.2378 0.9675 -0.0864
vn 0.2368 0.9692 -0.0673
vn 0.6561 0.7518 -0.0665
vn 0.4621 0.8826 -0.0865
vn 0.6472 0.7580 -0.0815
vn 0.4517 0.8864 -0.1014
vn 0.2300 0.9662 -0.1162
vn 0.2346 0.9668 -0.1017
vn 0.6389 0.7632 -0.0972
vn 0.4423 0.8893 -0.1162
vn 0.2257 0.9655 -0.1300
vn 0.8791 0.4751 -0.0382
vn 0.7806 0.6241 -0.0347
vn 0.8790 0.4741 -0.0515
vn 0.7879 0.6135 -0.0525
vn 0.8824 0.4681 -0.0480
vn 0.7944 0.6053 -0.0497
vn 0.8885 0.4569 -0.0422
vn 0.7985 0.6003 -0.0450
vn 0.8952 0.4432 -0.0458
vn 0.7997 0.5982 -0.0508
vn 0.9011 0.4298 -0.0569
vn 0.7992 0.5976 -0.0644
vn 0.9053 0.4195 -0.0668
vn 0.7977 0.5979 -0.0788
vn -0.7140 -0.7001 -0.0046
vn -0.4946 -0.8688 -0.0232
vn -0.7078 -0.7063 -0.0106
vn -0.4926 -0.8700 -0.0215
vn -0.7008 -0.7132 -0.0162
vn -0.4901 -0.8714 -0.0199
vn -0.6949 -0.7187 -0.0237
vn -0.4881 -0.8726 -0.0188
vn -0.6916 -0.7214 -0.0362
vn -0.4876 -0.8728 -0.0222
vn -0.6908 -0.7211 -0.0529
vn -0.4894 -0.8715 -0.0315
vn -0.6918 -0.7188 -0.0690
vn -0.4934 -0.8687 -0.0435
vn 0.9807 0.1940 -0.0236
vn 0.9449 0.3257 -0.0325
vn 0.9784 0.2041 -0.0339
vn 0.9418 0.3332 -0.0444
vn 0.9770 0.2092 -0.0413
vn 0.9418 0.3329 -0.0461
vn 0.9777 0.2043 -0.0480
vn 0.9456 0.3223 -0.0451
vn 0.9803 0.1885 -0.0582
vn 0.9516 0.3032 -0.0502
vn 0.9837 0.1668 -0.0679
vn 0.9579 0.2810 -0.0596
vn 0.9869 0.1473 -0.0663
vn 0.9629 0.2624 -0.0633
vn -0.2172 0.9756 0.0326
vn -0.4294 0.9023 0.0376
vn -0.2190 0.9754 -0.0265
vn -0.4313 0.9020 -0.0189
vn -0.6450 0.7642 -0.0019
vn -0.6453 0.7623 0.0501
vn -0.2183 0.9737 -0.0654
vn -0.4298 0.9011 -0.0579
vn -0.2163 0.9721 -0.0904
vn -0.4267 0.9004 -0.0848
vn -0.6365 0.7679 -0.0729
vn -0.6415 0.7660 -0.0418
vn -0.2137 0.9709 -0.1085
vn -0.4231 0.8999 -0.1052
vn -0.2110 0.9696 -0.1236
vn -0.4198 0.8994 -0.1222
vn -0.6263 0.7704 -0.1189
vn -0.6312 0.7694 -0.0981
vn -0.2086 0.9683 -0.1375
vn -0.4171 0.8984 -0.1375
vn -0.6223 0.7708 -0.1367
vn 0.9997 0.0157 -0.0162
vn 0.9955 0.0937 -0.0172
vn 0.9997 0.0117 -0.0209
vn 0.9947 0.0995 -0.0247
vn 0.9995 0.0077 -0.0302
vn 0.9940 0.1040 -0.0348
vn 0.9989 0.0043 -0.0458
vn 0.9935 0.1030 -0.0481
vn 0.9979 0.0020 -0.0641
vn 0.9935 0.0942 -0.0640
vn 0.9971 0.0017 -0.0761
vn 0.9939 0.0808 -0.0751
vn 0.9974 0.0012 -0.0722
vn 0.9952 0.0682 -0.0707
vn -0.0095 0.9996 0.0281
vn -0.0042 0.9995 -0.0306
vn -0.0001 0.9977 -0.0681
vn 0.0023 0.9958 -0.0913
vn 0.0036 0.9941 -0.1082
vn 0.0045 0.9924 -0.1227
vn 0.0054 0.9907 -0.1362
vn -0.8290 0.5553 0.0663
vn -0.8301 0.5572 0.0217
vn -0.9512 0.3060 0.0402
vn -0.9478 0.3101 0.0747
vn -0.8280 0.5605 -0.0182
vn -0.8238 0.5643 -0.0544
vn -0.9518 0.3046 -0.0353
vn -0.9526 0.3043 0.0034
vn -0.8186 0.5678 -0.0860
vn -0.8134 0.5709 -0.1118
vn -0.9462 0.3073 -0.1013
vn -0.9494 0.3058 -0.0715
vn -0.8085 0.5734 -0.1326
vn -0.9429 0.3090 -0.1240
vn -0.9739 -0.2217 0.0485
vn -0.8763 -0.4813 0.0211
vn -0.9707 -0.2382 0.0308
vn -0.8692 -0.4944 0.0091
vn -0.9668 -0.2552 0.0081
vn -0.8611 -0.5084 -0.0049
vn -0.9629 -0.2692 -0.0208
vn -0.8539 -0.5199 -0.0231
vn -0.9589 -0.2788 -0.0523
vn -0.8486 -0.5270 -0.0458
vn -0.9550 -0.2855 -0.0808
vn -0.8447 -0.5308 -0.0693
vn -0.9512 -0.2913 -0.1021
vn -0.8414 -0.5331 -0.0886
vn -0.9964 0.0494 0.0685
vn -0.9984 0.0368 0.0436
vn -0.9996 0.0255 0.0130
vn -0.9996 0.0170 -0.0233
vn -0.9982 0.0113 -0.0597
vn -0.9959 0.0074 -0.0906
vn -0.9935 0.0041 -0.1133
vn 0.7316 -0.6797 -0.0524
vn 0.8459 -0.5308 -0.0519
vn 0.7331 -0.6788 -0.0425
vn 0.8453 -0.5324 -0.0458
vn 0.7352 -0.6770 -0.0326
vn 0.8450 -0.5334 -0.0376
vn 0.7389 -0.6734 -0.0233
vn 0.8460 -0.5323 -0.0291
vn 0.7443 -0.6676 -0.0182
vn 0.8481 -0.5292 -0.0243
vn 0.7513 -0.6595 -0.0235
vn 0.8507 -0.5248 -0.0299
vn 0.7601 -0.6485 -0.0415
vn 0.8528 -0.5199 -0.0486
vn 0.9977 -0.0652 -0.0210
vn 0.9965 -0.0803 -0.0238
vn 0.9949 -0.0959 -0.0303
vn 0.9936 -0.1050 -0.0429
vn 0.9930 -0.1025 -0.0582
vn 0.9936 -0.0899 -0.0691
vn 0.9946 -0.0782 -0.0689
vn 0.5590 -0.8276 -0.0507
vn 0.5622 -0.8262 -0.0370
vn 0.5672 -0.8232 -0.0254
vn 0.5750 -0.8180 -0.0151
vn 0.5857 -0.8105 -0.0091
vn 0.5995 -0.8003 -0.0127
vn 0.6167 -0.7867 -0.0277
vn -0.6939 0.7004 -0.1672
vn -0.7024 0.6839 -0.1971
vn -0.8506 0.4824 -0.2094
vn -0.8470 0.5007 -0.1787
vn -0.7053 0.6722 -0.2252
vn -0.8499 0.4707 -0.2368
vn -0.9350 0.2611 -0.2402
vn -0.9392 0.2696 -0.2126
vn -0.9427 0.2810 -0.1797
vn 0.9918 -0.0050 -0.1276
vn 0.9898 0.0088 -0.1425
vn 0.9806 0.1128 -0.1605
vn 0.9825 0.1130 -0.1480
vn 0.9885 0.0137 -0.1506
vn 0.9793 0.1121 -0.1686
vn 0.9534 0.2406 -0.1819
vn 0.9536 0.2475 -0.1716
vn 0.9515 0.2633 -0.1589
vn -0.7182 -0.6958 -0.0065
vn -0.7204 -0.6915 -0.0526
vn -0.4711 -0.8818 -0.0218
vn -0.4767 -0.8789 0.0152
vn -0.7181 -0.6896 -0.0932
vn -0.4708 -0.8804 -0.0575
vn -0.1762 -0.9836 -0.0396
vn -0.1714 -0.9851 -0.0116
vn -0.1763 -0.9842 0.0160
vn 0.4300 -0.9027 0.0144
vn 0.4173 -0.9086 -0.0159
vn 0.6713 -0.7407 -0.0278
vn 0.6804 -0.7327 0.0111
vn 0.4045 -0.9137 -0.0394
vn 0.6622 -0.7474 -0.0540
vn 0.8424 -0.5345 -0.0681
vn 0.8464 -0.5308 -0.0429
vn 0.8491 -0.5283 -0.0010
vn 0.9736 -0.2220 -0.0527
vn 0.9748 -0.2085 -0.0798
vn 0.9796 -0.1799 -0.0893
vn 0.9783 -0.1967 -0.0651
vn 0.9746 -0.2044 -0.0912
vn 0.9796 -0.1745 -0.0997
vn 0.9851 -0.1298 -0.1127
vn 0.9852 -0.1368 -0.1030
vn 0.9842 -0.1571 -0.0817
vn 0.9300 -0.3634 -0.0555
vn 0.9295 -0.3685 -0.0167
vn 0.9285 -0.3634 -0.0761
vn 0.9594 -0.2701 -0.0808
vn 0.9600 -0.2724 -0.0648
vn 0.9589 -0.2822 -0.0307
vn 0.9898 -0.0741 -0.1216
vn 0.9901 -0.0947 -0.1034
vn 0.9892 -0.0667 -0.1305
vn 0.1313 -0.9913 -0.0111
vn 0.1372 -0.9904 0.0136
vn 0.1206 -0.9921 -0.0339
vn 0.9699 -0.2323 -0.0724
vn 0.9688 -0.2441 -0.0421
vn 0.9697 -0.2289 -0.0854
vn -0.9702 -0.2141 -0.1136
vn -0.9672 -0.1977 -0.1598
vn -0.8863 -0.4513 -0.1044
vn -0.8824 -0.4673 -0.0546
vn -0.9610 -0.1956 -0.1953
vn -0.8824 -0.4478 -0.1445
vn -0.2484 0.9572 -0.1484
vn -0.2519 0.9522 -0.1729
vn -0.4941 0.8499 -0.1831
vn -0.4863 0.8599 -0.1553
vn -0.2559 0.9463 -0.1976
vn -0.4986 0.8409 -0.2104
vn 0.8873 0.4264 -0.1754
vn 0.8783 0.4507 -0.1594
vn 0.8895 0.4155 -0.1903
vn 0.7527 0.6290 -0.1944
vn 0.7492 0.6390 -0.1743
vn 0.7354 0.6600 -0.1537
vn 0.2586 0.9550 -0.1454
vn 0.2630 0.9500 -0.1683
vn 0.0003 0.9857 -0.1684
vn 0.0001 0.9893 -0.1458
vn 0.2617 0.9460 -0.1912
vn -0.0027 0.9816 -0.1912
vn 0.5280 0.8319 -0.1710
vn 0.5171 0.8431 -0.1478
vn 0.5296 0.8258 -0.1939
vn -0.9791 0.0452 -0.1981
vn -0.9863 0.0421 -0.1593
vn -0.9726 0.0421 -0.2286
vn -0.9365 0.3138 -0.1567
vn -0.9920 -0.0024 -0.1266
vn -0.9364 0.3134 -0.1580
vn -0.9924 0.0005 -0.1233
vn -0.9497 -0.3022 -0.0817
vn -0.9475 -0.3062 -0.0926
vn -0.9364 0.3119 -0.1609
vn -0.9922 0.0052 -0.1243
vn -0.9367 0.3087 -0.1651
vn -0.9916 0.0108 -0.1289
vn -0.9550 -0.2854 -0.0802
vn -0.9523 -0.2949 -0.0778
vn -0.9377 0.3038 -0.1688
vn -0.9907 0.0170 -0.1350
vn -0.9393 0.2976 -0.1708
vn -0.9897 0.0245 -0.1408
vn -0.9618 -0.2578 -0.0920
vn -0.9580 -0.2735 -0.0859
vn -0.9413 0.2901 -0.1727
vn -0.9885 0.0336 -0.1472
vn -0.9665 -0.2370 -0.0990
vn 0.6352 0.7592 -0.1416
vn 0.4372 0.8853 -0.1582
vn 0.6418 0.7525 -0.1477
vn 0.4428 0.8817 -0.1631
vn 0.2243 0.9591 -0.1729
vn 0.2225 0.9602 -0.1691
vn 0.6491 0.7452 -0.1528
vn 0.4490 0.8780 -0.1662
vn 0.6584 0.7362 -0.1565
vn 0.4567 0.8738 -0.1670
vn 0.2298 0.9576 -0.1738
vn 0.2265 0.9582 -0.1746
vn 0.6719 0.7235 -0.1584
vn 0.4676 0.8684 -0.1647
vn 0.6907 0.7057 -0.1578
vn 0.4825 0.8614 -0.1589
vn 0.2425 0.9568 -0.1605
vn 0.2351 0.9571 -0.1692
vn 0.7133 0.6835 -0.1548
vn 0.5001 0.8527 -0.1511
vn 0.2511 0.9563 -0.1500
vn 0.0033 0.9843 -0.1763
vn 0.0007 0.9838 -0.1795
vn -0.2189 0.9582 -0.1842
vn -0.2134 0.9600 -0.1814
vn -0.0020 0.9836 -0.1802
vn -0.0039 0.9839 -0.1784
vn -0.2310 0.9558 -0.1821
vn -0.2249 0.9568 -0.1843
vn -0.0046 0.9849 -0.1728
vn -0.0038 0.9867 -0.1627
vn -0.2415 0.9562 -0.1655
vn -0.2367 0.9555 -0.1761
vn -0.0018 0.9885 -0.1511
vn -0.2452 0.9572 -0.1536
vn 0.9088 0.4066 -0.0936
vn 0.7976 0.5914 -0.1187
vn 0.9131 0.3943 -0.1038
vn 0.8030 0.5824 -0.1266
vn 0.9187 0.3781 -0.1139
vn 0.8094 0.5717 -0.1343
vn 0.9252 0.3584 -0.1243
vn 0.8177 0.5578 -0.1418
vn 0.9323 0.3354 -0.1351
vn 0.8295 0.5383 -0.1491
vn 0.9395 0.3102 -0.1455
vn 0.8448 0.5122 -0.1548
vn 0.9460 0.2853 -0.1536
vn 0.8621 0.4815 -0.1577
vn -0.4230 0.8872 -0.1844
vn -0.4291 0.8837 -0.1868
vn -0.6260 0.7573 -0.1859
vn -0.6213 0.7618 -0.1836
vn -0.4364 0.8801 -0.1869
vn -0.4449 0.8763 -0.1851
vn -0.6410 0.7445 -0.1865
vn -0.6325 0.7517 -0.1867
vn -0.4546 0.8724 -0.1798
vn -0.4652 0.8687 -0.1700
vn -0.6652 0.7255 -0.1762
vn -0.6520 0.7357 -0.1834
vn -0.4759 0.8650 -0.1591
vn -0.6798 0.7138 -0.1683
vn -0.8412 -0.5369 -0.0646
vn -0.8442 -0.5340 -0.0470
vn -0.7077 -0.7060 -0.0246
vn -0.7060 -0.7069 -0.0441
vn -0.8474 -0.5296 -0.0378
vn -0.8511 -0.5238 -0.0365
vn -0.7076 -0.7066 -0.0080
vn -0.7079 -0.7062 -0.0125
vn -0.8557 -0.5160 -0.0392
vn -0.8625 -0.5044 -0.0413
vn -0.7095 -0.7047 -0.0055
vn -0.7078 -0.7063 -0.0073
vn -0.8720 -0.4876 -0.0435
vn -0.7130 -0.7011 -0.0021
vn 0.8841 -0.4504 -0.1244
vn 0.9086 -0.3999 -0.1207
vn 0.8891 -0.4469 -0.0988
vn 0.9024 -0.4180 -0.1046
vn 0.9237 -0.3687 -0.1038
vn 0.9387 -0.3268 -0.1095
vn 0.9044 -0.4230 -0.0558
vn 0.9102 -0.4080 -0.0705
vn 0.9226 -0.3854 -0.0134
vn 0.9267 -0.3743 -0.0321
vn 0.9312 -0.3612 -0.0489
vn 0.9213 -0.3803 -0.0806
vn 0.9374 -0.3479 0.0143
vn 0.9435 -0.3314 -0.0033
vn 0.9475 -0.3192 0.0199
vn 0.9561 -0.2930 0.0050
vn 0.9596 -0.2811 -0.0109
vn 0.9462 -0.3229 -0.0213
vn 0.9544 -0.2986 0.0019
vn 0.9644 -0.2643 -0.0111
vn 0.9689 -0.2463 -0.0244
vn -0.2122 -0.9770 -0.0222
vn 0.1735 -0.9844 -0.0297
vn -0.2055 -0.9786 -0.0071
vn 0.1873 -0.9822 -0.0111
vn 0.5279 -0.8490 -0.0242
vn 0.5086 -0.8595 -0.0510
vn -0.1994 -0.9799 0.0074
vn 0.1914 -0.9815 0.0108
vn -0.1952 -0.9806 0.0163
vn 0.1856 -0.9823 0.0256
vn 0.5229 -0.8517 0.0342
vn 0.5329 -0.8461 0.0097
vn -0.1923 -0.9812 0.0191
vn 0.1734 -0.9844 0.0300
vn -0.1889 -0.9818 0.0182
vn 0.1590 -0.9869 0.0266
vn 0.4757 -0.8787 0.0400
vn 0.5020 -0.8638 0.0434
vn -0.1833 -0.9829 0.0170
vn 0.1461 -0.9891 0.0196
vn 0.4498 -0.8927 0.0286
vn 0.9888 -0.1269 -0.0788
vn 0.9975 -0.0235 -0.0672
vn 0.9786 -0.1850 -0.0898
vn 0.9941 -0.0722 -0.0813
vn 0.9953 0.0571 -0.0784
vn 0.9937 0.0917 -0.0643
vn 0.9691 -0.2305 -0.0882
vn 0.9891 -0.1188 -0.0871
vn 0.9647 -0.2524 -0.0750
vn 0.9849 -0.1514 -0.0837
vn 0.9955 -0.0150 -0.0932
vn 0.9959 0.0184 -0.0883
vn 0.9671 -0.2479 -0.0579
vn 0.9838 -0.1620 -0.0763
vn 0.9736 -0.2225 -0.0502
vn 0.9859 -0.1498 -0.0748
vn 0.9942 -0.0354 -0.1017
vn 0.9948 -0.0343 -0.0959
vn 0.9803 -0.1880 -0.0604
vn 0.9887 -0.1231 -0.0856
vn 0.9933 -0.0224 -0.1136
vn 0.8121 -0.5746 -0.1023
vn 0.8584 -0.4992 -0.1184
vn 0.8311 -0.5521 -0.0661
vn 0.8721 -0.4818 -0.0856
vn 0.8475 -0.5305 -0.0166
vn 0.8901 -0.4542 -0.0370
vn 0.8566 -0.5155 0.0242
vn 0.9058 -0.4237 0.0063
vn 0.8579 -0.5118 0.0452
vn 0.9159 -0.4001 0.0314
vn 0.8545 -0.5174 0.0460
vn 0.9217 -0.3865 0.0343
vn 0.8507 -0.5249 0.0287
vn 0.9258 -0.3777 0.0158
vn 0.9685 -0.2304 -0.0943
vn 0.9527 -0.2876 -0.0983
vn 0.9433 -0.3206 -0.0865
vn 0.9443 -0.3229 -0.0635
vn 0.9533 -0.2995 -0.0396
vn 0.9645 -0.2626 -0.0290
vn 0.9735 -0.2253 -0.0402
vn 0.7119 -0.6979 -0.0781
vn 0.7330 -0.6788 -0.0440
vn 0.7440 -0.6682 0.0005
vn 0.7424 -0.6691 0.0348
vn 0.7302 -0.6814 0.0504
vn 0.7120 -0.7004 0.0490
vn 0.6937 -0.7195 0.0342
vn -0.5139 -0.8574 -0.0290
vn -0.5126 -0.8586 -0.0119
vn -0.5083 -0.8612 0.0008
vn -0.5028 -0.8644 0.0072
vn -0.4971 -0.8676 0.0096
vn -0.4909 -0.8711 0.0117
vn -0.4837 -0.8751 0.0152
vn 0.9694 0.2343 -0.0735
vn 0.9732 0.2134 -0.0859
vn 0.9775 0.1870 -0.0971
vn 0.9813 0.1598 -0.1070
vn 0.9837 0.1368 -0.1165
vn 0.9844 0.1219 -0.1272
vn 0.9837 0.1151 -0.1384
vn -0.7998 0.5741 -0.1756
vn -0.8018 0.5705 -0.1780
vn -0.8052 0.5649 -0.1801
vn -0.8104 0.5568 -0.1823
vn -0.8176 0.5460 -0.1825
vn -0.8269 0.5330 -0.1796
vn -0.8372 0.5177 -0.1763
vn 0.9539 0.2937 -0.0623
vn 0.9537 0.2957 -0.0542
vn 0.9678 0.2377 -0.0830
vn 0.9731 0.2128 -0.0887
vn 0.9587 0.2741 -0.0761
vt 0.126736 0.500000
vt 0.125217 0.500000
vt 0.125113 0.500000
vt 0.125904 0.500000
vt 0.125000 0.500000
vt 0.125000 0.500000
vt 0.125036 0.500000
vt 0.125289 0.500000
vt 0.125005 0.500000
vt 0.125000 0.500000
vt 0.125113 0.500000
vt 0.125904 0.500000
vt 0.125217 0.500000
vt 0.125326 0.500000
vt 0.127604 0.500000
vt 0.125434 0.500000
vt 0.128472 0.500000
vt 0.125434 0.500000
vt 0.128906 0.500000
vt 0.125090 0.500000
vt 0.124928 0.500289
vt 0.124638 0.501447
vt 0.121817 0.512731
vt 0.124566 0.501736
vt 0.121528 0.513889
vt 0.124566 0.501736
vt 0.121528 0.513889
vt 0.124566 0.501736
vt 0.121817 0.512731
vt 0.124638 0.498553
vt 0.124928 0.499711
vt 0.124566 0.498264
vt 0.121528 0.486111
vt 0.121817 0.487269
vt 0.104167 0.416667
vt 0.114584 0.458334
vt 0.114222 0.456887
vt 0.104167 0.416667
vt 0.114149 0.456597
vt 0.104167 0.416667
vt 0.125000 0.500000
vt 0.127826 0.500000
vt 0.130425 0.500000
vt 0.130425 0.500000
vt 0.135417 0.500000
vt 0.133138 0.500000
vt 0.140625 0.500000
vt 0.135851 0.500000
vt 0.145833 0.500000
vt 0.138455 0.500000
vt 0.151042 0.500000
vt 0.140625 0.500000
vt 0.156250 0.500000
vt 0.127604 0.520833
vt 0.130208 0.541667
vt 0.114584 0.541667
vt 0.104167 0.583333
vt 0.114222 0.543113
vt 0.104167 0.583333
vt 0.114149 0.543403
vt 0.104167 0.583333
vt 0.114149 0.543403
vt 0.104167 0.583333
vt 0.114149 0.543403
vt 0.114222 0.543113
vt 0.104167 0.583333
vt 0.104167 0.500000
vt 0.114583 0.500000
vt 0.020833 0.083333
vt 0.020833 0.500000
vt 0.031250 0.500000
vt 0.031250 0.125000
vt 0.020833 0.916667
vt 0.031250 0.875000
vt 0.041667 0.833333
vt 0.041667 0.500000
vt 0.041667 0.166667
vt 0.052083 0.500000
vt 0.052084 0.208334
vt 0.052084 0.791667
vt 0.062500 0.750000
vt 0.062500 0.500000
vt 0.062500 0.250000
vt 0.072917 0.500000
vt 0.072917 0.291667
vt 0.072917 0.708334
vt 0.083333 0.666667
vt 0.083333 0.500000
vt 0.083333 0.333333
vt 0.093750 0.500000
vt 0.093750 0.375000
vt 0.093750 0.625000
vt 0.020833 0.916667
vt 0.031250 0.875000
vt 0.031250 0.875000
vt 0.020833 0.916667
vt 0.041667 0.833333
vt 0.041667 0.833333
vt 0.052083 0.791667
vt 0.052083 0.791667
vt 0.062500 0.750000
vt 0.072917 0.708333
vt 0.072917 0.708333
vt 0.083333 0.666667
vt 0.083333 0.666667
vt 0.093750 0.625000
vt 0.093750 0.625000
vt 0.062500 0.750000
vt 0.062500 0.750000
vt 0.072917 0.708333
vt 0.072917 0.708334
vt 0.083333 0.666667
vt 0.083333 0.666667
vt 0.093750 0.625000
vt 0.031250 0.875000
vt 0.041667 0.833333
vt 0.052083 0.791667
vt 0.083333 0.666667
vt 0.281250 0.500000
vt 0.265625 0.500000
vt 0.148438 0.687500
vt 0.151042 0.708334
vt 0.250000 0.500000
vt 0.145833 0.666667
vt 0.234375 0.500000
vt 0.143229 0.645833
vt 0.218750 0.500000
vt 0.140625 0.625000
vt 0.203125 0.500000
vt 0.138021 0.604167
vt 0.187500 0.500000
vt 0.135417 0.583333
vt 0.171875 0.500000
vt 0.132813 0.562500
vt 0.229167 0.500000
vt 0.218750 0.500000
vt 0.242188 0.500000
vt 0.255209 0.500000
vt 0.208333 0.500000
vt 0.229167 0.500000
vt 0.197917 0.500000
vt 0.216146 0.500000
vt 0.187500 0.500000
vt 0.203125 0.500000
vt 0.177083 0.500000
vt 0.190104 0.500000
vt 0.166667 0.500000
vt 0.164062 0.500000
vt 0.177083 0.500000
vt 0.171875 0.500000
vt 0.195313 0.500000
vt 0.166667 0.500000
vt 0.161458 0.500000
vt 0.179688 0.500000
vt 0.156250 0.500000
vt 0.151042 0.500000
vt 0.164063 0.500000
vt 0.145833 0.500000
vt 0.156250 0.500000
vt 0.148438 0.500000
vt 0.132089 0.500000
vt 0.149233 0.500000
vt 0.151042 0.500000
vt 0.131944 0.500000
vt 0.146701 0.500000
vt 0.131076 0.500000
vt 0.143989 0.500000
vt 0.130208 0.500000
vt 0.141276 0.500000
vt 0.129340 0.500000
vt 0.138563 0.500000
vt 0.128472 0.500000
vt 0.135851 0.500000
vt 0.031250 0.125000
vt 0.020833 0.083333
vt 0.041667 0.166667
vt 0.041667 0.166667
vt 0.031250 0.125000
vt 0.020833 0.083333
vt 0.052083 0.208333
vt 0.052083 0.208333
vt 0.072917 0.291667
vt 0.083333 0.333333
vt 0.083333 0.333333
vt 0.072917 0.291667
vt 0.093750 0.375000
vt 0.125796 0.500000
vt 0.125868 0.500000
vt 0.125760 0.500000
vt 0.125651 0.500000
vt 0.125543 0.500000
vt 0.115000 0.460000
vt 0.117833 0.471332
vt 0.124149 0.496595
vt 0.124022 0.496088
vt 0.121528 0.486111
vt 0.124453 0.497814
vt 0.119679 0.478717
vt 0.124321 0.497283
vt 0.122685 0.490741
vt 0.124711 0.498843
vt 0.124964 0.499855
vt 0.123877 0.495509
vt 0.124792 0.499167
vt 0.123877 0.495509
vt 0.115000 0.460000
vt 0.124149 0.496595
vt 0.117833 0.471332
vt 0.123634 0.494537
vt 0.111869 0.447477
vt 0.123634 0.494537
vt 0.111869 0.447477
vt 0.124321 0.497283
vt 0.104481 0.417923
vt 0.079028 0.316111
vt 0.079028 0.316111
vt 0.000000 0.000000
vt 0.083889 0.335556
vt 0.062500 0.250000
vt 0.125904 0.500000
vt 0.125036 0.500000
vt 0.125904 0.500000
vt 0.125434 0.500000
vt 0.129123 0.500289
vt 0.125515 0.500036
vt 0.128472 0.502315
vt 0.125434 0.500289
vt 0.125832 0.506944
vt 0.125104 0.500868
vt 0.122975 0.511574
vt 0.124747 0.501447
vt 0.121709 0.513600
vt 0.124589 0.501700
vt 0.124566 0.501736
vt 0.124566 0.501736
vt 0.121528 0.513310
vt 0.124566 0.501664
vt 0.121528 0.509259
vt 0.124566 0.501157
vt 0.124566 0.498843
vt 0.124566 0.498336
vt 0.121528 0.490741
vt 0.121528 0.486690
vt 0.104167 0.444445
vt 0.104167 0.420139
vt 0.114149 0.458406
vt 0.114149 0.471065
vt 0.124566 0.500000
vt 0.121528 0.500000
vt 0.135417 0.500000
vt 0.149740 0.501736
vt 0.137885 0.500904
vt 0.145833 0.513889
vt 0.135851 0.507234
vt 0.129991 0.541667
vt 0.127600 0.521701
vt 0.112847 0.569444
vt 0.118671 0.536169
vt 0.105252 0.581597
vt 0.114715 0.542498
vt 0.114149 0.543403
vt 0.114149 0.543403
vt 0.104167 0.579861
vt 0.114149 0.541594
vt 0.104167 0.555556
vt 0.114149 0.528935
vt 0.114149 0.500000
vt 0.104167 0.500000
vt 0.031250 0.238426
vt 0.031250 0.500000
vt 0.041667 0.277778
vt 0.041667 0.500000
vt 0.041667 0.722222
vt 0.031250 0.761574
vt 0.052083 0.305556
vt 0.052083 0.500000
vt 0.062500 0.333333
vt 0.062500 0.500000
vt 0.062500 0.666667
vt 0.052083 0.694444
vt 0.072917 0.361111
vt 0.083333 0.388889
vt 0.083333 0.500000
vt 0.083333 0.611111
vt 0.072917 0.638889
vt 0.093750 0.416667
vt 0.093750 0.500000
vt 0.093750 0.583333
vt 0.031250 0.862269
vt 0.031250 0.875000
vt 0.041667 0.819444
vt 0.041667 0.833333
vt 0.052083 0.779514
vt 0.062500 0.739583
vt 0.072917 0.699653
vt 0.083333 0.659722
vt 0.083333 0.666667
vt 0.093750 0.619792
vt 0.031250 0.875000
vt 0.052083 0.791667
vt 0.083333 0.666667
vt 0.093750 0.625000
vt 0.035229 0.868634
vt 0.066696 0.818287
vt 0.046007 0.826389
vt 0.076389 0.777778
vt 0.055881 0.785590
vt 0.082465 0.743056
vt 0.065755 0.744792
vt 0.088542 0.708333
vt 0.075629 0.703993
vt 0.094618 0.673611
vt 0.085503 0.663195
vt 0.100694 0.638889
vt 0.095378 0.622396
vt 0.106771 0.604167
vt 0.281250 0.500000
vt 0.151042 0.708334
vt 0.147642 0.687500
vt 0.223090 0.556713
vt 0.144965 0.666667
vt 0.208333 0.555556
vt 0.142470 0.645833
vt 0.197917 0.548611
vt 0.139974 0.625000
vt 0.187500 0.541667
vt 0.137478 0.604167
vt 0.177083 0.534722
vt 0.134983 0.583333
vt 0.166667 0.527778
vt 0.132487 0.562500
vt 0.156250 0.520833
vt 0.237413 0.506366
vt 0.223958 0.506944
vt 0.208333 0.500000
vt 0.211588 0.506076
vt 0.197917 0.500000
vt 0.199219 0.505208
vt 0.186849 0.504340
vt 0.177083 0.500000
vt 0.174479 0.503472
vt 0.166667 0.500000
vt 0.162109 0.502604
vt 0.156250 0.500000
vt 0.195312 0.500000
vt 0.179688 0.500000
vt 0.161458 0.500000
vt 0.171875 0.500000
vt 0.156250 0.500000
vt 0.164063 0.500000
vt 0.148438 0.500000
vt 0.140625 0.500000
vt 0.131944 0.500000
vt 0.131076 0.500000
vt 0.141276 0.500000
vt 0.138563 0.500000
vt 0.129340 0.500000
vt 0.127604 0.500000
vt 0.031250 0.137731
vt 0.041667 0.180556
vt 0.052083 0.220486
vt 0.062500 0.260417
vt 0.072917 0.300347
vt 0.083333 0.340278
vt 0.093750 0.380208
vt 0.125760 0.500000
vt 0.125651 0.500000
vt 0.117833 0.471332
vt 0.104481 0.417923
vt 0.083889 0.335556
s 1
usemtl bottom_M
f 40/1/1 961/2/2 2860/3/3 960/4/4
f 961/2/2 39/5/5 962/6/6 2860/3/3
f 2860/3/3 962/6/6 1/5/7 963/7/8
f 960/4/4 2860/3/3 963/7/8 2/8/9
f 2/8/9 963/7/8 2861/9/10 964/7/11
f 963/7/8 1/5/7 965/5/12 2861/9/10
f 2861/9/10 965/5/12 3/5/13 966/5/14
f 964/7/11 2861/9/10 966/5/14 4/10/15
f 4/10/15 966/5/14 2862/5/16 967/5/17
f 966/5/14 3/5/13 968/5/18 2862/5/16
f 2862/5/16 968/5/18 5/5/19 969/5/20
f 967/5/17 2862/5/16 969/5/20 6/5/21
f 6/5/21 969/5/20 2863/5/22 970/5/23
f 969/5/20 5/5/19 971/5/24 2863/5/22
f 2863/5/22 971/5/24 7/5/25 972/6/26
f 970/5/23 2863/5/22 972/6/26 8/6/27
f 8/6/28 972/6/29 2864/5/30 973/5/31
f 972/6/29 7/5/32 974/6/33 2864/5/30
f 2864/5/30 974/6/33 9/5/34 975/5/35
f 973/5/31 2864/5/30 975/5/35 10/5/36
f 10/5/36 975/5/35 2865/5/37 976/5/38
f 975/5/35 9/5/34 977/6/39 2865/5/37
f 2865/5/37 977/6/39 11/6/40 978/6/41
f 976/5/38 2865/5/37 978/6/41 12/6/42
f 12/6/43 978/6/44 2866/5/45 979/5/46
f 978/6/44 11/6/47 980/5/48 2866/5/45
f 2866/5/45 980/5/48 13/5/49 981/5/50
f 979/5/46 2866/5/45 981/5/50 14/5/51
f 2/8/9 964/7/11 2867/11/52 982/12/53
f 964/7/11 4/10/15 983/5/54 2867/11/52
f 2867/11/52 983/5/54 17/5/55 984/13/56
f 982/12/53 2867/11/52 984/13/56 16/1/57
f 16/1/57 984/13/56 2868/14/58 985/15/59
f 984/13/56 17/5/55 986/6/60 2868/14/58
f 2868/14/58 986/6/60 19/5/61 987/16/62
f 985/15/59 2868/14/58 987/16/62 18/17/63
f 18/17/63 987/16/62 2869/18/64 988/19/65
f 987/16/62 19/5/61 989/5/66 2869/18/64
f 2869/18/64 989/5/66 21/5/67 990/20/68
f 988/19/65 2869/18/64 990/20/68 20/5/69
f 20/5/69 990/20/68 2870/5/70 991/6/71
f 990/20/68 21/5/67 992/5/72 2870/5/70
f 2870/5/70 992/5/72 23/5/73 993/21/74
f 991/6/71 2870/5/70 993/21/74 22/5/75
f 22/5/75 993/21/74 2871/22/76 994/23/77
f 993/21/74 23/5/73 995/5/78 2871/22/76
f 2871/22/76 995/5/78 25/5/79 996/24/80
f 994/23/77 2871/22/76 996/24/80 24/25/81
f 24/25/81 996/24/80 2872/26/82 997/27/83
f 996/24/80 25/5/79 998/6/84 2872/26/82
f 2872/26/82 998/6/84 27/5/85 999/28/86
f 997/27/83 2872/26/82 999/28/86 26/25/87
f 26/25/87 999/28/86 2873/26/88 1000/27/89
f 999/28/86 27/5/85 1001/6/90 2873/26/88
f 2873/26/88 1001/6/90 29/5/91 1002/28/92
f 1000/27/89 2873/26/88 1002/28/92 28/25/93
f 28/25/93 1002/28/92 2874/22/94 1003/29/95
f 1002/28/92 29/5/91 1004/5/96 2874/22/94
f 2874/22/94 1004/5/96 31/5/97 1005/21/98
f 1003/29/95 2874/22/94 1005/21/98 30/5/99
f 14/5/51 981/5/50 2875/5/100 1006/6/101
f 981/5/50 13/5/49 1007/5/102 2875/5/100
f 2875/5/100 1007/5/102 15/5/103 1008/5/104
f 1006/6/101 2875/5/100 1008/5/104 32/10/105
f 32/10/105 1008/5/104 2876/30/106 1009/31/107
f 1008/5/104 15/5/103 1010/32/108 2876/30/106
f 2876/30/106 1010/32/108 33/33/109 1011/34/110
f 1009/31/107 2876/30/106 1011/34/110 34/5/111
f 49/35/112 1013/36/113 2877/37/114 1012/38/115
f 1013/36/113 34/5/111 1011/34/110 2877/37/114
f 2877/37/114 1011/34/110 33/33/109 1014/39/116
f 1012/38/115 2877/37/114 1014/39/116 54/40/117
f 31/5/97 1015/41/118 2878/5/119 1005/21/98
f 1015/41/118 32/10/105 1009/31/107 2878/5/119
f 2878/5/119 1009/31/107 34/5/111 1016/6/120
f 1005/21/98 2878/5/119 1016/6/120 30/5/99
f 40/1/1 960/4/4 2879/42/121 1017/43/122
f 960/4/4 2/8/9 982/12/53 2879/42/121
f 2879/42/121 982/12/53 16/1/57 1018/44/123
f 1017/43/122 2879/42/121 1018/44/123 59/45/124
f 59/45/124 1018/44/123 2880/46/125 1019/47/126
f 1018/44/123 16/1/57 985/15/59 2880/46/125
f 2880/46/125 985/15/59 18/17/63 1020/48/127
f 1019/47/126 2880/46/125 1020/48/127 64/49/128
f 64/49/128 1020/48/127 2881/50/129 1021/51/130
f 1020/48/127 18/17/63 988/19/65 2881/50/129
f 2881/50/129 988/19/65 20/5/69 1022/52/131
f 1021/51/130 2881/50/129 1022/52/131 69/53/132
f 69/53/132 1022/52/131 2882/54/133 1023/55/134
f 1022/52/131 20/5/69 991/6/71 2882/54/133
f 2882/54/133 991/6/71 22/5/75 1024/56/135
f 1023/55/134 2882/54/133 1024/56/135 74/57/136
f 74/57/136 1024/56/135 2883/58/137 1025/59/138
f 1024/56/135 22/5/75 994/23/77 2883/58/137
f 2883/58/137 994/23/77 24/25/81 1026/60/139
f 1025/59/138 2883/58/137 1026/60/139 79/61/140
f 79/61/140 1026/60/139 2884/62/141 1027/63/142
f 1026/60/139 24/25/81 997/27/83 2884/62/141
f 2884/62/141 997/27/83 26/25/87 1028/64/143
f 1027/63/142 2884/62/141 1028/64/143 84/61/144
f 84/61/144 1028/64/143 2885/62/145 1029/63/146
f 1028/64/143 26/25/87 1000/27/89 2885/62/145
f 2885/62/145 1000/27/89 28/25/93 1030/64/147
f 1029/63/146 2885/62/145 1030/64/147 89/61/148
f 89/61/148 1030/64/147 2886/65/149 1031/66/150
f 1030/64/147 28/25/93 1003/29/95 2886/65/149
f 2886/65/149 1003/29/95 30/5/99 1032/56/151
f 1031/66/150 2886/65/149 1032/56/151 94/57/152
f 49/35/112 1033/67/153 2887/68/154 1013/36/113
f 1033/67/153 94/57/152 1032/56/151 2887/68/154
f 2887/68/154 1032/56/151 30/5/99 1016/6/120
f 1013/36/113 2887/68/154 1016/6/120 34/5/111
f 45/69/155 1035/70/156 2888/71/157 1034/72/158
f 1035/70/156 90/73/159 1036/74/160 2888/71/157
f 2888/71/157 1036/74/160 91/75/161 1037/76/162
f 1034/72/158 2888/71/157 1037/76/162 46/77/163
f 46/77/163 1037/76/162 2889/78/164 1038/79/165
f 1037/76/162 91/75/161 1039/80/166 2889/78/164
f 2889/78/164 1039/80/166 92/81/167 1040/82/168
f 1038/79/165 2889/78/164 1040/82/168 47/83/169
f 47/83/169 1040/82/168 2890/84/170 1041/85/171
f 1040/82/168 92/81/167 1042/86/172 2890/84/170
f 2890/84/170 1042/86/172 93/87/173 1043/88/174
f 1041/85/171 2890/84/170 1043/88/174 48/89/175
f 48/89/175 1043/88/174 2891/90/176 1044/91/177
f 1043/88/174 93/87/173 1045/92/178 2891/90/176
f 2891/90/176 1045/92/178 94/57/152 1033/67/153
f 1044/91/177 2891/90/176 1033/67/153 49/35/112
f 85/93/179 1047/94/180 2892/95/181 1046/96/182
f 1047/94/180 86/97/183 1048/98/184 2892/95/181
f 2892/95/181 1048/98/184 91/75/161 1036/74/160
f 1046/96/182 2892/95/181 1036/74/160 90/73/159
f 86/97/183 1049/99/185 2893/100/186 1048/98/184
f 1049/99/185 87/101/187 1050/81/188 2893/100/186
f 2893/100/186 1050/81/188 92/81/167 1039/80/166
f 1048/98/184 2893/100/186 1039/80/166 91/75/161
f 87/101/187 1051/102/189 2894/103/190 1050/81/188
f 1051/102/189 88/104/191 1052/105/192 2894/103/190
f 2894/103/190 1052/105/192 93/87/173 1042/86/172
f 1050/81/188 2894/103/190 1042/86/172 92/81/167
f 88/104/191 1053/106/193 2895/107/194 1052/105/192
f 1053/106/193 89/61/148 1031/66/150 2895/107/194
f 2895/107/194 1031/66/150 94/57/152 1045/92/178
f 1052/105/192 2895/107/194 1045/92/178 93/87/173
f 80/93/195 1055/94/196 2896/94/197 1054/96/198
f 1055/94/196 81/97/199 1056/97/200 2896/94/197
f 2896/94/197 1056/97/200 86/97/183 1047/94/180
f 1054/96/198 2896/94/197 1047/94/180 85/93/179
f 81/97/199 1057/100/201 2897/100/202 1056/97/200
f 1057/100/201 82/108/203 1058/109/204 2897/100/202
f 2897/100/202 1058/109/204 87/101/187 1049/99/185
f 1056/97/200 2897/100/202 1049/99/185 86/97/183
f 82/108/203 1059/110/205 2898/111/206 1058/109/204
f 1059/110/205 83/112/207 1060/113/208 2898/111/206
f 2898/111/206 1060/113/208 88/104/191 1051/102/189
f 1058/109/204 2898/111/206 1051/102/189 87/101/187
f 83/112/207 1061/114/209 2899/107/210 1060/113/208
f 1061/114/209 84/61/144 1029/63/146 2899/107/210
f 2899/107/210 1029/63/146 89/61/148 1053/106/193
f 1060/113/208 2899/107/210 1053/106/193 88/104/191
f 75/93/211 1063/94/212 2900/94/213 1062/96/214
f 1063/94/212 76/97/215 1064/97/216 2900/94/213
f 2900/94/213 1064/97/216 81/97/199 1055/94/196
f 1062/96/214 2900/94/213 1055/94/196 80/93/195
f 76/97/215 1065/100/217 2901/100/218 1064/97/216
f 1065/100/217 77/108/219 1066/109/220 2901/100/218
f 2901/100/218 1066/109/220 82/108/203 1057/100/201
f 1064/97/216 2901/100/218 1057/100/201 81/97/199
f 77/108/219 1067/110/221 2902/111/222 1066/109/220
f 1067/110/221 78/112/223 1068/113/224 2902/111/222
f 2902/111/222 1068/113/224 83/112/207 1059/110/205
f 1066/109/220 2902/111/222 1059/110/205 82/108/203
f 78/112/223 1069/114/225 2903/107/226 1068/113/224
f 1069/114/225 79/61/140 1027/63/142 2903/107/226
f 2903/107/226 1027/63/142 84/61/144 1061/114/209
f 1068/113/224 2903/107/226 1061/114/209 83/112/207
f 70/73/227 1071/74/228 2904/115/229 1070/96/230
f 1071/74/228 71/75/231 1072/116/232 2904/115/229
f 2904/115/229 1072/116/232 76/97/215 1063/94/212
f 1070/96/230 2904/115/229 1063/94/212 75/93/211
f 71/75/231 1073/80/233 2905/117/234 1072/116/232
f 1073/80/233 72/81/235 1074/101/236 2905/117/234
f 2905/117/234 1074/101/236 77/108/219 1065/100/217
f 1072/116/232 2905/117/234 1065/100/217 76/97/215
f 72/81/235 1075/86/237 2906/103/238 1074/101/236
f 1075/86/237 73/87/239 1076/118/240 2906/103/238
f 2906/103/238 1076/118/240 78/112/223 1067/110/221
f 1074/101/236 2906/103/238 1067/110/221 77/108/219
f 73/87/239 1077/92/241 2907/106/242 1076/118/240
f 1077/92/241 74/57/136 1025/59/138 2907/106/242
f 2907/106/242 1025/59/138 79/61/140 1069/114/225
f 1076/118/240 2907/106/242 1069/114/225 78/112/223
f 65/119/243 1079/120/244 2908/121/245 1078/122/246
f 1079/120/244 66/123/247 1080/124/248 2908/121/245
f 2908/121/245 1080/124/248 71/75/231 1071/74/228
f 1078/122/246 2908/121/245 1071/74/228 70/73/227
f 66/123/247 1081/125/249 2909/126/250 1080/124/248
f 1081/125/249 67/127/251 1082/128/252 2909/126/250
f 2909/126/250 1082/128/252 72/81/235 1073/80/233
f 1080/124/248 2909/126/250 1073/80/233 71/75/231
f 67/127/251 1083/129/253 2910/130/254 1082/128/252
f 1083/129/253 68/131/255 1084/132/256 2910/130/254
f 2910/130/254 1084/132/256 73/87/239 1075/86/237
f 1082/128/252 2910/130/254 1075/86/237 72/81/235
f 68/131/255 1085/133/257 2911/134/258 1084/132/256
f 1085/133/257 69/53/132 1023/55/134 2911/134/258
f 2911/134/258 1023/55/134 74/57/136 1077/92/241
f 1084/132/256 2911/134/258 1077/92/241 73/87/239
f 60/135/259 1087/136/260 2912/137/261 1086/138/262
f 1087/136/260 61/139/263 1088/140/264 2912/137/261
f 2912/137/261 1088/140/264 66/123/247 1079/120/244
f 1086/138/262 2912/137/261 1079/120/244 65/119/243
f 61/139/263 1089/141/265 2913/142/266 1088/140/264
f 1089/141/265 62/143/267 1090/144/268 2913/142/266
f 2913/142/266 1090/144/268 67/127/251 1081/125/249
f 1088/140/264 2913/142/266 1081/125/249 66/123/247
f 62/143/267 1091/145/269 2914/146/270 1090/144/268
f 1091/145/269 63/147/271 1092/145/272 2914/146/270
f 2914/146/270 1092/145/272 68/131/255 1083/129/253
f 1090/144/268 2914/146/270 1083/129/253 67/127/251
f 63/147/271 1093/53/273 2915/148/274 1092/145/272
f 1093/53/273 64/49/128 1021/51/130 2915/148/274
f 2915/148/274 1021/51/130 69/53/132 1085/133/257
f 1092/145/272 2915/148/274 1085/133/257 68/131/255
f 55/149/275 1095/150/276 2916/151/277 1094/129/278
f 1095/150/276 56/152/279 1096/143/280 2916/151/277
f 2916/151/277 1096/143/280 61/139/263 1087/136/260
f 1094/129/278 2916/151/277 1087/136/260 60/135/259
f 56/152/279 1097/153/281 2917/154/282 1096/143/280
f 1097/153/281 57/155/283 1098/133/284 2917/154/282
f 2917/154/282 1098/133/284 62/143/267 1089/141/265
f 1096/143/280 2917/154/282 1089/141/265 61/139/263
f 57/155/283 1099/156/285 2918/157/286 1098/133/284
f 1099/156/285 58/158/287 1100/159/288 2918/157/286
f 2918/157/286 1100/159/288 63/147/271 1091/145/269
f 1098/133/284 2918/157/286 1091/145/269 62/143/267
f 58/158/287 1101/52/289 2919/160/290 1100/159/288
f 1101/52/289 59/45/124 1019/47/126 2919/160/290
f 2919/160/290 1019/47/126 64/49/128 1093/53/273
f 1100/159/288 2919/160/290 1093/53/273 63/147/271
f 44/5/291 1103/161/292 2920/162/293 1102/163/294
f 1103/161/292 43/164/295 1104/165/296 2920/162/293
f 2920/162/293 1104/165/296 56/152/279 1095/150/276
f 1102/163/294 2920/162/293 1095/150/276 55/149/275
f 43/164/295 1105/166/297 2921/167/298 1104/165/296
f 1105/166/297 42/168/299 1106/169/300 2921/167/298
f 2921/167/298 1106/169/300 57/155/283 1097/153/281
f 1104/165/296 2921/167/298 1097/153/281 56/152/279
f 42/168/299 1107/170/301 2922/171/302 1106/169/300
f 1107/170/301 41/172/303 1108/173/304 2922/171/302
f 2922/171/302 1108/173/304 58/158/287 1099/156/285
f 1106/169/300 2922/171/302 1099/156/285 57/155/283
f 41/172/303 1109/15/305 2923/46/306 1108/173/304
f 1109/15/305 40/1/1 1017/43/122 2923/46/306
f 2923/46/306 1017/43/122 59/45/124 1101/52/289
f 1108/173/304 2923/46/306 1101/52/289 58/158/287
f 45/69/155 1034/72/158 2924/174/307 1110/175/308
f 1034/72/158 46/77/163 1111/176/309 2924/174/307
f 2924/174/307 1111/176/309 51/177/310 1112/178/311
f 1110/175/308 2924/174/307 1112/178/311 50/179/312
f 46/77/163 1038/79/165 2925/180/313 1111/176/309
f 1038/79/165 47/83/169 1113/83/314 2925/180/313
f 2925/180/313 1113/83/314 52/83/315 1114/181/316
f 1111/176/309 2925/180/313 1114/181/316 51/177/310
f 47/83/169 1041/85/171 2926/182/317 1113/83/314
f 1041/85/171 48/89/175 1115/183/318 2926/182/317
f 2926/182/317 1115/183/318 53/184/319 1116/185/320
f 1113/83/314 2926/182/317 1116/185/320 52/83/315
f 48/89/175 1044/91/177 2927/186/321 1115/183/318
f 1044/91/177 49/35/112 1012/38/115 2927/186/321
f 2927/186/321 1012/38/115 54/40/117 1117/186/322
f 1115/183/318 2927/186/321 1117/186/322 53/184/319
f 44/5/291 1118/6/323 2928/187/324 1103/161/292
f 1118/6/323 35/5/325 1119/5/326 2928/187/324
f 2928/187/324 1119/5/326 36/5/327 1120/188/328
f 1103/161/292 2928/187/324 1120/188/328 43/164/295
f 43/164/295 1120/188/328 2929/189/329 1105/166/297
f 1120/188/328 36/5/327 1121/6/330 2929/189/329
f 2929/189/329 1121/6/330 37/5/331 1122/190/332
f 1105/166/297 2929/189/329 1122/190/332 42/168/299
f 42/168/299 1122/190/332 2930/191/333 1107/170/301
f 1122/190/332 37/5/331 1123/6/334 2930/191/333
f 2930/191/333 1123/6/334 38/5/335 1124/16/336
f 1107/170/301 2930/191/333 1124/16/336 41/172/303
f 41/172/303 1124/16/336 2931/14/337 1109/15/305
f 1124/16/336 38/5/335 1125/6/338 2931/14/337
f 2931/14/337 1125/6/338 39/5/5 961/2/2
f 1109/15/305 2931/14/337 961/2/2 40/1/1
f 25/5/79 995/5/78 2932/6/339 1126/6/340
f 995/5/78 23/5/73 1127/6/341 2932/6/339
f 2932/6/339 1127/6/341 104/5/342 1128/6/343
f 1126/6/340 2932/6/339 1128/6/343 105/5/344
f 12/6/43 979/5/46 2933/5/345 1129/6/346
f 979/5/46 14/5/51 1130/5/347 2933/5/345
f 2933/5/345 1130/5/347 100/5/348 1131/5/349
f 1129/6/346 2933/5/345 1131/5/349 99/6/350
f 21/5/67 989/5/66 2934/6/351 1132/6/352
f 989/5/66 19/5/61 1133/6/353 2934/6/351
f 2934/6/351 1133/6/353 102/5/354 1134/6/355
f 1132/6/352 2934/6/351 1134/6/355 103/5/356
f 31/5/97 1004/5/96 2935/6/357 1135/6/358
f 1004/5/96 29/5/91 1136/6/359 2935/6/357
f 2935/6/357 1136/6/359 107/5/360 1137/6/361
f 1135/6/358 2935/6/357 1137/6/361 108/5/362
f 8/6/28 973/5/31 2936/5/363 1138/6/364
f 973/5/31 10/5/36 1139/5/365 2936/5/363
f 2936/5/363 1139/5/365 98/5/366 1140/5/367
f 1138/6/364 2936/5/363 1140/5/367 97/5/368
f 17/5/55 983/5/54 2937/5/369 1141/5/370
f 983/5/54 4/10/15 1142/5/371 2937/5/369
f 2937/5/369 1142/5/371 95/5/372 1143/5/373
f 1141/5/370 2937/5/369 1143/5/373 101/5/374
f 27/5/85 998/6/84 2938/6/375 1144/6/376
f 998/6/84 25/5/79 1126/6/340 2938/6/375
f 2938/6/375 1126/6/340 105/5/344 1145/6/377
f 1144/6/376 2938/6/375 1145/6/377 106/5/378
f 4/10/15 967/5/17 2939/6/379 1142/5/371
f 967/5/17 6/5/21 1146/5/380 2939/6/379
f 2939/6/379 1146/5/380 96/5/381 1147/5/382
f 1142/5/371 2939/6/379 1147/5/382 95/5/372
f 23/5/73 992/5/72 2940/6/383 1127/6/341
f 992/5/72 21/5/67 1132/6/352 2940/6/383
f 2940/6/383 1132/6/352 103/5/356 1148/6/384
f 1127/6/341 2940/6/383 1148/6/384 104/5/342
f 32/10/105 1015/41/118 2941/5/385 1149/5/386
f 1015/41/118 31/5/97 1135/6/358 2941/5/385
f 2941/5/385 1135/6/358 108/5/362 1150/5/387
f 1149/5/386 2941/5/385 1150/5/387 109/5/388
f 10/5/36 976/5/38 2942/5/389 1139/5/365
f 976/5/38 12/6/42 1129/6/390 2942/5/389
f 2942/5/389 1129/6/390 99/6/391 1151/5/392
f 1139/5/365 2942/5/389 1151/5/392 98/5/366
f 19/5/61 986/6/60 2943/6/393 1133/6/353
f 986/6/60 17/5/55 1141/5/370 2943/6/393
f 2943/6/393 1141/5/370 101/5/374 1152/6/394
f 1133/6/353 2943/6/393 1152/6/394 102/5/354
f 29/5/91 1001/6/90 2944/6/395 1136/6/359
f 1001/6/90 27/5/85 1144/6/376 2944/6/395
f 2944/6/395 1144/6/376 106/5/378 1153/6/396
f 1136/6/359 2944/6/395 1153/6/396 107/5/360
f 14/5/51 1006/6/101 2945/5/397 1130/5/347
f 1006/6/101 32/10/105 1149/5/386 2945/5/397
f 2945/5/397 1149/5/386 109/5/388 1154/5/398
f 1130/5/347 2945/5/397 1154/5/398 100/5/348
f 6/5/21 970/5/23 2946/5/399 1146/5/380
f 970/5/23 8/6/27 1138/6/400 2946/5/399
f 2946/5/399 1138/6/400 97/5/401 1155/6/402
f 1146/5/380 2946/5/399 1155/6/402 96/5/381
f 127/5/403 1157/6/404 2947/5/405 1156/5/406
f 1157/6/404 126/5/407 1158/6/408 2947/5/405
f 2947/5/405 1158/6/408 112/5/409 1159/5/410
f 1156/5/406 2947/5/405 1159/5/410 111/5/411
f 131/5/412 1161/6/413 2948/6/414 1160/6/415
f 1161/6/413 130/5/416 1162/6/417 2948/6/414
f 2948/6/414 1162/6/417 119/5/418 1163/6/419
f 1160/6/415 2948/6/414 1163/6/419 120/5/420
f 126/5/421 1164/5/422 2949/5/423 1158/6/424
f 1164/5/422 134/5/425 1165/5/426 2949/5/423
f 2949/5/423 1165/5/426 113/6/427 1166/6/428
f 1158/6/424 2949/5/423 1166/6/428 112/5/429
f 135/5/430 1168/6/431 2950/6/432 1167/6/433
f 1168/6/431 131/5/412 1160/6/415 2950/6/432
f 2950/6/432 1160/6/415 120/5/420 1169/6/434
f 1167/6/433 2950/6/432 1169/6/434 121/5/435
f 134/5/425 1170/5/436 2951/5/437 1165/5/426
f 1170/5/436 138/6/438 1171/6/439 2951/5/437
f 2951/5/437 1171/6/439 114/5/440 1172/6/441
f 1165/5/426 2951/5/437 1172/6/441 113/6/427
f 139/5/442 1174/6/443 2952/6/444 1173/6/445
f 1174/6/443 135/5/430 1167/6/433 2952/6/444
f 2952/6/444 1167/6/433 121/5/435 1175/6/446
f 1173/6/445 2952/6/444 1175/6/446 122/5/447
f 138/6/448 1176/5/449 2953/5/450 1171/6/451
f 1176/5/449 142/5/452 1177/5/453 2953/5/450
f 2953/5/450 1177/5/453 115/5/454 1178/5/455
f 1171/6/451 2953/5/450 1178/5/455 114/5/456
f 143/5/457 1180/6/458 2954/6/459 1179/6/460
f 1180/6/458 139/5/442 1173/6/445 2954/6/459
f 2954/6/459 1173/6/445 122/5/447 1181/6/461
f 1179/6/460 2954/6/459 1181/6/461 123/5/462
f 147/5/463 1183/6/464 2955/6/465 1182/6/466
f 1183/6/464 146/5/467 1184/6/468 2955/6/465
f 2955/6/465 1184/6/468 110/5/469 1185/6/470
f 1182/6/466 2955/6/465 1185/6/470 116/5/471
f 142/5/452 1186/6/472 2956/6/473 1177/5/453
f 1186/6/472 150/5/474 1187/6/475 2956/6/473
f 2956/6/473 1187/6/475 124/5/476 1188/6/477
f 1177/5/453 2956/6/473 1188/6/477 115/5/454
f 151/5/478 1190/6/479 2957/6/480 1189/6/481
f 1190/6/479 147/5/463 1182/6/466 2957/6/480
f 2957/6/480 1182/6/466 116/5/471 1191/6/482
f 1189/6/481 2957/6/480 1191/6/482 117/5/483
f 150/5/474 1192/6/484 2958/6/485 1187/6/475
f 1192/6/484 143/5/457 1179/6/460 2958/6/485
f 2958/6/485 1179/6/460 123/5/462 1193/6/486
f 1187/6/475 2958/6/485 1193/6/486 124/5/476
f 153/5/487 1195/6/488 2959/6/489 1194/6/490
f 1195/6/488 151/5/478 1189/6/481 2959/6/489
f 2959/6/489 1189/6/481 117/5/483 1196/6/491
f 1194/6/490 2959/6/489 1196/6/491 118/5/492
f 146/5/467 1197/5/493 2960/5/494 1184/6/468
f 1197/5/493 127/5/403 1156/5/406 2960/5/494
f 2960/5/494 1156/5/406 111/5/411 1198/5/495
f 1184/6/468 2960/5/494 1198/5/495 110/5/469
f 130/5/416 1199/6/496 2961/6/497 1162/6/417
f 1199/6/496 153/5/487 1194/6/490 2961/6/497
f 2961/6/497 1194/6/490 118/5/492 1200/6/498
f 1162/6/417 2961/6/497 1200/6/498 119/5/418
f 104/5/342 1148/6/384 2962/6/499 1201/6/500
f 1148/6/384 103/5/356 1202/6/501 2962/6/499
f 2962/6/499 1202/6/501 154/5/502 1203/6/503
f 1201/6/500 2962/6/499 1203/6/503 129/5/504
f 129/5/504 1203/6/503 2963/6/505 1204/6/506
f 1203/6/503 154/5/502 1205/6/507 2963/6/505
f 2963/6/505 1205/6/507 153/5/487 1199/6/496
f 1204/6/506 2963/6/505 1199/6/496 130/5/416
f 95/5/372 1147/5/382 2964/5/508 1206/5/509
f 1147/5/382 96/5/381 1207/6/510 2964/5/508
f 2964/5/508 1207/6/510 128/6/511 1208/5/512
f 1206/5/509 2964/5/508 1208/5/512 145/5/513
f 145/5/513 1208/5/512 2965/5/514 1209/5/515
f 1208/5/512 128/6/511 1210/6/516 2965/5/514
f 2965/5/514 1210/6/516 127/5/403 1197/5/493
f 1209/5/515 2965/5/514 1197/5/493 146/5/467
f 103/5/356 1134/6/355 2966/6/517 1202/6/501
f 1134/6/355 102/5/354 1211/6/518 2966/6/517
f 2966/6/517 1211/6/518 152/5/519 1212/6/520
f 1202/6/501 2966/6/517 1212/6/520 154/5/502
f 154/5/502 1212/6/520 2967/6/521 1205/6/507
f 1212/6/520 152/5/519 1213/6/522 2967/6/521
f 2967/6/521 1213/6/522 151/5/478 1195/6/488
f 1205/6/507 2967/6/521 1195/6/488 153/5/487
f 109/5/388 1150/5/387 2968/6/523 1214/6/524
f 1150/5/387 108/5/362 1215/6/525 2968/6/523
f 2968/6/523 1215/6/525 144/5/526 1216/6/527
f 1214/6/524 2968/6/523 1216/6/527 149/5/528
f 149/5/528 1216/6/527 2969/6/529 1217/6/530
f 1216/6/527 144/5/526 1218/6/531 2969/6/529
f 2969/6/529 1218/6/531 143/5/457 1192/6/484
f 1217/6/530 2969/6/529 1192/6/484 150/5/474
f 102/5/354 1152/6/394 2970/6/532 1211/6/518
f 1152/6/394 101/5/374 1219/6/533 2970/6/532
f 2970/6/532 1219/6/533 148/5/534 1220/6/535
f 1211/6/518 2970/6/532 1220/6/535 152/5/519
f 152/5/519 1220/6/535 2971/6/536 1213/6/522
f 1220/6/535 148/5/534 1221/6/537 2971/6/536
f 2971/6/536 1221/6/537 147/5/463 1190/6/479
f 1213/6/522 2971/6/536 1190/6/479 151/5/478
f 100/5/348 1154/5/398 2972/6/538 1222/6/539
f 1154/5/398 109/5/388 1214/6/524 2972/6/538
f 2972/6/538 1214/6/524 149/5/528 1223/6/540
f 1222/6/539 2972/6/538 1223/6/540 141/5/541
f 141/5/541 1223/6/540 2973/6/542 1224/6/543
f 1223/6/540 149/5/528 1217/6/530 2973/6/542
f 2973/6/542 1217/6/530 150/5/474 1186/6/472
f 1224/6/543 2973/6/542 1186/6/472 142/5/452
f 101/5/374 1143/5/373 2974/6/544 1219/6/533
f 1143/5/373 95/5/372 1206/5/509 2974/6/544
f 2974/6/544 1206/5/509 145/5/513 1225/6/545
f 1219/6/533 2974/6/544 1225/6/545 148/5/534
f 148/5/534 1225/6/545 2975/6/546 1221/6/537
f 1225/6/545 145/5/513 1209/5/515 2975/6/546
f 2975/6/546 1209/5/515 146/5/467 1183/6/464
f 1221/6/537 2975/6/546 1183/6/464 147/5/463
f 108/5/362 1137/6/361 2976/6/547 1215/6/525
f 1137/6/361 107/5/360 1226/6/548 2976/6/547
f 2976/6/547 1226/6/548 140/5/549 1227/6/550
f 1215/6/525 2976/6/547 1227/6/550 144/5/526
f 144/5/526 1227/6/550 2977/6/551 1218/6/531
f 1227/6/550 140/5/549 1228/6/552 2977/6/551
f 2977/6/551 1228/6/552 139/5/442 1180/6/458
f 1218/6/531 2977/6/551 1180/6/458 143/5/457
f 99/6/350 1131/5/349 2978/5/553 1229/6/554
f 1131/5/349 100/5/348 1222/6/539 2978/5/553
f 2978/5/553 1222/6/539 141/5/541 1230/5/555
f 1229/6/554 2978/5/553 1230/5/555 137/6/556
f 137/6/556 1230/5/555 2979/5/557 1231/6/558
f 1230/5/555 141/5/541 1224/6/543 2979/5/557
f 2979/5/557 1224/6/543 142/5/452 1176/5/449
f 1231/6/558 2979/5/557 1176/5/449 138/6/448
f 107/5/360 1153/6/396 2980/6/559 1226/6/548
f 1153/6/396 106/5/378 1232/6/560 2980/6/559
f 2980/6/559 1232/6/560 136/5/561 1233/6/562
f 1226/6/548 2980/6/559 1233/6/562 140/5/549
f 140/5/549 1233/6/562 2981/6/563 1228/6/552
f 1233/6/562 136/5/561 1234/6/564 2981/6/563
f 2981/6/563 1234/6/564 135/5/430 1174/6/443
f 1228/6/552 2981/6/563 1174/6/443 139/5/442
f 98/5/366 1151/5/392 2982/5/565 1235/5/566
f 1151/5/392 99/6/391 1229/6/567 2982/5/565
f 2982/5/565 1229/6/567 137/6/568 1236/5/569
f 1235/5/566 2982/5/565 1236/5/569 133/5/570
f 133/5/570 1236/5/569 2983/5/571 1237/5/572
f 1236/5/569 137/6/568 1231/6/573 2983/5/571
f 2983/5/571 1231/6/573 138/6/438 1170/5/436
f 1237/5/572 2983/5/571 1170/5/436 134/5/425
f 106/5/378 1145/6/377 2984/6/574 1232/6/560
f 1145/6/377 105/5/344 1238/6/575 2984/6/574
f 2984/6/574 1238/6/575 132/5/576 1239/6/577
f 1232/6/560 2984/6/574 1239/6/577 136/5/561
f 136/5/561 1239/6/577 2985/6/578 1234/6/564
f 1239/6/577 132/5/576 1240/6/579 2985/6/578
f 2985/6/578 1240/6/579 131/5/412 1168/6/431
f 1234/6/564 2985/6/578 1168/6/431 135/5/430
f 97/5/368 1140/5/367 2986/5/580 1241/5/581
f 1140/5/367 98/5/366 1235/5/566 2986/5/580
f 2986/5/580 1235/5/566 133/5/570 1242/5/582
f 1241/5/581 2986/5/580 1242/5/582 125/5/583
f 125/5/583 1242/5/582 2987/5/584 1243/5/585
f 1242/5/582 133/5/570 1237/5/572 2987/5/584
f 2987/5/584 1237/5/572 134/5/425 1164/5/422
f 1243/5/585 2987/5/584 1164/5/422 126/5/421
f 105/5/344 1128/6/343 2988/6/586 1238/6/575
f 1128/6/343 104/5/342 1201/6/500 2988/6/586
f 2988/6/586 1201/6/500 129/5/504 1244/6/587
f 1238/6/575 2988/6/586 1244/6/587 132/5/576
f 132/5/576 1244/6/587 2989/6/588 1240/6/579
f 1244/6/587 129/5/504 1204/6/506 2989/6/588
f 2989/6/588 1204/6/506 130/5/416 1161/6/413
f 1240/6/579 2989/6/588 1161/6/413 131/5/412
f 96/5/589 1155/6/590 2990/5/591 1207/6/592
f 1155/6/590 97/5/368 1241/5/581 2990/5/591
f 2990/5/591 1241/5/581 125/5/583 1245/5/593
f 1207/6/592 2990/5/591 1245/5/593 128/6/594
f 128/6/594 1245/5/593 2991/5/595 1210/6/596
f 1245/5/593 125/5/583 1243/5/585 2991/5/595
f 2991/5/595 1243/5/585 126/5/421 1157/6/597
f 1210/6/596 2991/5/595 1157/6/597 127/5/598
f 119/5/418 1200/6/498 2992/6/599 1246/6/600
f 1200/6/498 118/5/492 1247/6/601 2992/6/599
f 2992/6/599 1247/6/601 163/5/602 1248/6/603
f 1246/6/600 2992/6/599 1248/6/603 164/5/604
f 111/5/411 1159/5/410 2993/5/605 1249/5/606
f 1159/5/410 112/5/409 1250/5/607 2993/5/605
f 2993/5/605 1250/5/607 157/5/608 1251/5/609
f 1249/5/606 2993/5/605 1251/5/609 156/5/610
f 325/5/611 1253/6/612 2994/6/613 1252/6/614
f 1253/6/612 319/5/615 1254/6/616 2994/6/613
f 2994/6/613 1254/6/616 180/5/617 1255/6/618
f 1252/6/614 2994/6/613 1255/6/618 181/5/619
f 120/5/420 1163/6/419 2995/6/620 1256/6/621
f 1163/6/419 119/5/418 1246/6/600 2995/6/620
f 2995/6/620 1246/6/600 164/5/604 1257/6/622
f 1256/6/621 2995/6/620 1257/6/622 165/5/623
f 112/5/409 1166/6/624 2996/5/625 1250/5/607
f 1166/6/624 113/6/626 1258/5/627 2996/5/625
f 2996/5/625 1258/5/627 158/5/628 1259/5/629
f 1250/5/607 2996/5/625 1259/5/629 157/5/608
f 121/5/435 1169/6/434 2997/6/630 1260/6/631
f 1169/6/434 120/5/420 1256/6/621 2997/6/630
f 2997/6/630 1256/6/621 165/5/623 1261/6/632
f 1260/6/631 2997/6/630 1261/6/632 166/5/633
f 113/6/626 1172/6/634 2998/5/635 1258/5/627
f 1172/6/634 114/5/456 1262/5/636 2998/5/635
f 2998/5/635 1262/5/636 159/5/637 1263/5/638
f 1258/5/627 2998/5/635 1263/5/638 158/5/628
f 122/5/447 1175/6/446 2999/6/639 1264/6/640
f 1175/6/446 121/5/435 1260/6/631 2999/6/639
f 2999/6/639 1260/6/631 166/5/633 1265/6/641
f 1264/6/640 2999/6/639 1265/6/641 167/5/642
f 114/5/456 1178/5/455 3000/5/643 1262/5/636
f 1178/5/455 115/5/454 1266/5/644 3000/5/643
f 3000/5/643 1266/5/644 160/5/645 1267/5/646
f 1262/5/636 3000/5/643 1267/5/646 159/5/637
f 123/5/462 1181/6/461 3001/6/647 1268/6/648
f 1181/6/461 122/5/447 1264/6/640 3001/6/647
f 3001/6/647 1264/6/640 167/5/642 1269/6/649
f 1268/6/648 3001/6/647 1269/6/649 168/5/650
f 116/5/471 1185/6/470 3002/6/651 1270/6/652
f 1185/6/470 110/5/469 1271/6/653 3002/6/651
f 3002/6/651 1271/6/653 155/5/654 1272/6/655
f 1270/6/652 3002/6/651 1272/6/655 161/5/656
f 115/5/454 1188/6/477 3003/6/657 1266/5/644
f 1188/6/477 124/5/476 1273/6/658 3003/6/657
f 3003/6/657 1273/6/658 169/5/659 1274/6/660
f 1266/5/644 3003/6/657 1274/6/660 160/5/645
f 117/5/483 1191/6/482 3004/6/661 1275/6/662
f 1191/6/482 116/5/471 1270/6/652 3004/6/661
f 3004/6/661 1270/6/652 161/5/656 1276/6/663
f 1275/6/662 3004/6/661 1276/6/663 162/5/664
f 124/5/476 1193/6/486 3005/6/665 1273/6/658
f 1193/6/486 123/5/462 1268/6/648 3005/6/665
f 3005/6/665 1268/6/648 168/5/650 1277/6/666
f 1273/6/658 3005/6/665 1277/6/666 169/5/659
f 118/5/492 1196/6/491 3006/6/667 1247/6/601
f 1196/6/491 117/5/483 1275/6/662 3006/6/667
f 3006/6/667 1275/6/662 162/5/664 1278/6/668
f 1247/6/601 3006/6/667 1278/6/668 163/5/602
f 110/5/469 1198/5/495 3007/6/669 1271/6/653
f 1198/5/495 111/5/411 1249/5/606 3007/6/669
f 3007/6/669 1249/5/606 156/5/610 1279/6/670
f 1271/6/653 3007/6/669 1279/6/670 155/5/654
f 326/192/671 1281/193/672 3008/194/673 1280/195/674
f 1281/193/672 304/196/675 1282/197/676 3008/194/673
f 3008/194/673 1282/197/676 174/5/677 1283/5/678
f 1280/195/674 3008/194/673 1283/5/678 173/5/679
f 327/5/680 1285/6/681 3009/6/682 1284/6/683
f 1285/6/681 325/5/611 1252/6/614 3009/6/682
f 3009/6/682 1252/6/614 181/5/619 1286/6/684
f 1284/6/683 3009/6/682 1286/6/684 182/5/685
f 304/196/675 1287/198/686 3010/199/687 1282/197/676
f 1287/198/686 320/200/688 1288/201/689 3010/199/687
f 3010/199/687 1288/201/689 175/5/690 1289/5/691
f 1282/197/676 3010/199/687 1289/5/691 174/5/677
f 328/5/692 1291/6/693 3011/6/694 1290/6/695
f 1291/6/693 327/5/680 1284/6/683 3011/6/694
f 3011/6/694 1284/6/683 182/5/685 1292/6/696
f 1290/6/695 3011/6/694 1292/6/696 183/5/697
f 329/5/698 1294/6/699 3012/6/700 1293/6/701
f 1294/6/699 321/5/702 1295/6/703 3012/6/700
f 3012/6/700 1295/6/703 170/5/704 1296/6/705
f 1293/6/701 3012/6/700 1296/6/705 176/5/706
f 320/200/688 1297/201/707 3013/202/708 1288/201/689
f 1297/201/707 322/5/709 1298/5/710 3013/202/708
f 3013/202/708 1298/5/710 184/5/711 1299/5/712
f 1288/201/689 3013/202/708 1299/5/712 175/5/690
f 330/5/713 1301/6/714 3014/6/715 1300/6/716
f 1301/6/714 329/5/698 1293/6/701 3014/6/715
f 3014/6/715 1293/6/701 176/5/706 1302/6/717
f 1300/6/716 3014/6/715 1302/6/717 177/5/718
f 322/5/709 1303/6/719 3015/6/720 1298/5/710
f 1303/6/719 328/5/692 1290/6/695 3015/6/720
f 3015/6/720 1290/6/695 183/5/697 1304/6/721
f 1298/5/710 3015/6/720 1304/6/721 184/5/711
f 331/5/722 1306/6/723 3016/6/724 1305/6/725
f 1306/6/723 330/5/713 1300/6/716 3016/6/724
f 3016/6/724 1300/6/716 177/5/718 1307/6/726
f 1305/6/725 3016/6/724 1307/6/726 178/5/727
f 321/5/702 1308/6/728 3017/6/729 1295/6/703
f 1308/6/728 323/5/730 1309/6/731 3017/6/729
f 3017/6/729 1309/6/731 171/5/732 1310/6/733
f 1295/6/703 3017/6/729 1310/6/733 170/5/704
f 332/5/734 1312/6/735 3018/6/736 1311/6/737
f 1312/6/735 331/5/722 1305/6/725 3018/6/736
f 3018/6/736 1305/6/725 178/5/727 1313/6/738
f 1311/6/737 3018/6/736 1313/6/738 179/5/739
f 323/5/730 1314/6/740 3019/6/741 1309/6/731
f 1314/6/740 324/5/742 1315/6/743 3019/6/741
f 3019/6/741 1315/6/743 172/5/744 1316/6/745
f 1309/6/731 3019/6/741 1316/6/745 171/5/732
f 319/5/615 1317/6/746 3020/6/747 1254/6/616
f 1317/6/746 332/5/734 1311/6/737 3020/6/747
f 3020/6/747 1311/6/737 179/5/739 1318/6/748
f 1254/6/616 3020/6/747 1318/6/748 180/5/617
f 324/5/742 1319/203/749 3021/204/750 1315/6/743
f 1319/203/749 326/192/671 1280/195/674 3021/204/750
f 3021/204/750 1280/195/674 173/5/679 1320/5/751
f 1315/6/743 3021/204/750 1320/5/751 172/5/744
f 157/5/608 1259/5/629 3022/6/752 1321/6/753
f 1259/5/629 158/5/628 1322/6/754 3022/6/752
f 3022/6/752 1322/6/754 207/5/755 1323/6/756
f 1321/6/753 3022/6/752 1323/6/756 268/5/757
f 268/5/757 1323/6/756 3023/6/758 1324/6/759
f 1323/6/756 207/5/755 1325/6/760 3023/6/758
f 3023/6/758 1325/6/760 206/5/761 1326/6/762
f 1324/6/759 3023/6/758 1326/6/762 269/5/763
f 269/5/763 1326/6/762 3024/6/764 1327/6/765
f 1326/6/762 206/5/761 1328/6/766 3024/6/764
f 3024/6/764 1328/6/766 205/5/767 1329/6/768
f 1327/6/765 3024/6/764 1329/6/768 270/5/769
f 270/5/769 1329/6/768 3025/6/770 1330/6/771
f 1329/6/768 205/5/767 1331/6/772 3025/6/770
f 3025/6/770 1331/6/772 204/5/773 1332/6/774
f 1330/6/771 3025/6/770 1332/6/774 271/5/775
f 271/5/775 1332/6/774 3026/5/776 1333/5/777
f 1332/6/774 204/5/773 1334/5/778 3026/5/776
f 3026/5/776 1334/5/778 203/5/779 1335/5/780
f 1333/5/777 3026/5/776 1335/5/780 272/5/781
f 272/5/781 1335/5/780 3027/5/782 1336/5/783
f 1335/5/780 203/5/779 1337/6/784 3027/5/782
f 3027/5/782 1337/6/784 202/5/785 1338/201/786
f 1336/5/783 3027/5/782 1338/201/786 273/5/787
f 165/5/623 1257/6/622 3028/6/788 1339/6/789
f 1257/6/622 164/5/604 1340/6/790 3028/6/788
f 3028/6/788 1340/6/790 267/5/791 1341/6/792
f 1339/6/789 3028/6/788 1341/6/792 185/5/793
f 185/5/793 1341/6/792 3029/6/794 1342/6/795
f 1341/6/792 267/5/791 1343/6/796 3029/6/794
f 3029/6/794 1343/6/796 266/5/797 1344/6/798
f 1342/6/795 3029/6/794 1344/6/798 186/5/799
f 186/5/799 1344/6/798 3030/6/800 1345/6/801
f 1344/6/798 266/5/797 1346/6/802 3030/6/800
f 3030/6/800 1346/6/802 265/5/803 1347/6/804
f 1345/6/801 3030/6/800 1347/6/804 187/5/805
f 187/5/805 1347/6/804 3031/6/806 1348/6/807
f 1347/6/804 265/5/803 1349/6/808 3031/6/806
f 3031/6/806 1349/6/808 264/5/809 1350/6/810
f 1348/6/807 3031/6/806 1350/6/810 188/5/811
f 188/5/811 1350/6/810 3032/6/812 1351/6/813
f 1350/6/810 264/5/809 1352/6/814 3032/6/812
f 3032/6/812 1352/6/814 263/5/815 1353/6/816
f 1351/6/813 3032/6/812 1353/6/816 189/5/817
f 189/5/817 1353/6/816 3033/6/818 1354/6/819
f 1353/6/816 263/5/815 1355/6/820 3033/6/818
f 3033/6/818 1355/6/820 262/5/821 1356/6/822
f 1354/6/819 3033/6/818 1356/6/822 190/5/823
f 156/5/610 1251/5/609 3034/6/824 1357/6/825
f 1251/5/609 157/5/608 1321/6/753 3034/6/824
f 3034/6/824 1321/6/753 268/5/757 1358/6/826
f 1357/6/825 3034/6/824 1358/6/826 256/5/827
f 256/5/827 1358/6/826 3035/6/828 1359/6/829
f 1358/6/826 268/5/757 1324/6/759 3035/6/828
f 3035/6/828 1324/6/759 269/5/763 1360/6/830
f 1359/6/829 3035/6/828 1360/6/830 257/5/831
f 257/5/831 1360/6/830 3036/6/832 1361/6/833
f 1360/6/830 269/5/763 1327/6/765 3036/6/832
f 3036/6/832 1327/6/765 270/5/769 1362/6/834
f 1361/6/833 3036/6/832 1362/6/834 258/5/835
f 258/5/835 1362/6/834 3037/6/836 1363/6/837
f 1362/6/834 270/5/769 1330/6/771 3037/6/836
f 3037/6/836 1330/6/771 271/5/775 1364/6/838
f 1363/6/837 3037/6/836 1364/6/838 259/5/839
f 259/5/839 1364/6/838 3038/6/840 1365/6/841
f 1364/6/838 271/5/775 1333/5/777 3038/6/840
f 3038/6/840 1333/5/777 272/5/781 1366/6/842
f 1365/6/841 3038/6/840 1366/6/842 260/5/843
f 260/5/843 1366/6/842 3039/6/844 1367/6/845
f 1366/6/842 272/5/781 1336/5/783 3039/6/844
f 3039/6/844 1336/5/783 273/5/787 1368/6/846
f 1367/6/845 3039/6/844 1368/6/846 261/5/847
f 164/5/604 1248/6/603 3040/6/848 1340/6/790
f 1248/6/603 163/5/602 1369/6/849 3040/6/848
f 3040/6/848 1369/6/849 255/5/850 1370/6/851
f 1340/6/790 3040/6/848 1370/6/851 267/5/791
f 267/5/791 1370/6/851 3041/6/852 1343/6/796
f 1370/6/851 255/5/850 1371/6/853 3041/6/852
f 3041/6/852 1371/6/853 254/5/854 1372/6/855
f 1343/6/796 3041/6/852 1372/6/855 266/5/797
f 266/5/797 1372/6/855 3042/6/856 1346/6/802
f 1372/6/855 254/5/854 1373/6/857 3042/6/856
f 3042/6/856 1373/6/857 253/5/858 1374/6/859
f 1346/6/802 3042/6/856 1374/6/859 265/5/803
f 265/5/803 1374/6/859 3043/6/860 1349/6/808
f 1374/6/859 253/5/858 1375/6/861 3043/6/860
f 3043/6/860 1375/6/861 252/5/862 1376/6/863
f 1349/6/808 3043/6/860 1376/6/863 264/5/809
f 264/5/809 1376/6/863 3044/6/864 1352/6/814
f 1376/6/863 252/5/862 1377/6/865 3044/6/864
f 3044/6/864 1377/6/865 251/5/866 1378/6/867
f 1352/6/814 3044/6/864 1378/6/867 263/5/815
f 263/5/815 1378/6/867 3045/6/868 1355/6/820
f 1378/6/867 251/5/866 1379/6/869 3045/6/868
f 3045/6/868 1379/6/869 250/5/870 1380/6/871
f 1355/6/820 3045/6/868 1380/6/871 262/5/821
f 155/5/654 1279/6/670 3046/6/872 1381/6/873
f 1279/6/670 156/5/610 1357/6/825 3046/6/872
f 3046/6/872 1357/6/825 256/5/827 1382/6/874
f 1381/6/873 3046/6/872 1382/6/874 226/5/875
f 226/5/875 1382/6/874 3047/6/876 1383/6/877
f 1382/6/874 256/5/827 1359/6/829 3047/6/876
f 3047/6/876 1359/6/829 257/5/831 1384/6/878
f 1383/6/877 3047/6/876 1384/6/878 227/5/879
f 227/5/879 1384/6/878 3048/6/880 1385/6/881
f 1384/6/878 257/5/831 1361/6/833 3048/6/880
f 3048/6/880 1361/6/833 258/5/835 1386/6/882
f 1385/6/881 3048/6/880 1386/6/882 228/5/883
f 228/5/883 1386/6/882 3049/6/884 1387/6/885
f 1386/6/882 258/5/835 1363/6/837 3049/6/884
f 3049/6/884 1363/6/837 259/5/839 1388/6/886
f 1387/6/885 3049/6/884 1388/6/886 229/5/887
f 229/5/887 1388/6/886 3050/6/888 1389/6/889
f 1388/6/886 259/5/839 1365/6/841 3050/6/888
f 3050/6/888 1365/6/841 260/5/843 1390/6/890
f 1389/6/889 3050/6/888 1390/6/890 230/5/891
f 230/5/891 1390/6/890 3051/6/892 1391/6/893
f 1390/6/890 260/5/843 1367/6/845 3051/6/892
f 3051/6/892 1367/6/845 261/5/847 1392/6/894
f 1391/6/893 3051/6/892 1392/6/894 231/5/895
f 163/5/602 1278/6/668 3052/6/896 1369/6/849
f 1278/6/668 162/5/664 1393/6/897 3052/6/896
f 3052/6/896 1393/6/897 249/5/898 1394/6/899
f 1369/6/849 3052/6/896 1394/6/899 255/5/850
f 255/5/850 1394/6/899 3053/6/900 1371/6/853
f 1394/6/899 249/5/898 1395/6/901 3053/6/900
f 3053/6/900 1395/6/901 248/5/902 1396/6/903
f 1371/6/853 3053/6/900 1396/6/903 254/5/854
f 254/5/854 1396/6/903 3054/6/904 1373/6/857
f 1396/6/903 248/5/902 1397/6/905 3054/6/904
f 3054/6/904 1397/6/905 247/5/906 1398/6/907
f 1373/6/857 3054/6/904 1398/6/907 253/5/858
f 253/5/858 1398/6/907 3055/6/908 1375/6/861
f 1398/6/907 247/5/906 1399/6/909 3055/6/908
f 3055/6/908 1399/6/909 246/5/910 1400/6/911
f 1375/6/861 3055/6/908 1400/6/911 252/5/862
f 252/5/862 1400/6/911 3056/6/912 1377/6/865
f 1400/6/911 246/5/910 1401/6/913 3056/6/912
f 3056/6/912 1401/6/913 245/5/914 1402/6/915
f 1377/6/865 3056/6/912 1402/6/915 251/5/866
f 251/5/866 1402/6/915 3057/6/916 1379/6/869
f 1402/6/915 245/5/914 1403/6/917 3057/6/916
f 3057/6/916 1403/6/917 244/5/918 1404/6/919
f 1379/6/869 3057/6/916 1404/6/919 250/5/870
f 169/5/659 1277/6/666 3058/6/920 1405/6/921
f 1277/6/666 168/5/650 1406/6/922 3058/6/920
f 3058/6/920 1406/6/922 225/5/923 1407/6/924
f 1405/6/921 3058/6/920 1407/6/924 238/5/925
f 238/5/925 1407/6/924 3059/6/926 1408/6/927
f 1407/6/924 225/5/923 1409/6/928 3059/6/926
f 3059/6/926 1409/6/928 224/5/929 1410/6/930
f 1408/6/927 3059/6/926 1410/6/930 239/5/931
f 239/5/931 1410/6/930 3060/6/932 1411/6/933
f 1410/6/930 224/5/929 1412/6/934 3060/6/932
f 3060/6/932 1412/6/934 223/5/935 1413/6/936
f 1411/6/933 3060/6/932 1413/6/936 240/5/937
f 240/5/937 1413/6/936 3061/6/938 1414/6/939
f 1413/6/936 223/5/935 1415/6/940 3061/6/938
f 3061/6/938 1415/6/940 222/5/941 1416/6/942
f 1414/6/939 3061/6/938 1416/6/942 241/5/943
f 241/5/943 1416/6/942 3062/6/944 1417/6/945
f 1416/6/942 222/5/941 1418/6/946 3062/6/944
f 3062/6/944 1418/6/946 221/5/947 1419/6/948
f 1417/6/945 3062/6/944 1419/6/948 242/5/949
f 242/5/949 1419/6/948 3063/6/950 1420/6/951
f 1419/6/948 221/5/947 1421/6/952 3063/6/950
f 3063/6/950 1421/6/952 220/5/953 1422/6/954
f 1420/6/951 3063/6/950 1422/6/954 243/5/955
f 162/5/664 1276/6/663 3064/6/956 1393/6/897
f 1276/6/663 161/5/656 1423/6/957 3064/6/956
f 3064/6/956 1423/6/957 237/5/958 1424/6/959
f 1393/6/897 3064/6/956 1424/6/959 249/5/898
f 249/5/898 1424/6/959 3065/6/960 1395/6/901
f 1424/6/959 237/5/958 1425/6/961 3065/6/960
f 3065/6/960 1425/6/961 236/5/962 1426/6/963
f 1395/6/901 3065/6/960 1426/6/963 248/5/902
f 248/5/902 1426/6/963 3066/6/964 1397/6/905
f 1426/6/963 236/5/962 1427/6/965 3066/6/964
f 3066/6/964 1427/6/965 235/5/966 1428/6/967
f 1397/6/905 3066/6/964 1428/6/967 247/5/906
f 247/5/906 1428/6/967 3067/6/968 1399/6/909
f 1428/6/967 235/5/966 1429/6/969 3067/6/968
f 3067/6/968 1429/6/969 234/5/970 1430/6/971
f 1399/6/909 3067/6/968 1430/6/971 246/5/910
f 246/5/910 1430/6/971 3068/6/972 1401/6/913
f 1430/6/971 234/5/970 1431/6/973 3068/6/972
f 3068/6/972 1431/6/973 233/5/974 1432/6/975
f 1401/6/913 3068/6/972 1432/6/975 245/5/914
f 245/5/914 1432/6/975 3069/6/976 1403/6/917
f 1432/6/975 233/5/974 1433/6/977 3069/6/976
f 3069/6/976 1433/6/977 232/5/978 1434/6/979
f 1403/6/917 3069/6/976 1434/6/979 244/5/918
f 160/5/645 1274/6/660 3070/6/980 1435/6/981
f 1274/6/660 169/5/659 1405/6/921 3070/6/980
f 3070/6/980 1405/6/921 238/5/925 1436/6/982
f 1435/6/981 3070/6/980 1436/6/982 214/5/983
f 214/5/983 1436/6/982 3071/6/984 1437/6/985
f 1436/6/982 238/5/925 1408/6/927 3071/6/984
f 3071/6/984 1408/6/927 239/5/931 1438/6/986
f 1437/6/985 3071/6/984 1438/6/986 215/5/987
f 215/5/987 1438/6/986 3072/6/988 1439/6/989
f 1438/6/986 239/5/931 1411/6/933 3072/6/988
f 3072/6/988 1411/6/933 240/5/937 1440/6/990
f 1439/6/989 3072/6/988 1440/6/990 216/5/991
f 216/5/991 1440/6/990 3073/6/992 1441/6/993
f 1440/6/990 240/5/937 1414/6/939 3073/6/992
f 3073/6/992 1414/6/939 241/5/943 1442/6/994
f 1441/6/993 3073/6/992 1442/6/994 217/5/995
f 217/5/995 1442/6/994 3074/204/996 1443/205/997
f 1442/6/994 241/5/943 1417/6/945 3074/204/996
f 3074/204/996 1417/6/945 242/5/949 1444/195/998
f 1443/205/997 3074/204/996 1444/195/998 218/206/999
f 218/206/999 1444/195/998 3075/207/1000 1445/208/1001
f 1444/195/998 242/5/949 1420/6/951 3075/207/1000
f 3075/207/1000 1420/6/951 243/5/955 1446/197/1002
f 1445/208/1001 3075/207/1000 1446/197/1002 219/196/1003
f 161/5/656 1272/6/655 3076/6/1004 1423/6/957
f 1272/6/655 155/5/654 1381/6/873 3076/6/1004
f 3076/6/1004 1381/6/873 226/5/875 1447/6/1005
f 1423/6/957 3076/6/1004 1447/6/1005 237/5/958
f 237/5/958 1447/6/1005 3077/6/1006 1425/6/961
f 1447/6/1005 226/5/875 1383/6/877 3077/6/1006
f 3077/6/1006 1383/6/877 227/5/879 1448/6/1007
f 1425/6/961 3077/6/1006 1448/6/1007 236/5/962
f 236/5/962 1448/6/1007 3078/6/1008 1427/6/965
f 1448/6/1007 227/5/879 1385/6/881 3078/6/1008
f 3078/6/1008 1385/6/881 228/5/883 1449/6/1009
f 1427/6/965 3078/6/1008 1449/6/1009 235/5/966
f 235/5/966 1449/6/1009 3079/6/1010 1429/6/969
f 1449/6/1009 228/5/883 1387/6/885 3079/6/1010
f 3079/6/1010 1387/6/885 229/5/887 1450/6/1011
f 1429/6/969 3079/6/1010 1450/6/1011 234/5/970
f 234/5/970 1450/6/1011 3080/6/1012 1431/6/973
f 1450/6/1011 229/5/887 1389/6/889 3080/6/1012
f 3080/6/1012 1389/6/889 230/5/891 1451/6/1013
f 1431/6/973 3080/6/1012 1451/6/1013 233/5/974
f 233/5/974 1451/6/1013 3081/6/1014 1433/6/977
f 1451/6/1013 230/5/891 1391/6/893 3081/6/1014
f 3081/6/1014 1391/6/893 231/5/895 1452/6/1015
f 1433/6/977 3081/6/1014 1452/6/1015 232/5/978
f 168/5/650 1269/6/649 3082/6/1016 1406/6/922
f 1269/6/649 167/5/642 1453/6/1017 3082/6/1016
f 3082/6/1016 1453/6/1017 213/5/1018 1454/6/1019
f 1406/6/922 3082/6/1016 1454/6/1019 225/5/923
f 225/5/923 1454/6/1019 3083/6/1020 1409/6/928
f 1454/6/1019 213/5/1018 1455/6/1021 3083/6/1020
f 3083/6/1020 1455/6/1021 212/5/1022 1456/6/1023
f 1409/6/928 3083/6/1020 1456/6/1023 224/5/929
f 224/5/929 1456/6/1023 3084/6/1024 1412/6/934
f 1456/6/1023 212/5/1022 1457/6/1025 3084/6/1024
f 3084/6/1024 1457/6/1025 211/5/1026 1458/6/1027
f 1412/6/934 3084/6/1024 1458/6/1027 223/5/935
f 223/5/935 1458/6/1027 3085/6/1028 1415/6/940
f 1458/6/1027 211/5/1026 1459/6/1029 3085/6/1028
f 3085/6/1028 1459/6/1029 210/5/1030 1460/6/1031
f 1415/6/940 3085/6/1028 1460/6/1031 222/5/941
f 222/5/941 1460/6/1031 3086/6/1032 1418/6/946
f 1460/6/1031 210/5/1030 1461/6/1033 3086/6/1032
f 3086/6/1032 1461/6/1033 209/5/1034 1462/6/1035
f 1418/6/946 3086/6/1032 1462/6/1035 221/5/947
f 221/5/947 1462/6/1035 3087/6/1036 1421/6/952
f 1462/6/1035 209/5/1034 1463/6/1037 3087/6/1036
f 3087/6/1036 1463/6/1037 208/5/1038 1464/6/1039
f 1421/6/952 3087/6/1036 1464/6/1039 220/5/953
f 159/5/637 1267/5/646 3088/6/1040 1465/6/1041
f 1267/5/646 160/5/645 1435/6/981 3088/6/1040
f 3088/6/1040 1435/6/981 214/5/983 1466/6/1042
f 1465/6/1041 3088/6/1040 1466/6/1042 197/5/1043
f 197/5/1043 1466/6/1042 3089/6/1044 1467/6/1045
f 1466/6/1042 214/5/983 1437/6/985 3089/6/1044
f 3089/6/1044 1437/6/985 215/5/987 1468/6/1046
f 1467/6/1045 3089/6/1044 1468/6/1046 198/5/1047
f 198/5/1047 1468/6/1046 3090/6/1048 1469/6/1049
f 1468/6/1046 215/5/987 1439/6/989 3090/6/1048
f 3090/6/1048 1439/6/989 216/5/991 1470/6/1050
f 1469/6/1049 3090/6/1048 1470/6/1050 199/5/1051
f 199/5/1051 1470/6/1050 3091/6/1052 1471/6/1053
f 1470/6/1050 216/5/991 1441/6/993 3091/6/1052
f 3091/6/1052 1441/6/993 217/5/995 1472/6/1054
f 1471/6/1053 3091/6/1052 1472/6/1054 200/5/1055
f 200/5/1055 1472/6/1054 3092/209/1056 1473/201/1057
f 1472/6/1054 217/5/995 1443/205/997 3092/209/1056
f 3092/209/1056 1443/205/997 218/206/999 1474/210/1058
f 1473/201/1057 3092/209/1056 1474/210/1058 201/5/1059
f 167/5/642 1265/6/641 3093/6/1060 1453/6/1017
f 1265/6/641 166/5/633 1475/6/1061 3093/6/1060
f 3093/6/1060 1475/6/1061 196/5/1062 1476/6/1063
f 1453/6/1017 3093/6/1060 1476/6/1063 213/5/1018
f 213/5/1018 1476/6/1063 3094/6/1064 1455/6/1021
f 1476/6/1063 196/5/1062 1477/6/1065 3094/6/1064
f 3094/6/1064 1477/6/1065 195/5/1066 1478/6/1067
f 1455/6/1021 3094/6/1064 1478/6/1067 212/5/1022
f 212/5/1022 1478/6/1067 3095/6/1068 1457/6/1025
f 1478/6/1067 195/5/1066 1479/6/1069 3095/6/1068
f 3095/6/1068 1479/6/1069 194/5/1070 1480/6/1071
f 1457/6/1025 3095/6/1068 1480/6/1071 211/5/1026
f 211/5/1026 1480/6/1071 3096/6/1072 1459/6/1029
f 1480/6/1071 194/5/1070 1481/6/1073 3096/6/1072
f 3096/6/1072 1481/6/1073 193/5/1074 1482/6/1075
f 1459/6/1029 3096/6/1072 1482/6/1075 210/5/1030
f 210/5/1030 1482/6/1075 3097/6/1076 1461/6/1033
f 1482/6/1075 193/5/1074 1483/6/1077 3097/6/1076
f 3097/6/1076 1483/6/1077 192/5/1078 1484/6/1079
f 1461/6/1033 3097/6/1076 1484/6/1079 209/5/1034
f 209/5/1034 1484/6/1079 3098/6/1080 1463/6/1037
f 1484/6/1079 192/5/1078 1485/6/1081 3098/6/1080
f 3098/6/1080 1485/6/1081 191/5/1082 1486/6/1083
f 1463/6/1037 3098/6/1080 1486/6/1083 208/5/1038
f 158/5/628 1263/5/638 3099/6/1084 1322/6/754
f 1263/5/638 159/5/637 1465/6/1041 3099/6/1084
f 3099/6/1084 1465/6/1041 197/5/1043 1487/6/1085
f 1322/6/754 3099/6/1084 1487/6/1085 207/5/755
f 207/5/755 1487/6/1085 3100/6/1086 1325/6/760
f 1487/6/1085 197/5/1043 1467/6/1045 3100/6/1086
f 3100/6/1086 1467/6/1045 198/5/1047 1488/6/1087
f 1325/6/760 3100/6/1086 1488/6/1087 206/5/761
f 206/5/761 1488/6/1087 3101/6/1088 1328/6/766
f 1488/6/1087 198/5/1047 1469/6/1049 3101/6/1088
f 3101/6/1088 1469/6/1049 199/5/1051 1489/6/1089
f 1328/6/766 3101/6/1088 1489/6/1089 205/5/767
f 205/5/767 1489/6/1089 3102/6/1090 1331/6/772
f 1489/6/1089 199/5/1051 1471/6/1053 3102/6/1090
f 3102/6/1090 1471/6/1053 200/5/1055 1490/6/1091
f 1331/6/772 3102/6/1090 1490/6/1091 204/5/773
f 204/5/773 1490/6/1091 3103/5/1092 1334/5/778
f 1490/6/1091 200/5/1055 1473/201/1057 3103/5/1092
f 3103/5/1092 1473/201/1057 201/5/1059 1491/6/1093
f 1334/5/778 3103/5/1092 1491/6/1093 203/5/779
f 166/5/633 1261/6/632 3104/6/1094 1475/6/1061
f 1261/6/632 165/5/623 1339/6/789 3104/6/1094
f 3104/6/1094 1339/6/789 185/5/793 1492/6/1095
f 1475/6/1061 3104/6/1094 1492/6/1095 196/5/1062
f 196/5/1062 1492/6/1095 3105/6/1096 1477/6/1065
f 1492/6/1095 185/5/793 1342/6/795 3105/6/1096
f 3105/6/1096 1342/6/795 186/5/799 1493/6/1097
f 1477/6/1065 3105/6/1096 1493/6/1097 195/5/1066
f 195/5/1066 1493/6/1097 3106/6/1098 1479/6/1069
f 1493/6/1097 186/5/799 1345/6/801 3106/6/1098
f 3106/6/1098 1345/6/801 187/5/805 1494/6/1099
f 1479/6/1069 3106/6/1098 1494/6/1099 194/5/1070
f 194/5/1070 1494/6/1099 3107/6/1100 1481/6/1073
f 1494/6/1099 187/5/805 1348/6/807 3107/6/1100
f 3107/6/1100 1348/6/807 188/5/811 1495/6/1101
f 1481/6/1073 3107/6/1100 1495/6/1101 193/5/1074
f 193/5/1074 1495/6/1101 3108/6/1102 1483/6/1077
f 1495/6/1101 188/5/811 1351/6/813 3108/6/1102
f 3108/6/1102 1351/6/813 189/5/817 1496/6/1103
f 1483/6/1077 3108/6/1102 1496/6/1103 192/5/1078
f 192/5/1078 1496/6/1103 3109/6/1104 1485/6/1081
f 1496/6/1103 189/5/817 1354/6/819 3109/6/1104
f 3109/6/1104 1354/6/819 190/5/823 1497/6/1105
f 1485/6/1081 3109/6/1104 1497/6/1105 191/5/1082
f 180/5/617 1318/6/748 3110/6/1106 1498/6/1107
f 1318/6/748 179/5/739 1499/6/1108 3110/6/1106
f 3110/6/1106 1499/6/1108 283/5/1109 1500/6/1110
f 1498/6/1107 3110/6/1106 1500/6/1110 284/5/1111
f 172/5/744 1320/5/751 3111/6/1112 1501/6/1113
f 1320/5/751 173/5/679 1502/6/1114 3111/6/1112
f 3111/6/1112 1502/6/1114 277/5/1115 1503/6/1116
f 1501/6/1113 3111/6/1112 1503/6/1116 276/5/1117
f 181/5/619 1255/6/618 3112/6/1118 1504/6/1119
f 1255/6/618 180/5/617 1498/6/1107 3112/6/1118
f 3112/6/1118 1498/6/1107 284/5/1111 1505/6/1120
f 1504/6/1119 3112/6/1118 1505/6/1120 285/5/1121
f 173/5/679 1283/5/678 3113/6/1122 1502/6/1114
f 1283/5/678 174/5/677 1506/6/1123 3113/6/1122
f 3113/6/1122 1506/6/1123 278/5/1124 1507/6/1125
f 1502/6/1114 3113/6/1122 1507/6/1125 277/5/1115
f 182/5/685 1286/6/684 3114/6/1126 1508/6/1127
f 1286/6/684 181/5/619 1504/6/1119 3114/6/1126
f 3114/6/1126 1504/6/1119 285/5/1121 1509/6/1128
f 1508/6/1127 3114/6/1126 1509/6/1128 286/5/1129
f 174/5/677 1289/5/691 3115/6/1130 1506/6/1123
f 1289/5/691 175/5/690 1510/6/1131 3115/6/1130
f 3115/6/1130 1510/6/1131 279/5/1132 1511/6/1133
f 1506/6/1123 3115/6/1130 1511/6/1133 278/5/1124
f 183/5/697 1292/6/696 3116/6/1134 1512/6/1135
f 1292/6/696 182/5/685 1508/6/1127 3116/6/1134
f 3116/6/1134 1508/6/1127 286/5/1129 1513/6/1136
f 1512/6/1135 3116/6/1134 1513/6/1136 287/5/1137
f 170/5/704 1310/6/733 3117/6/1138 1514/6/1139
f 1310/6/733 171/5/732 1515/6/1140 3117/6/1138
f 3117/6/1138 1515/6/1140 275/5/1141 1516/6/1142
f 1514/6/1139 3117/6/1138 1516/6/1142 274/5/1143
f 176/5/706 1296/6/705 3118/6/1144 1517/6/1145
f 1296/6/705 170/5/704 1514/6/1139 3118/6/1144
f 3118/6/1144 1514/6/1139 274/5/1143 1518/6/1146
f 1517/6/1145 3118/6/1144 1518/6/1146 280/5/1147
f 175/5/690 1299/5/712 3119/6/1148 1510/6/1131
f 1299/5/712 184/5/711 1519/6/1149 3119/6/1148
f 3119/6/1148 1519/6/1149 288/5/1150 1520/6/1151
f 1510/6/1131 3119/6/1148 1520/6/1151 279/5/1132
f 177/5/718 1302/6/717 3120/6/1152 1521/6/1153
f 1302/6/717 176/5/706 1517/6/1145 3120/6/1152
f 3120/6/1152 1517/6/1145 280/5/1147 1522/6/1154
f 1521/6/1153 3120/6/1152 1522/6/1154 281/5/1155
f 184/5/711 1304/6/721 3121/6/1156 1519/6/1149
f 1304/6/721 183/5/697 1512/6/1135 3121/6/1156
f 3121/6/1156 1512/6/1135 287/5/1137 1523/6/1157
f 1519/6/1149 3121/6/1156 1523/6/1157 288/5/1150
f 178/5/727 1307/6/726 3122/6/1158 1524/6/1159
f 1307/6/726 177/5/718 1521/6/1153 3122/6/1158
f 3122/6/1158 1521/6/1153 281/5/1155 1525/6/1160
f 1524/6/1159 3122/6/1158 1525/6/1160 282/5/1161
f 171/5/732 1316/6/745 3123/6/1162 1515/6/1140
f 1316/6/745 172/5/744 1501/6/1113 3123/6/1162
f 3123/6/1162 1501/6/1113 276/5/1117 1526/6/1163
f 1515/6/1140 3123/6/1162 1526/6/1163 275/5/1141
f 179/5/739 1313/6/738 3124/6/1164 1499/6/1108
f 1313/6/738 178/5/727 1524/6/1159 3124/6/1164
f 3124/6/1164 1524/6/1159 282/5/1161 1527/6/1165
f 1499/6/1108 3124/6/1164 1527/6/1165 283/5/1109
f 281/5/1155 1522/6/1154 3125/6/1166 1528/6/1167
f 1522/6/1154 280/5/1147 1529/6/1168 3125/6/1166
f 3125/6/1166 1529/6/1168 295/5/1169 1530/6/1170
f 1528/6/1167 3125/6/1166 1530/6/1170 296/5/1171
f 288/5/1150 1523/6/1157 3126/6/1172 1531/6/1173
f 1523/6/1157 287/5/1137 1532/6/1174 3126/6/1172
f 3126/6/1172 1532/6/1174 302/5/1175 1533/6/1176
f 1531/6/1173 3126/6/1172 1533/6/1176 303/5/1177
f 282/5/1161 1525/6/1160 3127/6/1178 1534/6/1179
f 1525/6/1160 281/5/1155 1528/6/1167 3127/6/1178
f 3127/6/1178 1528/6/1167 296/5/1171 1535/6/1180
f 1534/6/1179 3127/6/1178 1535/6/1180 297/5/1181
f 275/5/1141 1526/6/1163 3128/6/1182 1536/6/1183
f 1526/6/1163 276/5/1117 1537/6/1184 3128/6/1182
f 3128/6/1182 1537/6/1184 291/5/1185 1538/6/1186
f 1536/6/1183 3128/6/1182 1538/6/1186 290/5/1187
f 283/5/1109 1527/6/1165 3129/6/1188 1539/6/1189
f 1527/6/1165 282/5/1161 1534/6/1179 3129/6/1188
f 3129/6/1188 1534/6/1179 297/5/1181 1540/6/1190
f 1539/6/1189 3129/6/1188 1540/6/1190 298/5/1191
f 274/5/1143 1516/6/1142 3130/6/1192 1541/6/1193
f 1516/6/1142 275/5/1141 1536/6/1183 3130/6/1192
f 3130/6/1192 1536/6/1183 290/5/1187 1542/6/1194
f 1541/6/1193 3130/6/1192 1542/6/1194 289/5/1195
f 284/5/1111 1500/6/1110 3131/6/1196 1543/6/1197
f 1500/6/1110 283/5/1109 1539/6/1189 3131/6/1196
f 3131/6/1196 1539/6/1189 298/5/1191 1544/6/1198
f 1543/6/1197 3131/6/1196 1544/6/1198 299/5/1199
f 276/5/1117 1503/6/1116 3132/6/1200 1537/6/1184
f 1503/6/1116 277/5/1115 1545/6/1201 3132/6/1200
f 3132/6/1200 1545/6/1201 292/5/1202 1546/6/1203
f 1537/6/1184 3132/6/1200 1546/6/1203 291/5/1185
f 285/5/1121 1505/6/1120 3133/6/1204 1547/6/1205
f 1505/6/1120 284/5/1111 1543/6/1197 3133/6/1204
f 3133/6/1204 1543/6/1197 299/5/1199 1548/6/1206
f 1547/6/1205 3133/6/1204 1548/6/1206 300/5/1207
f 277/5/1115 1507/6/1125 3134/6/1208 1545/6/1201
f 1507/6/1125 278/5/1124 1549/6/1209 3134/6/1208
f 3134/6/1208 1549/6/1209 293/5/1210 1550/6/1211
f 1545/6/1201 3134/6/1208 1550/6/1211 292/5/1202
f 286/5/1129 1509/6/1128 3135/6/1212 1551/6/1213
f 1509/6/1128 285/5/1121 1547/6/1205 3135/6/1212
f 3135/6/1212 1547/6/1205 300/5/1207 1552/6/1214
f 1551/6/1213 3135/6/1212 1552/6/1214 301/5/1215
f 278/5/1124 1511/6/1133 3136/6/1216 1549/6/1209
f 1511/6/1133 279/5/1132 1553/6/1217 3136/6/1216
f 3136/6/1216 1553/6/1217 294/5/1218 1554/6/1219
f 1549/6/1209 3136/6/1216 1554/6/1219 293/5/1210
f 287/5/1137 1513/6/1136 3137/6/1220 1532/6/1174
f 1513/6/1136 286/5/1129 1551/6/1213 3137/6/1220
f 3137/6/1220 1551/6/1213 301/5/1215 1555/6/1221
f 1532/6/1174 3137/6/1220 1555/6/1221 302/5/1175
f 280/5/1147 1518/6/1146 3138/6/1222 1529/6/1168
f 1518/6/1146 274/5/1143 1541/6/1193 3138/6/1222
f 3138/6/1222 1541/6/1193 289/5/1195 1556/6/1223
f 1529/6/1168 3138/6/1222 1556/6/1223 295/5/1169
f 279/5/1132 1520/6/1151 3139/6/1224 1553/6/1217
f 1520/6/1151 288/5/1150 1531/6/1173 3139/6/1224
f 3139/6/1224 1531/6/1173 303/5/1177 1557/6/1225
f 1553/6/1217 3139/6/1224 1557/6/1225 294/5/1218
f 294/5/1218 1557/6/1225 3140/6/1226 1558/6/1227
f 1557/6/1225 303/5/1177 1559/6/1228 3140/6/1226
f 3140/6/1226 1559/6/1228 318/5/1229 1560/6/1230
f 1558/6/1227 3140/6/1226 1560/6/1230 310/5/1231
f 273/5/787 1338/201/786 3141/211/1232 1561/5/1233
f 1338/201/786 202/5/785 1562/212/1234 3141/211/1232
f 3141/211/1232 1562/212/1234 326/192/671 1319/203/749
f 1561/5/1233 3141/211/1232 1319/203/749 324/5/742
f 296/5/1171 1530/6/1170 3142/6/1235 1563/6/1236
f 1530/6/1170 295/5/1169 1564/6/1237 3142/6/1235
f 3142/6/1235 1564/6/1237 311/5/1238 1565/6/1239
f 1563/6/1236 3142/6/1235 1565/6/1239 312/5/1240
f 303/5/1177 1533/6/1176 3143/6/1241 1559/6/1228
f 1533/6/1176 302/5/1175 1566/6/1242 3143/6/1241
f 3143/6/1241 1566/6/1242 317/5/1243 1567/6/1244
f 1559/6/1228 3143/6/1241 1567/6/1244 318/5/1229
f 297/5/1181 1535/6/1180 3144/6/1245 1568/6/1246
f 1535/6/1180 296/5/1171 1563/6/1236 3144/6/1245
f 3144/6/1245 1563/6/1236 312/5/1240 1569/6/1247
f 1568/6/1246 3144/6/1245 1569/6/1247 313/5/1248
f 290/5/1187 1538/6/1186 3145/6/1249 1570/6/1250
f 1538/6/1186 291/5/1185 1571/6/1251 3145/6/1249
f 3145/6/1249 1571/6/1251 307/5/1252 1572/6/1253
f 1570/6/1250 3145/6/1249 1572/6/1253 306/5/1254
f 298/5/1191 1540/6/1190 3146/6/1255 1573/6/1256
f 1540/6/1190 297/5/1181 1568/6/1246 3146/6/1255
f 3146/6/1255 1568/6/1246 313/5/1248 1574/6/1257
f 1573/6/1256 3146/6/1255 1574/6/1257 333/5/1258
f 289/5/1195 1542/6/1194 3147/6/1259 1575/6/1260
f 1542/6/1194 290/5/1187 1570/6/1250 3147/6/1259
f 3147/6/1259 1570/6/1250 306/5/1254 1576/6/1261
f 1575/6/1260 3147/6/1259 1576/6/1261 305/5/1262
f 190/5/823 1356/6/822 3148/6/1263 1577/6/1264
f 1356/6/822 262/5/821 1578/6/1265 3148/6/1263
f 3148/6/1263 1578/6/1265 332/5/734 1317/6/746
f 1577/6/1264 3148/6/1263 1317/6/746 319/5/615
f 299/5/1199 1544/6/1198 3149/6/1266 1579/6/1267
f 1544/6/1198 298/5/1191 1573/6/1256 3149/6/1266
f 3149/6/1266 1573/6/1256 333/5/1258 1580/6/1268
f 1579/6/1267 3149/6/1266 1580/6/1268 314/5/1269
f 291/5/1185 1546/6/1203 3150/6/1270 1571/6/1251
f 1546/6/1203 292/5/1202 1581/6/1271 3150/6/1270
f 3150/6/1270 1581/6/1271 308/5/1272 1582/6/1273
f 1571/6/1251 3150/6/1270 1582/6/1273 307/5/1252
f 300/5/1207 1548/6/1206 3151/6/1274 1583/6/1275
f 1548/6/1206 299/5/1199 1579/6/1267 3151/6/1274
f 3151/6/1274 1579/6/1267 314/5/1269 1584/6/1276
f 1583/6/1275 3151/6/1274 1584/6/1276 315/5/1277
f 292/5/1202 1550/6/1211 3152/6/1278 1581/6/1271
f 1550/6/1211 293/5/1210 1585/6/1279 3152/6/1278
f 3152/6/1278 1585/6/1279 309/5/1280 1586/6/1281
f 1581/6/1271 3152/6/1278 1586/6/1281 308/5/1272
f 301/5/1215 1552/6/1214 3153/6/1282 1587/6/1283
f 1552/6/1214 300/5/1207 1583/6/1275 3153/6/1282
f 3153/6/1282 1583/6/1275 315/5/1277 1588/6/1284
f 1587/6/1283 3153/6/1282 1588/6/1284 316/5/1285
f 293/5/1210 1554/6/1219 3154/6/1286 1585/6/1279
f 1554/6/1219 294/5/1218 1558/6/1227 3154/6/1286
f 3154/6/1286 1558/6/1227 310/5/1231 1589/6/1287
f 1585/6/1279 3154/6/1286 1589/6/1287 309/5/1280
f 302/5/1175 1555/6/1221 3155/6/1288 1566/6/1242
f 1555/6/1221 301/5/1215 1587/6/1283 3155/6/1288
f 3155/6/1288 1587/6/1283 316/5/1285 1590/6/1289
f 1566/6/1242 3155/6/1288 1590/6/1289 317/5/1243
f 295/5/1169 1556/6/1223 3156/6/1290 1564/6/1237
f 1556/6/1223 289/5/1195 1575/6/1260 3156/6/1290
f 3156/6/1290 1575/6/1260 305/5/1262 1591/6/1291
f 1564/6/1237 3156/6/1290 1591/6/1291 311/5/1238
f 261/5/847 1368/6/846 3157/6/1292 1592/6/1293
f 1368/6/846 273/5/787 1561/5/1233 3157/6/1292
f 3157/6/1292 1561/5/1233 324/5/742 1314/6/740
f 1592/6/1293 3157/6/1292 1314/6/740 323/5/730
f 262/5/821 1380/6/871 3158/6/1294 1578/6/1265
f 1380/6/871 250/5/870 1593/6/1295 3158/6/1294
f 3158/6/1294 1593/6/1295 331/5/722 1312/6/735
f 1578/6/1265 3158/6/1294 1312/6/735 332/5/734
f 231/5/895 1392/6/894 3159/6/1296 1594/6/1297
f 1392/6/894 261/5/847 1592/6/1293 3159/6/1296
f 3159/6/1296 1592/6/1293 323/5/730 1308/6/728
f 1594/6/1297 3159/6/1296 1308/6/728 321/5/702
f 250/5/870 1404/6/919 3160/6/1298 1593/6/1295
f 1404/6/919 244/5/918 1595/6/1299 3160/6/1298
f 3160/6/1298 1595/6/1299 330/5/713 1306/6/723
f 1593/6/1295 3160/6/1298 1306/6/723 331/5/722
f 243/5/955 1422/6/954 3161/6/1300 1596/6/1301
f 1422/6/954 220/5/953 1597/6/1302 3161/6/1300
f 3161/6/1300 1597/6/1302 328/5/692 1303/6/719
f 1596/6/1301 3161/6/1300 1303/6/719 322/5/709
f 244/5/918 1434/6/979 3162/6/1303 1595/6/1299
f 1434/6/979 232/5/978 1598/6/1304 3162/6/1303
f 3162/6/1303 1598/6/1304 329/5/698 1301/6/714
f 1595/6/1299 3162/6/1303 1301/6/714 330/5/713
f 219/196/1003 1446/197/1002 3163/213/1305 1599/198/1306
f 1446/197/1002 243/5/955 1596/6/1301 3163/213/1305
f 3163/213/1305 1596/6/1301 322/5/709 1297/201/707
f 1599/198/1306 3163/213/1305 1297/201/707 320/200/688
f 232/5/978 1452/6/1015 3164/6/1307 1598/6/1304
f 1452/6/1015 231/5/895 1594/6/1297 3164/6/1307
f 3164/6/1307 1594/6/1297 321/5/702 1294/6/699
f 1598/6/1304 3164/6/1307 1294/6/699 329/5/698
f 220/5/953 1464/6/1039 3165/6/1308 1597/6/1302
f 1464/6/1039 208/5/1038 1600/6/1309 3165/6/1308
f 3165/6/1308 1600/6/1309 327/5/680 1291/6/693
f 1597/6/1302 3165/6/1308 1291/6/693 328/5/692
f 208/5/1038 1486/6/1083 3166/6/1310 1600/6/1309
f 1486/6/1083 191/5/1082 1601/6/1311 3166/6/1310
f 3166/6/1310 1601/6/1311 325/5/611 1285/6/681
f 1600/6/1309 3166/6/1310 1285/6/681 327/5/680
f 191/5/1082 1497/6/1105 3167/6/1312 1601/6/1311
f 1497/6/1105 190/5/823 1577/6/1264 3167/6/1312
f 3167/6/1312 1577/6/1264 319/5/615 1253/6/612
f 1601/6/1311 3167/6/1312 1253/6/612 325/5/611
f 312/5/1240 1565/6/1239 3168/6/1313 1602/6/1314
f 1565/6/1239 311/5/1238 1603/6/1315 3168/6/1313
f 3168/6/1313 1603/6/1315 340/5/1316 1604/6/1317
f 1602/6/1314 3168/6/1313 1604/6/1317 341/5/1318
f 311/5/1238 1591/6/1291 3169/6/1319 1603/6/1315
f 1591/6/1291 305/5/1262 1605/6/1320 3169/6/1319
f 3169/6/1319 1605/6/1320 334/5/1321 1606/6/1322
f 1603/6/1315 3169/6/1319 1606/6/1322 340/5/1316
f 309/5/1280 1589/6/1287 3170/6/1323 1607/6/1324
f 1589/6/1287 310/5/1231 1608/6/1325 3170/6/1323
f 3170/6/1323 1608/6/1325 339/5/1326 1609/6/1327
f 1607/6/1324 3170/6/1323 1609/6/1327 338/5/1328
f 308/5/1272 1586/6/1281 3171/6/1329 1610/6/1330
f 1586/6/1281 309/5/1280 1607/6/1324 3171/6/1329
f 3171/6/1329 1607/6/1324 338/5/1328 1611/6/1331
f 1610/6/1330 3171/6/1329 1611/6/1331 337/5/1332
f 307/5/1252 1582/6/1273 3172/6/1333 1612/6/1334
f 1582/6/1273 308/5/1272 1610/6/1330 3172/6/1333
f 3172/6/1333 1610/6/1330 337/5/1332 1613/6/1335
f 1612/6/1334 3172/6/1333 1613/6/1335 336/5/1336
f 305/5/1262 1576/6/1261 3173/6/1337 1605/6/1320
f 1576/6/1261 306/5/1254 1614/6/1338 3173/6/1337
f 3173/6/1337 1614/6/1338 335/5/1339 1615/6/1340
f 1605/6/1320 3173/6/1337 1615/6/1340 334/5/1321
f 318/5/1229 1567/6/1244 3174/6/1341 1616/6/1342
f 1567/6/1244 317/5/1243 1617/6/1343 3174/6/1341
f 3174/6/1341 1617/6/1343 347/5/1344 1618/6/1345
f 1616/6/1342 3174/6/1341 1618/6/1345 348/5/1346
f 306/5/1254 1572/6/1253 3175/6/1347 1614/6/1338
f 1572/6/1253 307/5/1252 1612/6/1334 3175/6/1347
f 3175/6/1347 1612/6/1334 336/5/1336 1619/6/1348
f 1614/6/1338 3175/6/1347 1619/6/1348 335/5/1339
f 310/5/1231 1560/6/1230 3176/6/1349 1608/6/1325
f 1560/6/1230 318/5/1229 1616/6/1342 3176/6/1349
f 3176/6/1349 1616/6/1342 348/5/1346 1620/6/1350
f 1608/6/1325 3176/6/1349 1620/6/1350 339/5/1326
f 317/5/1243 1590/6/1289 3177/6/1351 1617/6/1343
f 1590/6/1289 316/5/1285 1621/6/1352 3177/6/1351
f 3177/6/1351 1621/6/1352 346/5/1353 1622/6/1354
f 1617/6/1343 3177/6/1351 1622/6/1354 347/5/1344
f 316/5/1285 1588/6/1284 3178/6/1355 1621/6/1352
f 1588/6/1284 315/5/1277 1623/6/1356 3178/6/1355
f 3178/6/1355 1623/6/1356 345/5/1357 1624/6/1358
f 1621/6/1352 3178/6/1355 1624/6/1358 346/5/1353
f 315/5/1277 1584/6/1276 3179/6/1359 1623/6/1356
f 1584/6/1276 314/5/1269 1625/6/1360 3179/6/1359
f 3179/6/1359 1625/6/1360 344/5/1361 1626/6/1362
f 1623/6/1356 3179/6/1359 1626/6/1362 345/5/1357
f 314/5/1269 1580/6/1268 3180/6/1363 1625/6/1360
f 1580/6/1268 333/5/1258 1627/6/1364 3180/6/1363
f 3180/6/1363 1627/6/1364 343/5/1365 1628/6/1366
f 1625/6/1360 3180/6/1363 1628/6/1366 344/5/1361
f 333/5/1258 1574/6/1257 3181/6/1367 1627/6/1364
f 1574/6/1257 313/5/1248 1629/6/1368 3181/6/1367
f 3181/6/1367 1629/6/1368 342/5/1369 1630/6/1370
f 1627/6/1364 3181/6/1367 1630/6/1370 343/5/1365
f 313/5/1248 1569/6/1247 3182/6/1371 1629/6/1368
f 1569/6/1247 312/5/1240 1602/6/1314 3182/6/1371
f 3182/6/1371 1602/6/1314 341/5/1318 1631/6/1372
f 1629/6/1368 3182/6/1371 1631/6/1372 342/5/1369
f 376/5/1373 1633/6/1374 3183/6/1375 1632/6/1376
f 1633/6/1374 407/5/1377 1634/6/1378 3183/6/1375
f 3183/6/1375 1634/6/1378 363/5/1379 1635/6/1380
f 1632/6/1376 3183/6/1375 1635/6/1380 356/5/1381
f 416/5/1382 1637/6/1383 3184/6/1384 1636/6/1385
f 1637/6/1383 383/5/1386 1638/6/1387 3184/6/1384
f 3184/6/1384 1638/6/1387 359/5/1388 1639/6/1389
f 1636/6/1385 3184/6/1384 1639/6/1389 360/5/1390
f 407/5/1377 1640/6/1391 3185/6/1392 1634/6/1378
f 1640/6/1391 384/5/1393 1641/6/1394 3185/6/1392
f 3185/6/1392 1641/6/1394 361/5/1395 1642/6/1396
f 1634/6/1378 3185/6/1392 1642/6/1396 363/5/1379
f 400/5/1397 1644/6/1398 3186/6/1399 1643/6/1400
f 1644/6/1398 375/5/1401 1645/6/1402 3186/6/1399
f 3186/6/1399 1645/6/1402 353/5/1403 1646/6/1404
f 1643/6/1400 3186/6/1399 1646/6/1404 352/5/1405
f 375/5/1401 1647/6/1406 3187/6/1407 1645/6/1402
f 1647/6/1406 388/5/1408 1648/6/1409 3187/6/1407
f 3187/6/1407 1648/6/1409 354/5/1410 1649/6/1411
f 1645/6/1402 3187/6/1407 1649/6/1411 353/5/1403
f 408/5/1412 1651/6/1413 3188/6/1414 1650/6/1415
f 1651/6/1413 400/5/1397 1643/6/1400 3188/6/1414
f 3188/6/1414 1643/6/1400 352/5/1405 1652/6/1416
f 1650/6/1415 3188/6/1414 1652/6/1416 351/5/1417
f 420/5/1418 1654/6/1419 3189/6/1420 1653/6/1421
f 1654/6/1419 412/5/1422 1655/6/1423 3189/6/1420
f 3189/6/1420 1655/6/1423 350/5/1424 1656/6/1425
f 1653/6/1421 3189/6/1420 1656/6/1425 349/5/1426
f 383/5/1386 1657/6/1427 3190/6/1428 1638/6/1387
f 1657/6/1427 371/5/1429 1658/6/1430 3190/6/1428
f 3190/6/1428 1658/6/1430 358/5/1431 1659/6/1432
f 1638/6/1387 3190/6/1428 1659/6/1432 359/5/1388
f 412/5/1422 1660/6/1433 3191/6/1434 1655/6/1423
f 1660/6/1433 408/5/1412 1650/6/1415 3191/6/1434
f 3191/6/1434 1650/6/1415 351/5/1417 1661/6/1435
f 1655/6/1423 3191/6/1434 1661/6/1435 350/5/1424
f 371/5/1429 1662/6/1436 3192/6/1437 1658/6/1430
f 1662/6/1436 367/5/1438 1663/6/1439 3192/6/1437
f 3192/6/1437 1663/6/1439 357/5/1440 1664/6/1441
f 1658/6/1430 3192/6/1437 1664/6/1441 358/5/1431
f 388/5/1408 1665/6/1442 3193/6/1443 1648/6/1409
f 1665/6/1442 392/5/1444 1666/6/1445 3193/6/1443
f 3193/6/1443 1666/6/1445 355/5/1446 1667/6/1447
f 1648/6/1409 3193/6/1443 1667/6/1447 354/5/1410
f 367/5/1438 1668/6/1448 3194/6/1449 1663/6/1439
f 1668/6/1448 399/5/1450 1669/6/1451 3194/6/1449
f 3194/6/1449 1669/6/1451 362/5/1452 1670/6/1453
f 1663/6/1439 3194/6/1449 1670/6/1453 357/5/1440
f 399/5/1450 1671/6/1454 3195/6/1455 1669/6/1451
f 1671/6/1454 420/5/1418 1653/6/1421 3195/6/1455
f 3195/6/1455 1653/6/1421 349/5/1426 1672/6/1456
f 1669/6/1451 3195/6/1455 1672/6/1456 362/5/1452
f 392/5/1444 1673/6/1457 3196/6/1458 1666/6/1445
f 1673/6/1457 376/5/1373 1632/6/1376 3196/6/1458
f 3196/6/1458 1632/6/1376 356/5/1381 1674/6/1459
f 1666/6/1445 3196/6/1458 1674/6/1459 355/5/1446
f 384/5/1393 1675/6/1460 3197/6/1461 1641/6/1394
f 1675/6/1460 416/5/1382 1636/6/1385 3197/6/1461
f 3197/6/1461 1636/6/1385 360/5/1390 1676/6/1462
f 1641/6/1394 3197/6/1461 1676/6/1462 361/5/1395
f 335/5/1339 1619/6/1348 3198/6/1463 1677/6/1464
f 1619/6/1348 336/5/1336 1678/6/1465 3198/6/1463
f 3198/6/1463 1678/6/1465 419/5/1466 1679/6/1467
f 1677/6/1464 3198/6/1463 1679/6/1467 387/5/1468
f 387/5/1468 1679/6/1467 3199/6/1469 1680/6/1470
f 1679/6/1467 419/5/1466 1681/6/1471 3199/6/1469
f 3199/6/1469 1681/6/1471 418/5/1472 1682/6/1473
f 1680/6/1470 3199/6/1469 1682/6/1473 386/5/1474
f 386/5/1474 1682/6/1473 3200/6/1475 1683/6/1476
f 1682/6/1473 418/5/1472 1684/6/1477 3200/6/1475
f 3200/6/1475 1684/6/1477 417/5/1478 1685/6/1479
f 1683/6/1476 3200/6/1475 1685/6/1479 385/5/1480
f 385/5/1480 1685/6/1479 3201/6/1481 1686/6/1482
f 1685/6/1479 417/5/1478 1687/6/1483 3201/6/1481
f 3201/6/1481 1687/6/1483 416/5/1382 1675/6/1460
f 1686/6/1482 3201/6/1481 1675/6/1460 384/5/1393
f 341/5/1318 1604/6/1317 3202/6/1484 1688/6/1485
f 1604/6/1317 340/5/1316 1689/6/1486 3202/6/1484
f 3202/6/1484 1689/6/1486 379/5/1487 1690/6/1488
f 1688/6/1485 3202/6/1484 1690/6/1488 395/5/1489
f 395/5/1489 1690/6/1488 3203/6/1490 1691/6/1491
f 1690/6/1488 379/5/1487 1692/6/1492 3203/6/1490
f 3203/6/1490 1692/6/1492 378/5/1493 1693/6/1494
f 1691/6/1491 3203/6/1490 1693/6/1494 394/5/1495
f 394/5/1495 1693/6/1494 3204/6/1496 1694/6/1497
f 1693/6/1494 378/5/1493 1695/6/1498 3204/6/1496
f 3204/6/1496 1695/6/1498 377/5/1499 1696/6/1500
f 1694/6/1497 3204/6/1496 1696/6/1500 393/5/1501
f 393/5/1501 1696/6/1500 3205/6/1502 1697/6/1503
f 1696/6/1500 377/5/1499 1698/6/1504 3205/6/1502
f 3205/6/1502 1698/6/1504 376/5/1373 1673/6/1457
f 1697/6/1503 3205/6/1502 1673/6/1457 392/5/1444
f 348/5/1346 1618/6/1345 3206/6/1505 1699/6/1506
f 1618/6/1345 347/5/1344 1700/6/1507 3206/6/1505
f 3206/6/1505 1700/6/1507 423/5/1508 1701/6/1509
f 1699/6/1506 3206/6/1505 1701/6/1509 396/5/1510
f 396/5/1510 1701/6/1509 3207/6/1511 1702/6/1512
f 1701/6/1509 423/5/1508 1703/6/1513 3207/6/1511
f 3207/6/1511 1703/6/1513 422/5/1514 1704/6/1515
f 1702/6/1512 3207/6/1511 1704/6/1515 397/5/1516
f 397/5/1516 1704/6/1515 3208/6/1517 1705/6/1518
f 1704/6/1515 422/5/1514 1706/6/1519 3208/6/1517
f 3208/6/1517 1706/6/1519 421/5/1520 1707/6/1521
f 1705/6/1518 3208/6/1517 1707/6/1521 398/5/1522
f 398/5/1522 1707/6/1521 3209/6/1523 1708/6/1524
f 1707/6/1521 421/5/1520 1709/6/1525 3209/6/1523
f 3209/6/1523 1709/6/1525 420/5/1418 1671/6/1454
f 1708/6/1524 3209/6/1523 1671/6/1454 399/5/1450
f 339/5/1326 1620/6/1350 3210/6/1526 1710/6/1527
f 1620/6/1350 348/5/1346 1699/6/1506 3210/6/1526
f 3210/6/1526 1699/6/1506 396/5/1510 1711/6/1528
f 1710/6/1527 3210/6/1526 1711/6/1528 364/5/1529
f 364/5/1529 1711/6/1528 3211/6/1530 1712/6/1531
f 1711/6/1528 396/5/1510 1702/6/1512 3211/6/1530
f 3211/6/1530 1702/6/1512 397/5/1516 1713/6/1532
f 1712/6/1531 3211/6/1530 1713/6/1532 365/5/1533
f 365/5/1533 1713/6/1532 3212/6/1534 1714/6/1535
f 1713/6/1532 397/5/1516 1705/6/1518 3212/6/1534
f 3212/6/1534 1705/6/1518 398/5/1522 1715/6/1536
f 1714/6/1535 3212/6/1534 1715/6/1536 366/5/1537
f 366/5/1537 1715/6/1536 3213/6/1538 1716/6/1539
f 1715/6/1536 398/5/1522 1708/6/1524 3213/6/1538
f 3213/6/1538 1708/6/1524 399/5/1450 1668/6/1448
f 1716/6/1539 3213/6/1538 1668/6/1448 367/5/1438
f 342/5/1369 1631/6/1372 3214/6/1540 1717/6/1541
f 1631/6/1372 341/5/1318 1688/6/1485 3214/6/1540
f 3214/6/1540 1688/6/1485 395/5/1489 1718/6/1542
f 1717/6/1541 3214/6/1540 1718/6/1542 391/5/1543
f 391/5/1543 1718/6/1542 3215/6/1544 1719/6/1545
f 1718/6/1542 395/5/1489 1691/6/1491 3215/6/1544
f 3215/6/1544 1691/6/1491 394/5/1495 1720/6/1546
f 1719/6/1545 3215/6/1544 1720/6/1546 390/5/1547
f 390/5/1547 1720/6/1546 3216/6/1548 1721/6/1549
f 1720/6/1546 394/5/1495 1694/6/1497 3216/6/1548
f 3216/6/1548 1694/6/1497 393/5/1501 1722/6/1550
f 1721/6/1549 3216/6/1548 1722/6/1550 389/5/1551
f 389/5/1551 1722/6/1550 3217/6/1552 1723/6/1553
f 1722/6/1550 393/5/1501 1697/6/1503 3217/6/1552
f 3217/6/1552 1697/6/1503 392/5/1444 1665/6/1442
f 1723/6/1553 3217/6/1552 1665/6/1442 388/5/1408
f 338/5/1328 1609/6/1327 3218/6/1554 1724/6/1555
f 1609/6/1327 339/5/1326 1710/6/1527 3218/6/1554
f 3218/6/1554 1710/6/1527 364/5/1529 1725/6/1556
f 1724/6/1555 3218/6/1554 1725/6/1556 368/5/1557
f 368/5/1557 1725/6/1556 3219/6/1558 1726/6/1559
f 1725/6/1556 364/5/1529 1712/6/1531 3219/6/1558
f 3219/6/1558 1712/6/1531 365/5/1533 1727/6/1560
f 1726/6/1559 3219/6/1558 1727/6/1560 369/5/1561
f 369/5/1561 1727/6/1560 3220/6/1562 1728/6/1563
f 1727/6/1560 365/5/1533 1714/6/1535 3220/6/1562
f 3220/6/1562 1714/6/1535 366/5/1537 1729/6/1564
f 1728/6/1563 3220/6/1562 1729/6/1564 370/5/1565
f 370/5/1565 1729/6/1564 3221/6/1566 1730/6/1567
f 1729/6/1564 366/5/1537 1716/6/1539 3221/6/1566
f 3221/6/1566 1716/6/1539 367/5/1438 1662/6/1436
f 1730/6/1567 3221/6/1566 1662/6/1436 371/5/1429
f 346/5/1353 1624/6/1358 3222/6/1568 1731/6/1569
f 1624/6/1358 345/5/1357 1732/6/1570 3222/6/1568
f 3222/6/1568 1732/6/1570 411/5/1571 1733/6/1572
f 1731/6/1569 3222/6/1568 1733/6/1572 415/5/1573
f 415/5/1573 1733/6/1572 3223/6/1574 1734/6/1575
f 1733/6/1572 411/5/1571 1735/6/1576 3223/6/1574
f 3223/6/1574 1735/6/1576 410/5/1577 1736/6/1578
f 1734/6/1575 3223/6/1574 1736/6/1578 414/5/1579
f 414/5/1579 1736/6/1578 3224/6/1580 1737/6/1581
f 1736/6/1578 410/5/1577 1738/6/1582 3224/6/1580
f 3224/6/1580 1738/6/1582 409/5/1583 1739/6/1584
f 1737/6/1581 3224/6/1580 1739/6/1584 413/5/1585
f 413/5/1585 1739/6/1584 3225/6/1586 1740/6/1587
f 1739/6/1584 409/5/1583 1741/6/1588 3225/6/1586
f 3225/6/1586 1741/6/1588 408/5/1412 1660/6/1433
f 1740/6/1587 3225/6/1586 1660/6/1433 412/5/1422
f 337/5/1332 1611/6/1331 3226/6/1589 1742/6/1590
f 1611/6/1331 338/5/1328 1724/6/1555 3226/6/1589
f 3226/6/1589 1724/6/1555 368/5/1557 1743/6/1591
f 1742/6/1590 3226/6/1589 1743/6/1591 380/5/1592
f 380/5/1592 1743/6/1591 3227/6/1593 1744/6/1594
f 1743/6/1591 368/5/1557 1726/6/1559 3227/6/1593
f 3227/6/1593 1726/6/1559 369/5/1561 1745/6/1595
f 1744/6/1594 3227/6/1593 1745/6/1595 381/5/1596
f 381/5/1596 1745/6/1595 3228/6/1597 1746/6/1598
f 1745/6/1595 369/5/1561 1728/6/1563 3228/6/1597
f 3228/6/1597 1728/6/1563 370/5/1565 1747/6/1599
f 1746/6/1598 3228/6/1597 1747/6/1599 382/5/1600
f 382/5/1600 1747/6/1599 3229/6/1601 1748/6/1602
f 1747/6/1599 370/5/1565 1730/6/1567 3229/6/1601
f 3229/6/1601 1730/6/1567 371/5/1429 1657/6/1427
f 1748/6/1602 3229/6/1601 1657/6/1427 383/5/1386
f 347/5/1344 1622/6/1354 3230/6/1603 1700/6/1507
f 1622/6/1354 346/5/1353 1731/6/1569 3230/6/1603
f 3230/6/1603 1731/6/1569 415/5/1573 1749/6/1604
f 1700/6/1507 3230/6/1603 1749/6/1604 423/5/1508
f 423/5/1508 1749/6/1604 3231/6/1605 1703/6/1513
f 1749/6/1604 415/5/1573 1734/6/1575 3231/6/1605
f 3231/6/1605 1734/6/1575 414/5/1579 1750/6/1606
f 1703/6/1513 3231/6/1605 1750/6/1606 422/5/1514
f 422/5/1514 1750/6/1606 3232/6/1607 1706/6/1519
f 1750/6/1606 414/5/1579 1737/6/1581 3232/6/1607
f 3232/6/1607 1737/6/1581 413/5/1585 1751/6/1608
f 1706/6/1519 3232/6/1607 1751/6/1608 421/5/1520
f 421/5/1520 1751/6/1608 3233/6/1609 1709/6/1525
f 1751/6/1608 413/5/1585 1740/6/1587 3233/6/1609
f 3233/6/1609 1740/6/1587 412/5/1422 1654/6/1419
f 1709/6/1525 3233/6/1609 1654/6/1419 420/5/1418
f 345/5/1357 1626/6/1362 3234/6/1610 1732/6/1570
f 1626/6/1362 344/5/1361 1752/6/1611 3234/6/1610
f 3234/6/1610 1752/6/1611 403/5/1612 1753/6/1613
f 1732/6/1570 3234/6/1610 1753/6/1613 411/5/1571
f 411/5/1571 1753/6/1613 3235/6/1614 1735/6/1576
f 1753/6/1613 403/5/1612 1754/6/1615 3235/6/1614
f 3235/6/1614 1754/6/1615 402/5/1616 1755/6/1617
f 1735/6/1576 3235/6/1614 1755/6/1617 410/5/1577
f 410/5/1577 1755/6/1617 3236/6/1618 1738/6/1582
f 1755/6/1617 402/5/1616 1756/6/1619 3236/6/1618
f 3236/6/1618 1756/6/1619 401/5/1620 1757/6/1621
f 1738/6/1582 3236/6/1618 1757/6/1621 409/5/1583
f 409/5/1583 1757/6/1621 3237/6/1622 1741/6/1588
f 1757/6/1621 401/5/1620 1758/6/1623 3237/6/1622
f 3237/6/1622 1758/6/1623 400/5/1397 1651/6/1413
f 1741/6/1588 3237/6/1622 1651/6/1413 408/5/1412
f 343/5/1365 1630/6/1370 3238/6/1624 1759/6/1625
f 1630/6/1370 342/5/1369 1717/6/1541 3238/6/1624
f 3238/6/1624 1717/6/1541 391/5/1543 1760/6/1626
f 1759/6/1625 3238/6/1624 1760/6/1626 372/5/1627
f 372/5/1627 1760/6/1626 3239/6/1628 1761/6/1629
f 1760/6/1626 391/5/1543 1719/6/1545 3239/6/1628
f 3239/6/1628 1719/6/1545 390/5/1547 1762/6/1630
f 1761/6/1629 3239/6/1628 1762/6/1630 373/5/1631
f 373/5/1631 1762/6/1630 3240/6/1632 1763/6/1633
f 1762/6/1630 390/5/1547 1721/6/1549 3240/6/1632
f 3240/6/1632 1721/6/1549 389/5/1551 1764/6/1634
f 1763/6/1633 3240/6/1632 1764/6/1634 374/5/1635
f 374/5/1635 1764/6/1634 3241/6/1636 1765/6/1637
f 1764/6/1634 389/5/1551 1723/6/1553 3241/6/1636
f 3241/6/1636 1723/6/1553 388/5/1408 1647/6/1406
f 1765/6/1637 3241/6/1636 1647/6/1406 375/5/1401
f 344/5/1361 1628/6/1366 3242/6/1638 1752/6/1611
f 1628/6/1366 343/5/1365 1759/6/1625 3242/6/1638
f 3242/6/1638 1759/6/1625 372/5/1627 1766/6/1639
f 1752/6/1611 3242/6/1638 1766/6/1639 403/5/1612
f 403/5/1612 1766/6/1639 3243/6/1640 1754/6/1615
f 1766/6/1639 372/5/1627 1761/6/1629 3243/6/1640
f 3243/6/1640 1761/6/1629 373/5/1631 1767/6/1641
f 1754/6/1615 3243/6/1640 1767/6/1641 402/5/1616
f 402/5/1616 1767/6/1641 3244/6/1642 1756/6/1619
f 1767/6/1641 373/5/1631 1763/6/1633 3244/6/1642
f 3244/6/1642 1763/6/1633 374/5/1635 1768/6/1643
f 1756/6/1619 3244/6/1642 1768/6/1643 401/5/1620
f 401/5/1620 1768/6/1643 3245/6/1644 1758/6/1623
f 1768/6/1643 374/5/1635 1765/6/1637 3245/6/1644
f 3245/6/1644 1765/6/1637 375/5/1401 1644/6/1398
f 1758/6/1623 3245/6/1644 1644/6/1398 400/5/1397
f 334/5/1321 1615/6/1340 3246/6/1645 1769/6/1646
f 1615/6/1340 335/5/1339 1677/6/1464 3246/6/1645
f 3246/6/1645 1677/6/1464 387/5/1468 1770/6/1647
f 1769/6/1646 3246/6/1645 1770/6/1647 404/5/1648
f 404/5/1648 1770/6/1647 3247/6/1649 1771/6/1650
f 1770/6/1647 387/5/1468 1680/6/1470 3247/6/1649
f 3247/6/1649 1680/6/1470 386/5/1474 1772/6/1651
f 1771/6/1650 3247/6/1649 1772/6/1651 405/5/1652
f 405/5/1652 1772/6/1651 3248/6/1653 1773/6/1654
f 1772/6/1651 386/5/1474 1683/6/1476 3248/6/1653
f 3248/6/1653 1683/6/1476 385/5/1480 1774/6/1655
f 1773/6/1654 3248/6/1653 1774/6/1655 406/5/1656
f 406/5/1656 1774/6/1655 3249/6/1657 1775/6/1658
f 1774/6/1655 385/5/1480 1686/6/1482 3249/6/1657
f 3249/6/1657 1686/6/1482 384/5/1393 1640/6/1391
f 1775/6/1658 3249/6/1657 1640/6/1391 407/5/1377
f 336/5/1336 1613/6/1335 3250/6/1659 1678/6/1465
f 1613/6/1335 337/5/1332 1742/6/1590 3250/6/1659
f 3250/6/1659 1742/6/1590 380/5/1592 1776/6/1660
f 1678/6/1465 3250/6/1659 1776/6/1660 419/5/1466
f 419/5/1466 1776/6/1660 3251/6/1661 1681/6/1471
f 1776/6/1660 380/5/1592 1744/6/1594 3251/6/1661
f 3251/6/1661 1744/6/1594 381/5/1596 1777/6/1662
f 1681/6/1471 3251/6/1661 1777/6/1662 418/5/1472
f 418/5/1472 1777/6/1662 3252/6/1663 1684/6/1477
f 1777/6/1662 381/5/1596 1746/6/1598 3252/6/1663
f 3252/6/1663 1746/6/1598 382/5/1600 1778/6/1664
f 1684/6/1477 3252/6/1663 1778/6/1664 417/5/1478
f 417/5/1478 1778/6/1664 3253/6/1665 1687/6/1483
f 1778/6/1664 382/5/1600 1748/6/1602 3253/6/1665
f 3253/6/1665 1748/6/1602 383/5/1386 1637/6/1383
f 1687/6/1483 3253/6/1665 1637/6/1383 416/5/1382
f 340/5/1316 1606/6/1322 3254/6/1666 1689/6/1486
f 1606/6/1322 334/5/1321 1769/6/1646 3254/6/1666
f 3254/6/1666 1769/6/1646 404/5/1648 1779/6/1667
f 1689/6/1486 3254/6/1666 1779/6/1667 379/5/1487
f 379/5/1487 1779/6/1667 3255/6/1668 1692/6/1492
f 1779/6/1667 404/5/1648 1771/6/1650 3255/6/1668
f 3255/6/1668 1771/6/1650 405/5/1652 1780/6/1669
f 1692/6/1492 3255/6/1668 1780/6/1669 378/5/1493
f 378/5/1493 1780/6/1669 3256/6/1670 1695/6/1498
f 1780/6/1669 405/5/1652 1773/6/1654 3256/6/1670
f 3256/6/1670 1773/6/1654 406/5/1656 1781/6/1671
f 1695/6/1498 3256/6/1670 1781/6/1671 377/5/1499
f 377/5/1499 1781/6/1671 3257/6/1672 1698/6/1504
f 1781/6/1671 406/5/1656 1775/6/1658 3257/6/1672
f 3257/6/1672 1775/6/1658 407/5/1377 1633/6/1374
f 1698/6/1504 3257/6/1672 1633/6/1374 376/5/1373
f 443/5/1673 1783/5/1674 3258/5/1675 1782/5/1676
f 1783/5/1674 442/5/1677 1784/5/1678 3258/5/1675
f 3258/5/1675 1784/5/1678 427/5/1679 1785/6/1680
f 1782/5/1676 3258/5/1675 1785/6/1680 426/5/1681
f 451/5/1682 1787/5/1683 3259/5/1684 1786/5/1685
f 1787/5/1683 450/5/1686 1788/5/1687 3259/5/1684
f 3259/5/1684 1788/5/1687 432/5/1688 1789/6/1689
f 1786/5/1685 3259/5/1684 1789/6/1689 433/5/1690
f 459/5/1691 1791/5/1692 3260/5/1693 1790/5/1694
f 1791/5/1692 458/5/1695 1792/5/1696 3260/5/1693
f 3260/5/1693 1792/5/1696 430/5/1697 1793/6/1698
f 1790/5/1694 3260/5/1693 1793/6/1698 429/5/1699
f 467/5/1700 1795/5/1701 3261/5/1702 1794/5/1703
f 1795/5/1701 466/5/1704 1796/5/1705 3261/5/1702
f 3261/5/1702 1796/5/1705 438/5/1706 1797/6/1707
f 1794/5/1703 3261/5/1702 1797/6/1707 431/5/1708
f 475/5/1709 1799/5/1710 3262/5/1711 1798/5/1712
f 1799/5/1710 474/5/1713 1800/5/1714 3262/5/1711
f 3262/5/1711 1800/5/1714 434/5/1715 1801/6/1716
f 1798/5/1712 3262/5/1711 1801/6/1716 435/5/1717
f 466/5/1704 1802/5/1718 3263/5/1719 1796/5/1705
f 1802/5/1718 482/5/1720 1803/5/1721 3263/5/1719
f 3263/5/1719 1803/5/1721 436/5/1722 1804/6/1723
f 1796/5/1705 3263/5/1719 1804/6/1723 438/5/1706
f 474/5/1713 1805/5/1724 3264/5/1725 1800/5/1714
f 1805/5/1724 451/5/1682 1786/5/1685 3264/5/1725
f 3264/5/1725 1786/5/1685 433/5/1690 1806/6/1726
f 1800/5/1714 3264/5/1725 1806/6/1726 434/5/1715
f 458/5/1695 1807/5/1727 3265/5/1728 1792/5/1696
f 1807/5/1727 467/5/1700 1794/5/1703 3265/5/1728
f 3265/5/1728 1794/5/1703 431/5/1708 1808/6/1729
f 1792/5/1696 3265/5/1728 1808/6/1729 430/5/1697
f 482/5/1720 1809/5/1730 3266/5/1731 1803/5/1721
f 1809/5/1730 475/5/1709 1798/5/1712 3266/5/1731
f 3266/5/1731 1798/5/1712 435/5/1717 1810/6/1732
f 1803/5/1721 3266/5/1731 1810/6/1732 436/5/1722
f 483/5/1733 1812/5/1734 3267/5/1735 1811/5/1736
f 1812/5/1734 459/5/1691 1790/5/1694 3267/5/1735
f 3267/5/1735 1790/5/1694 429/5/1699 1813/6/1737
f 1811/5/1736 3267/5/1735 1813/6/1737 428/5/1738
f 487/5/1739 1815/5/1740 3268/5/1741 1814/5/1742
f 1815/5/1740 443/5/1673 1782/5/1676 3268/5/1741
f 3268/5/1741 1782/5/1676 426/5/1681 1816/6/1743
f 1814/5/1742 3268/5/1741 1816/6/1743 425/5/1744
f 450/5/1686 1817/5/1745 3269/5/1746 1788/5/1687
f 1817/5/1745 494/5/1747 1818/5/1748 3269/5/1746
f 3269/5/1746 1818/5/1748 437/5/1749 1819/6/1750
f 1788/5/1687 3269/5/1746 1819/6/1750 432/5/1688
f 495/5/1751 1821/5/1752 3270/5/1753 1820/5/1754
f 1821/5/1752 487/5/1739 1814/5/1742 3270/5/1753
f 3270/5/1753 1814/5/1742 425/5/1744 1822/6/1755
f 1820/5/1754 3270/5/1753 1822/6/1755 424/5/1756
f 494/5/1747 1823/5/1757 3271/5/1758 1818/5/1748
f 1823/5/1757 495/5/1751 1820/5/1754 3271/5/1758
f 3271/5/1758 1820/5/1754 424/5/1756 1824/6/1759
f 1818/5/1748 3271/5/1758 1824/6/1759 437/5/1749
f 442/5/1677 1825/5/1760 3272/5/1761 1784/5/1678
f 1825/5/1760 483/5/1733 1811/5/1736 3272/5/1761
f 3272/5/1761 1811/5/1736 428/5/1738 1826/6/1762
f 1784/5/1678 3272/5/1761 1826/6/1762 427/5/1679
f 352/5/1405 1646/6/1404 3273/6/1763 1827/6/1764
f 1646/6/1404 353/5/1403 1828/6/1765 3273/6/1763
f 3273/6/1763 1828/6/1765 486/5/1766 1829/6/1767
f 1827/6/1764 3273/6/1763 1829/6/1767 439/5/1768
f 439/5/1768 1829/6/1767 3274/6/1769 1830/6/1770
f 1829/6/1767 486/5/1766 1831/6/1771 3274/6/1769
f 3274/6/1769 1831/6/1771 485/5/1772 1832/6/1773
f 1830/6/1770 3274/6/1769 1832/6/1773 440/5/1774
f 440/5/1774 1832/6/1773 3275/6/1775 1833/6/1776
f 1832/6/1773 485/5/1772 1834/6/1777 3275/6/1775
f 3275/6/1775 1834/6/1777 484/5/1778 1835/6/1779
f 1833/6/1776 3275/6/1775 1835/6/1779 441/5/1780
f 441/5/1780 1835/6/1779 3276/6/1781 1836/6/1782
f 1835/6/1779 484/5/1778 1837/6/1783 3276/6/1781
f 3276/6/1781 1837/6/1783 483/5/1733 1825/5/1760
f 1836/6/1782 3276/6/1781 1825/5/1760 442/5/1677
f 362/5/1452 1672/6/1456 3277/6/1784 1838/6/1785
f 1672/6/1456 349/5/1426 1839/6/1786 3277/6/1784
f 3277/6/1784 1839/6/1786 498/5/1787 1840/6/1788
f 1838/6/1785 3277/6/1784 1840/6/1788 491/5/1789
f 491/5/1789 1840/6/1788 3278/6/1790 1841/6/1791
f 1840/6/1788 498/5/1787 1842/6/1792 3278/6/1790
f 3278/6/1790 1842/6/1792 497/5/1793 1843/6/1794
f 1841/6/1791 3278/6/1790 1843/6/1794 492/5/1795
f 492/5/1795 1843/6/1794 3279/6/1796 1844/6/1797
f 1843/6/1794 497/5/1793 1845/6/1798 3279/6/1796
f 3279/6/1796 1845/6/1798 496/5/1799 1846/6/1800
f 1844/6/1797 3279/6/1796 1846/6/1800 493/5/1801
f 493/5/1801 1846/6/1800 3280/6/1802 1847/6/1803
f 1846/6/1800 496/5/1799 1848/6/1804 3280/6/1802
f 3280/6/1802 1848/6/1804 495/5/1751 1823/5/1757
f 1847/6/1803 3280/6/1802 1823/5/1757 494/5/1747
f 349/5/1426 1656/6/1425 3281/6/1805 1839/6/1786
f 1656/6/1425 350/5/1424 1849/6/1806 3281/6/1805
f 3281/6/1805 1849/6/1806 490/5/1807 1850/6/1808
f 1839/6/1786 3281/6/1805 1850/6/1808 498/5/1787
f 498/5/1787 1850/6/1808 3282/6/1809 1842/6/1792
f 1850/6/1808 490/5/1807 1851/6/1810 3282/6/1809
f 3282/6/1809 1851/6/1810 489/5/1811 1852/6/1812
f 1842/6/1792 3282/6/1809 1852/6/1812 497/5/1793
f 497/5/1793 1852/6/1812 3283/6/1813 1845/6/1798
f 1852/6/1812 489/5/1811 1853/6/1814 3283/6/1813
f 3283/6/1813 1853/6/1814 488/5/1815 1854/6/1816
f 1845/6/1798 3283/6/1813 1854/6/1816 496/5/1799
f 496/5/1799 1854/6/1816 3284/6/1817 1848/6/1804
f 1854/6/1816 488/5/1815 1855/6/1818 3284/6/1817
f 3284/6/1817 1855/6/1818 487/5/1739 1821/5/1752
f 1848/6/1804 3284/6/1817 1821/5/1752 495/5/1751
f 357/5/1440 1670/6/1453 3285/6/1819 1856/6/1820
f 1670/6/1453 362/5/1452 1838/6/1785 3285/6/1819
f 3285/6/1819 1838/6/1785 491/5/1789 1857/6/1821
f 1856/6/1820 3285/6/1819 1857/6/1821 447/5/1822
f 447/5/1822 1857/6/1821 3286/6/1823 1858/6/1824
f 1857/6/1821 491/5/1789 1841/6/1791 3286/6/1823
f 3286/6/1823 1841/6/1791 492/5/1795 1859/6/1825
f 1858/6/1824 3286/6/1823 1859/6/1825 448/5/1826
f 448/5/1826 1859/6/1825 3287/6/1827 1860/6/1828
f 1859/6/1825 492/5/1795 1844/6/1797 3287/6/1827
f 3287/6/1827 1844/6/1797 493/5/1801 1861/6/1829
f 1860/6/1828 3287/6/1827 1861/6/1829 449/5/1830
f 449/5/1830 1861/6/1829 3288/6/1831 1862/6/1832
f 1861/6/1829 493/5/1801 1847/6/1803 3288/6/1831
f 3288/6/1831 1847/6/1803 494/5/1747 1817/5/1745
f 1862/6/1832 3288/6/1831 1817/5/1745 450/5/1686
f 350/5/1424 1661/6/1435 3289/6/1833 1849/6/1806
f 1661/6/1435 351/5/1417 1863/6/1834 3289/6/1833
f 3289/6/1833 1863/6/1834 446/5/1835 1864/6/1836
f 1849/6/1806 3289/6/1833 1864/6/1836 490/5/1807
f 490/5/1807 1864/6/1836 3290/6/1837 1851/6/1810
f 1864/6/1836 446/5/1835 1865/6/1838 3290/6/1837
f 3290/6/1837 1865/6/1838 445/5/1839 1866/6/1840
f 1851/6/1810 3290/6/1837 1866/6/1840 489/5/1811
f 489/5/1811 1866/6/1840 3291/6/1841 1853/6/1814
f 1866/6/1840 445/5/1839 1867/6/1842 3291/6/1841
f 3291/6/1841 1867/6/1842 444/5/1843 1868/6/1844
f 1853/6/1814 3291/6/1841 1868/6/1844 488/5/1815
f 488/5/1815 1868/6/1844 3292/6/1845 1855/6/1818
f 1868/6/1844 444/5/1843 1869/6/1846 3292/6/1845
f 3292/6/1845 1869/6/1846 443/5/1673 1815/5/1740
f 1855/6/1818 3292/6/1845 1815/5/1740 487/5/1739
f 353/5/1403 1649/6/1411 3293/6/1847 1828/6/1765
f 1649/6/1411 354/5/1410 1870/6/1848 3293/6/1847
f 3293/6/1847 1870/6/1848 462/5/1849 1871/6/1850
f 1828/6/1765 3293/6/1847 1871/6/1850 486/5/1766
f 486/5/1766 1871/6/1850 3294/6/1851 1831/6/1771
f 1871/6/1850 462/5/1849 1872/6/1852 3294/6/1851
f 3294/6/1851 1872/6/1852 461/5/1853 1873/6/1854
f 1831/6/1771 3294/6/1851 1873/6/1854 485/5/1772
f 485/5/1772 1873/6/1854 3295/6/1855 1834/6/1777
f 1873/6/1854 461/5/1853 1874/6/1856 3295/6/1855
f 3295/6/1855 1874/6/1856 460/5/1857 1875/6/1858
f 1834/6/1777 3295/6/1855 1875/6/1858 484/5/1778
f 484/5/1778 1875/6/1858 3296/6/1859 1837/6/1783
f 1875/6/1858 460/5/1857 1876/6/1860 3296/6/1859
f 3296/6/1859 1876/6/1860 459/5/1691 1812/5/1734
f 1837/6/1783 3296/6/1859 1812/5/1734 483/5/1733
f 361/5/1395 1676/6/1462 3297/6/1861 1877/6/1862
f 1676/6/1462 360/5/1390 1878/6/1863 3297/6/1861
f 3297/6/1861 1878/6/1863 478/5/1864 1879/6/1865
f 1877/6/1862 3297/6/1861 1879/6/1865 479/5/1866
f 479/5/1866 1879/6/1865 3298/6/1867 1880/6/1868
f 1879/6/1865 478/5/1864 1881/6/1869 3298/6/1867
f 3298/6/1867 1881/6/1869 477/5/1870 1882/6/1871
f 1880/6/1868 3298/6/1867 1882/6/1871 480/5/1872
f 480/5/1872 1882/6/1871 3299/6/1873 1883/6/1874
f 1882/6/1871 477/5/1870 1884/6/1875 3299/6/1873
f 3299/6/1873 1884/6/1875 476/5/1876 1885/6/1877
f 1883/6/1874 3299/6/1873 1885/6/1877 481/5/1878
f 481/5/1878 1885/6/1877 3300/6/1879 1886/6/1880
f 1885/6/1877 476/5/1876 1887/6/1881 3300/6/1879
f 3300/6/1879 1887/6/1881 475/5/1709 1809/5/1730
f 1886/6/1880 3300/6/1879 1809/5/1730 482/5/1720
f 355/5/1446 1674/6/1459 3301/6/1882 1888/6/1883
f 1674/6/1459 356/5/1381 1889/6/1884 3301/6/1882
f 3301/6/1882 1889/6/1884 470/5/1885 1890/6/1886
f 1888/6/1883 3301/6/1882 1890/6/1886 455/5/1887
f 455/5/1887 1890/6/1886 3302/6/1888 1891/6/1889
f 1890/6/1886 470/5/1885 1892/6/1890 3302/6/1888
f 3302/6/1888 1892/6/1890 469/5/1891 1893/6/1892
f 1891/6/1889 3302/6/1888 1893/6/1892 456/5/1893
f 456/5/1893 1893/6/1892 3303/6/1894 1894/6/1895
f 1893/6/1892 469/5/1891 1895/6/1896 3303/6/1894
f 3303/6/1894 1895/6/1896 468/5/1897 1896/6/1898
f 1894/6/1895 3303/6/1894 1896/6/1898 457/5/1899
f 457/5/1899 1896/6/1898 3304/6/1900 1897/6/1901
f 1896/6/1898 468/5/1897 1898/6/1902 3304/6/1900
f 3304/6/1900 1898/6/1902 467/5/1700 1807/5/1727
f 1897/6/1901 3304/6/1900 1807/5/1727 458/5/1695
f 359/5/1388 1659/6/1432 3305/6/1903 1899/6/1904
f 1659/6/1432 358/5/1431 1900/6/1905 3305/6/1903
f 3305/6/1903 1900/6/1905 454/5/1906 1901/6/1907
f 1899/6/1904 3305/6/1903 1901/6/1907 471/5/1908
f 471/5/1908 1901/6/1907 3306/6/1909 1902/6/1910
f 1901/6/1907 454/5/1906 1903/6/1911 3306/6/1909
f 3306/6/1909 1903/6/1911 453/5/1912 1904/6/1913
f 1902/6/1910 3306/6/1909 1904/6/1913 472/5/1914
f 472/5/1914 1904/6/1913 3307/6/1915 1905/6/1916
f 1904/6/1913 453/5/1912 1906/6/1917 3307/6/1915
f 3307/6/1915 1906/6/1917 452/5/1918 1907/6/1919
f 1905/6/1916 3307/6/1915 1907/6/1919 473/5/1920
f 473/5/1920 1907/6/1919 3308/6/1921 1908/6/1922
f 1907/6/1919 452/5/1918 1909/6/1923 3308/6/1921
f 3308/6/1921 1909/6/1923 451/5/1682 1805/5/1724
f 1908/6/1922 3308/6/1921 1805/5/1724 474/5/1713
f 363/5/1379 1642/6/1396 3309/6/1924 1910/6/1925
f 1642/6/1396 361/5/1395 1877/6/1862 3309/6/1924
f 3309/6/1924 1877/6/1862 479/5/1866 1911/6/1926
f 1910/6/1925 3309/6/1924 1911/6/1926 463/5/1927
f 463/5/1927 1911/6/1926 3310/6/1928 1912/6/1929
f 1911/6/1926 479/5/1866 1880/6/1868 3310/6/1928
f 3310/6/1928 1880/6/1868 480/5/1872 1913/6/1930
f 1912/6/1929 3310/6/1928 1913/6/1930 464/5/1931
f 464/5/1931 1913/6/1930 3311/6/1932 1914/6/1933
f 1913/6/1930 480/5/1872 1883/6/1874 3311/6/1932
f 3311/6/1932 1883/6/1874 481/5/1878 1915/6/1934
f 1914/6/1933 3311/6/1932 1915/6/1934 465/5/1935
f 465/5/1935 1915/6/1934 3312/6/1936 1916/6/1937
f 1915/6/1934 481/5/1878 1886/6/1880 3312/6/1936
f 3312/6/1936 1886/6/1880 482/5/1720 1802/5/1718
f 1916/6/1937 3312/6/1936 1802/5/1718 466/5/1704
f 360/5/1390 1639/6/1389 3313/6/1938 1878/6/1863
f 1639/6/1389 359/5/1388 1899/6/1904 3313/6/1938
f 3313/6/1938 1899/6/1904 471/5/1908 1917/6/1939
f 1878/6/1863 3313/6/1938 1917/6/1939 478/5/1864
f 478/5/1864 1917/6/1939 3314/6/1940 1881/6/1869
f 1917/6/1939 471/5/1908 1902/6/1910 3314/6/1940
f 3314/6/1940 1902/6/1910 472/5/1914 1918/6/1941
f 1881/6/1869 3314/6/1940 1918/6/1941 477/5/1870
f 477/5/1870 1918/6/1941 3315/6/1942 1884/6/1875
f 1918/6/1941 472/5/1914 1905/6/1916 3315/6/1942
f 3315/6/1942 1905/6/1916 473/5/1920 1919/6/1943
f 1884/6/1875 3315/6/1942 1919/6/1943 476/5/1876
f 476/5/1876 1919/6/1943 3316/6/1944 1887/6/1881
f 1919/6/1943 473/5/1920 1908/6/1922 3316/6/1944
f 3316/6/1944 1908/6/1922 474/5/1713 1799/5/1710
f 1887/6/1881 3316/6/1944 1799/5/1710 475/5/1709
f 356/5/1381 1635/6/1380 3317/6/1945 1889/6/1884
f 1635/6/1380 363/5/1379 1910/6/1925 3317/6/1945
f 3317/6/1945 1910/6/1925 463/5/1927 1920/6/1946
f 1889/6/1884 3317/6/1945 1920/6/1946 470/5/1885
f 470/5/1885 1920/6/1946 3318/6/1947 1892/6/1890
f 1920/6/1946 463/5/1927 1912/6/1929 3318/6/1947
f 3318/6/1947 1912/6/1929 464/5/1931 1921/6/1948
f 1892/6/1890 3318/6/1947 1921/6/1948 469/5/1891
f 469/5/1891 1921/6/1948 3319/6/1949 1895/6/1896
f 1921/6/1948 464/5/1931 1914/6/1933 3319/6/1949
f 3319/6/1949 1914/6/1933 465/5/1935 1922/6/1950
f 1895/6/1896 3319/6/1949 1922/6/1950 468/5/1897
f 468/5/1897 1922/6/1950 3320/6/1951 1898/6/1902
f 1922/6/1950 465/5/1935 1916/6/1937 3320/6/1951
f 3320/6/1951 1916/6/1937 466/5/1704 1795/5/1701
f 1898/6/1902 3320/6/1951 1795/5/1701 467/5/1700
f 354/5/1410 1667/6/1447 3321/6/1952 1870/6/1848
f 1667/6/1447 355/5/1446 1888/6/1883 3321/6/1952
f 3321/6/1952 1888/6/1883 455/5/1887 1923/6/1953
f 1870/6/1848 3321/6/1952 1923/6/1953 462/5/1849
f 462/5/1849 1923/6/1953 3322/6/1954 1872/6/1852
f 1923/6/1953 455/5/1887 1891/6/1889 3322/6/1954
f 3322/6/1954 1891/6/1889 456/5/1893 1924/6/1955
f 1872/6/1852 3322/6/1954 1924/6/1955 461/5/1853
f 461/5/1853 1924/6/1955 3323/6/1956 1874/6/1856
f 1924/6/1955 456/5/1893 1894/6/1895 3323/6/1956
f 3323/6/1956 1894/6/1895 457/5/1899 1925/6/1957
f 1874/6/1856 3323/6/1956 1925/6/1957 460/5/1857
f 460/5/1857 1925/6/1957 3324/6/1958 1876/6/1860
f 1925/6/1957 457/5/1899 1897/6/1901 3324/6/1958
f 3324/6/1958 1897/6/1901 458/5/1695 1791/5/1692
f 1876/6/1860 3324/6/1958 1791/5/1692 459/5/1691
f 358/5/1431 1664/6/1441 3325/6/1959 1900/6/1905
f 1664/6/1441 357/5/1440 1856/6/1820 3325/6/1959
f 3325/6/1959 1856/6/1820 447/5/1822 1926/6/1960
f 1900/6/1905 3325/6/1959 1926/6/1960 454/5/1906
f 454/5/1906 1926/6/1960 3326/6/1961 1903/6/1911
f 1926/6/1960 447/5/1822 1858/6/1824 3326/6/1961
f 3326/6/1961 1858/6/1824 448/5/1826 1927/6/1962
f 1903/6/1911 3326/6/1961 1927/6/1962 453/5/1912
f 453/5/1912 1927/6/1962 3327/6/1963 1906/6/1917
f 1927/6/1962 448/5/1826 1860/6/1828 3327/6/1963
f 3327/6/1963 1860/6/1828 449/5/1830 1928/6/1964
f 1906/6/1917 3327/6/1963 1928/6/1964 452/5/1918
f 452/5/1918 1928/6/1964 3328/6/1965 1909/6/1923
f 1928/6/1964 449/5/1830 1862/6/1832 3328/6/1965
f 3328/6/1965 1862/6/1832 450/5/1686 1787/5/1683
f 1909/6/1923 3328/6/1965 1787/5/1683 451/5/1682
f 351/5/1417 1652/6/1416 3329/6/1966 1863/6/1834
f 1652/6/1416 352/5/1405 1827/6/1764 3329/6/1966
f 3329/6/1966 1827/6/1764 439/5/1768 1929/6/1967
f 1863/6/1834 3329/6/1966 1929/6/1967 446/5/1835
f 446/5/1835 1929/6/1967 3330/6/1968 1865/6/1838
f 1929/6/1967 439/5/1768 1830/6/1770 3330/6/1968
f 3330/6/1968 1830/6/1770 440/5/1774 1930/6/1969
f 1865/6/1838 3330/6/1968 1930/6/1969 445/5/1839
f 445/5/1839 1930/6/1969 3331/6/1970 1867/6/1842
f 1930/6/1969 440/5/1774 1833/6/1776 3331/6/1970
f 3331/6/1970 1833/6/1776 441/5/1780 1931/6/1971
f 1867/6/1842 3331/6/1970 1931/6/1971 444/5/1843
f 444/5/1843 1931/6/1971 3332/6/1972 1869/6/1846
f 1931/6/1971 441/5/1780 1836/6/1782 3332/6/1972
f 3332/6/1972 1836/6/1782 442/5/1677 1783/5/1674
f 1869/6/1846 3332/6/1972 1783/5/1674 443/5/1673
f 218/206/999 1445/208/1001 3333/214/1973 1932/215/1974
f 219/196/1003 1599/198/1306 3333/214/1973 1445/208/1001
f 320/200/688 1287/198/686 3333/214/1973 1599/198/1306
f 304/196/675 1281/193/672 3333/214/1973 1287/198/686
f 326/192/671 1933/216/1975 3333/214/1973 1281/193/672
f 203/217/779 1932/215/1974 3333/214/1973 1933/216/1975
f 326/192/671 1562/212/1234 3334/218/1976 1933/216/1975
f 202/5/785 1337/219/784 3334/218/1976 1562/212/1234
f 203/217/779 1933/216/1975 3334/218/1976 1337/219/784
f 218/206/999 1932/215/1974 3335/218/1977 1474/210/1058
f 203/217/779 1491/219/1093 3335/218/1977 1932/215/1974
f 201/5/1059 1474/210/1058 3335/218/1977 1491/219/1093
f 521/1/1978 1935/220/1979 3336/3/1980 1934/2/1981
f 1935/220/1979 499/8/1982 1936/7/1983 3336/3/1980
f 3336/3/1980 1936/7/1983 1/5/7 962/6/6
f 1934/2/1981 3336/3/1980 962/6/6 39/5/5
f 499/8/1982 1937/221/1984 3337/9/1985 1936/7/1983
f 1937/221/1984 500/10/1986 1938/5/1987 3337/9/1985
f 3337/9/1985 1938/5/1987 3/5/13 965/5/12
f 1936/7/1983 3337/9/1985 965/5/12 1/5/7
f 500/10/1986 1939/5/1988 3338/5/1989 1938/5/1987
f 1939/5/1988 501/5/1990 1940/5/1991 3338/5/1989
f 3338/5/1989 1940/5/1991 5/5/19 968/5/18
f 1938/5/1987 3338/5/1989 968/5/18 3/5/13
f 501/5/1990 1941/5/1992 3339/5/1993 1940/5/1991
f 1941/5/1992 8/6/1994 972/6/1995 3339/5/1993
f 3339/5/1993 972/6/1995 7/5/25 971/5/24
f 1940/5/1991 3339/5/1993 971/5/24 5/5/19
f 12/6/1996 1942/5/1997 3340/5/1998 978/6/1999
f 1942/5/1997 502/5/2000 1943/5/2001 3340/5/1998
f 3340/5/1998 1943/5/2001 13/5/49 980/5/48
f 978/6/1999 3340/5/1998 980/5/48 11/6/47
f 499/8/1982 1944/222/2002 3341/11/2003 1937/221/1984
f 1944/222/2002 503/1/2004 1945/13/2005 3341/11/2003
f 3341/11/2003 1945/13/2005 504/5/2006 1946/5/2007
f 1937/221/1984 3341/11/2003 1946/5/2007 500/10/1986
f 503/1/2004 1947/15/2008 3342/14/2009 1945/13/2005
f 1947/15/2008 505/17/2010 1948/223/2011 3342/14/2009
f 3342/14/2009 1948/223/2011 506/5/2012 1949/6/2013
f 1945/13/2005 3342/14/2009 1949/6/2013 504/5/2006
f 505/17/2010 1950/224/2014 3343/225/2015 1948/223/2011
f 1950/224/2014 507/226/2016 1951/227/2017 3343/225/2015
f 3343/225/2015 1951/227/2017 508/5/2018 1952/6/2019
f 1948/223/2011 3343/225/2015 1952/6/2019 506/5/2012
f 507/226/2016 1953/228/2020 3344/229/2021 1951/227/2017
f 1953/228/2020 509/230/2022 1954/231/2023 3344/229/2021
f 3344/229/2021 1954/231/2023 510/5/2024 1955/6/2025
f 1951/227/2017 3344/229/2021 1955/6/2025 508/5/2018
f 509/230/2022 1956/232/2026 3345/233/2027 1954/231/2023
f 1956/232/2026 511/25/2028 1957/234/2029 3345/233/2027
f 3345/233/2027 1957/234/2029 512/5/2030 1958/6/2031
f 1954/231/2023 3345/233/2027 1958/6/2031 510/5/2024
f 511/25/2028 1959/27/2032 3346/235/2033 1957/234/2029
f 1959/27/2032 513/25/2034 1960/234/2035 3346/235/2033
f 3346/235/2033 1960/234/2035 514/5/2036 1961/6/2037
f 1957/234/2029 3346/235/2033 1961/6/2037 512/5/2030
f 513/25/2034 1962/27/2038 3347/235/2039 1960/234/2035
f 1962/27/2038 515/25/2040 1963/234/2041 3347/235/2039
f 3347/235/2039 1963/234/2041 516/5/2042 1964/6/2043
f 1960/234/2035 3347/235/2039 1964/6/2043 514/5/2036
f 515/25/2040 1965/236/2044 3348/237/2045 1963/234/2041
f 1965/236/2044 517/238/2046 1966/239/2047 3348/237/2045
f 3348/237/2045 1966/239/2047 518/5/2048 1967/6/2049
f 1963/234/2041 3348/237/2045 1967/6/2049 516/5/2042
f 502/5/2000 1968/41/2050 3349/5/2051 1943/5/2001
f 1968/41/2050 519/10/2052 1969/5/2053 3349/5/2051
f 3349/5/2051 1969/5/2053 15/5/103 1007/5/102
f 1943/5/2001 3349/5/2051 1007/5/102 13/5/49
f 519/10/2052 1970/240/2054 3350/241/2055 1969/5/2053
f 1970/240/2054 520/242/2056 1971/243/2057 3350/241/2055
f 3350/241/2055 1971/243/2057 33/33/109 1010/32/108
f 1969/5/2053 3350/241/2055 1010/32/108 15/5/103
f 530/244/2058 1973/245/2059 3351/246/2060 1972/247/2061
f 1973/245/2059 54/40/117 1014/39/116 3351/246/2060
f 3351/246/2060 1014/39/116 33/33/109 1971/243/2057
f 1972/247/2061 3351/246/2060 1971/243/2057 520/242/2056
f 518/5/2048 1966/239/2047 3352/248/2062 1974/6/2063
f 1966/239/2047 517/238/2046 1975/249/2064 3352/248/2062
f 3352/248/2062 1975/249/2064 520/242/2056 1970/240/2054
f 1974/6/2063 3352/248/2062 1970/240/2054 519/10/2052
f 521/1/1978 1976/44/2065 3353/42/2066 1935/220/1979
f 1976/44/2065 535/250/2067 1977/43/2068 3353/42/2066
f 3353/42/2066 1977/43/2068 503/1/2004 1944/222/2002
f 1935/220/1979 3353/42/2066 1944/222/2002 499/8/1982
f 535/250/2067 1978/52/2069 3354/46/2070 1977/43/2068
f 1978/52/2069 540/49/2071 1979/48/2072 3354/46/2070
f 3354/46/2070 1979/48/2072 505/17/2010 1947/15/2008
f 1977/43/2068 3354/46/2070 1947/15/2008 503/1/2004
f 540/49/2071 1980/251/2073 3355/252/2074 1979/48/2072
f 1980/251/2073 545/253/2075 1981/254/2076 3355/252/2074
f 3355/252/2074 1981/254/2076 507/226/2016 1950/224/2014
f 1979/48/2072 3355/252/2074 1950/224/2014 505/17/2010
f 545/253/2075 1982/255/2077 3356/256/2078 1981/254/2076
f 1982/255/2077 550/257/2079 1983/258/2080 3356/256/2078
f 3356/256/2078 1983/258/2080 509/230/2022 1953/228/2020
f 1981/254/2076 3356/256/2078 1953/228/2020 507/226/2016
f 550/257/2079 1984/259/2081 3357/260/2082 1983/258/2080
f 1984/259/2081 555/63/2083 1985/261/2084 3357/260/2082
f 3357/260/2082 1985/261/2084 511/25/2028 1956/232/2026
f 1983/258/2080 3357/260/2082 1956/232/2026 509/230/2022
f 555/63/2083 1986/61/2085 3358/262/2086 1985/261/2084
f 1986/61/2085 560/63/2087 1987/261/2088 3358/262/2086
f 3358/262/2086 1987/261/2088 513/25/2034 1959/27/2032
f 1985/261/2084 3358/262/2086 1959/27/2032 511/25/2028
f 560/63/2087 1988/61/2089 3359/262/2090 1987/261/2088
f 1988/61/2089 565/63/2091 1989/261/2092 3359/262/2090
f 3359/262/2090 1989/261/2092 515/25/2040 1962/27/2038
f 1987/261/2088 3359/262/2090 1962/27/2038 513/25/2034
f 565/63/2091 1990/263/2093 3360/264/2094 1989/261/2092
f 1990/263/2093 570/265/2095 1991/266/2096 3360/264/2094
f 3360/264/2094 1991/266/2096 517/238/2046 1965/236/2044
f 1989/261/2092 3360/264/2094 1965/236/2044 515/25/2040
f 530/244/2058 1972/247/2061 3361/267/2097 1992/268/2098
f 1972/247/2061 520/242/2056 1975/249/2064 3361/267/2097
f 3361/267/2097 1975/249/2064 517/238/2046 1991/266/2096
f 1992/268/2098 3361/267/2097 1991/266/2096 570/265/2095
f 526/179/2099 1994/269/2100 3362/270/2101 1993/70/2102
f 1994/269/2100 527/271/2103 1995/272/2104 3362/270/2101
f 3362/270/2101 1995/272/2104 567/273/2105 1996/274/2106
f 1993/70/2102 3362/270/2101 1996/274/2106 566/93/2107
f 527/271/2103 1997/275/2108 3363/276/2109 1995/272/2104
f 1997/275/2108 528/277/2110 1998/278/2111 3363/276/2109
f 3363/276/2109 1998/278/2111 568/279/2112 1999/280/2113
f 1995/272/2104 3363/276/2109 1999/280/2113 567/273/2105
f 528/277/2110 2000/281/2114 3364/84/2115 1998/278/2111
f 2000/281/2114 529/282/2116 2001/283/2117 3364/84/2115
f 3364/84/2115 2001/283/2117 569/284/2118 2002/285/2119
f 1998/278/2111 3364/84/2115 2002/285/2119 568/279/2112
f 529/282/2116 2003/286/2120 3365/287/2121 2001/283/2117
f 2003/286/2120 530/244/2058 1992/268/2098 3365/287/2121
f 3365/287/2121 1992/268/2098 570/265/2095 2004/288/2122
f 2001/283/2117 3365/287/2121 2004/288/2122 569/284/2118
f 561/93/2123 2006/96/2124 3366/289/2125 2005/290/2126
f 2006/96/2124 566/93/2107 1996/274/2106 3366/289/2125
f 3366/289/2125 1996/274/2106 567/273/2105 2007/291/2127
f 2005/290/2126 3366/289/2125 2007/291/2127 562/292/2128
f 562/292/2128 2007/291/2127 3367/293/2129 2008/100/2130
f 2007/291/2127 567/273/2105 1999/280/2113 3367/293/2129
f 3367/293/2129 1999/280/2113 568/279/2112 2009/294/2131
f 2008/100/2130 3367/293/2129 2009/294/2131 563/101/2132
f 563/101/2132 2009/294/2131 3368/295/2133 2010/111/2134
f 2009/294/2131 568/279/2112 2002/285/2119 3368/295/2133
f 3368/295/2133 2002/285/2119 569/284/2118 2011/296/2135
f 2010/111/2134 3368/295/2133 2011/296/2135 564/297/2136
f 564/297/2136 2011/296/2135 3369/298/2137 2012/92/2138
f 2011/296/2135 569/284/2118 2004/288/2122 3369/298/2137
f 3369/298/2137 2004/288/2122 570/265/2095 1990/263/2093
f 2012/92/2138 3369/298/2137 1990/263/2093 565/63/2091
f 556/93/2139 2014/96/2140 3370/299/2141 2013/290/2142
f 2014/96/2140 561/93/2123 2005/290/2126 3370/299/2141
f 3370/299/2141 2005/290/2126 562/292/2128 2015/292/2143
f 2013/290/2142 3370/299/2141 2015/292/2143 557/292/2144
f 557/292/2144 2015/292/2143 3371/300/2145 2016/100/2146
f 2015/292/2143 562/292/2128 2008/100/2130 3371/300/2145
f 3371/300/2145 2008/100/2130 563/101/2132 2017/109/2147
f 2016/100/2146 3371/300/2145 2017/109/2147 558/101/2148
f 558/101/2148 2017/109/2147 3372/111/2149 2018/111/2150
f 2017/109/2147 563/101/2132 2010/111/2134 3372/111/2149
f 3372/111/2149 2010/111/2134 564/297/2136 2019/301/2151
f 2018/111/2150 3372/111/2149 2019/301/2151 559/297/2152
f 559/297/2152 2019/301/2151 3373/302/2153 2020/92/2154
f 2019/301/2151 564/297/2136 2012/92/2138 3373/302/2153
f 3373/302/2153 2012/92/2138 565/63/2091 1988/61/2089
f 2020/92/2154 3373/302/2153 1988/61/2089 560/63/2087
f 551/93/2155 2022/96/2156 3374/299/2157 2021/290/2158
f 2022/96/2156 556/93/2139 2013/290/2142 3374/299/2157
f 3374/299/2157 2013/290/2142 557/292/2144 2023/292/2159
f 2021/290/2158 3374/299/2157 2023/292/2159 552/292/2160
f 552/292/2160 2023/292/2159 3375/300/2161 2024/100/2162
f 2023/292/2159 557/292/2144 2016/100/2146 3375/300/2161
f 3375/300/2161 2016/100/2146 558/101/2148 2025/109/2163
f 2024/100/2162 3375/300/2161 2025/109/2163 553/101/2164
f 553/101/2164 2025/109/2163 3376/111/2165 2026/111/2166
f 2025/109/2163 558/101/2148 2018/111/2150 3376/111/2165
f 3376/111/2165 2018/111/2150 559/297/2152 2027/301/2167
f 2026/111/2166 3376/111/2165 2027/301/2167 554/297/2168
f 554/297/2168 2027/301/2167 3377/302/2169 2028/92/2170
f 2027/301/2167 559/297/2152 2020/92/2154 3377/302/2169
f 3377/302/2169 2020/92/2154 560/63/2087 1986/61/2085
f 2028/92/2170 3377/302/2169 1986/61/2085 555/63/2083
f 546/93/2171 2030/96/2172 3378/303/2173 2029/304/2174
f 2030/96/2172 551/93/2155 2021/290/2158 3378/303/2173
f 3378/303/2173 2021/290/2158 552/292/2160 2031/305/2175
f 2029/304/2174 3378/303/2173 2031/305/2175 547/306/2176
f 547/306/2176 2031/305/2175 3379/307/2177 2032/308/2178
f 2031/305/2175 552/292/2160 2024/100/2162 3379/307/2177
f 3379/307/2177 2024/100/2162 553/101/2164 2033/309/2179
f 2032/308/2178 3379/307/2177 2033/309/2179 548/310/2180
f 548/310/2180 2033/309/2179 3380/311/2181 2034/312/2182
f 2033/309/2179 553/101/2164 2026/111/2166 3380/311/2181
f 3380/311/2181 2026/111/2166 554/297/2168 2035/313/2183
f 2034/312/2182 3380/311/2181 2035/313/2183 549/314/2184
f 549/314/2184 2035/313/2183 3381/315/2185 2036/316/2186
f 2035/313/2183 554/297/2168 2028/92/2170 3381/315/2185
f 3381/315/2185 2028/92/2170 555/63/2083 1984/259/2081
f 2036/316/2186 3381/315/2185 1984/259/2081 550/257/2079
f 541/317/2187 2038/318/2188 3382/319/2189 2037/320/2190
f 2038/318/2188 546/93/2171 2029/304/2174 3382/319/2189
f 3382/319/2189 2029/304/2174 547/306/2176 2039/321/2191
f 2037/320/2190 3382/319/2189 2039/321/2191 542/322/2192
f 542/322/2192 2039/321/2191 3383/323/2193 2040/324/2194
f 2039/321/2191 547/306/2176 2032/308/2178 3383/323/2193
f 3383/323/2193 2032/308/2178 548/310/2180 2041/325/2195
f 2040/324/2194 3383/323/2193 2041/325/2195 543/326/2196
f 543/326/2196 2041/325/2195 3384/327/2197 2042/328/2198
f 2041/325/2195 548/310/2180 2034/312/2182 3384/327/2197
f 3384/327/2197 2034/312/2182 549/314/2184 2043/329/2199
f 2042/328/2198 3384/327/2197 2043/329/2199 544/330/2200
f 544/330/2200 2043/329/2199 3385/331/2201 2044/332/2202
f 2043/329/2199 549/314/2184 2036/316/2186 3385/331/2201
f 3385/331/2201 2036/316/2186 550/257/2079 1982/255/2077
f 2044/332/2202 3385/331/2201 1982/255/2077 545/253/2075
f 536/135/2203 2046/138/2204 3386/333/2205 2045/136/2206
f 2046/138/2204 541/317/2187 2037/320/2190 3386/333/2205
f 3386/333/2205 2037/320/2190 542/322/2192 2047/334/2207
f 2045/136/2206 3386/333/2205 2047/334/2207 537/335/2208
f 537/335/2208 2047/334/2207 3387/336/2209 2048/337/2210
f 2047/334/2207 542/322/2192 2040/324/2194 3387/336/2209
f 3387/336/2209 2040/324/2194 543/326/2196 2049/338/2211
f 2048/337/2210 3387/336/2209 2049/338/2211 538/131/2212
f 538/131/2212 2049/338/2211 3388/339/2213 2050/340/2214
f 2049/338/2211 543/326/2196 2042/328/2198 3388/339/2213
f 3388/339/2213 2042/328/2198 544/330/2200 2051/341/2215
f 2050/340/2214 3388/339/2213 2051/341/2215 539/342/2216
f 539/342/2216 2051/341/2215 3389/343/2217 2052/344/2218
f 2051/341/2215 544/330/2200 2044/332/2202 3389/343/2217
f 3389/343/2217 2044/332/2202 545/253/2075 1980/251/2073
f 2052/344/2218 3389/343/2217 1980/251/2073 540/49/2071
f 531/149/2219 2054/129/2220 3390/345/2221 2053/150/2222
f 2054/129/2220 536/135/2203 2045/136/2206 3390/345/2221
f 3390/345/2221 2045/136/2206 537/335/2208 2055/131/2223
f 2053/150/2222 3390/345/2221 2055/131/2223 532/147/2224
f 532/147/2224 2055/131/2223 3391/346/2225 2056/347/2226
f 2055/131/2223 537/335/2208 2048/337/2210 3391/346/2225
f 3391/346/2225 2048/337/2210 538/131/2212 2057/348/2227
f 2056/347/2226 3391/346/2225 2057/348/2227 533/349/2228
f 533/349/2228 2057/348/2227 3392/350/2229 2058/156/2230
f 2057/348/2227 538/131/2212 2050/340/2214 3392/350/2229
f 3392/350/2229 2050/340/2214 539/342/2216 2059/159/2231
f 2058/156/2230 3392/350/2229 2059/159/2231 534/158/2232
f 534/158/2232 2059/159/2231 3393/351/2233 2060/352/2234
f 2059/159/2231 539/342/2216 2052/344/2218 3393/351/2233
f 3393/351/2233 2052/344/2218 540/49/2071 1978/52/2069
f 2060/352/2234 3393/351/2233 1978/52/2069 535/250/2067
f 525/5/2235 2062/163/2236 3394/162/2237 2061/161/2238
f 2062/163/2236 531/149/2219 2053/150/2222 3394/162/2237
f 3394/162/2237 2053/150/2222 532/147/2224 2063/165/2239
f 2061/161/2238 3394/162/2237 2063/165/2239 524/353/2240
f 524/353/2240 2063/165/2239 3395/167/2241 2064/354/2242
f 2063/165/2239 532/147/2224 2056/347/2226 3395/167/2241
f 3395/167/2241 2056/347/2226 533/349/2228 2065/355/2243
f 2064/354/2242 3395/167/2241 2065/355/2243 523/168/2244
f 523/168/2244 2065/355/2243 3396/356/2245 2066/357/2246
f 2065/355/2243 533/349/2228 2058/156/2230 3396/356/2245
f 3396/356/2245 2058/156/2230 534/158/2232 2067/173/2247
f 2066/357/2246 3396/356/2245 2067/173/2247 522/172/2248
f 522/172/2248 2067/173/2247 3397/46/2249 2068/358/2250
f 2067/173/2247 534/158/2232 2060/352/2234 3397/46/2249
f 3397/46/2249 2060/352/2234 535/250/2067 1976/44/2065
f 2068/358/2250 3397/46/2249 1976/44/2065 521/1/1978
f 526/179/2099 2069/175/2251 3398/359/2252 1994/269/2100
f 2069/175/2251 50/179/312 1112/178/311 3398/359/2252
f 3398/359/2252 1112/178/311 51/177/310 2070/360/2253
f 1994/269/2100 3398/359/2252 2070/360/2253 527/271/2103
f 527/271/2103 2070/360/2253 3399/361/2254 1997/275/2108
f 2070/360/2253 51/177/310 1114/181/316 3399/361/2254
f 3399/361/2254 1114/181/316 52/83/315 2071/362/2255
f 1997/275/2108 3399/361/2254 2071/362/2255 528/277/2110
f 528/277/2110 2071/362/2255 3400/363/2256 2000/281/2114
f 2071/362/2255 52/83/315 1116/185/320 3400/363/2256
f 3400/363/2256 1116/185/320 53/184/319 2072/364/2257
f 2000/281/2114 3400/363/2256 2072/364/2257 529/282/2116
f 529/282/2116 2072/364/2257 3401/365/2258 2003/286/2120
f 2072/364/2257 53/184/319 1117/186/322 3401/365/2258
f 3401/365/2258 1117/186/322 54/40/117 1973/245/2059
f 2003/286/2120 3401/365/2258 1973/245/2059 530/244/2058
f 525/5/2235 2061/161/2238 3402/187/2259 2073/6/2260
f 2061/161/2238 524/353/2240 2074/188/2261 3402/187/2259
f 3402/187/2259 2074/188/2261 36/5/327 1119/5/326
f 2073/6/2260 3402/187/2259 1119/5/326 35/5/325
f 524/353/2240 2064/354/2242 3403/366/2262 2074/188/2261
f 2064/354/2242 523/168/2244 2075/367/2263 3403/366/2262
f 3403/366/2262 2075/367/2263 37/5/331 1121/6/330
f 2074/188/2261 3403/366/2262 1121/6/330 36/5/327
f 523/168/2244 2066/357/2246 3404/191/2264 2075/367/2263
f 2066/357/2246 522/172/2248 2076/223/2265 3404/191/2264
f 3404/191/2264 2076/223/2265 38/5/335 1123/6/334
f 2075/367/2263 3404/191/2264 1123/6/334 37/5/331
f 522/172/2248 2068/358/2250 3405/14/2266 2076/223/2265
f 2068/358/2250 521/1/1978 1934/2/1981 3405/14/2266
f 3405/14/2266 1934/2/1981 39/5/5 1125/6/338
f 2076/223/2265 3405/14/2266 1125/6/338 38/5/335
f 512/5/2030 2077/6/2267 3406/6/2268 1958/6/2031
f 2077/6/2267 577/5/2269 2078/6/2270 3406/6/2268
f 3406/6/2268 2078/6/2270 576/5/2271 2079/6/2272
f 1958/6/2031 3406/6/2268 2079/6/2272 510/5/2024
f 12/6/1996 1129/6/2273 3407/5/2274 1942/5/1997
f 1129/6/2273 99/6/2275 2080/5/2276 3407/5/2274
f 3407/5/2274 2080/5/2276 572/5/2277 2081/5/2278
f 1942/5/1997 3407/5/2274 2081/5/2278 502/5/2000
f 508/5/2018 2082/6/2279 3408/6/2280 1952/6/2019
f 2082/6/2279 575/5/2281 2083/6/2282 3408/6/2280
f 3408/6/2280 2083/6/2282 574/5/2283 2084/6/2284
f 1952/6/2019 3408/6/2280 2084/6/2284 506/5/2012
f 518/5/2048 2085/6/2285 3409/6/2286 1967/6/2049
f 2085/6/2285 580/5/2287 2086/6/2288 3409/6/2286
f 3409/6/2286 2086/6/2288 579/5/2289 2087/6/2290
f 1967/6/2049 3409/6/2286 2087/6/2290 516/5/2042
f 504/5/2006 2088/5/2291 3410/5/2292 1946/5/2007
f 2088/5/2291 573/5/2293 2089/5/2294 3410/5/2292
f 3410/5/2292 2089/5/2294 571/5/2295 2090/5/2296
f 1946/5/2007 3410/5/2292 2090/5/2296 500/10/1986
f 514/5/2036 2091/6/2297 3411/6/2298 1961/6/2037
f 2091/6/2297 578/5/2299 2092/6/2300 3411/6/2298
f 3411/6/2298 2092/6/2300 577/5/2269 2077/6/2267
f 1961/6/2037 3411/6/2298 2077/6/2267 512/5/2030
f 500/10/1986 2090/5/2296 3412/6/2301 1939/5/1988
f 2090/5/2296 571/5/2295 2093/5/2302 3412/6/2301
f 3412/6/2301 2093/5/2302 96/5/2303 2094/5/2304
f 1939/5/1988 3412/6/2301 2094/5/2304 501/5/1990
f 510/5/2024 2079/6/2272 3413/6/2305 1955/6/2025
f 2079/6/2272 576/5/2271 2095/6/2306 3413/6/2305
f 3413/6/2305 2095/6/2306 575/5/2281 2082/6/2279
f 1955/6/2025 3413/6/2305 2082/6/2279 508/5/2018
f 519/10/2052 2096/5/2307 3414/5/2308 1974/6/2063
f 2096/5/2307 581/5/2309 2097/5/2310 3414/5/2308
f 3414/5/2308 2097/5/2310 580/5/2287 2085/6/2285
f 1974/6/2063 3414/5/2308 2085/6/2285 518/5/2048
f 506/5/2012 2084/6/2284 3415/6/2311 1949/6/2013
f 2084/6/2284 574/5/2283 2098/6/2312 3415/6/2311
f 3415/6/2311 2098/6/2312 573/5/2293 2088/5/2291
f 1949/6/2013 3415/6/2311 2088/5/2291 504/5/2006
f 516/5/2042 2087/6/2290 3416/6/2313 1964/6/2043
f 2087/6/2290 579/5/2289 2099/6/2314 3416/6/2313
f 3416/6/2313 2099/6/2314 578/5/2299 2091/6/2297
f 1964/6/2043 3416/6/2313 2091/6/2297 514/5/2036
f 502/5/2000 2081/5/2278 3417/5/2315 1968/41/2050
f 2081/5/2278 572/5/2277 2100/5/2316 3417/5/2315
f 3417/5/2315 2100/5/2316 581/5/2309 2096/5/2307
f 1968/41/2050 3417/5/2315 2096/5/2307 519/10/2052
f 501/5/1990 2094/5/2304 3418/5/2317 1941/5/1992
f 2094/5/2304 96/5/2303 1155/6/2318 3418/5/2317
f 3418/5/2317 1155/6/2318 97/5/2319 1138/6/2320
f 1941/5/1992 3418/5/2317 1138/6/2320 8/6/1994
f 127/5/2321 2101/5/2322 3419/5/2323 1157/6/2324
f 2101/5/2322 583/5/2325 2102/5/2326 3419/5/2323
f 3419/5/2323 2102/5/2326 112/5/2327 1158/6/2328
f 1157/6/2324 3419/5/2323 1158/6/2328 126/5/2329
f 596/5/2330 2104/6/2331 3420/6/2332 2103/6/2333
f 2104/6/2331 589/5/2334 2105/6/2335 3420/6/2332
f 3420/6/2332 2105/6/2335 588/5/2336 2106/6/2337
f 2103/6/2333 3420/6/2332 2106/6/2337 595/5/2338
f 598/5/2339 2108/6/2340 3421/6/2341 2107/6/2342
f 2108/6/2340 590/5/2343 2109/6/2344 3421/6/2341
f 3421/6/2341 2109/6/2344 589/5/2334 2104/6/2331
f 2107/6/2342 3421/6/2341 2104/6/2331 596/5/2330
f 600/5/2345 2111/6/2346 3422/6/2347 2110/6/2348
f 2111/6/2346 591/5/2349 2112/6/2350 3422/6/2347
f 3422/6/2347 2112/6/2350 590/5/2343 2108/6/2340
f 2110/6/2348 3422/6/2347 2108/6/2340 598/5/2339
f 138/6/2351 1171/6/2352 3423/5/2353 2113/5/2354
f 1171/6/2352 114/5/2355 2114/5/2356 3423/5/2353
f 3423/5/2353 2114/5/2356 584/5/2357 2115/5/2358
f 2113/5/2354 3423/5/2353 2115/5/2358 603/5/2359
f 604/5/2360 2117/6/2361 3424/6/2362 2116/6/2363
f 2117/6/2361 592/5/2364 2118/6/2365 3424/6/2362
f 3424/6/2362 2118/6/2365 591/5/2349 2111/6/2346
f 2116/6/2363 3424/6/2362 2111/6/2346 600/5/2345
f 608/5/2366 2120/6/2367 3425/6/2368 2119/6/2369
f 2120/6/2367 585/5/2370 2121/6/2371 3425/6/2368
f 3425/6/2368 2121/6/2371 582/5/2372 2122/6/2373
f 2119/6/2369 3425/6/2368 2122/6/2373 607/5/2374
f 603/5/2359 2115/5/2358 3426/6/2375 2123/6/2376
f 2115/5/2358 584/5/2357 2124/6/2377 3426/6/2375
f 3426/6/2375 2124/6/2377 593/5/2378 2125/6/2379
f 2123/6/2376 3426/6/2375 2125/6/2379 611/5/2380
f 612/5/2381 2127/6/2382 3427/6/2383 2126/6/2384
f 2127/6/2382 586/5/2385 2128/6/2386 3427/6/2383
f 3427/6/2383 2128/6/2386 585/5/2370 2120/6/2367
f 2126/6/2384 3427/6/2383 2120/6/2367 608/5/2366
f 611/5/2380 2125/6/2379 3428/6/2387 2129/6/2388
f 2125/6/2379 593/5/2378 2130/6/2389 3428/6/2387
f 3428/6/2387 2130/6/2389 592/5/2364 2117/6/2361
f 2129/6/2388 3428/6/2387 2117/6/2361 604/5/2360
f 614/5/2390 2132/6/2391 3429/6/2392 2131/6/2393
f 2132/6/2391 587/5/2394 2133/6/2395 3429/6/2392
f 3429/6/2392 2133/6/2395 586/5/2385 2127/6/2382
f 2131/6/2393 3429/6/2392 2127/6/2382 612/5/2381
f 607/5/2374 2122/6/2373 3430/5/2396 2134/5/2397
f 2122/6/2373 582/5/2372 2135/5/2398 3430/5/2396
f 3430/5/2396 2135/5/2398 583/5/2325 2101/5/2322
f 2134/5/2397 3430/5/2396 2101/5/2322 127/5/2321
f 595/5/2338 2106/6/2337 3431/6/2399 2136/6/2400
f 2106/6/2337 588/5/2336 2137/6/2401 3431/6/2399
f 3431/6/2399 2137/6/2401 587/5/2394 2132/6/2391
f 2136/6/2400 3431/6/2399 2132/6/2391 614/5/2390
f 576/5/2271 2138/6/2402 3432/6/2403 2095/6/2306
f 2138/6/2402 594/5/2404 2139/6/2405 3432/6/2403
f 3432/6/2403 2139/6/2405 615/5/2406 2140/6/2407
f 2095/6/2306 3432/6/2403 2140/6/2407 575/5/2281
f 594/5/2404 2141/6/2408 3433/6/2409 2139/6/2405
f 2141/6/2408 595/5/2338 2136/6/2400 3433/6/2409
f 3433/6/2409 2136/6/2400 614/5/2390 2142/6/2410
f 2139/6/2405 3433/6/2409 2142/6/2410 615/5/2406
f 571/5/2295 2143/5/2411 3434/5/2412 2093/5/2302
f 2143/5/2411 606/5/2413 2144/5/2414 3434/5/2412
f 3434/5/2412 2144/5/2414 128/6/2415 1207/6/2416
f 2093/5/2302 3434/5/2412 1207/6/2416 96/5/2303
f 606/5/2413 2145/5/2417 3435/5/2418 2144/5/2414
f 2145/5/2417 607/5/2374 2134/5/2397 3435/5/2418
f 3435/5/2418 2134/5/2397 127/5/2321 1210/6/2419
f 2144/5/2414 3435/5/2418 1210/6/2419 128/6/2415
f 575/5/2281 2140/6/2407 3436/6/2420 2083/6/2282
f 2140/6/2407 615/5/2406 2146/6/2421 3436/6/2420
f 3436/6/2420 2146/6/2421 613/5/2422 2147/6/2423
f 2083/6/2282 3436/6/2420 2147/6/2423 574/5/2283
f 615/5/2406 2142/6/2410 3437/6/2424 2146/6/2421
f 2142/6/2410 614/5/2390 2131/6/2393 3437/6/2424
f 3437/6/2424 2131/6/2393 612/5/2381 2148/6/2425
f 2146/6/2421 3437/6/2424 2148/6/2425 613/5/2422
f 581/5/2309 2149/6/2426 3438/6/2427 2097/5/2310
f 2149/6/2426 610/5/2428 2150/6/2429 3438/6/2427
f 3438/6/2427 2150/6/2429 605/5/2430 2151/6/2431
f 2097/5/2310 3438/6/2427 2151/6/2431 580/5/2287
f 610/5/2428 2152/6/2432 3439/6/2433 2150/6/2429
f 2152/6/2432 611/5/2380 2129/6/2388 3439/6/2433
f 3439/6/2433 2129/6/2388 604/5/2360 2153/6/2434
f 2150/6/2429 3439/6/2433 2153/6/2434 605/5/2430
f 574/5/2283 2147/6/2423 3440/6/2435 2098/6/2312
f 2147/6/2423 613/5/2422 2154/6/2436 3440/6/2435
f 3440/6/2435 2154/6/2436 609/5/2437 2155/6/2438
f 2098/6/2312 3440/6/2435 2155/6/2438 573/5/2293
f 613/5/2422 2148/6/2425 3441/6/2439 2154/6/2436
f 2148/6/2425 612/5/2381 2126/6/2384 3441/6/2439
f 3441/6/2439 2126/6/2384 608/5/2366 2156/6/2440
f 2154/6/2436 3441/6/2439 2156/6/2440 609/5/2437
f 572/5/2277 2157/6/2441 3442/6/2442 2100/5/2316
f 2157/6/2441 602/5/2443 2158/6/2444 3442/6/2442
f 3442/6/2442 2158/6/2444 610/5/2428 2149/6/2426
f 2100/5/2316 3442/6/2442 2149/6/2426 581/5/2309
f 602/5/2443 2159/6/2445 3443/6/2446 2158/6/2444
f 2159/6/2445 603/5/2359 2123/6/2376 3443/6/2446
f 3443/6/2446 2123/6/2376 611/5/2380 2152/6/2432
f 2158/6/2444 3443/6/2446 2152/6/2432 610/5/2428
f 573/5/2293 2155/6/2438 3444/6/2447 2089/5/2294
f 2155/6/2438 609/5/2437 2160/6/2448 3444/6/2447
f 3444/6/2447 2160/6/2448 606/5/2413 2143/5/2411
f 2089/5/2294 3444/6/2447 2143/5/2411 571/5/2295
f 609/5/2437 2156/6/2440 3445/6/2449 2160/6/2448
f 2156/6/2440 608/5/2366 2119/6/2369 3445/6/2449
f 3445/6/2449 2119/6/2369 607/5/2374 2145/5/2417
f 2160/6/2448 3445/6/2449 2145/5/2417 606/5/2413
f 580/5/2287 2151/6/2431 3446/6/2450 2086/6/2288
f 2151/6/2431 605/5/2430 2161/6/2451 3446/6/2450
f 3446/6/2450 2161/6/2451 601/5/2452 2162/6/2453
f 2086/6/2288 3446/6/2450 2162/6/2453 579/5/2289
f 605/5/2430 2153/6/2434 3447/6/2454 2161/6/2451
f 2153/6/2434 604/5/2360 2116/6/2363 3447/6/2454
f 3447/6/2454 2116/6/2363 600/5/2345 2163/6/2455
f 2161/6/2451 3447/6/2454 2163/6/2455 601/5/2452
f 99/6/2275 1229/6/2456 3448/5/2457 2080/5/2276
f 1229/6/2456 137/6/2458 2164/5/2459 3448/5/2457
f 3448/5/2457 2164/5/2459 602/5/2443 2157/6/2441
f 2080/5/2276 3448/5/2457 2157/6/2441 572/5/2277
f 137/6/2458 1231/6/2460 3449/5/2461 2164/5/2459
f 1231/6/2460 138/6/2351 2113/5/2354 3449/5/2461
f 3449/5/2461 2113/5/2354 603/5/2359 2159/6/2445
f 2164/5/2459 3449/5/2461 2159/6/2445 602/5/2443
f 579/5/2289 2162/6/2453 3450/6/2462 2099/6/2314
f 2162/6/2453 601/5/2452 2165/6/2463 3450/6/2462
f 3450/6/2462 2165/6/2463 599/5/2464 2166/6/2465
f 2099/6/2314 3450/6/2462 2166/6/2465 578/5/2299
f 601/5/2452 2163/6/2455 3451/6/2466 2165/6/2463
f 2163/6/2455 600/5/2345 2110/6/2348 3451/6/2466
f 3451/6/2466 2110/6/2348 598/5/2339 2167/6/2467
f 2165/6/2463 3451/6/2466 2167/6/2467 599/5/2464
f 578/5/2299 2166/6/2465 3452/6/2468 2092/6/2300
f 2166/6/2465 599/5/2464 2168/6/2469 3452/6/2468
f 3452/6/2468 2168/6/2469 597/5/2470 2169/6/2471
f 2092/6/2300 3452/6/2468 2169/6/2471 577/5/2269
f 599/5/2464 2167/6/2467 3453/6/2472 2168/6/2469
f 2167/6/2467 598/5/2339 2107/6/2342 3453/6/2472
f 3453/6/2472 2107/6/2342 596/5/2330 2170/6/2473
f 2168/6/2469 3453/6/2472 2170/6/2473 597/5/2470
f 577/5/2269 2169/6/2471 3454/6/2474 2078/6/2270
f 2169/6/2471 597/5/2470 2171/6/2475 3454/6/2474
f 3454/6/2474 2171/6/2475 594/5/2404 2138/6/2402
f 2078/6/2270 3454/6/2474 2138/6/2402 576/5/2271
f 597/5/2470 2170/6/2473 3455/6/2476 2171/6/2475
f 2170/6/2473 596/5/2330 2103/6/2333 3455/6/2476
f 3455/6/2476 2103/6/2333 595/5/2338 2141/6/2408
f 2171/6/2475 3455/6/2476 2141/6/2408 594/5/2404
f 588/5/2336 2172/6/2477 3456/6/2478 2137/6/2401
f 2172/6/2477 625/5/2479 2173/6/2480 3456/6/2478
f 3456/6/2478 2173/6/2480 624/5/2481 2174/6/2482
f 2137/6/2401 3456/6/2478 2174/6/2482 587/5/2394
f 583/5/2325 2175/5/2483 3457/5/2484 2102/5/2326
f 2175/5/2483 617/5/2485 2176/5/2486 3457/5/2484
f 3457/5/2484 2176/5/2486 618/5/2487 2177/5/2488
f 2102/5/2326 3457/5/2484 2177/5/2488 112/5/2327
f 786/5/2489 2179/6/2490 3458/6/2491 2178/6/2492
f 2179/6/2490 642/5/2493 2180/6/2494 3458/6/2491
f 3458/6/2491 2180/6/2494 641/5/2495 2181/6/2496
f 2178/6/2492 3458/6/2491 2181/6/2496 780/5/2497
f 589/5/2334 2182/6/2498 3459/6/2499 2105/6/2335
f 2182/6/2498 626/5/2500 2183/6/2501 3459/6/2499
f 3459/6/2499 2183/6/2501 625/5/2479 2172/6/2477
f 2105/6/2335 3459/6/2499 2172/6/2477 588/5/2336
f 112/5/2327 2177/5/2488 3460/5/2502 1166/6/2503
f 2177/5/2488 618/5/2487 2184/5/2504 3460/5/2502
f 3460/5/2502 2184/5/2504 619/5/2505 2185/5/2506
f 1166/6/2503 3460/5/2502 2185/5/2506 113/6/2507
f 590/5/2343 2186/6/2508 3461/6/2509 2109/6/2344
f 2186/6/2508 627/5/2510 2187/6/2511 3461/6/2509
f 3461/6/2509 2187/6/2511 626/5/2500 2182/6/2498
f 2109/6/2344 3461/6/2509 2182/6/2498 589/5/2334
f 113/6/2507 2185/5/2506 3462/5/2512 1172/6/2513
f 2185/5/2506 619/5/2505 2188/5/2514 3462/5/2512
f 3462/5/2512 2188/5/2514 620/5/2515 2189/5/2516
f 1172/6/2513 3462/5/2512 2189/5/2516 114/5/2355
f 591/5/2349 2190/6/2517 3463/6/2518 2112/6/2350
f 2190/6/2517 628/5/2519 2191/6/2520 3463/6/2518
f 3463/6/2518 2191/6/2520 627/5/2510 2186/6/2508
f 2112/6/2350 3463/6/2518 2186/6/2508 590/5/2343
f 114/5/2355 2189/5/2516 3464/5/2521 2114/5/2356
f 2189/5/2516 620/5/2515 2192/5/2522 3464/5/2521
f 3464/5/2521 2192/5/2522 621/5/2523 2193/5/2524
f 2114/5/2356 3464/5/2521 2193/5/2524 584/5/2357
f 592/5/2364 2194/6/2525 3465/6/2526 2118/6/2365
f 2194/6/2525 629/5/2527 2195/6/2528 3465/6/2526
f 3465/6/2526 2195/6/2528 628/5/2519 2190/6/2517
f 2118/6/2365 3465/6/2526 2190/6/2517 591/5/2349
f 585/5/2370 2196/6/2529 3466/6/2530 2121/6/2371
f 2196/6/2529 622/5/2531 2197/6/2532 3466/6/2530
f 3466/6/2530 2197/6/2532 616/5/2533 2198/6/2534
f 2121/6/2371 3466/6/2530 2198/6/2534 582/5/2372
f 584/5/2357 2193/5/2524 3467/6/2535 2124/6/2377
f 2193/5/2524 621/5/2523 2199/6/2536 3467/6/2535
f 3467/6/2535 2199/6/2536 630/5/2537 2200/6/2538
f 2124/6/2377 3467/6/2535 2200/6/2538 593/5/2378
f 586/5/2385 2201/6/2539 3468/6/2540 2128/6/2386
f 2201/6/2539 623/5/2541 2202/6/2542 3468/6/2540
f 3468/6/2540 2202/6/2542 622/5/2531 2196/6/2529
f 2128/6/2386 3468/6/2540 2196/6/2529 585/5/2370
f 593/5/2378 2200/6/2538 3469/6/2543 2130/6/2389
f 2200/6/2538 630/5/2537 2203/6/2544 3469/6/2543
f 3469/6/2543 2203/6/2544 629/5/2527 2194/6/2525
f 2130/6/2389 3469/6/2543 2194/6/2525 592/5/2364
f 587/5/2394 2174/6/2482 3470/6/2545 2133/6/2395
f 2174/6/2482 624/5/2481 2204/6/2546 3470/6/2545
f 3470/6/2545 2204/6/2546 623/5/2541 2201/6/2539
f 2133/6/2395 3470/6/2545 2201/6/2539 586/5/2385
f 582/5/2372 2198/6/2534 3471/6/2547 2135/5/2398
f 2198/6/2534 616/5/2533 2205/6/2548 3471/6/2547
f 3471/6/2547 2205/6/2548 617/5/2485 2175/5/2483
f 2135/5/2398 3471/6/2547 2175/5/2483 583/5/2325
f 787/206/2549 2207/195/2550 3472/207/2551 2206/208/2552
f 2207/195/2550 634/5/2553 2208/5/2554 3472/207/2551
f 3472/207/2551 2208/5/2554 635/5/2555 2209/197/2556
f 2206/208/2552 3472/207/2551 2209/197/2556 765/196/2557
f 788/5/2558 2211/6/2559 3473/6/2560 2210/6/2561
f 2211/6/2559 643/5/2562 2212/6/2563 3473/6/2560
f 3473/6/2560 2212/6/2563 642/5/2493 2179/6/2490
f 2210/6/2561 3473/6/2560 2179/6/2490 786/5/2489
f 765/196/2557 2209/197/2556 3474/213/2564 2213/198/2565
f 2209/197/2556 635/5/2555 2214/5/2566 3474/213/2564
f 3474/213/2564 2214/5/2566 636/5/2567 2215/201/2568
f 2213/198/2565 3474/213/2564 2215/201/2568 781/200/2569
f 789/5/2570 2217/6/2571 3475/6/2572 2216/6/2573
f 2217/6/2571 644/5/2574 2218/6/2575 3475/6/2572
f 3475/6/2572 2218/6/2575 643/5/2562 2211/6/2559
f 2216/6/2573 3475/6/2572 2211/6/2559 788/5/2558
f 790/5/2576 2220/6/2577 3476/6/2578 2219/6/2579
f 2220/6/2577 637/5/2580 2221/6/2581 3476/6/2578
f 3476/6/2578 2221/6/2581 631/5/2582 2222/6/2583
f 2219/6/2579 3476/6/2578 2222/6/2583 782/5/2584
f 781/200/2569 2215/201/2568 3477/202/2585 2223/201/2586
f 2215/201/2568 636/5/2567 2224/5/2587 3477/202/2585
f 3477/202/2585 2224/5/2587 645/5/2588 2225/5/2589
f 2223/201/2586 3477/202/2585 2225/5/2589 783/5/2590
f 791/5/2591 2227/6/2592 3478/6/2593 2226/6/2594
f 2227/6/2592 638/5/2595 2228/6/2596 3478/6/2593
f 3478/6/2593 2228/6/2596 637/5/2580 2220/6/2577
f 2226/6/2594 3478/6/2593 2220/6/2577 790/5/2576
f 783/5/2590 2225/5/2589 3479/6/2597 2229/6/2598
f 2225/5/2589 645/5/2588 2230/6/2599 3479/6/2597
f 3479/6/2597 2230/6/2599 644/5/2574 2217/6/2571
f 2229/6/2598 3479/6/2597 2217/6/2571 789/5/2570
f 792/5/2600 2232/6/2601 3480/6/2602 2231/6/2603
f 2232/6/2601 639/5/2604 2233/6/2605 3480/6/2602
f 3480/6/2602 2233/6/2605 638/5/2595 2227/6/2592
f 2231/6/2603 3480/6/2602 2227/6/2592 791/5/2591
f 782/5/2584 2222/6/2583 3481/6/2606 2234/6/2607
f 2222/6/2583 631/5/2582 2235/6/2608 3481/6/2606
f 3481/6/2606 2235/6/2608 632/5/2609 2236/6/2610
f 2234/6/2607 3481/6/2606 2236/6/2610 784/5/2611
f 793/5/2612 2238/6/2613 3482/6/2614 2237/6/2615
f 2238/6/2613 640/5/2616 2239/6/2617 3482/6/2614
f 3482/6/2614 2239/6/2617 639/5/2604 2232/6/2601
f 2237/6/2615 3482/6/2614 2232/6/2601 792/5/2600
f 784/5/2611 2236/6/2610 3483/6/2618 2240/6/2619
f 2236/6/2610 632/5/2609 2241/6/2620 3483/6/2618
f 3483/6/2618 2241/6/2620 633/5/2621 2242/6/2622
f 2240/6/2619 3483/6/2618 2242/6/2622 785/5/2623
f 780/5/2497 2181/6/2496 3484/6/2624 2243/6/2625
f 2181/6/2496 641/5/2495 2244/6/2626 3484/6/2624
f 3484/6/2624 2244/6/2626 640/5/2616 2238/6/2613
f 2243/6/2625 3484/6/2624 2238/6/2613 793/5/2612
f 785/5/2623 2242/6/2622 3485/204/2627 2245/205/2628
f 2242/6/2622 633/5/2621 2246/5/2629 3485/204/2627
f 3485/204/2627 2246/5/2629 634/5/2553 2207/195/2550
f 2245/205/2628 3485/204/2627 2207/195/2550 787/206/2549
f 618/5/2487 2247/6/2630 3486/6/2631 2184/5/2504
f 2247/6/2630 729/5/2632 2248/6/2633 3486/6/2631
f 3486/6/2631 2248/6/2633 668/5/2634 2249/6/2635
f 2184/5/2504 3486/6/2631 2249/6/2635 619/5/2505
f 729/5/2632 2250/6/2636 3487/6/2637 2248/6/2633
f 2250/6/2636 730/5/2638 2251/6/2639 3487/6/2637
f 3487/6/2637 2251/6/2639 667/5/2640 2252/6/2641
f 2248/6/2633 3487/6/2637 2252/6/2641 668/5/2634
f 730/5/2638 2253/6/2642 3488/6/2643 2251/6/2639
f 2253/6/2642 731/5/2644 2254/6/2645 3488/6/2643
f 3488/6/2643 2254/6/2645 666/5/2646 2255/6/2647
f 2251/6/2639 3488/6/2643 2255/6/2647 667/5/2640
f 731/5/2644 2256/6/2648 3489/6/2649 2254/6/2645
f 2256/6/2648 732/5/2650 2257/6/2651 3489/6/2649
f 3489/6/2649 2257/6/2651 665/5/2652 2258/6/2653
f 2254/6/2645 3489/6/2649 2258/6/2653 666/5/2646
f 732/5/2650 2259/5/2654 3490/5/2655 2257/6/2651
f 2259/5/2654 733/5/2656 2260/5/2657 3490/5/2655
f 3490/5/2655 2260/5/2657 664/5/2658 2261/5/2659
f 2257/6/2651 3490/5/2655 2261/5/2659 665/5/2652
f 733/5/2656 2262/5/2660 3491/5/2661 2260/5/2657
f 2262/5/2660 734/5/2662 2263/201/2663 3491/5/2661
f 3491/5/2661 2263/201/2663 663/5/2664 2264/6/2665
f 2260/5/2657 3491/5/2661 2264/6/2665 664/5/2658
f 626/5/2500 2265/6/2666 3492/6/2667 2183/6/2501
f 2265/6/2666 646/5/2668 2266/6/2669 3492/6/2667
f 3492/6/2667 2266/6/2669 728/5/2670 2267/6/2671
f 2183/6/2501 3492/6/2667 2267/6/2671 625/5/2479
f 646/5/2668 2268/6/2672 3493/6/2673 2266/6/2669
f 2268/6/2672 647/5/2674 2269/6/2675 3493/6/2673
f 3493/6/2673 2269/6/2675 727/5/2676 2270/6/2677
f 2266/6/2669 3493/6/2673 2270/6/2677 728/5/2670
f 647/5/2674 2271/6/2678 3494/6/2679 2269/6/2675
f 2271/6/2678 648/5/2680 2272/6/2681 3494/6/2679
f 3494/6/2679 2272/6/2681 726/5/2682 2273/6/2683
f 2269/6/2675 3494/6/2679 2273/6/2683 727/5/2676
f 648/5/2680 2274/6/2684 3495/6/2685 2272/6/2681
f 2274/6/2684 649/5/2686 2275/6/2687 3495/6/2685
f 3495/6/2685 2275/6/2687 725/5/2688 2276/6/2689
f 2272/6/2681 3495/6/2685 2276/6/2689 726/5/2682
f 649/5/2686 2277/6/2690 3496/6/2691 2275/6/2687
f 2277/6/2690 650/5/2692 2278/6/2693 3496/6/2691
f 3496/6/2691 2278/6/2693 724/5/2694 2279/6/2695
f 2275/6/2687 3496/6/2691 2279/6/2695 725/5/2688
f 650/5/2692 2280/6/2696 3497/6/2697 2278/6/2693
f 2280/6/2696 651/5/2698 2281/6/2699 3497/6/2697
f 3497/6/2697 2281/6/2699 723/5/2700 2282/6/2701
f 2278/6/2693 3497/6/2697 2282/6/2701 724/5/2694
f 617/5/2485 2283/6/2702 3498/6/2703 2176/5/2486
f 2283/6/2702 717/5/2704 2284/6/2705 3498/6/2703
f 3498/6/2703 2284/6/2705 729/5/2632 2247/6/2630
f 2176/5/2486 3498/6/2703 2247/6/2630 618/5/2487
f 717/5/2704 2285/6/2706 3499/6/2707 2284/6/2705
f 2285/6/2706 718/5/2708 2286/6/2709 3499/6/2707
f 3499/6/2707 2286/6/2709 730/5/2638 2250/6/2636
f 2284/6/2705 3499/6/2707 2250/6/2636 729/5/2632
f 718/5/2708 2287/6/2710 3500/6/2711 2286/6/2709
f 2287/6/2710 719/5/2712 2288/6/2713 3500/6/2711
f 3500/6/2711 2288/6/2713 731/5/2644 2253/6/2642
f 2286/6/2709 3500/6/2711 2253/6/2642 730/5/2638
f 719/5/2712 2289/6/2714 3501/6/2715 2288/6/2713
f 2289/6/2714 720/5/2716 2290/6/2717 3501/6/2715
f 3501/6/2715 2290/6/2717 732/5/2650 2256/6/2648
f 2288/6/2713 3501/6/2715 2256/6/2648 731/5/2644
f 720/5/2716 2291/6/2718 3502/6/2719 2290/6/2717
f 2291/6/2718 721/5/2720 2292/6/2721 3502/6/2719
f 3502/6/2719 2292/6/2721 733/5/2656 2259/5/2654
f 2290/6/2717 3502/6/2719 2259/5/2654 732/5/2650
f 721/5/2720 2293/6/2722 3503/6/2723 2292/6/2721
f 2293/6/2722 722/5/2724 2294/6/2725 3503/6/2723
f 3503/6/2723 2294/6/2725 734/5/2662 2262/5/2660
f 2292/6/2721 3503/6/2723 2262/5/2660 733/5/2656
f 625/5/2479 2267/6/2671 3504/6/2726 2173/6/2480
f 2267/6/2671 728/5/2670 2295/6/2727 3504/6/2726
f 3504/6/2726 2295/6/2727 716/5/2728 2296/6/2729
f 2173/6/2480 3504/6/2726 2296/6/2729 624/5/2481
f 728/5/2670 2270/6/2677 3505/6/2730 2295/6/2727
f 2270/6/2677 727/5/2676 2297/6/2731 3505/6/2730
f 3505/6/2730 2297/6/2731 715/5/2732 2298/6/2733
f 2295/6/2727 3505/6/2730 2298/6/2733 716/5/2728
f 727/5/2676 2273/6/2683 3506/6/2734 2297/6/2731
f 2273/6/2683 726/5/2682 2299/6/2735 3506/6/2734
f 3506/6/2734 2299/6/2735 714/5/2736 2300/6/2737
f 2297/6/2731 3506/6/2734 2300/6/2737 715/5/2732
f 726/5/2682 2276/6/2689 3507/6/2738 2299/6/2735
f 2276/6/2689 725/5/2688 2301/6/2739 3507/6/2738
f 3507/6/2738 2301/6/2739 713/5/2740 2302/6/2741
f 2299/6/2735 3507/6/2738 2302/6/2741 714/5/2736
f 725/5/2688 2279/6/2695 3508/6/2742 2301/6/2739
f 2279/6/2695 724/5/2694 2303/6/2743 3508/6/2742
f 3508/6/2742 2303/6/2743 712/5/2744 2304/6/2745
f 2301/6/2739 3508/6/2742 2304/6/2745 713/5/2740
f 724/5/2694 2282/6/2701 3509/6/2746 2303/6/2743
f 2282/6/2701 723/5/2700 2305/6/2747 3509/6/2746
f 3509/6/2746 2305/6/2747 711/5/2748 2306/6/2749
f 2303/6/2743 3509/6/2746 2306/6/2749 712/5/2744
f 616/5/2533 2307/6/2750 3510/6/2751 2205/6/2548
f 2307/6/2750 687/5/2752 2308/6/2753 3510/6/2751
f 3510/6/2751 2308/6/2753 717/5/2704 2283/6/2702
f 2205/6/2548 3510/6/2751 2283/6/2702 617/5/2485
f 687/5/2752 2309/6/2754 3511/6/2755 2308/6/2753
f 2309/6/2754 688/5/2756 2310/6/2757 3511/6/2755
f 3511/6/2755 2310/6/2757 718/5/2708 2285/6/2706
f 2308/6/2753 3511/6/2755 2285/6/2706 717/5/2704
f 688/5/2756 2311/6/2758 3512/6/2759 2310/6/2757
f 2311/6/2758 689/5/2760 2312/6/2761 3512/6/2759
f 3512/6/2759 2312/6/2761 719/5/2712 2287/6/2710
f 2310/6/2757 3512/6/2759 2287/6/2710 718/5/2708
f 689/5/2760 2313/6/2762 3513/6/2763 2312/6/2761
f 2313/6/2762 690/5/2764 2314/6/2765 3513/6/2763
f 3513/6/2763 2314/6/2765 720/5/2716 2289/6/2714
f 2312/6/2761 3513/6/2763 2289/6/2714 719/5/2712
f 690/5/2764 2315/6/2766 3514/6/2767 2314/6/2765
f 2315/6/2766 691/5/2768 2316/6/2769 3514/6/2767
f 3514/6/2767 2316/6/2769 721/5/2720 2291/6/2718
f 2314/6/2765 3514/6/2767 2291/6/2718 720/5/2716
f 691/5/2768 2317/6/2770 3515/6/2771 2316/6/2769
f 2317/6/2770 692/5/2772 2318/6/2773 3515/6/2771
f 3515/6/2771 2318/6/2773 722/5/2724 2293/6/2722
f 2316/6/2769 3515/6/2771 2293/6/2722 721/5/2720
f 624/5/2481 2296/6/2729 3516/6/2774 2204/6/2546
f 2296/6/2729 716/5/2728 2319/6/2775 3516/6/2774
f 3516/6/2774 2319/6/2775 710/5/2776 2320/6/2777
f 2204/6/2546 3516/6/2774 2320/6/2777 623/5/2541
f 716/5/2728 2298/6/2733 3517/6/2778 2319/6/2775
f 2298/6/2733 715/5/2732 2321/6/2779 3517/6/2778
f 3517/6/2778 2321/6/2779 709/5/2780 2322/6/2781
f 2319/6/2775 3517/6/2778 2322/6/2781 710/5/2776
f 715/5/2732 2300/6/2737 3518/6/2782 2321/6/2779
f 2300/6/2737 714/5/2736 2323/6/2783 3518/6/2782
f 3518/6/2782 2323/6/2783 708/5/2784 2324/6/2785
f 2321/6/2779 3518/6/2782 2324/6/2785 709/5/2780
f 714/5/2736 2302/6/2741 3519/6/2786 2323/6/2783
f 2302/6/2741 713/5/2740 2325/6/2787 3519/6/2786
f 3519/6/2786 2325/6/2787 707/5/2788 2326/6/2789
f 2323/6/2783 3519/6/2786 2326/6/2789 708/5/2784
f 713/5/2740 2304/6/2745 3520/6/2790 2325/6/2787
f 2304/6/2745 712/5/2744 2327/6/2791 3520/6/2790
f 3520/6/2790 2327/6/2791 706/5/2792 2328/6/2793
f 2325/6/2787 3520/6/2790 2328/6/2793 707/5/2788
f 712/5/2744 2306/6/2749 3521/6/2794 2327/6/2791
f 2306/6/2749 711/5/2748 2329/6/2795 3521/6/2794
f 3521/6/2794 2329/6/2795 705/5/2796 2330/6/2797
f 2327/6/2791 3521/6/2794 2330/6/2797 706/5/2792
f 630/5/2537 2331/6/2798 3522/6/2799 2203/6/2544
f 2331/6/2798 699/5/2800 2332/6/2801 3522/6/2799
f 3522/6/2799 2332/6/2801 686/5/2802 2333/6/2803
f 2203/6/2544 3522/6/2799 2333/6/2803 629/5/2527
f 699/5/2800 2334/6/2804 3523/6/2805 2332/6/2801
f 2334/6/2804 700/5/2806 2335/6/2807 3523/6/2805
f 3523/6/2805 2335/6/2807 685/5/2808 2336/6/2809
f 2332/6/2801 3523/6/2805 2336/6/2809 686/5/2802
f 700/5/2806 2337/6/2810 3524/6/2811 2335/6/2807
f 2337/6/2810 701/5/2812 2338/6/2813 3524/6/2811
f 3524/6/2811 2338/6/2813 684/5/2814 2339/6/2815
f 2335/6/2807 3524/6/2811 2339/6/2815 685/5/2808
f 701/5/2812 2340/6/2816 3525/6/2817 2338/6/2813
f 2340/6/2816 702/5/2818 2341/6/2819 3525/6/2817
f 3525/6/2817 2341/6/2819 683/5/2820 2342/6/2821
f 2338/6/2813 3525/6/2817 2342/6/2821 684/5/2814
f 702/5/2818 2343/6/2822 3526/6/2823 2341/6/2819
f 2343/6/2822 703/5/2824 2344/6/2825 3526/6/2823
f 3526/6/2823 2344/6/2825 682/5/2826 2345/6/2827
f 2341/6/2819 3526/6/2823 2345/6/2827 683/5/2820
f 703/5/2824 2346/6/2828 3527/6/2829 2344/6/2825
f 2346/6/2828 704/5/2830 2347/6/2831 3527/6/2829
f 3527/6/2829 2347/6/2831 681/5/2832 2348/6/2833
f 2344/6/2825 3527/6/2829 2348/6/2833 682/5/2826
f 623/5/2541 2320/6/2777 3528/6/2834 2202/6/2542
f 2320/6/2777 710/5/2776 2349/6/2835 3528/6/2834
f 3528/6/2834 2349/6/2835 698/5/2836 2350/6/2837
f 2202/6/2542 3528/6/2834 2350/6/2837 622/5/2531
f 710/5/2776 2322/6/2781 3529/6/2838 2349/6/2835
f 2322/6/2781 709/5/2780 2351/6/2839 3529/6/2838
f 3529/6/2838 2351/6/2839 697/5/2840 2352/6/2841
f 2349/6/2835 3529/6/2838 2352/6/2841 698/5/2836
f 709/5/2780 2324/6/2785 3530/6/2842 2351/6/2839
f 2324/6/2785 708/5/2784 2353/6/2843 3530/6/2842
f 3530/6/2842 2353/6/2843 696/5/2844 2354/6/2845
f 2351/6/2839 3530/6/2842 2354/6/2845 697/5/2840
f 708/5/2784 2326/6/2789 3531/6/2846 2353/6/2843
f 2326/6/2789 707/5/2788 2355/6/2847 3531/6/2846
f 3531/6/2846 2355/6/2847 695/5/2848 2356/6/2849
f 2353/6/2843 3531/6/2846 2356/6/2849 696/5/2844
f 707/5/2788 2328/6/2793 3532/6/2850 2355/6/2847
f 2328/6/2793 706/5/2792 2357/6/2851 3532/6/2850
f 3532/6/2850 2357/6/2851 694/5/2852 2358/6/2853
f 2355/6/2847 3532/6/2850 2358/6/2853 695/5/2848
f 706/5/2792 2330/6/2797 3533/6/2854 2357/6/2851
f 2330/6/2797 705/5/2796 2359/6/2855 3533/6/2854
f 3533/6/2854 2359/6/2855 693/5/2856 2360/6/2857
f 2357/6/2851 3533/6/2854 2360/6/2857 694/5/2852
f 621/5/2523 2361/6/2858 3534/6/2859 2199/6/2536
f 2361/6/2858 675/5/2860 2362/6/2861 3534/6/2859
f 3534/6/2859 2362/6/2861 699/5/2800 2331/6/2798
f 2199/6/2536 3534/6/2859 2331/6/2798 630/5/2537
f 675/5/2860 2363/6/2862 3535/6/2863 2362/6/2861
f 2363/6/2862 676/5/2864 2364/6/2865 3535/6/2863
f 3535/6/2863 2364/6/2865 700/5/2806 2334/6/2804
f 2362/6/2861 3535/6/2863 2334/6/2804 699/5/2800
f 676/5/2864 2365/6/2866 3536/6/2867 2364/6/2865
f 2365/6/2866 677/5/2868 2366/6/2869 3536/6/2867
f 3536/6/2867 2366/6/2869 701/5/2812 2337/6/2810
f 2364/6/2865 3536/6/2867 2337/6/2810 700/5/2806
f 677/5/2868 2367/6/2870 3537/6/2871 2366/6/2869
f 2367/6/2870 678/5/2872 2368/6/2873 3537/6/2871
f 3537/6/2871 2368/6/2873 702/5/2818 2340/6/2816
f 2366/6/2869 3537/6/2871 2340/6/2816 701/5/2812
f 678/5/2872 2369/203/2874 3538/204/2875 2368/6/2873
f 2369/203/2874 679/206/2876 2370/195/2877 3538/204/2875
f 3538/204/2875 2370/195/2877 703/5/2824 2343/6/2822
f 2368/6/2873 3538/204/2875 2343/6/2822 702/5/2818
f 679/206/2876 2371/368/2878 3539/194/2879 2370/195/2877
f 2371/368/2878 680/196/2880 2372/197/2881 3539/194/2879
f 3539/194/2879 2372/197/2881 704/5/2830 2346/6/2828
f 2370/195/2877 3539/194/2879 2346/6/2828 703/5/2824
f 622/5/2531 2350/6/2837 3540/6/2882 2197/6/2532
f 2350/6/2837 698/5/2836 2373/6/2883 3540/6/2882
f 3540/6/2882 2373/6/2883 687/5/2752 2307/6/2750
f 2197/6/2532 3540/6/2882 2307/6/2750 616/5/2533
f 698/5/2836 2352/6/2841 3541/6/2884 2373/6/2883
f 2352/6/2841 697/5/2840 2374/6/2885 3541/6/2884
f 3541/6/2884 2374/6/2885 688/5/2756 2309/6/2754
f 2373/6/2883 3541/6/2884 2309/6/2754 687/5/2752
f 697/5/2840 2354/6/2845 3542/6/2886 2374/6/2885
f 2354/6/2845 696/5/2844 2375/6/2887 3542/6/2886
f 3542/6/2886 2375/6/2887 689/5/2760 2311/6/2758
f 2374/6/2885 3542/6/2886 2311/6/2758 688/5/2756
f 696/5/2844 2356/6/2849 3543/6/2888 2375/6/2887
f 2356/6/2849 695/5/2848 2376/6/2889 3543/6/2888
f 3543/6/2888 2376/6/2889 690/5/2764 2313/6/2762
f 2375/6/2887 3543/6/2888 2313/6/2762 689/5/2760
f 695/5/2848 2358/6/2853 3544/6/2890 2376/6/2889
f 2358/6/2853 694/5/2852 2377/6/2891 3544/6/2890
f 3544/6/2890 2377/6/2891 691/5/2768 2315/6/2766
f 2376/6/2889 3544/6/2890 2315/6/2766 690/5/2764
f 694/5/2852 2360/6/2857 3545/6/2892 2377/6/2891
f 2360/6/2857 693/5/2856 2378/6/2893 3545/6/2892
f 3545/6/2892 2378/6/2893 692/5/2772 2317/6/2770
f 2377/6/2891 3545/6/2892 2317/6/2770 691/5/2768
f 629/5/2527 2333/6/2803 3546/6/2894 2195/6/2528
f 2333/6/2803 686/5/2802 2379/6/2895 3546/6/2894
f 3546/6/2894 2379/6/2895 674/5/2896 2380/6/2897
f 2195/6/2528 3546/6/2894 2380/6/2897 628/5/2519
f 686/5/2802 2336/6/2809 3547/6/2898 2379/6/2895
f 2336/6/2809 685/5/2808 2381/6/2899 3547/6/2898
f 3547/6/2898 2381/6/2899 673/5/2900 2382/6/2901
f 2379/6/2895 3547/6/2898 2382/6/2901 674/5/2896
f 685/5/2808 2339/6/2815 3548/6/2902 2381/6/2899
f 2339/6/2815 684/5/2814 2383/6/2903 3548/6/2902
f 3548/6/2902 2383/6/2903 672/5/2904 2384/6/2905
f 2381/6/2899 3548/6/2902 2384/6/2905 673/5/2900
f 684/5/2814 2342/6/2821 3549/6/2906 2383/6/2903
f 2342/6/2821 683/5/2820 2385/6/2907 3549/6/2906
f 3549/6/2906 2385/6/2907 671/5/2908 2386/6/2909
f 2383/6/2903 3549/6/2906 2386/6/2909 672/5/2904
f 683/5/2820 2345/6/2827 3550/6/2910 2385/6/2907
f 2345/6/2827 682/5/2826 2387/6/2911 3550/6/2910
f 3550/6/2910 2387/6/2911 670/5/2912 2388/6/2913
f 2385/6/2907 3550/6/2910 2388/6/2913 671/5/2908
f 682/5/2826 2348/6/2833 3551/6/2914 2387/6/2911
f 2348/6/2833 681/5/2832 2389/6/2915 3551/6/2914
f 3551/6/2914 2389/6/2915 669/5/2916 2390/6/2917
f 2387/6/2911 3551/6/2914 2390/6/2917 670/5/2912
f 620/5/2515 2391/6/2918 3552/6/2919 2192/5/2522
f 2391/6/2918 658/5/2920 2392/6/2921 3552/6/2919
f 3552/6/2919 2392/6/2921 675/5/2860 2361/6/2858
f 2192/5/2522 3552/6/2919 2361/6/2858 621/5/2523
f 658/5/2920 2393/6/2922 3553/6/2923 2392/6/2921
f 2393/6/2922 659/5/2924 2394/6/2925 3553/6/2923
f 3553/6/2923 2394/6/2925 676/5/2864 2363/6/2862
f 2392/6/2921 3553/6/2923 2363/6/2862 675/5/2860
f 659/5/2924 2395/6/2926 3554/6/2927 2394/6/2925
f 2395/6/2926 660/5/2928 2396/6/2929 3554/6/2927
f 3554/6/2927 2396/6/2929 677/5/2868 2365/6/2866
f 2394/6/2925 3554/6/2927 2365/6/2866 676/5/2864
f 660/5/2928 2397/6/2930 3555/6/2931 2396/6/2929
f 2397/6/2930 661/5/2932 2398/6/2933 3555/6/2931
f 3555/6/2931 2398/6/2933 678/5/2872 2367/6/2870
f 2396/6/2929 3555/6/2931 2367/6/2870 677/5/2868
f 661/5/2932 2399/201/2934 3556/211/2935 2398/6/2933
f 2399/201/2934 662/5/2936 2400/212/2937 3556/211/2935
f 3556/211/2935 2400/212/2937 679/206/2876 2369/203/2874
f 2398/6/2933 3556/211/2935 2369/203/2874 678/5/2872
f 628/5/2519 2380/6/2897 3557/6/2938 2191/6/2520
f 2380/6/2897 674/5/2896 2401/6/2939 3557/6/2938
f 3557/6/2938 2401/6/2939 657/5/2940 2402/6/2941
f 2191/6/2520 3557/6/2938 2402/6/2941 627/5/2510
f 674/5/2896 2382/6/2901 3558/6/2942 2401/6/2939
f 2382/6/2901 673/5/2900 2403/6/2943 3558/6/2942
f 3558/6/2942 2403/6/2943 656/5/2944 2404/6/2945
f 2401/6/2939 3558/6/2942 2404/6/2945 657/5/2940
f 673/5/2900 2384/6/2905 3559/6/2946 2403/6/2943
f 2384/6/2905 672/5/2904 2405/6/2947 3559/6/2946
f 3559/6/2946 2405/6/2947 655/5/2948 2406/6/2949
f 2403/6/2943 3559/6/2946 2406/6/2949 656/5/2944
f 672/5/2904 2386/6/2909 3560/6/2950 2405/6/2947
f 2386/6/2909 671/5/2908 2407/6/2951 3560/6/2950
f 3560/6/2950 2407/6/2951 654/5/2952 2408/6/2953
f 2405/6/2947 3560/6/2950 2408/6/2953 655/5/2948
f 671/5/2908 2388/6/2913 3561/6/2954 2407/6/2951
f 2388/6/2913 670/5/2912 2409/6/2955 3561/6/2954
f 3561/6/2954 2409/6/2955 653/5/2956 2410/6/2957
f 2407/6/2951 3561/6/2954 2410/6/2957 654/5/2952
f 670/5/2912 2390/6/2917 3562/6/2958 2409/6/2955
f 2390/6/2917 669/5/2916 2411/6/2959 3562/6/2958
f 3562/6/2958 2411/6/2959 652/5/2960 2412/6/2961
f 2409/6/2955 3562/6/2958 2412/6/2961 653/5/2956
f 619/5/2505 2249/6/2635 3563/6/2962 2188/5/2514
f 2249/6/2635 668/5/2634 2413/6/2963 3563/6/2962
f 3563/6/2962 2413/6/2963 658/5/2920 2391/6/2918
f 2188/5/2514 3563/6/2962 2391/6/2918 620/5/2515
f 668/5/2634 2252/6/2641 3564/6/2964 2413/6/2963
f 2252/6/2641 667/5/2640 2414/6/2965 3564/6/2964
f 3564/6/2964 2414/6/2965 659/5/2924 2393/6/2922
f 2413/6/2963 3564/6/2964 2393/6/2922 658/5/2920
f 667/5/2640 2255/6/2647 3565/6/2966 2414/6/2965
f 2255/6/2647 666/5/2646 2415/6/2967 3565/6/2966
f 3565/6/2966 2415/6/2967 660/5/2928 2395/6/2926
f 2414/6/2965 3565/6/2966 2395/6/2926 659/5/2924
f 666/5/2646 2258/6/2653 3566/6/2968 2415/6/2967
f 2258/6/2653 665/5/2652 2416/6/2969 3566/6/2968
f 3566/6/2968 2416/6/2969 661/5/2932 2397/6/2930
f 2415/6/2967 3566/6/2968 2397/6/2930 660/5/2928
f 665/5/2652 2261/5/2659 3567/5/2970 2416/6/2969
f 2261/5/2659 664/5/2658 2417/6/2971 3567/5/2970
f 3567/5/2970 2417/6/2971 662/5/2936 2399/201/2934
f 2416/6/2969 3567/5/2970 2399/201/2934 661/5/2932
f 627/5/2510 2402/6/2941 3568/6/2972 2187/6/2511
f 2402/6/2941 657/5/2940 2418/6/2973 3568/6/2972
f 3568/6/2972 2418/6/2973 646/5/2668 2265/6/2666
f 2187/6/2511 3568/6/2972 2265/6/2666 626/5/2500
f 657/5/2940 2404/6/2945 3569/6/2974 2418/6/2973
f 2404/6/2945 656/5/2944 2419/6/2975 3569/6/2974
f 3569/6/2974 2419/6/2975 647/5/2674 2268/6/2672
f 2418/6/2973 3569/6/2974 2268/6/2672 646/5/2668
f 656/5/2944 2406/6/2949 3570/6/2976 2419/6/2975
f 2406/6/2949 655/5/2948 2420/6/2977 3570/6/2976
f 3570/6/2976 2420/6/2977 648/5/2680 2271/6/2678
f 2419/6/2975 3570/6/2976 2271/6/2678 647/5/2674
f 655/5/2948 2408/6/2953 3571/6/2978 2420/6/2977
f 2408/6/2953 654/5/2952 2421/6/2979 3571/6/2978
f 3571/6/2978 2421/6/2979 649/5/2686 2274/6/2684
f 2420/6/2977 3571/6/2978 2274/6/2684 648/5/2680
f 654/5/2952 2410/6/2957 3572/6/2980 2421/6/2979
f 2410/6/2957 653/5/2956 2422/6/2981 3572/6/2980
f 3572/6/2980 2422/6/2981 650/5/2692 2277/6/2690
f 2421/6/2979 3572/6/2980 2277/6/2690 649/5/2686
f 653/5/2956 2412/6/2961 3573/6/2982 2422/6/2981
f 2412/6/2961 652/5/2960 2423/6/2983 3573/6/2982
f 3573/6/2982 2423/6/2983 651/5/2698 2280/6/2696
f 2422/6/2981 3573/6/2982 2280/6/2696 650/5/2692
f 641/5/2495 2424/6/2984 3574/6/2985 2244/6/2626
f 2424/6/2984 745/5/2986 2425/6/2987 3574/6/2985
f 3574/6/2985 2425/6/2987 744/5/2988 2426/6/2989
f 2244/6/2626 3574/6/2985 2426/6/2989 640/5/2616
f 633/5/2621 2427/6/2990 3575/6/2991 2246/5/2629
f 2427/6/2990 737/5/2992 2428/6/2993 3575/6/2991
f 3575/6/2991 2428/6/2993 738/5/2994 2429/6/2995
f 2246/5/2629 3575/6/2991 2429/6/2995 634/5/2553
f 642/5/2493 2430/6/2996 3576/6/2997 2180/6/2494
f 2430/6/2996 746/5/2998 2431/6/2999 3576/6/2997
f 3576/6/2997 2431/6/2999 745/5/2986 2424/6/2984
f 2180/6/2494 3576/6/2997 2424/6/2984 641/5/2495
f 634/5/2553 2429/6/2995 3577/6/3000 2208/5/2554
f 2429/6/2995 738/5/2994 2432/6/3001 3577/6/3000
f 3577/6/3000 2432/6/3001 739/5/3002 2433/6/3003
f 2208/5/2554 3577/6/3000 2433/6/3003 635/5/2555
f 643/5/2562 2434/6/3004 3578/6/3005 2212/6/2563
f 2434/6/3004 747/5/3006 2435/6/3007 3578/6/3005
f 3578/6/3005 2435/6/3007 746/5/2998 2430/6/2996
f 2212/6/2563 3578/6/3005 2430/6/2996 642/5/2493
f 635/5/2555 2433/6/3003 3579/6/3008 2214/5/2566
f 2433/6/3003 739/5/3002 2436/6/3009 3579/6/3008
f 3579/6/3008 2436/6/3009 740/5/3010 2437/6/3011
f 2214/5/2566 3579/6/3008 2437/6/3011 636/5/2567
f 644/5/2574 2438/6/3012 3580/6/3013 2218/6/2575
f 2438/6/3012 748/5/3014 2439/6/3015 3580/6/3013
f 3580/6/3013 2439/6/3015 747/5/3006 2434/6/3004
f 2218/6/2575 3580/6/3013 2434/6/3004 643/5/2562
f 631/5/2582 2440/6/3016 3581/6/3017 2235/6/2608
f 2440/6/3016 735/5/3018 2441/6/3019 3581/6/3017
f 3581/6/3017 2441/6/3019 736/5/3020 2442/6/3021
f 2235/6/2608 3581/6/3017 2442/6/3021 632/5/2609
f 637/5/2580 2443/6/3022 3582/6/3023 2221/6/2581
f 2443/6/3022 741/5/3024 2444/6/3025 3582/6/3023
f 3582/6/3023 2444/6/3025 735/5/3018 2440/6/3016
f 2221/6/2581 3582/6/3023 2440/6/3016 631/5/2582
f 636/5/2567 2437/6/3011 3583/6/3026 2224/5/2587
f 2437/6/3011 740/5/3010 2445/6/3027 3583/6/3026
f 3583/6/3026 2445/6/3027 749/5/3028 2446/6/3029
f 2224/5/2587 3583/6/3026 2446/6/3029 645/5/2588
f 638/5/2595 2447/6/3030 3584/6/3031 2228/6/2596
f 2447/6/3030 742/5/3032 2448/6/3033 3584/6/3031
f 3584/6/3031 2448/6/3033 741/5/3024 2443/6/3022
f 2228/6/2596 3584/6/3031 2443/6/3022 637/5/2580
f 645/5/2588 2446/6/3029 3585/6/3034 2230/6/2599
f 2446/6/3029 749/5/3028 2449/6/3035 3585/6/3034
f 3585/6/3034 2449/6/3035 748/5/3014 2438/6/3012
f 2230/6/2599 3585/6/3034 2438/6/3012 644/5/2574
f 639/5/2604 2450/6/3036 3586/6/3037 2233/6/2605
f 2450/6/3036 743/5/3038 2451/6/3039 3586/6/3037
f 3586/6/3037 2451/6/3039 742/5/3032 2447/6/3030
f 2233/6/2605 3586/6/3037 2447/6/3030 638/5/2595
f 632/5/2609 2442/6/3021 3587/6/3040 2241/6/2620
f 2442/6/3021 736/5/3020 2452/6/3041 3587/6/3040
f 3587/6/3040 2452/6/3041 737/5/2992 2427/6/2990
f 2241/6/2620 3587/6/3040 2427/6/2990 633/5/2621
f 640/5/2616 2426/6/2989 3588/6/3042 2239/6/2617
f 2426/6/2989 744/5/2988 2453/6/3043 3588/6/3042
f 3588/6/3042 2453/6/3043 743/5/3038 2450/6/3036
f 2239/6/2617 3588/6/3042 2450/6/3036 639/5/2604
f 742/5/3032 2454/6/3044 3589/6/3045 2448/6/3033
f 2454/6/3044 757/5/3046 2455/6/3047 3589/6/3045
f 3589/6/3045 2455/6/3047 756/5/3048 2456/6/3049
f 2448/6/3033 3589/6/3045 2456/6/3049 741/5/3024
f 749/5/3028 2457/6/3050 3590/6/3051 2449/6/3035
f 2457/6/3050 764/5/3052 2458/6/3053 3590/6/3051
f 3590/6/3051 2458/6/3053 763/5/3054 2459/6/3055
f 2449/6/3035 3590/6/3051 2459/6/3055 748/5/3014
f 743/5/3038 2460/6/3056 3591/6/3057 2451/6/3039
f 2460/6/3056 758/5/3058 2461/6/3059 3591/6/3057
f 3591/6/3057 2461/6/3059 757/5/3046 2454/6/3044
f 2451/6/3039 3591/6/3057 2454/6/3044 742/5/3032
f 736/5/3020 2462/6/3060 3592/6/3061 2452/6/3041
f 2462/6/3060 751/5/3062 2463/6/3063 3592/6/3061
f 3592/6/3061 2463/6/3063 752/5/3064 2464/6/3065
f 2452/6/3041 3592/6/3061 2464/6/3065 737/5/2992
f 744/5/2988 2465/6/3066 3593/6/3067 2453/6/3043
f 2465/6/3066 759/5/3068 2466/6/3069 3593/6/3067
f 3593/6/3067 2466/6/3069 758/5/3058 2460/6/3056
f 2453/6/3043 3593/6/3067 2460/6/3056 743/5/3038
f 735/5/3018 2467/6/3070 3594/6/3071 2441/6/3019
f 2467/6/3070 750/5/3072 2468/6/3073 3594/6/3071
f 3594/6/3071 2468/6/3073 751/5/3062 2462/6/3060
f 2441/6/3019 3594/6/3071 2462/6/3060 736/5/3020
f 745/5/2986 2469/6/3074 3595/6/3075 2425/6/2987
f 2469/6/3074 760/5/3076 2470/6/3077 3595/6/3075
f 3595/6/3075 2470/6/3077 759/5/3068 2465/6/3066
f 2425/6/2987 3595/6/3075 2465/6/3066 744/5/2988
f 737/5/2992 2464/6/3065 3596/6/3078 2428/6/2993
f 2464/6/3065 752/5/3064 2471/6/3079 3596/6/3078
f 3596/6/3078 2471/6/3079 753/5/3080 2472/6/3081
f 2428/6/2993 3596/6/3078 2472/6/3081 738/5/2994
f 746/5/2998 2473/6/3082 3597/6/3083 2431/6/2999
f 2473/6/3082 761/5/3084 2474/6/3085 3597/6/3083
f 3597/6/3083 2474/6/3085 760/5/3076 2469/6/3074
f 2431/6/2999 3597/6/3083 2469/6/3074 745/5/2986
f 738/5/2994 2472/6/3081 3598/6/3086 2432/6/3001
f 2472/6/3081 753/5/3080 2475/6/3087 3598/6/3086
f 3598/6/3086 2475/6/3087 754/5/3088 2476/6/3089
f 2432/6/3001 3598/6/3086 2476/6/3089 739/5/3002
f 747/5/3006 2477/6/3090 3599/6/3091 2435/6/3007
f 2477/6/3090 762/5/3092 2478/6/3093 3599/6/3091
f 3599/6/3091 2478/6/3093 761/5/3084 2473/6/3082
f 2435/6/3007 3599/6/3091 2473/6/3082 746/5/2998
f 739/5/3002 2476/6/3089 3600/6/3094 2436/6/3009
f 2476/6/3089 754/5/3088 2479/6/3095 3600/6/3094
f 3600/6/3094 2479/6/3095 755/5/3096 2480/6/3097
f 2436/6/3009 3600/6/3094 2480/6/3097 740/5/3010
f 748/5/3014 2459/6/3055 3601/6/3098 2439/6/3015
f 2459/6/3055 763/5/3054 2481/6/3099 3601/6/3098
f 3601/6/3098 2481/6/3099 762/5/3092 2477/6/3090
f 2439/6/3015 3601/6/3098 2477/6/3090 747/5/3006
f 741/5/3024 2456/6/3049 3602/6/3100 2444/6/3025
f 2456/6/3049 756/5/3048 2482/6/3101 3602/6/3100
f 3602/6/3100 2482/6/3101 750/5/3072 2467/6/3070
f 2444/6/3025 3602/6/3100 2467/6/3070 735/5/3018
f 740/5/3010 2480/6/3097 3603/6/3102 2445/6/3027
f 2480/6/3097 755/5/3096 2483/6/3103 3603/6/3102
f 3603/6/3102 2483/6/3103 764/5/3052 2457/6/3050
f 2445/6/3027 3603/6/3102 2457/6/3050 749/5/3028
f 755/5/3096 2484/6/3104 3604/6/3105 2483/6/3103
f 2484/6/3104 771/5/3106 2485/6/3107 3604/6/3105
f 3604/6/3105 2485/6/3107 779/5/3108 2486/6/3109
f 2483/6/3103 3604/6/3105 2486/6/3109 764/5/3052
f 734/5/2662 2487/5/3110 3605/209/3111 2263/201/2663
f 2487/5/3110 785/5/2623 2245/205/2628 3605/209/3111
f 3605/209/3111 2245/205/2628 787/206/2549 2488/210/3112
f 2263/201/2663 3605/209/3111 2488/210/3112 663/5/2664
f 757/5/3046 2489/6/3113 3606/6/3114 2455/6/3047
f 2489/6/3113 773/5/3115 2490/6/3116 3606/6/3114
f 3606/6/3114 2490/6/3116 772/5/3117 2491/6/3118
f 2455/6/3047 3606/6/3114 2491/6/3118 756/5/3048
f 764/5/3052 2486/6/3109 3607/6/3119 2458/6/3053
f 2486/6/3109 779/5/3108 2492/6/3120 3607/6/3119
f 3607/6/3119 2492/6/3120 778/5/3121 2493/6/3122
f 2458/6/3053 3607/6/3119 2493/6/3122 763/5/3054
f 758/5/3058 2494/6/3123 3608/6/3124 2461/6/3059
f 2494/6/3123 774/5/3125 2495/6/3126 3608/6/3124
f 3608/6/3124 2495/6/3126 773/5/3115 2489/6/3113
f 2461/6/3059 3608/6/3124 2489/6/3113 757/5/3046
f 751/5/3062 2496/6/3127 3609/6/3128 2463/6/3063
f 2496/6/3127 767/5/3129 2497/6/3130 3609/6/3128
f 3609/6/3128 2497/6/3130 768/5/3131 2498/6/3132
f 2463/6/3063 3609/6/3128 2498/6/3132 752/5/3064
f 759/5/3068 2499/6/3133 3610/6/3134 2466/6/3069
f 2499/6/3133 794/5/3135 2500/6/3136 3610/6/3134
f 3610/6/3134 2500/6/3136 774/5/3125 2494/6/3123
f 2466/6/3069 3610/6/3134 2494/6/3123 758/5/3058
f 750/5/3072 2501/6/3137 3611/6/3138 2468/6/3073
f 2501/6/3137 766/5/3139 2502/6/3140 3611/6/3138
f 3611/6/3138 2502/6/3140 767/5/3129 2496/6/3127
f 2468/6/3073 3611/6/3138 2496/6/3127 751/5/3062
f 651/5/2698 2503/6/3141 3612/6/3142 2281/6/2699
f 2503/6/3141 780/5/2497 2243/6/2625 3612/6/3142
f 3612/6/3142 2243/6/2625 793/5/2612 2504/6/3143
f 2281/6/2699 3612/6/3142 2504/6/3143 723/5/2700
f 760/5/3076 2505/6/3144 3613/6/3145 2470/6/3077
f 2505/6/3144 775/5/3146 2506/6/3147 3613/6/3145
f 3613/6/3145 2506/6/3147 794/5/3135 2499/6/3133
f 2470/6/3077 3613/6/3145 2499/6/3133 759/5/3068
f 752/5/3064 2498/6/3132 3614/6/3148 2471/6/3079
f 2498/6/3132 768/5/3131 2507/6/3149 3614/6/3148
f 3614/6/3148 2507/6/3149 769/5/3150 2508/6/3151
f 2471/6/3079 3614/6/3148 2508/6/3151 753/5/3080
f 761/5/3084 2509/6/3152 3615/6/3153 2474/6/3085
f 2509/6/3152 776/5/3154 2510/6/3155 3615/6/3153
f 3615/6/3153 2510/6/3155 775/5/3146 2505/6/3144
f 2474/6/3085 3615/6/3153 2505/6/3144 760/5/3076
f 753/5/3080 2508/6/3151 3616/6/3156 2475/6/3087
f 2508/6/3151 769/5/3150 2511/6/3157 3616/6/3156
f 3616/6/3156 2511/6/3157 770/5/3158 2512/6/3159
f 2475/6/3087 3616/6/3156 2512/6/3159 754/5/3088
f 762/5/3092 2513/6/3160 3617/6/3161 2478/6/3093
f 2513/6/3160 777/5/3162 2514/6/3163 3617/6/3161
f 3617/6/3161 2514/6/3163 776/5/3154 2509/6/3152
f 2478/6/3093 3617/6/3161 2509/6/3152 761/5/3084
f 754/5/3088 2512/6/3159 3618/6/3164 2479/6/3095
f 2512/6/3159 770/5/3158 2515/6/3165 3618/6/3164
f 3618/6/3164 2515/6/3165 771/5/3106 2484/6/3104
f 2479/6/3095 3618/6/3164 2484/6/3104 755/5/3096
f 763/5/3054 2493/6/3122 3619/6/3166 2481/6/3099
f 2493/6/3122 778/5/3121 2516/6/3167 3619/6/3166
f 3619/6/3166 2516/6/3167 777/5/3162 2513/6/3160
f 2481/6/3099 3619/6/3166 2513/6/3160 762/5/3092
f 756/5/3048 2491/6/3118 3620/6/3168 2482/6/3101
f 2491/6/3118 772/5/3117 2517/6/3169 3620/6/3168
f 3620/6/3168 2517/6/3169 766/5/3139 2501/6/3137
f 2482/6/3101 3620/6/3168 2501/6/3137 750/5/3072
f 722/5/2724 2518/6/3170 3621/6/3171 2294/6/2725
f 2518/6/3170 784/5/2611 2240/6/2619 3621/6/3171
f 3621/6/3171 2240/6/2619 785/5/2623 2487/5/3110
f 2294/6/2725 3621/6/3171 2487/5/3110 734/5/2662
f 723/5/2700 2504/6/3143 3622/6/3172 2305/6/2747
f 2504/6/3143 793/5/2612 2237/6/2615 3622/6/3172
f 3622/6/3172 2237/6/2615 792/5/2600 2519/6/3173
f 2305/6/2747 3622/6/3172 2519/6/3173 711/5/2748
f 692/5/2772 2520/6/3174 3623/6/3175 2318/6/2773
f 2520/6/3174 782/5/2584 2234/6/2607 3623/6/3175
f 3623/6/3175 2234/6/2607 784/5/2611 2518/6/3170
f 2318/6/2773 3623/6/3175 2518/6/3170 722/5/2724
f 711/5/2748 2519/6/3173 3624/6/3176 2329/6/2795
f 2519/6/3173 792/5/2600 2231/6/2603 3624/6/3176
f 3624/6/3176 2231/6/2603 791/5/2591 2521/6/3177
f 2329/6/2795 3624/6/3176 2521/6/3177 705/5/2796
f 704/5/2830 2522/6/3178 3625/6/3179 2347/6/2831
f 2522/6/3178 783/5/2590 2229/6/2598 3625/6/3179
f 3625/6/3179 2229/6/2598 789/5/2570 2523/6/3180
f 2347/6/2831 3625/6/3179 2523/6/3180 681/5/2832
f 705/5/2796 2521/6/3177 3626/6/3181 2359/6/2855
f 2521/6/3177 791/5/2591 2226/6/2594 3626/6/3181
f 3626/6/3181 2226/6/2594 790/5/2576 2524/6/3182
f 2359/6/2855 3626/6/3181 2524/6/3182 693/5/2856
f 680/196/2880 2525/198/3183 3627/199/3184 2372/197/2881
f 2525/198/3183 781/200/2569 2223/201/2586 3627/199/3184
f 3627/199/3184 2223/201/2586 783/5/2590 2522/6/3178
f 2372/197/2881 3627/199/3184 2522/6/3178 704/5/2830
f 693/5/2856 2524/6/3182 3628/6/3185 2378/6/2893
f 2524/6/3182 790/5/2576 2219/6/2579 3628/6/3185
f 3628/6/3185 2219/6/2579 782/5/2584 2520/6/3174
f 2378/6/2893 3628/6/3185 2520/6/3174 692/5/2772
f 681/5/2832 2523/6/3180 3629/6/3186 2389/6/2915
f 2523/6/3180 789/5/2570 2216/6/2573 3629/6/3186
f 3629/6/3186 2216/6/2573 788/5/2558 2526/6/3187
f 2389/6/2915 3629/6/3186 2526/6/3187 669/5/2916
f 669/5/2916 2526/6/3187 3630/6/3188 2411/6/2959
f 2526/6/3187 788/5/2558 2210/6/2561 3630/6/3188
f 3630/6/3188 2210/6/2561 786/5/2489 2527/6/3189
f 2411/6/2959 3630/6/3188 2527/6/3189 652/5/2960
f 652/5/2960 2527/6/3189 3631/6/3190 2423/6/2983
f 2527/6/3189 786/5/2489 2178/6/2492 3631/6/3190
f 3631/6/3190 2178/6/2492 780/5/2497 2503/6/3141
f 2423/6/2983 3631/6/3190 2503/6/3141 651/5/2698
f 773/5/3115 2528/6/3191 3632/6/3192 2490/6/3116
f 2528/6/3191 802/5/3193 2529/6/3194 3632/6/3192
f 3632/6/3192 2529/6/3194 801/5/3195 2530/6/3196
f 2490/6/3116 3632/6/3192 2530/6/3196 772/5/3117
f 772/5/3117 2530/6/3196 3633/6/3197 2517/6/3169
f 2530/6/3196 801/5/3195 2531/6/3198 3633/6/3197
f 3633/6/3197 2531/6/3198 795/5/3199 2532/6/3200
f 2517/6/3169 3633/6/3197 2532/6/3200 766/5/3139
f 770/5/3158 2533/6/3201 3634/6/3202 2515/6/3165
f 2533/6/3201 799/5/3203 2534/6/3204 3634/6/3202
f 3634/6/3202 2534/6/3204 800/5/3205 2535/6/3206
f 2515/6/3165 3634/6/3202 2535/6/3206 771/5/3106
f 769/5/3150 2536/6/3207 3635/6/3208 2511/6/3157
f 2536/6/3207 798/5/3209 2537/6/3210 3635/6/3208
f 3635/6/3208 2537/6/3210 799/5/3203 2533/6/3201
f 2511/6/3157 3635/6/3208 2533/6/3201 770/5/3158
f 768/5/3131 2538/6/3211 3636/6/3212 2507/6/3149
f 2538/6/3211 797/5/3213 2539/6/3214 3636/6/3212
f 3636/6/3212 2539/6/3214 798/5/3209 2536/6/3207
f 2507/6/3149 3636/6/3212 2536/6/3207 769/5/3150
f 766/5/3139 2532/6/3200 3637/6/3215 2502/6/3140
f 2532/6/3200 795/5/3199 2540/6/3216 3637/6/3215
f 3637/6/3215 2540/6/3216 796/5/3217 2541/6/3218
f 2502/6/3140 3637/6/3215 2541/6/3218 767/5/3129
f 779/5/3108 2542/6/3219 3638/6/3220 2492/6/3120
f 2542/6/3219 809/5/3221 2543/6/3222 3638/6/3220
f 3638/6/3220 2543/6/3222 808/5/3223 2544/6/3224
f 2492/6/3120 3638/6/3220 2544/6/3224 778/5/3121
f 767/5/3129 2541/6/3218 3639/6/3225 2497/6/3130
f 2541/6/3218 796/5/3217 2545/6/3226 3639/6/3225
f 3639/6/3225 2545/6/3226 797/5/3213 2538/6/3211
f 2497/6/3130 3639/6/3225 2538/6/3211 768/5/3131
f 771/5/3106 2535/6/3206 3640/6/3227 2485/6/3107
f 2535/6/3206 800/5/3205 2546/6/3228 3640/6/3227
f 3640/6/3227 2546/6/3228 809/5/3221 2542/6/3219
f 2485/6/3107 3640/6/3227 2542/6/3219 779/5/3108
f 778/5/3121 2544/6/3224 3641/6/3229 2516/6/3167
f 2544/6/3224 808/5/3223 2547/6/3230 3641/6/3229
f 3641/6/3229 2547/6/3230 807/5/3231 2548/6/3232
f 2516/6/3167 3641/6/3229 2548/6/3232 777/5/3162
f 777/5/3162 2548/6/3232 3642/6/3233 2514/6/3163
f 2548/6/3232 807/5/3231 2549/6/3234 3642/6/3233
f 3642/6/3233 2549/6/3234 806/5/3235 2550/6/3236
f 2514/6/3163 3642/6/3233 2550/6/3236 776/5/3154
f 776/5/3154 2550/6/3236 3643/6/3237 2510/6/3155
f 2550/6/3236 806/5/3235 2551/6/3238 3643/6/3237
f 3643/6/3237 2551/6/3238 805/5/3239 2552/6/3240
f 2510/6/3155 3643/6/3237 2552/6/3240 775/5/3146
f 775/5/3146 2552/6/3240 3644/6/3241 2506/6/3147
f 2552/6/3240 805/5/3239 2553/6/3242 3644/6/3241
f 3644/6/3241 2553/6/3242 804/5/3243 2554/6/3244
f 2506/6/3147 3644/6/3241 2554/6/3244 794/5/3135
f 794/5/3135 2554/6/3244 3645/6/3245 2500/6/3136
f 2554/6/3244 804/5/3243 2555/6/3246 3645/6/3245
f 3645/6/3245 2555/6/3246 803/5/3247 2556/6/3248
f 2500/6/3136 3645/6/3245 2556/6/3248 774/5/3125
f 774/5/3125 2556/6/3248 3646/6/3249 2495/6/3126
f 2556/6/3248 803/5/3247 2557/6/3250 3646/6/3249
f 3646/6/3249 2557/6/3250 802/5/3193 2528/6/3191
f 2495/6/3126 3646/6/3249 2528/6/3191 773/5/3115
f 837/5/3251 2559/6/3252 3647/6/3253 2558/6/3254
f 2559/6/3252 817/5/3255 2560/6/3256 3647/6/3253
f 3647/6/3253 2560/6/3256 824/5/3257 2561/6/3258
f 2558/6/3254 3647/6/3253 2561/6/3258 868/5/3259
f 877/5/3260 2563/6/3261 3648/6/3262 2562/6/3263
f 2563/6/3261 821/5/3264 2564/6/3265 3648/6/3262
f 3648/6/3262 2564/6/3265 820/5/3266 2565/6/3267
f 2562/6/3263 3648/6/3262 2565/6/3267 844/5/3268
f 868/5/3259 2561/6/3258 3649/6/3269 2566/6/3270
f 2561/6/3258 824/5/3257 2567/6/3271 3649/6/3269
f 3649/6/3269 2567/6/3271 822/5/3272 2568/6/3273
f 2566/6/3270 3649/6/3269 2568/6/3273 845/5/3274
f 861/5/3275 2570/6/3276 3650/6/3277 2569/6/3278
f 2570/6/3276 813/5/3279 2571/6/3280 3650/6/3277
f 3650/6/3277 2571/6/3280 814/5/3281 2572/6/3282
f 2569/6/3278 3650/6/3277 2572/6/3282 836/5/3283
f 836/5/3283 2572/6/3282 3651/6/3284 2573/6/3285
f 2572/6/3282 814/5/3281 2574/6/3286 3651/6/3284
f 3651/6/3284 2574/6/3286 815/5/3287 2575/6/3288
f 2573/6/3285 3651/6/3284 2575/6/3288 849/5/3289
f 869/5/3290 2577/6/3291 3652/6/3292 2576/6/3293
f 2577/6/3291 812/5/3294 2578/6/3295 3652/6/3292
f 3652/6/3292 2578/6/3295 813/5/3279 2570/6/3276
f 2576/6/3293 3652/6/3292 2570/6/3276 861/5/3275
f 881/5/3296 2580/6/3297 3653/6/3298 2579/6/3299
f 2580/6/3297 810/5/3300 2581/6/3301 3653/6/3298
f 3653/6/3298 2581/6/3301 811/5/3302 2582/6/3303
f 2579/6/3299 3653/6/3298 2582/6/3303 873/5/3304
f 844/5/3268 2565/6/3267 3654/6/3305 2583/6/3306
f 2565/6/3267 820/5/3266 2584/6/3307 3654/6/3305
f 3654/6/3305 2584/6/3307 819/5/3308 2585/6/3309
f 2583/6/3306 3654/6/3305 2585/6/3309 832/5/3310
f 873/5/3304 2582/6/3303 3655/6/3311 2586/6/3312
f 2582/6/3303 811/5/3302 2587/6/3313 3655/6/3311
f 3655/6/3311 2587/6/3313 812/5/3294 2577/6/3291
f 2586/6/3312 3655/6/3311 2577/6/3291 869/5/3290
f 832/5/3310 2585/6/3309 3656/6/3314 2588/6/3315
f 2585/6/3309 819/5/3308 2589/6/3316 3656/6/3314
f 3656/6/3314 2589/6/3316 818/5/3317 2590/6/3318
f 2588/6/3315 3656/6/3314 2590/6/3318 828/5/3319
f 849/5/3289 2575/6/3288 3657/6/3320 2591/6/3321
f 2575/6/3288 815/5/3287 2592/6/3322 3657/6/3320
f 3657/6/3320 2592/6/3322 816/5/3323 2593/6/3324
f 2591/6/3321 3657/6/3320 2593/6/3324 853/5/3325
f 828/5/3319 2590/6/3318 3658/6/3326 2594/6/3327
f 2590/6/3318 818/5/3317 2595/6/3328 3658/6/3326
f 3658/6/3326 2595/6/3328 823/5/3329 2596/6/3330
f 2594/6/3327 3658/6/3326 2596/6/3330 860/5/3331
f 860/5/3331 2596/6/3330 3659/6/3332 2597/6/3333
f 2596/6/3330 823/5/3329 2598/6/3334 3659/6/3332
f 3659/6/3332 2598/6/3334 810/5/3300 2580/6/3297
f 2597/6/3333 3659/6/3332 2580/6/3297 881/5/3296
f 853/5/3325 2593/6/3324 3660/6/3335 2599/6/3336
f 2593/6/3324 816/5/3323 2600/6/3337 3660/6/3335
f 3660/6/3335 2600/6/3337 817/5/3255 2559/6/3252
f 2599/6/3336 3660/6/3335 2559/6/3252 837/5/3251
f 845/5/3274 2568/6/3273 3661/6/3338 2601/6/3339
f 2568/6/3273 822/5/3272 2602/6/3340 3661/6/3338
f 3661/6/3338 2602/6/3340 821/5/3264 2563/6/3261
f 2601/6/3339 3661/6/3338 2563/6/3261 877/5/3260
f 796/5/3217 2603/6/3341 3662/6/3342 2545/6/3226
f 2603/6/3341 848/5/3343 2604/6/3344 3662/6/3342
f 3662/6/3342 2604/6/3344 880/5/3345 2605/6/3346
f 2545/6/3226 3662/6/3342 2605/6/3346 797/5/3213
f 848/5/3343 2606/6/3347 3663/6/3348 2604/6/3344
f 2606/6/3347 847/5/3349 2607/6/3350 3663/6/3348
f 3663/6/3348 2607/6/3350 879/5/3351 2608/6/3352
f 2604/6/3344 3663/6/3348 2608/6/3352 880/5/3345
f 847/5/3349 2609/6/3353 3664/6/3354 2607/6/3350
f 2609/6/3353 846/5/3355 2610/6/3356 3664/6/3354
f 3664/6/3354 2610/6/3356 878/5/3357 2611/6/3358
f 2607/6/3350 3664/6/3354 2611/6/3358 879/5/3351
f 846/5/3355 2612/6/3359 3665/6/3360 2610/6/3356
f 2612/6/3359 845/5/3274 2601/6/3339 3665/6/3360
f 3665/6/3360 2601/6/3339 877/5/3260 2613/6/3361
f 2610/6/3356 3665/6/3360 2613/6/3361 878/5/3357
f 802/5/3193 2614/6/3362 3666/6/3363 2529/6/3194
f 2614/6/3362 856/5/3364 2615/6/3365 3666/6/3363
f 3666/6/3363 2615/6/3365 840/5/3366 2616/6/3367
f 2529/6/3194 3666/6/3363 2616/6/3367 801/5/3195
f 856/5/3364 2617/6/3368 3667/6/3369 2615/6/3365
f 2617/6/3368 855/5/3370 2618/6/3371 3667/6/3369
f 3667/6/3369 2618/6/3371 839/5/3372 2619/6/3373
f 2615/6/3365 3667/6/3369 2619/6/3373 840/5/3366
f 855/5/3370 2620/6/3374 3668/6/3375 2618/6/3371
f 2620/6/3374 854/5/3376 2621/6/3377 3668/6/3375
f 3668/6/3375 2621/6/3377 838/5/3378 2622/6/3379
f 2618/6/3371 3668/6/3375 2622/6/3379 839/5/3372
f 854/5/3376 2623/6/3380 3669/6/3381 2621/6/3377
f 2623/6/3380 853/5/3325 2599/6/3336 3669/6/3381
f 3669/6/3381 2599/6/3336 837/5/3251 2624/6/3382
f 2621/6/3377 3669/6/3381 2624/6/3382 838/5/3378
f 809/5/3221 2625/6/3383 3670/6/3384 2543/6/3222
f 2625/6/3383 857/5/3385 2626/6/3386 3670/6/3384
f 3670/6/3384 2626/6/3386 884/5/3387 2627/6/3388
f 2543/6/3222 3670/6/3384 2627/6/3388 808/5/3223
f 857/5/3385 2628/6/3389 3671/6/3390 2626/6/3386
f 2628/6/3389 858/5/3391 2629/6/3392 3671/6/3390
f 3671/6/3390 2629/6/3392 883/5/3393 2630/6/3394
f 2626/6/3386 3671/6/3390 2630/6/3394 884/5/3387
f 858/5/3391 2631/6/3395 3672/6/3396 2629/6/3392
f 2631/6/3395 859/5/3397 2632/6/3398 3672/6/3396
f 3672/6/3396 2632/6/3398 882/5/3399 2633/6/3400
f 2629/6/3392 3672/6/3396 2633/6/3400 883/5/3393
f 859/5/3397 2634/6/3401 3673/6/3402 2632/6/3398
f 2634/6/3401 860/5/3331 2597/6/3333 3673/6/3402
f 3673/6/3402 2597/6/3333 881/5/3296 2635/6/3403
f 2632/6/3398 3673/6/3402 2635/6/3403 882/5/3399
f 800/5/3205 2636/6/3404 3674/6/3405 2546/6/3228
f 2636/6/3404 825/5/3406 2637/6/3407 3674/6/3405
f 3674/6/3405 2637/6/3407 857/5/3385 2625/6/3383
f 2546/6/3228 3674/6/3405 2625/6/3383 809/5/3221
f 825/5/3406 2638/6/3408 3675/6/3409 2637/6/3407
f 2638/6/3408 826/5/3410 2639/6/3411 3675/6/3409
f 3675/6/3409 2639/6/3411 858/5/3391 2628/6/3389
f 2637/6/3407 3675/6/3409 2628/6/3389 857/5/3385
f 826/5/3410 2640/6/3412 3676/6/3413 2639/6/3411
f 2640/6/3412 827/5/3414 2641/6/3415 3676/6/3413
f 3676/6/3413 2641/6/3415 859/5/3397 2631/6/3395
f 2639/6/3411 3676/6/3413 2631/6/3395 858/5/3391
f 827/5/3414 2642/6/3416 3677/6/3417 2641/6/3415
f 2642/6/3416 828/5/3319 2594/6/3327 3677/6/3417
f 3677/6/3417 2594/6/3327 860/5/3331 2634/6/3401
f 2641/6/3415 3677/6/3417 2634/6/3401 859/5/3397
f 803/5/3247 2643/6/3418 3678/6/3419 2557/6/3250
f 2643/6/3418 852/5/3420 2644/6/3421 3678/6/3419
f 3678/6/3419 2644/6/3421 856/5/3364 2614/6/3362
f 2557/6/3250 3678/6/3419 2614/6/3362 802/5/3193
f 852/5/3420 2645/6/3422 3679/6/3423 2644/6/3421
f 2645/6/3422 851/5/3424 2646/6/3425 3679/6/3423
f 3679/6/3423 2646/6/3425 855/5/3370 2617/6/3368
f 2644/6/3421 3679/6/3423 2617/6/3368 856/5/3364
f 851/5/3424 2647/6/3426 3680/6/3427 2646/6/3425
f 2647/6/3426 850/5/3428 2648/6/3429 3680/6/3427
f 3680/6/3427 2648/6/3429 854/5/3376 2620/6/3374
f 2646/6/3425 3680/6/3427 2620/6/3374 855/5/3370
f 850/5/3428 2649/6/3430 3681/6/3431 2648/6/3429
f 2649/6/3430 849/5/3289 2591/6/3321 3681/6/3431
f 3681/6/3431 2591/6/3321 853/5/3325 2623/6/3380
f 2648/6/3429 3681/6/3431 2623/6/3380 854/5/3376
f 799/5/3203 2650/6/3432 3682/6/3433 2534/6/3204
f 2650/6/3432 829/5/3434 2651/6/3435 3682/6/3433
f 3682/6/3433 2651/6/3435 825/5/3406 2636/6/3404
f 2534/6/3204 3682/6/3433 2636/6/3404 800/5/3205
f 829/5/3434 2652/6/3436 3683/6/3437 2651/6/3435
f 2652/6/3436 830/5/3438 2653/6/3439 3683/6/3437
f 3683/6/3437 2653/6/3439 826/5/3410 2638/6/3408
f 2651/6/3435 3683/6/3437 2638/6/3408 825/5/3406
f 830/5/3438 2654/6/3440 3684/6/3441 2653/6/3439
f 2654/6/3440 831/5/3442 2655/6/3443 3684/6/3441
f 3684/6/3441 2655/6/3443 827/5/3414 2640/6/3412
f 2653/6/3439 3684/6/3441 2640/6/3412 826/5/3410
f 831/5/3442 2656/6/3444 3685/6/3445 2655/6/3443
f 2656/6/3444 832/5/3310 2588/6/3315 3685/6/3445
f 3685/6/3445 2588/6/3315 828/5/3319 2642/6/3416
f 2655/6/3443 3685/6/3445 2642/6/3416 827/5/3414
f 807/5/3231 2657/6/3446 3686/6/3447 2549/6/3234
f 2657/6/3446 876/5/3448 2658/6/3449 3686/6/3447
f 3686/6/3447 2658/6/3449 872/5/3450 2659/6/3451
f 2549/6/3234 3686/6/3447 2659/6/3451 806/5/3235
f 876/5/3448 2660/6/3452 3687/6/3453 2658/6/3449
f 2660/6/3452 875/5/3454 2661/6/3455 3687/6/3453
f 3687/6/3453 2661/6/3455 871/5/3456 2662/6/3457
f 2658/6/3449 3687/6/3453 2662/6/3457 872/5/3450
f 875/5/3454 2663/6/3458 3688/6/3459 2661/6/3455
f 2663/6/3458 874/5/3460 2664/6/3461 3688/6/3459
f 3688/6/3459 2664/6/3461 870/5/3462 2665/6/3463
f 2661/6/3455 3688/6/3459 2665/6/3463 871/5/3456
f 874/5/3460 2666/6/3464 3689/6/3465 2664/6/3461
f 2666/6/3464 873/5/3304 2586/6/3312 3689/6/3465
f 3689/6/3465 2586/6/3312 869/5/3290 2667/6/3466
f 2664/6/3461 3689/6/3465 2667/6/3466 870/5/3462
f 798/5/3209 2668/6/3467 3690/6/3468 2537/6/3210
f 2668/6/3467 841/5/3469 2669/6/3470 3690/6/3468
f 3690/6/3468 2669/6/3470 829/5/3434 2650/6/3432
f 2537/6/3210 3690/6/3468 2650/6/3432 799/5/3203
f 841/5/3469 2670/6/3471 3691/6/3472 2669/6/3470
f 2670/6/3471 842/5/3473 2671/6/3474 3691/6/3472
f 3691/6/3472 2671/6/3474 830/5/3438 2652/6/3436
f 2669/6/3470 3691/6/3472 2652/6/3436 829/5/3434
f 842/5/3473 2672/6/3475 3692/6/3476 2671/6/3474
f 2672/6/3475 843/5/3477 2673/6/3478 3692/6/3476
f 3692/6/3476 2673/6/3478 831/5/3442 2654/6/3440
f 2671/6/3474 3692/6/3476 2654/6/3440 830/5/3438
f 843/5/3477 2674/6/3479 3693/6/3480 2673/6/3478
f 2674/6/3479 844/5/3268 2583/6/3306 3693/6/3480
f 3693/6/3480 2583/6/3306 832/5/3310 2656/6/3444
f 2673/6/3478 3693/6/3480 2656/6/3444 831/5/3442
f 808/5/3223 2627/6/3388 3694/6/3481 2547/6/3230
f 2627/6/3388 884/5/3387 2675/6/3482 3694/6/3481
f 3694/6/3481 2675/6/3482 876/5/3448 2657/6/3446
f 2547/6/3230 3694/6/3481 2657/6/3446 807/5/3231
f 884/5/3387 2630/6/3394 3695/6/3483 2675/6/3482
f 2630/6/3394 883/5/3393 2676/6/3484 3695/6/3483
f 3695/6/3483 2676/6/3484 875/5/3454 2660/6/3452
f 2675/6/3482 3695/6/3483 2660/6/3452 876/5/3448
f 883/5/3393 2633/6/3400 3696/6/3485 2676/6/3484
f 2633/6/3400 882/5/3399 2677/6/3486 3696/6/3485
f 3696/6/3485 2677/6/3486 874/5/3460 2663/6/3458
f 2676/6/3484 3696/6/3485 2663/6/3458 875/5/3454
f 882/5/3399 2635/6/3403 3697/6/3487 2677/6/3486
f 2635/6/3403 881/5/3296 2579/6/3299 3697/6/3487
f 3697/6/3487 2579/6/3299 873/5/3304 2666/6/3464
f 2677/6/3486 3697/6/3487 2666/6/3464 874/5/3460
f 806/5/3235 2659/6/3451 3698/6/3488 2551/6/3238
f 2659/6/3451 872/5/3450 2678/6/3489 3698/6/3488
f 3698/6/3488 2678/6/3489 864/5/3490 2679/6/3491
f 2551/6/3238 3698/6/3488 2679/6/3491 805/5/3239
f 872/5/3450 2662/6/3457 3699/6/3492 2678/6/3489
f 2662/6/3457 871/5/3456 2680/6/3493 3699/6/3492
f 3699/6/3492 2680/6/3493 863/5/3494 2681/6/3495
f 2678/6/3489 3699/6/3492 2681/6/3495 864/5/3490
f 871/5/3456 2665/6/3463 3700/6/3496 2680/6/3493
f 2665/6/3463 870/5/3462 2682/6/3497 3700/6/3496
f 3700/6/3496 2682/6/3497 862/5/3498 2683/6/3499
f 2680/6/3493 3700/6/3496 2683/6/3499 863/5/3494
f 870/5/3462 2667/6/3466 3701/6/3500 2682/6/3497
f 2667/6/3466 869/5/3290 2576/6/3293 3701/6/3500
f 3701/6/3500 2576/6/3293 861/5/3275 2684/6/3501
f 2682/6/3497 3701/6/3500 2684/6/3501 862/5/3498
f 804/5/3243 2685/6/3502 3702/6/3503 2555/6/3246
f 2685/6/3502 833/5/3504 2686/6/3505 3702/6/3503
f 3702/6/3503 2686/6/3505 852/5/3420 2643/6/3418
f 2555/6/3246 3702/6/3503 2643/6/3418 803/5/3247
f 833/5/3504 2687/6/3506 3703/6/3507 2686/6/3505
f 2687/6/3506 834/5/3508 2688/6/3509 3703/6/3507
f 3703/6/3507 2688/6/3509 851/5/3424 2645/6/3422
f 2686/6/3505 3703/6/3507 2645/6/3422 852/5/3420
f 834/5/3508 2689/6/3510 3704/6/3511 2688/6/3509
f 2689/6/3510 835/5/3512 2690/6/3513 3704/6/3511
f 3704/6/3511 2690/6/3513 850/5/3428 2647/6/3426
f 2688/6/3509 3704/6/3511 2647/6/3426 851/5/3424
f 835/5/3512 2691/6/3514 3705/6/3515 2690/6/3513
f 2691/6/3514 836/5/3283 2573/6/3285 3705/6/3515
f 3705/6/3515 2573/6/3285 849/5/3289 2649/6/3430
f 2690/6/3513 3705/6/3515 2649/6/3430 850/5/3428
f 805/5/3239 2679/6/3491 3706/6/3516 2553/6/3242
f 2679/6/3491 864/5/3490 2692/6/3517 3706/6/3516
f 3706/6/3516 2692/6/3517 833/5/3504 2685/6/3502
f 2553/6/3242 3706/6/3516 2685/6/3502 804/5/3243
f 864/5/3490 2681/6/3495 3707/6/3518 2692/6/3517
f 2681/6/3495 863/5/3494 2693/6/3519 3707/6/3518
f 3707/6/3518 2693/6/3519 834/5/3508 2687/6/3506
f 2692/6/3517 3707/6/3518 2687/6/3506 833/5/3504
f 863/5/3494 2683/6/3499 3708/6/3520 2693/6/3519
f 2683/6/3499 862/5/3498 2694/6/3521 3708/6/3520
f 3708/6/3520 2694/6/3521 835/5/3512 2689/6/3510
f 2693/6/3519 3708/6/3520 2689/6/3510 834/5/3508
f 862/5/3498 2684/6/3501 3709/6/3522 2694/6/3521
f 2684/6/3501 861/5/3275 2569/6/3278 3709/6/3522
f 3709/6/3522 2569/6/3278 836/5/3283 2691/6/3514
f 2694/6/3521 3709/6/3522 2691/6/3514 835/5/3512
f 795/5/3199 2695/6/3523 3710/6/3524 2540/6/3216
f 2695/6/3523 865/5/3525 2696/6/3526 3710/6/3524
f 3710/6/3524 2696/6/3526 848/5/3343 2603/6/3341
f 2540/6/3216 3710/6/3524 2603/6/3341 796/5/3217
f 865/5/3525 2697/6/3527 3711/6/3528 2696/6/3526
f 2697/6/3527 866/5/3529 2698/6/3530 3711/6/3528
f 3711/6/3528 2698/6/3530 847/5/3349 2606/6/3347
f 2696/6/3526 3711/6/3528 2606/6/3347 848/5/3343
f 866/5/3529 2699/6/3531 3712/6/3532 2698/6/3530
f 2699/6/3531 867/5/3533 2700/6/3534 3712/6/3532
f 3712/6/3532 2700/6/3534 846/5/3355 2609/6/3353
f 2698/6/3530 3712/6/3532 2609/6/3353 847/5/3349
f 867/5/3533 2701/6/3535 3713/6/3536 2700/6/3534
f 2701/6/3535 868/5/3259 2566/6/3270 3713/6/3536
f 3713/6/3536 2566/6/3270 845/5/3274 2612/6/3359
f 2700/6/3534 3713/6/3536 2612/6/3359 846/5/3355
f 797/5/3213 2605/6/3346 3714/6/3537 2539/6/3214
f 2605/6/3346 880/5/3345 2702/6/3538 3714/6/3537
f 3714/6/3537 2702/6/3538 841/5/3469 2668/6/3467
f 2539/6/3214 3714/6/3537 2668/6/3467 798/5/3209
f 880/5/3345 2608/6/3352 3715/6/3539 2702/6/3538
f 2608/6/3352 879/5/3351 2703/6/3540 3715/6/3539
f 3715/6/3539 2703/6/3540 842/5/3473 2670/6/3471
f 2702/6/3538 3715/6/3539 2670/6/3471 841/5/3469
f 879/5/3351 2611/6/3358 3716/6/3541 2703/6/3540
f 2611/6/3358 878/5/3357 2704/6/3542 3716/6/3541
f 3716/6/3541 2704/6/3542 843/5/3477 2672/6/3475
f 2703/6/3540 3716/6/3541 2672/6/3475 842/5/3473
f 878/5/3357 2613/6/3361 3717/6/3543 2704/6/3542
f 2613/6/3361 877/5/3260 2562/6/3263 3717/6/3543
f 3717/6/3543 2562/6/3263 844/5/3268 2674/6/3479
f 2704/6/3542 3717/6/3543 2674/6/3479 843/5/3477
f 801/5/3195 2616/6/3367 3718/6/3544 2531/6/3198
f 2616/6/3367 840/5/3366 2705/6/3545 3718/6/3544
f 3718/6/3544 2705/6/3545 865/5/3525 2695/6/3523
f 2531/6/3198 3718/6/3544 2695/6/3523 795/5/3199
f 840/5/3366 2619/6/3373 3719/6/3546 2705/6/3545
f 2619/6/3373 839/5/3372 2706/6/3547 3719/6/3546
f 3719/6/3546 2706/6/3547 866/5/3529 2697/6/3527
f 2705/6/3545 3719/6/3546 2697/6/3527 865/5/3525
f 839/5/3372 2622/6/3379 3720/6/3548 2706/6/3547
f 2622/6/3379 838/5/3378 2707/6/3549 3720/6/3548
f 3720/6/3548 2707/6/3549 867/5/3533 2699/6/3531
f 2706/6/3547 3720/6/3548 2699/6/3531 866/5/3529
f 838/5/3378 2624/6/3382 3721/6/3550 2707/6/3549
f 2624/6/3382 837/5/3251 2558/6/3254 3721/6/3550
f 3721/6/3550 2558/6/3254 868/5/3259 2701/6/3535
f 2707/6/3549 3721/6/3550 2701/6/3535 867/5/3533
f 904/5/3551 2709/5/3552 3722/5/3553 2708/5/3554
f 2709/5/3552 887/5/3555 2710/6/3556 3722/5/3553
f 3722/5/3553 2710/6/3556 888/5/3557 2711/5/3558
f 2708/5/3554 3722/5/3553 2711/5/3558 903/5/3559
f 912/5/3560 2713/5/3561 3723/5/3562 2712/5/3563
f 2713/5/3561 894/5/3564 2714/6/3565 3723/5/3562
f 3723/5/3562 2714/6/3565 893/5/3566 2715/5/3567
f 2712/5/3563 3723/5/3562 2715/5/3567 911/5/3568
f 920/5/3569 2717/5/3570 3724/5/3571 2716/5/3572
f 2717/5/3570 890/5/3573 2718/6/3574 3724/5/3571
f 3724/5/3571 2718/6/3574 891/5/3575 2719/5/3576
f 2716/5/3572 3724/5/3571 2719/5/3576 919/5/3577
f 928/5/3578 2721/5/3579 3725/5/3580 2720/5/3581
f 2721/5/3579 892/5/3582 2722/6/3583 3725/5/3580
f 3725/5/3580 2722/6/3583 899/5/3584 2723/5/3585
f 2720/5/3581 3725/5/3580 2723/5/3585 927/5/3586
f 936/5/3587 2725/5/3588 3726/5/3589 2724/5/3590
f 2725/5/3588 896/5/3591 2726/6/3592 3726/5/3589
f 3726/5/3589 2726/6/3592 895/5/3593 2727/5/3594
f 2724/5/3590 3726/5/3589 2727/5/3594 935/5/3595
f 927/5/3586 2723/5/3585 3727/5/3596 2728/5/3597
f 2723/5/3585 899/5/3584 2729/6/3598 3727/5/3596
f 3727/5/3596 2729/6/3598 897/5/3599 2730/5/3600
f 2728/5/3597 3727/5/3596 2730/5/3600 943/5/3601
f 935/5/3595 2727/5/3594 3728/5/3602 2731/5/3603
f 2727/5/3594 895/5/3593 2732/6/3604 3728/5/3602
f 3728/5/3602 2732/6/3604 894/5/3564 2713/5/3561
f 2731/5/3603 3728/5/3602 2713/5/3561 912/5/3560
f 919/5/3577 2719/5/3576 3729/5/3605 2733/5/3606
f 2719/5/3576 891/5/3575 2734/6/3607 3729/5/3605
f 3729/5/3605 2734/6/3607 892/5/3582 2721/5/3579
f 2733/5/3606 3729/5/3605 2721/5/3579 928/5/3578
f 943/5/3601 2730/5/3600 3730/5/3608 2735/5/3609
f 2730/5/3600 897/5/3599 2736/6/3610 3730/5/3608
f 3730/5/3608 2736/6/3610 896/5/3591 2725/5/3588
f 2735/5/3609 3730/5/3608 2725/5/3588 936/5/3587
f 944/5/3611 2738/5/3612 3731/5/3613 2737/5/3614
f 2738/5/3612 889/5/3615 2739/6/3616 3731/5/3613
f 3731/5/3613 2739/6/3616 890/5/3573 2717/5/3570
f 2737/5/3614 3731/5/3613 2717/5/3570 920/5/3569
f 948/5/3617 2741/5/3618 3732/5/3619 2740/5/3620
f 2741/5/3618 886/5/3621 2742/6/3622 3732/5/3619
f 3732/5/3619 2742/6/3622 887/5/3555 2709/5/3552
f 2740/5/3620 3732/5/3619 2709/5/3552 904/5/3551
f 911/5/3568 2715/5/3567 3733/5/3623 2743/5/3624
f 2715/5/3567 893/5/3566 2744/6/3625 3733/5/3623
f 3733/5/3623 2744/6/3625 898/5/3626 2745/5/3627
f 2743/5/3624 3733/5/3623 2745/5/3627 955/5/3628
f 956/5/3629 2747/5/3630 3734/5/3631 2746/5/3632
f 2747/5/3630 885/5/3633 2748/6/3634 3734/5/3631
f 3734/5/3631 2748/6/3634 886/5/3621 2741/5/3618
f 2746/5/3632 3734/5/3631 2741/5/3618 948/5/3617
f 955/5/3628 2745/5/3627 3735/5/3635 2749/5/3636
f 2745/5/3627 898/5/3626 2750/6/3637 3735/5/3635
f 3735/5/3635 2750/6/3637 885/5/3633 2747/5/3630
f 2749/5/3636 3735/5/3635 2747/5/3630 956/5/3629
f 903/5/3559 2711/5/3558 3736/5/3638 2751/5/3639
f 2711/5/3558 888/5/3557 2752/6/3640 3736/5/3638
f 3736/5/3638 2752/6/3640 889/5/3615 2738/5/3612
f 2751/5/3639 3736/5/3638 2738/5/3612 944/5/3611
f 813/5/3279 2753/6/3641 3737/6/3642 2571/6/3280
f 2753/6/3641 900/5/3643 2754/6/3644 3737/6/3642
f 3737/6/3642 2754/6/3644 947/5/3645 2755/6/3646
f 2571/6/3280 3737/6/3642 2755/6/3646 814/5/3281
f 900/5/3643 2756/6/3647 3738/6/3648 2754/6/3644
f 2756/6/3647 901/5/3649 2757/6/3650 3738/6/3648
f 3738/6/3648 2757/6/3650 946/5/3651 2758/6/3652
f 2754/6/3644 3738/6/3648 2758/6/3652 947/5/3645
f 901/5/3649 2759/6/3653 3739/6/3654 2757/6/3650
f 2759/6/3653 902/5/3655 2760/6/3656 3739/6/3654
f 3739/6/3654 2760/6/3656 945/5/3657 2761/6/3658
f 2757/6/3650 3739/6/3654 2761/6/3658 946/5/3651
f 902/5/3655 2762/6/3659 3740/6/3660 2760/6/3656
f 2762/6/3659 903/5/3559 2751/5/3639 3740/6/3660
f 3740/6/3660 2751/5/3639 944/5/3611 2763/6/3661
f 2760/6/3656 3740/6/3660 2763/6/3661 945/5/3657
f 823/5/3329 2764/6/3662 3741/6/3663 2598/6/3334
f 2764/6/3662 952/5/3664 2765/6/3665 3741/6/3663
f 3741/6/3663 2765/6/3665 959/5/3666 2766/6/3667
f 2598/6/3334 3741/6/3663 2766/6/3667 810/5/3300
f 952/5/3664 2767/6/3668 3742/6/3669 2765/6/3665
f 2767/6/3668 953/5/3670 2768/6/3671 3742/6/3669
f 3742/6/3669 2768/6/3671 958/5/3672 2769/6/3673
f 2765/6/3665 3742/6/3669 2769/6/3673 959/5/3666
f 953/5/3670 2770/6/3674 3743/6/3675 2768/6/3671
f 2770/6/3674 954/5/3676 2771/6/3677 3743/6/3675
f 3743/6/3675 2771/6/3677 957/5/3678 2772/6/3679
f 2768/6/3671 3743/6/3675 2772/6/3679 958/5/3672
f 954/5/3676 2773/6/3680 3744/6/3681 2771/6/3677
f 2773/6/3680 955/5/3628 2749/5/3636 3744/6/3681
f 3744/6/3681 2749/5/3636 956/5/3629 2774/6/3682
f 2771/6/3677 3744/6/3681 2774/6/3682 957/5/3678
f 810/5/3300 2766/6/3667 3745/6/3683 2581/6/3301
f 2766/6/3667 959/5/3666 2775/6/3684 3745/6/3683
f 3745/6/3683 2775/6/3684 951/5/3685 2776/6/3686
f 2581/6/3301 3745/6/3683 2776/6/3686 811/5/3302
f 959/5/3666 2769/6/3673 3746/6/3687 2775/6/3684
f 2769/6/3673 958/5/3672 2777/6/3688 3746/6/3687
f 3746/6/3687 2777/6/3688 950/5/3689 2778/6/3690
f 2775/6/3684 3746/6/3687 2778/6/3690 951/5/3685
f 958/5/3672 2772/6/3679 3747/6/3691 2777/6/3688
f 2772/6/3679 957/5/3678 2779/6/3692 3747/6/3691
f 3747/6/3691 2779/6/3692 949/5/3693 2780/6/3694
f 2777/6/3688 3747/6/3691 2780/6/3694 950/5/3689
f 957/5/3678 2774/6/3682 3748/6/3695 2779/6/3692
f 2774/6/3682 956/5/3629 2746/5/3632 3748/6/3695
f 3748/6/3695 2746/5/3632 948/5/3617 2781/6/3696
f 2779/6/3692 3748/6/3695 2781/6/3696 949/5/3693
f 818/5/3317 2782/6/3697 3749/6/3698 2595/6/3328
f 2782/6/3697 908/5/3699 2783/6/3700 3749/6/3698
f 3749/6/3698 2783/6/3700 952/5/3664 2764/6/3662
f 2595/6/3328 3749/6/3698 2764/6/3662 823/5/3329
f 908/5/3699 2784/6/3701 3750/6/3702 2783/6/3700
f 2784/6/3701 909/5/3703 2785/6/3704 3750/6/3702
f 3750/6/3702 2785/6/3704 953/5/3670 2767/6/3668
f 2783/6/3700 3750/6/3702 2767/6/3668 952/5/3664
f 909/5/3703 2786/6/3705 3751/6/3706 2785/6/3704
f 2786/6/3705 910/5/3707 2787/6/3708 3751/6/3706
f 3751/6/3706 2787/6/3708 954/5/3676 2770/6/3674
f 2785/6/3704 3751/6/3706 2770/6/3674 953/5/3670
f 910/5/3707 2788/6/3709 3752/6/3710 2787/6/3708
f 2788/6/3709 911/5/3568 2743/5/3624 3752/6/3710
f 3752/6/3710 2743/5/3624 955/5/3628 2773/6/3680
f 2787/6/3708 3752/6/3710 2773/6/3680 954/5/3676
f 811/5/3302 2776/6/3686 3753/6/3711 2587/6/3313
f 2776/6/3686 951/5/3685 2789/6/3712 3753/6/3711
f 3753/6/3711 2789/6/3712 907/5/3713 2790/6/3714
f 2587/6/3313 3753/6/3711 2790/6/3714 812/5/3294
f 951/5/3685 2778/6/3690 3754/6/3715 2789/6/3712
f 2778/6/3690 950/5/3689 2791/6/3716 3754/6/3715
f 3754/6/3715 2791/6/3716 906/5/3717 2792/6/3718
f 2789/6/3712 3754/6/3715 2792/6/3718 907/5/3713
f 950/5/3689 2780/6/3694 3755/6/3719 2791/6/3716
f 2780/6/3694 949/5/3693 2793/6/3720 3755/6/3719
f 3755/6/3719 2793/6/3720 905/5/3721 2794/6/3722
f 2791/6/3716 3755/6/3719 2794/6/3722 906/5/3717
f 949/5/3693 2781/6/3696 3756/6/3723 2793/6/3720
f 2781/6/3696 948/5/3617 2740/5/3620 3756/6/3723
f 3756/6/3723 2740/5/3620 904/5/3551 2795/6/3724
f 2793/6/3720 3756/6/3723 2795/6/3724 905/5/3721
f 814/5/3281 2755/6/3646 3757/6/3725 2574/6/3286
f 2755/6/3646 947/5/3645 2796/6/3726 3757/6/3725
f 3757/6/3725 2796/6/3726 923/5/3727 2797/6/3728
f 2574/6/3286 3757/6/3725 2797/6/3728 815/5/3287
f 947/5/3645 2758/6/3652 3758/6/3729 2796/6/3726
f 2758/6/3652 946/5/3651 2798/6/3730 3758/6/3729
f 3758/6/3729 2798/6/3730 922/5/3731 2799/6/3732
f 2796/6/3726 3758/6/3729 2799/6/3732 923/5/3727
f 946/5/3651 2761/6/3658 3759/6/3733 2798/6/3730
f 2761/6/3658 945/5/3657 2800/6/3734 3759/6/3733
f 3759/6/3733 2800/6/3734 921/5/3735 2801/6/3736
f 2798/6/3730 3759/6/3733 2801/6/3736 922/5/3731
f 945/5/3657 2763/6/3661 3760/6/3737 2800/6/3734
f 2763/6/3661 944/5/3611 2737/5/3614 3760/6/3737
f 3760/6/3737 2737/5/3614 920/5/3569 2802/6/3738
f 2800/6/3734 3760/6/3737 2802/6/3738 921/5/3735
f 822/5/3272 2803/6/3739 3761/6/3740 2602/6/3340
f 2803/6/3739 940/5/3741 2804/6/3742 3761/6/3740
f 3761/6/3740 2804/6/3742 939/5/3743 2805/6/3744
f 2602/6/3340 3761/6/3740 2805/6/3744 821/5/3264
f 940/5/3741 2806/6/3745 3762/6/3746 2804/6/3742
f 2806/6/3745 941/5/3747 2807/6/3748 3762/6/3746
f 3762/6/3746 2807/6/3748 938/5/3749 2808/6/3750
f 2804/6/3742 3762/6/3746 2808/6/3750 939/5/3743
f 941/5/3747 2809/6/3751 3763/6/3752 2807/6/3748
f 2809/6/3751 942/5/3753 2810/6/3754 3763/6/3752
f 3763/6/3752 2810/6/3754 937/5/3755 2811/6/3756
f 2807/6/3748 3763/6/3752 2811/6/3756 938/5/3749
f 942/5/3753 2812/6/3757 3764/6/3758 2810/6/3754
f 2812/6/3757 943/5/3601 2735/5/3609 3764/6/3758
f 3764/6/3758 2735/5/3609 936/5/3587 2813/6/3759
f 2810/6/3754 3764/6/3758 2813/6/3759 937/5/3755
f 816/5/3323 2814/6/3760 3765/6/3761 2600/6/3337
f 2814/6/3760 916/5/3762 2815/6/3763 3765/6/3761
f 3765/6/3761 2815/6/3763 931/5/3764 2816/6/3765
f 2600/6/3337 3765/6/3761 2816/6/3765 817/5/3255
f 916/5/3762 2817/6/3766 3766/6/3767 2815/6/3763
f 2817/6/3766 917/5/3768 2818/6/3769 3766/6/3767
f 3766/6/3767 2818/6/3769 930/5/3770 2819/6/3771
f 2815/6/3763 3766/6/3767 2819/6/3771 931/5/3764
f 917/5/3768 2820/6/3772 3767/6/3773 2818/6/3769
f 2820/6/3772 918/5/3774 2821/6/3775 3767/6/3773
f 3767/6/3773 2821/6/3775 929/5/3776 2822/6/3777
f 2818/6/3769 3767/6/3773 2822/6/3777 930/5/3770
f 918/5/3774 2823/6/3778 3768/6/3779 2821/6/3775
f 2823/6/3778 919/5/3577 2733/5/3606 3768/6/3779
f 3768/6/3779 2733/5/3606 928/5/3578 2824/6/3780
f 2821/6/3775 3768/6/3779 2824/6/3780 929/5/3776
f 820/5/3266 2825/6/3781 3769/6/3782 2584/6/3307
f 2825/6/3781 932/5/3783 2826/6/3784 3769/6/3782
f 3769/6/3782 2826/6/3784 915/5/3785 2827/6/3786
f 2584/6/3307 3769/6/3782 2827/6/3786 819/5/3308
f 932/5/3783 2828/6/3787 3770/6/3788 2826/6/3784
f 2828/6/3787 933/5/3789 2829/6/3790 3770/6/3788
f 3770/6/3788 2829/6/3790 914/5/3791 2830/6/3792
f 2826/6/3784 3770/6/3788 2830/6/3792 915/5/3785
f 933/5/3789 2831/6/3793 3771/6/3794 2829/6/3790
f 2831/6/3793 934/5/3795 2832/6/3796 3771/6/3794
f 3771/6/3794 2832/6/3796 913/5/3797 2833/6/3798
f 2829/6/3790 3771/6/3794 2833/6/3798 914/5/3791
f 934/5/3795 2834/6/3799 3772/6/3800 2832/6/3796
f 2834/6/3799 935/5/3595 2731/5/3603 3772/6/3800
f 3772/6/3800 2731/5/3603 912/5/3560 2835/6/3801
f 2832/6/3796 3772/6/3800 2835/6/3801 913/5/3797
f 824/5/3257 2836/6/3802 3773/6/3803 2567/6/3271
f 2836/6/3802 924/5/3804 2837/6/3805 3773/6/3803
f 3773/6/3803 2837/6/3805 940/5/3741 2803/6/3739
f 2567/6/3271 3773/6/3803 2803/6/3739 822/5/3272
f 924/5/3804 2838/6/3806 3774/6/3807 2837/6/3805
f 2838/6/3806 925/5/3808 2839/6/3809 3774/6/3807
f 3774/6/3807 2839/6/3809 941/5/3747 2806/6/3745
f 2837/6/3805 3774/6/3807 2806/6/3745 940/5/3741
f 925/5/3808 2840/6/3810 3775/6/3811 2839/6/3809
f 2840/6/3810 926/5/3812 2841/6/3813 3775/6/3811
f 3775/6/3811 2841/6/3813 942/5/3753 2809/6/3751
f 2839/6/3809 3775/6/3811 2809/6/3751 941/5/3747
f 926/5/3812 2842/6/3814 3776/6/3815 2841/6/3813
f 2842/6/3814 927/5/3586 2728/5/3597 3776/6/3815
f 3776/6/3815 2728/5/3597 943/5/3601 2812/6/3757
f 2841/6/3813 3776/6/3815 2812/6/3757 942/5/3753
f 821/5/3264 2805/6/3744 3777/6/3816 2564/6/3265
f 2805/6/3744 939/5/3743 2843/6/3817 3777/6/3816
f 3777/6/3816 2843/6/3817 932/5/3783 2825/6/3781
f 2564/6/3265 3777/6/3816 2825/6/3781 820/5/3266
f 939/5/3743 2808/6/3750 3778/6/3818 2843/6/3817
f 2808/6/3750 938/5/3749 2844/6/3819 3778/6/3818
f 3778/6/3818 2844/6/3819 933/5/3789 2828/6/3787
f 2843/6/3817 3778/6/3818 2828/6/3787 932/5/3783
f 938/5/3749 2811/6/3756 3779/6/3820 2844/6/3819
f 2811/6/3756 937/5/3755 2845/6/3821 3779/6/3820
f 3779/6/3820 2845/6/3821 934/5/3795 2831/6/3793
f 2844/6/3819 3779/6/3820 2831/6/3793 933/5/3789
f 937/5/3755 2813/6/3759 3780/6/3822 2845/6/3821
f 2813/6/3759 936/5/3587 2724/5/3590 3780/6/3822
f 3780/6/3822 2724/5/3590 935/5/3595 2834/6/3799
f 2845/6/3821 3780/6/3822 2834/6/3799 934/5/3795
f 817/5/3255 2816/6/3765 3781/6/3823 2560/6/3256
f 2816/6/3765 931/5/3764 2846/6/3824 3781/6/3823
f 3781/6/3823 2846/6/3824 924/5/3804 2836/6/3802
f 2560/6/3256 3781/6/3823 2836/6/3802 824/5/3257
f 931/5/3764 2819/6/3771 3782/6/3825 2846/6/3824
f 2819/6/3771 930/5/3770 2847/6/3826 3782/6/3825
f 3782/6/3825 2847/6/3826 925/5/3808 2838/6/3806
f 2846/6/3824 3782/6/3825 2838/6/3806 924/5/3804
f 930/5/3770 2822/6/3777 3783/6/3827 2847/6/3826
f 2822/6/3777 929/5/3776 2848/6/3828 3783/6/3827
f 3783/6/3827 2848/6/3828 926/5/3812 2840/6/3810
f 2847/6/3826 3783/6/3827 2840/6/3810 925/5/3808
f 929/5/3776 2824/6/3780 3784/6/3829 2848/6/3828
f 2824/6/3780 928/5/3578 2720/5/3581 3784/6/3829
f 3784/6/3829 2720/5/3581 927/5/3586 2842/6/3814
f 2848/6/3828 3784/6/3829 2842/6/3814 926/5/3812
f 815/5/3287 2797/6/3728 3785/6/3830 2592/6/3322
f 2797/6/3728 923/5/3727 2849/6/3831 3785/6/3830
f 3785/6/3830 2849/6/3831 916/5/3762 2814/6/3760
f 2592/6/3322 3785/6/3830 2814/6/3760 816/5/3323
f 923/5/3727 2799/6/3732 3786/6/3832 2849/6/3831
f 2799/6/3732 922/5/3731 2850/6/3833 3786/6/3832
f 3786/6/3832 2850/6/3833 917/5/3768 2817/6/3766
f 2849/6/3831 3786/6/3832 2817/6/3766 916/5/3762
f 922/5/3731 2801/6/3736 3787/6/3834 2850/6/3833
f 2801/6/3736 921/5/3735 2851/6/3835 3787/6/3834
f 3787/6/3834 2851/6/3835 918/5/3774 2820/6/3772
f 2850/6/3833 3787/6/3834 2820/6/3772 917/5/3768
f 921/5/3735 2802/6/3738 3788/6/3836 2851/6/3835
f 2802/6/3738 920/5/3569 2716/5/3572 3788/6/3836
f 3788/6/3836 2716/5/3572 919/5/3577 2823/6/3778
f 2851/6/3835 3788/6/3836 2823/6/3778 918/5/3774
f 819/5/3308 2827/6/3786 3789/6/3837 2589/6/3316
f 2827/6/3786 915/5/3785 2852/6/3838 3789/6/3837
f 3789/6/3837 2852/6/3838 908/5/3699 2782/6/3697
f 2589/6/3316 3789/6/3837 2782/6/3697 818/5/3317
f 915/5/3785 2830/6/3792 3790/6/3839 2852/6/3838
f 2830/6/3792 914/5/3791 2853/6/3840 3790/6/3839
f 3790/6/3839 2853/6/3840 909/5/3703 2784/6/3701
f 2852/6/3838 3790/6/3839 2784/6/3701 908/5/3699
f 914/5/3791 2833/6/3798 3791/6/3841 2853/6/3840
f 2833/6/3798 913/5/3797 2854/6/3842 3791/6/3841
f 3791/6/3841 2854/6/3842 910/5/3707 2786/6/3705
f 2853/6/3840 3791/6/3841 2786/6/3705 909/5/3703
f 913/5/3797 2835/6/3801 3792/6/3843 2854/6/3842
f 2835/6/3801 912/5/3560 2712/5/3563 3792/6/3843
f 3792/6/3843 2712/5/3563 911/5/3568 2788/6/3709
f 2854/6/3842 3792/6/3843 2788/6/3709 910/5/3707
f 812/5/3294 2790/6/3714 3793/6/3844 2578/6/3295
f 2790/6/3714 907/5/3713 2855/6/3845 3793/6/3844
f 3793/6/3844 2855/6/3845 900/5/3643 2753/6/3641
f 2578/6/3295 3793/6/3844 2753/6/3641 813/5/3279
f 907/5/3713 2792/6/3718 3794/6/3846 2855/6/3845
f 2792/6/3718 906/5/3717 2856/6/3847 3794/6/3846
f 3794/6/3846 2856/6/3847 901/5/3649 2756/6/3647
f 2855/6/3845 3794/6/3846 2756/6/3647 900/5/3643
f 906/5/3717 2794/6/3722 3795/6/3848 2856/6/3847
f 2794/6/3722 905/5/3721 2857/6/3849 3795/6/3848
f 3795/6/3848 2857/6/3849 902/5/3655 2759/6/3653
f 2856/6/3847 3795/6/3848 2759/6/3653 901/5/3649
f 905/5/3721 2795/6/3724 3796/6/3850 2857/6/3849
f 2795/6/3724 904/5/3551 2708/5/3554 3796/6/3850
f 3796/6/3850 2708/5/3554 903/5/3559 2762/6/3659
f 2857/6/3849 3796/6/3850 2762/6/3659 902/5/3655
f 679/206/2876 2858/216/3851 3797/369/3852 2371/368/2878
f 664/217/2658 2859/216/3853 3797/369/3852 2858/216/3851
f 787/206/2549 2206/208/2552 3797/369/3852 2859/216/3853
f 765/196/2557 2213/198/2565 3797/369/3852 2206/208/2552
f 781/200/2569 2525/198/3183 3797/369/3852 2213/198/2565
f 680/196/2880 2371/368/2878 3797/369/3852 2525/198/3183
f 787/206/2549 2859/216/3853 3798/370/3854 2488/210/3112
f 664/217/2658 2264/219/2665 3798/370/3854 2859/216/3853
f 663/5/2664 2488/210/3112 3798/370/3854 2264/219/2665
f 679/206/2876 2400/212/2937 3799/218/3855 2858/216/3851
f 662/5/2936 2417/219/2971 3799/218/3855 2400/212/2937
f 664/217/2658 2858/216/3851 3799/218/3855 2417/219/2971
