# Blender 4.4.3
# www.blender.org
mtllib simulated_cloth.mtl
o Cloth
v -0.003292 5.456104 0.402262
v 0.127333 5.484518 0.413055
v -0.003553 5.294853 0.334839
v 0.110501 5.305279 0.348551
v -0.004062 5.176285 0.220093
v 0.019317 5.172690 0.218368
v -0.002030 5.127854 0.084382
v -0.003982 5.132979 0.101284
v 0.000016 5.117478 -0.082467
v -0.004432 5.122433 -0.079230
v -0.001036 5.132236 -0.262973
v -0.004551 5.135498 -0.276561
v -0.003479 5.193799 -0.421469
v 0.021930 5.185155 -0.410814
v -0.003666 5.338003 -0.562652
v 0.309776 5.580163 0.430076
v 0.318654 5.441273 0.412153
v 0.513450 5.720528 0.394474
v 0.533698 5.591996 0.388353
v 0.676033 5.869155 0.260933
v 0.705887 5.742303 0.249113
v 0.749287 5.975169 0.047040
v 0.785130 5.847037 0.027316
v 0.731248 5.991780 -0.207607
v 0.766166 5.860885 -0.231350
v 0.631107 5.926542 -0.454929
v 0.659490 5.788496 -0.480450
v 0.465060 5.807573 -0.613323
v 0.484586 5.655448 -0.631416
v 0.274042 5.672839 -0.660660
v 0.282221 5.498988 -0.650274
v 0.095762 5.345428 -0.570600
v -0.003293 5.538760 -0.641180
v 0.109327 5.570250 -0.648610
v -0.002900 6.342698 0.536929
v -0.002898 6.202430 0.522623
v -0.002968 6.000619 0.497036
v -0.003154 5.815123 0.469647
v -0.003324 5.632427 0.440309
v 0.127056 5.655128 0.445567
v 0.128825 5.832526 0.472185
v 0.133003 6.015362 0.497483
v 0.135184 6.212749 0.520468
v 0.135231 6.347491 0.532865
v 0.079765 6.388196 -0.318087
v 0.079979 6.306311 -0.375472
v 0.087081 6.157576 -0.477119
v 0.097443 5.976890 -0.575192
v 0.106315 5.777612 -0.639175
v -0.003155 6.385221 -0.320575
v -0.003303 6.299794 -0.378857
v -0.003361 6.145057 -0.481972
v -0.003316 5.957190 -0.578959
v -0.003234 5.751155 -0.639144
v 0.282300 6.361632 0.513944
v 0.288543 6.244497 0.506042
v 0.294701 6.064369 0.489500
v 0.296828 5.892756 0.469989
v 0.300827 5.730837 0.449403
v 0.425777 6.383128 0.460462
v 0.441027 6.294641 0.455011
v 0.460959 6.146403 0.441447
v 0.477260 5.995524 0.425733
v 0.493574 5.853074 0.408393
v 0.537889 6.407687 0.345012
v 0.559298 6.349979 0.336286
v 0.589096 6.238813 0.318124
v 0.618056 6.113168 0.299975
v 0.646548 5.989510 0.280005
v 0.591991 6.429386 0.163968
v 0.614135 6.392118 0.146876
v 0.646104 6.306701 0.119978
v 0.680391 6.199637 0.095628
v 0.714991 6.088751 0.071616
v 0.579907 6.438695 -0.032333
v 0.599667 6.405481 -0.060176
v 0.628907 6.324728 -0.100662
v 0.662858 6.219355 -0.139840
v 0.697870 6.107296 -0.175965
v 0.501048 6.431547 -0.180593
v 0.516811 6.390656 -0.219546
v 0.541293 6.299394 -0.281531
v 0.571629 6.182091 -0.348450
v 0.602786 6.055374 -0.409665
v 0.361707 6.414019 -0.265171
v 0.372162 6.358715 -0.313415
v 0.392959 6.248876 -0.396442
v 0.419260 6.111990 -0.486943
v 0.444308 5.961060 -0.564113
v 0.203694 6.397829 -0.304798
v 0.208510 6.326898 -0.359316
v 0.224635 6.195343 -0.455404
v 0.245241 6.034669 -0.554108
v 0.262846 5.856126 -0.627598
v 0.136900 5.212832 0.323536
v -0.007011 5.151792 0.218714
v -0.014034 5.120703 0.073434
v -0.017030 5.114383 -0.076095
v -0.011858 5.119642 -0.254583
v 0.028976 5.145757 -0.378471
v 0.328348 5.322364 0.402927
v 0.550360 5.459435 0.391103
v 0.734136 5.594592 0.248783
v 0.822934 5.687056 0.018619
v 0.804594 5.696657 -0.242547
v 0.690343 5.626279 -0.483569
v 0.506188 5.499049 -0.619000
v 0.296834 5.351662 -0.617646
v 0.123765 5.225759 -0.518216
v 0.153095 4.925962 0.305019
v 0.038095 4.913678 0.186377
v -0.012276 4.889721 0.073476
v -0.015658 4.877990 -0.067855
v -0.011483 4.890618 -0.217112
v 0.041474 4.911878 -0.337384
v 0.335365 4.944599 0.395507
v 0.567356 4.971698 0.398784
v 0.779330 5.001284 0.260486
v 0.899016 5.021802 0.024974
v 0.887701 5.021593 -0.224628
v 0.759386 5.001220 -0.419074
v 0.561422 4.971030 -0.513005
v 0.342231 4.941102 -0.516442
v 0.156040 4.920727 -0.451931
v -0.021513 5.088452 0.063760
v -0.020724 5.028754 0.067607
v -0.009004 5.034510 0.206435
v -0.009871 5.109160 0.215592
v 0.859890 5.489475 0.019861
v 0.888435 5.266353 0.024329
v 0.875579 5.265953 -0.229943
v 0.844094 5.492896 -0.239695
v -0.023838 5.084522 -0.071507
v -0.023798 5.028082 -0.067736
v 0.750447 5.227551 -0.435705
v 0.723299 5.434561 -0.463648
v -0.015331 5.086601 -0.235927
v -0.015427 5.032207 -0.227952
v 0.553109 5.165967 -0.537623
v 0.530944 5.334481 -0.580335
v 0.030935 5.098154 -0.354182
v 0.035115 5.036390 -0.343364
v 0.333167 5.101553 -0.537661
v 0.315454 5.224320 -0.575486
v 0.140550 5.145984 0.315477
v 0.144133 5.066432 0.312244
v 0.335412 5.109025 0.402190
v 0.333064 5.220691 0.401998
v 0.136355 5.140524 -0.484696
v 0.147720 5.056124 -0.463634
v 0.568910 5.167397 0.403604
v 0.562282 5.321549 0.398806
v 0.776100 5.227118 0.262377
v 0.758917 5.422208 0.256257
v 0.162492 4.711069 0.288253
v 0.058697 4.708126 0.172057
v 0.009322 4.705948 0.049719
v -0.003396 4.705804 -0.073975
v 0.006893 4.708455 -0.203433
v 0.054314 4.711433 -0.335120
v 0.331849 4.716839 0.375785
v 0.555635 4.726993 0.380415
v 0.765916 4.739964 0.247444
v 0.888027 4.750784 0.017756
v 0.876470 4.752160 -0.227169
v 0.746222 4.743673 -0.414985
v 0.553200 4.732231 -0.504476
v 0.344270 4.722094 -0.508263
v 0.165687 4.715065 -0.446798
v 0.198229 3.071059 0.001240
v 0.143252 3.072837 -0.088264
v 0.116259 3.076699 -0.174082
v 0.106720 3.084476 -0.256562
v 0.110402 3.085260 -0.344528
v 0.134717 3.093534 -0.439161
v 0.297898 3.071518 0.071354
v 0.446605 3.075677 0.076725
v 0.597885 3.084145 -0.026466
v 0.682057 3.094865 -0.204123
v 0.665792 3.104756 -0.384146
v 0.570598 3.112177 -0.515278
v 0.440763 3.115091 -0.578060
v 0.309301 3.111699 -0.577919
v 0.200020 3.102969 -0.526065
v 0.847619 4.487446 -0.236057
v 0.809975 4.239839 -0.250188
v 0.771788 3.999946 -0.268742
v 0.737333 3.768188 -0.290843
v 0.706493 3.552011 -0.314667
v 0.682281 3.369138 -0.338400
v 0.582565 3.377603 -0.473366
v 0.601977 3.560190 -0.454316
v 0.626679 3.775824 -0.440183
v 0.653886 4.006917 -0.429714
v 0.685008 4.244691 -0.421731
v 0.718215 4.487376 -0.416748
v 0.026784 4.475346 -0.209848
v 0.045220 4.239147 -0.218760
v 0.061165 4.004827 -0.231510
v 0.072929 3.783248 -0.251121
v 0.078555 3.623175 -0.269318
v 0.075419 3.366989 -0.181239
v 0.076389 3.507793 -0.216105
v 0.065122 3.770096 -0.156364
v 0.052705 4.001394 -0.125511
v 0.036300 4.236550 -0.104088
v 0.017158 4.473092 -0.087006
v 0.445217 3.382972 -0.534745
v 0.458376 3.565529 -0.517084
v 0.474815 3.780798 -0.507786
v 0.491885 4.011314 -0.503501
v 0.511905 4.247301 -0.501331
v 0.534363 4.485695 -0.501772
v 0.071935 4.477863 -0.336377
v 0.087486 4.241928 -0.338602
v 0.100458 4.007315 -0.344350
v 0.109270 3.779110 -0.354265
v 0.107105 3.546063 -0.350143
v 0.124364 3.369312 -0.409635
v 0.306325 3.383259 -0.533898
v 0.314715 3.566447 -0.516347
v 0.323762 3.781847 -0.507408
v 0.330375 4.012002 -0.503655
v 0.336927 4.247283 -0.502606
v 0.342628 4.483557 -0.504536
v 0.171412 4.468936 0.259205
v 0.176976 4.228554 0.221313
v 0.181277 3.991736 0.177773
v 0.184136 3.761667 0.131641
v 0.183464 3.545167 0.089071
v 0.182478 3.358124 0.055478
v 0.291920 3.355726 0.122930
v 0.297583 3.541678 0.158693
v 0.305188 3.758245 0.204795
v 0.311493 3.988898 0.255112
v 0.318292 4.226675 0.302693
v 0.325839 4.469199 0.343591
v 0.177387 4.480819 -0.444405
v 0.185720 4.245058 -0.443416
v 0.191373 4.010141 -0.445824
v 0.194336 3.780312 -0.452204
v 0.191967 3.562363 -0.462499
v 0.189364 3.379062 -0.483250
v 0.448643 3.355130 0.128468
v 0.459348 3.540113 0.164605
v 0.475140 3.756701 0.210770
v 0.492985 3.987820 0.261081
v 0.513716 4.226439 0.308556
v 0.536116 4.471668 0.349121
v 0.604923 3.357637 0.026515
v 0.621281 3.541919 0.059797
v 0.645095 3.758449 0.100886
v 0.673347 3.989718 0.145162
v 0.705804 4.228896 0.186786
v 0.739042 4.476789 0.222068
v 0.077929 4.469902 0.148243
v 0.092140 4.231252 0.116256
v 0.103468 3.995199 0.079354
v 0.111710 3.765469 0.039006
v 0.115132 3.548642 0.000509
v 0.117712 3.360950 -0.031089
v 0.695372 3.362378 -0.152044
v 0.717997 3.545915 -0.122886
v 0.748296 3.762372 -0.089515
v 0.783083 3.993943 -0.055283
v 0.821805 4.233914 -0.024285
v 0.859606 4.483348 0.000994
v 0.031041 4.471241 0.030797
v 0.049272 4.233918 0.006062
v 0.064321 3.998366 -0.023252
v 0.075262 3.767956 -0.058023
v 0.080815 3.546777 -0.093639
v 0.084825 3.363900 -0.117310
v 0.214574 2.950742 -0.029879
v 0.163179 2.954040 -0.120058
v 0.137995 2.957538 -0.205135
v 0.128009 2.961650 -0.287019
v 0.130102 2.967149 -0.377496
v 0.153612 2.976600 -0.475450
v 0.309561 2.950265 0.041716
v 0.454987 2.956046 0.048036
v 0.606939 2.968328 -0.055363
v 0.691588 2.982574 -0.233475
v 0.674873 2.994491 -0.413498
v 0.579999 3.002370 -0.546443
v 0.451819 3.004213 -0.610739
v 0.323261 2.999424 -0.611563
v 0.217060 2.988986 -0.561305
v 0.228403 2.831169 -0.065050
v 0.177448 2.836039 -0.154372
v 0.152370 2.840226 -0.239754
v 0.142551 2.844291 -0.325281
v 0.145005 2.849977 -0.422595
v 0.168889 2.859192 -0.524454
v 0.322687 2.828897 0.005278
v 0.468988 2.834301 0.011718
v 0.623578 2.847886 -0.090097
v 0.709454 2.863523 -0.268271
v 0.692694 2.876076 -0.452361
v 0.596154 2.883768 -0.591127
v 0.465548 2.884625 -0.657292
v 0.336703 2.879858 -0.658476
v 0.231794 2.870687 -0.609846
v 0.097762 3.205339 -0.328463
v 0.234737 2.690313 -0.105701
v 0.182137 2.695206 -0.194061
v 0.156235 2.699190 -0.279884
v 0.147027 2.702686 -0.369012
v 0.150730 2.707011 -0.472607
v 0.175449 2.713542 -0.577952
v 0.332432 2.687576 -0.036737
v 0.484845 2.691849 -0.029996
v 0.644492 2.703467 -0.129378
v 0.716612 2.727229 -0.497163
v 0.615977 2.732556 -0.642564
v 0.476729 2.731988 -0.710840
v 0.342807 2.727886 -0.711728
v 0.237898 2.721448 -0.663471
v 0.668321 3.225295 -0.360668
v 0.121713 3.231744 -0.411947
v 0.186798 3.204882 0.028709
v 0.190161 3.231750 -0.501867
v 0.126500 3.206811 -0.058970
v 0.096291 3.214707 -0.145501
v 0.571666 3.233144 -0.493218
v 0.086470 3.261383 -0.233865
v 0.438767 3.237559 -0.555023
v 0.303595 3.236379 -0.554186
v 0.291936 3.204357 0.096582
v 0.444753 3.205842 0.101585
v 0.597408 3.210439 -0.000463
v 0.683289 3.217396 -0.177905
v 0.732746 2.716911 -0.307546
v 0.237716 2.533195 -0.137538
v 0.182807 2.536378 -0.224923
v 0.155453 2.538910 -0.310557
v 0.146354 2.540883 -0.400833
v 0.151128 2.542924 -0.506552
v 0.177195 2.545741 -0.612993
v 0.339168 2.531797 -0.069393
v 0.497449 2.535134 -0.062344
v 0.661941 2.542533 -0.159906
v 0.753661 2.550767 -0.337013
v 0.739493 2.556577 -0.528298
v 0.634810 2.558370 -0.676880
v 0.485084 2.556423 -0.747160
v 0.345088 2.553076 -0.747383
v 0.240007 2.549377 -0.698506
v 0.352719 1.641442 -0.700362
v 0.479061 1.640939 -0.701880
v 0.614757 1.641002 -0.644793
v 0.709248 1.641668 -0.524135
v 0.718140 1.643261 -0.365345
v 0.629216 1.645472 -0.214557
v 0.480738 1.647167 -0.132289
v 0.344989 1.647742 -0.145451
v 0.207783 1.643752 -0.588799
v 0.187613 1.644865 -0.503518
v 0.186449 1.645565 -0.418588
v 0.196225 1.646469 -0.346367
v 0.219004 1.647415 -0.278470
v 0.260688 1.642412 -0.658436
v 0.262454 1.647751 -0.207404
v 0.179227 2.370166 -0.622918
v 0.184255 2.194534 -0.620890
v 0.191901 2.014022 -0.615059
v 0.200027 1.827590 -0.605099
v 0.151726 2.369743 -0.517820
v 0.156519 2.194776 -0.518788
v 0.165656 2.014377 -0.517468
v 0.176593 1.828306 -0.513664
v 0.766934 2.376308 -0.349959
v 0.769173 2.198709 -0.355186
v 0.758536 2.014991 -0.359535
v 0.739317 1.826707 -0.363609
v 0.342731 1.830870 -0.128760
v 0.344082 2.016592 -0.113407
v 0.345440 2.195574 -0.100321
v 0.343757 2.366492 -0.087767
v 0.146380 2.369324 -0.413218
v 0.151023 2.195014 -0.416768
v 0.160489 2.014815 -0.419473
v 0.172849 1.828898 -0.421606
v 0.206451 1.831009 -0.268514
v 0.198068 2.016486 -0.257257
v 0.190969 2.195292 -0.247965
v 0.185171 2.367615 -0.239687
v 0.645986 1.828167 -0.205176
v 0.662731 2.015440 -0.194866
v 0.672637 2.197699 -0.185564
v 0.671867 2.372634 -0.176098
v 0.488184 1.829775 -0.117985
v 0.497904 2.016041 -0.103922
v 0.504617 2.196558 -0.092000
v 0.504340 2.368955 -0.080421
v 0.242657 2.371128 -0.707343
v 0.246495 2.194643 -0.702852
v 0.251253 2.013708 -0.693099
v 0.256275 1.826714 -0.678271
v 0.730476 1.825882 -0.532019
v 0.749634 2.014647 -0.535979
v 0.759766 2.199079 -0.538152
v 0.755638 2.378473 -0.538182
v 0.241301 2.366412 -0.154529
v 0.245584 2.195259 -0.165863
v 0.249230 2.016813 -0.177981
v 0.253676 1.831284 -0.192246
v 0.630667 1.825658 -0.661609
v 0.645444 2.014246 -0.674221
v 0.653146 2.198246 -0.682834
v 0.648912 2.377977 -0.686288
v 0.484867 1.825727 -0.723562
v 0.489878 2.013821 -0.741295
v 0.492683 2.196679 -0.753515
v 0.491007 2.375539 -0.757871
v 0.181889 1.829917 -0.342674
v 0.170426 2.015587 -0.335544
v 0.161472 2.195167 -0.329481
v 0.156151 2.368632 -0.323855
v 0.351772 1.826077 -0.722060
v 0.350055 2.013633 -0.739765
v 0.348571 2.195385 -0.751890
v 0.347014 2.372994 -0.756960
v 0.374145 0.922945 -0.606864
v 0.467513 0.923159 -0.609923
v 0.564077 0.921508 -0.562505
v 0.629487 0.919611 -0.463777
v 0.636522 0.920530 -0.339395
v 0.575318 0.924545 -0.224252
v 0.468379 0.928752 -0.159991
v 0.369699 0.930322 -0.166103
v 0.265209 0.921553 -0.501401
v 0.254066 0.922657 -0.429542
v 0.257392 0.924298 -0.365585
v 0.266119 0.925853 -0.313118
v 0.281193 0.927435 -0.263347
v 0.304008 0.921844 -0.566228
v 0.310499 0.929231 -0.210994
v 0.691071 1.468630 -0.511431
v 0.674804 1.304417 -0.496118
v 0.658288 1.148041 -0.480603
v 0.641976 1.004090 -0.469572
v 0.571688 1.005245 -0.570798
v 0.581680 1.147789 -0.584488
v 0.591743 1.303273 -0.604025
v 0.602092 1.467424 -0.624853
v 0.216312 1.469787 -0.568490
v 0.227234 1.305087 -0.548230
v 0.240390 1.149375 -0.527871
v 0.254929 1.006177 -0.510394
v 0.244347 1.007478 -0.437418
v 0.229084 1.150383 -0.453857
v 0.213550 1.305941 -0.471643
v 0.199528 1.470871 -0.487811
v 0.477443 1.474984 -0.143704
v 0.475456 1.311594 -0.150196
v 0.472576 1.155885 -0.153523
v 0.469452 1.012669 -0.155393
v 0.583719 1.009213 -0.221734
v 0.594450 1.153585 -0.222137
v 0.605562 1.310004 -0.222477
v 0.616471 1.473577 -0.220542
v 0.275591 1.474126 -0.217791
v 0.289118 1.310397 -0.219150
v 0.299169 1.155656 -0.215836
v 0.305624 1.013270 -0.212246
v 0.365728 1.013998 -0.164692
v 0.362633 1.156492 -0.165204
v 0.357927 1.311542 -0.164151
v 0.351104 1.474878 -0.158704
v 0.201674 1.471349 -0.409367
v 0.218730 1.306275 -0.398381
v 0.235520 1.151225 -0.384653
v 0.249401 1.009000 -0.371471
v 0.259734 1.010430 -0.317334
v 0.248306 1.152393 -0.326909
v 0.232243 1.307100 -0.337050
v 0.213673 1.472049 -0.343733
v 0.236015 1.473139 -0.282375
v 0.253539 1.308687 -0.279268
v 0.267169 1.154047 -0.272182
v 0.275972 1.011865 -0.265950
v 0.649441 1.005485 -0.341408
v 0.666067 1.150231 -0.347353
v 0.683191 1.306973 -0.355633
v 0.699882 1.470924 -0.362488
v 0.468062 1.006433 -0.618819
v 0.469703 1.148023 -0.633847
v 0.471998 1.302844 -0.655065
v 0.474691 1.466973 -0.678442
v 0.265751 1.468245 -0.636421
v 0.273645 1.303660 -0.614214
v 0.283626 1.148336 -0.592764
v 0.295246 1.005829 -0.575600
v 0.368986 1.006331 -0.616054
v 0.362796 1.148008 -0.632352
v 0.357936 1.302866 -0.654074
v 0.354224 1.467239 -0.677303
v -0.133584 5.484335 0.413155
v -0.117176 5.304771 0.348926
v -0.028165 5.171303 0.218380
v -0.030572 5.184572 -0.411164
v -0.315637 5.579819 0.430183
v -0.324509 5.440899 0.412354
v -0.519090 5.720026 0.394622
v -0.539354 5.591493 0.388548
v -0.681453 5.868534 0.261101
v -0.711352 5.741649 0.249340
v -0.754500 5.974493 0.047225
v -0.790410 5.846301 0.027584
v -0.736404 5.991135 -0.207418
v -0.771357 5.860144 -0.231074
v -0.636372 5.926041 -0.454838
v -0.664804 5.787899 -0.480362
v -0.470506 5.807274 -0.613505
v -0.490203 5.655079 -0.631932
v -0.279668 5.672649 -0.661117
v -0.288193 5.498652 -0.651452
v -0.102707 5.344997 -0.571556
v -0.115395 5.570116 -0.648995
v -0.133294 5.654973 0.445603
v -0.134782 5.832433 0.472223
v -0.138706 6.015302 0.497523
v -0.140820 6.212751 0.520503
v -0.140933 6.347576 0.532890
v -0.085332 6.388312 -0.318248
v -0.085764 6.306420 -0.375600
v -0.093027 6.157651 -0.477172
v -0.103383 5.976927 -0.575207
v -0.112185 5.777606 -0.639228
v -0.287878 6.361749 0.513944
v -0.294010 6.244425 0.506086
v -0.300171 6.064165 0.489574
v -0.302431 5.892516 0.470071
v -0.306596 5.730556 0.449490
v -0.431165 6.383446 0.460359
v -0.446362 6.294596 0.455027
v -0.466301 6.146095 0.441548
v -0.482699 5.995156 0.425857
v -0.499121 5.852664 0.408528
v -0.542622 6.408463 0.344761
v -0.564274 6.350114 0.336236
v -0.594252 6.238455 0.318227
v -0.623307 6.112706 0.300112
v -0.651882 5.988996 0.280155
v -0.595579 6.430475 0.163736
v -0.618477 6.392384 0.146823
v -0.651015 6.306328 0.120063
v -0.685438 6.199137 0.095743
v -0.720113 6.088197 0.071750
v -0.583001 6.439602 -0.032313
v -0.603765 6.405669 -0.060124
v -0.633759 6.324398 -0.100593
v -0.667887 6.218922 -0.139763
v -0.702957 6.106801 -0.175859
v -0.504668 6.432132 -0.180369
v -0.521201 6.390777 -0.219445
v -0.546248 6.299187 -0.281514
v -0.576747 6.181798 -0.348421
v -0.607960 6.055019 -0.409617
v -0.366032 6.414449 -0.265052
v -0.376921 6.358901 -0.313433
v -0.398021 6.248837 -0.396494
v -0.424432 6.111850 -0.486951
v -0.449561 5.960868 -0.564158
v -0.208510 6.398123 -0.304932
v -0.213593 6.327128 -0.359472
v -0.229910 6.195455 -0.455491
v -0.250580 6.034674 -0.554143
v -0.268239 5.856055 -0.627700
v -0.144458 5.212347 0.324395
v -0.041934 5.145296 -0.378669
v -0.334155 5.322127 0.403261
v -0.555973 5.459121 0.391360
v -0.739599 5.594095 0.249089
v -0.828236 5.686437 0.018930
v -0.809712 5.696033 -0.242258
v -0.695516 5.625784 -0.483608
v -0.511767 5.498729 -0.620072
v -0.302972 5.351263 -0.619680
v -0.131360 5.225161 -0.519878
v -0.159383 4.925706 0.306642
v -0.051419 4.914007 0.187345
v -0.054986 4.911900 -0.337890
v -0.341515 4.944132 0.396088
v -0.573710 4.971029 0.399057
v -0.785489 5.000492 0.260830
v -0.904813 5.020951 0.025382
v -0.893076 5.020664 -0.224306
v -0.764883 5.000200 -0.419577
v -0.567640 4.969869 -0.515387
v -0.349075 4.939981 -0.519736
v -0.164282 4.920089 -0.454250
v -0.865287 5.488805 0.020175
v -0.894008 5.265532 0.024643
v -0.880695 5.265059 -0.229668
v -0.849172 5.492204 -0.239403
v -0.755558 5.226620 -0.436129
v -0.728377 5.433949 -0.463855
v -0.558930 5.164926 -0.539951
v -0.536595 5.333900 -0.582081
v -0.046188 5.098011 -0.354300
v -0.050603 5.036233 -0.343629
v -0.339703 5.100506 -0.541077
v -0.321784 5.223660 -0.578337
v -0.148846 5.145578 0.316687
v -0.151842 5.066014 0.313749
v -0.341567 5.108506 0.402736
v -0.339014 5.220403 0.402427
v -0.144399 5.139925 -0.486791
v -0.155960 5.055433 -0.466037
v -0.575068 5.166751 0.403842
v -0.568067 5.321194 0.399062
v -0.782030 5.226362 0.262650
v -0.764535 5.421674 0.256576
v -0.168364 4.710772 0.289757
v -0.066842 4.708281 0.173291
v -0.023014 4.706719 0.049968
v -0.013378 4.706795 -0.073916
v -0.021604 4.709116 -0.203297
v -0.064858 4.711462 -0.335532
v -0.338135 4.716461 0.376384
v -0.562141 4.726435 0.380773
v -0.772299 4.739233 0.247933
v -0.894132 4.749938 0.018298
v -0.882324 4.751233 -0.226788
v -0.752402 4.742677 -0.415412
v -0.560036 4.731140 -0.506379
v -0.351570 4.721059 -0.510741
v -0.173860 4.714422 -0.448443
v -0.205312 3.070854 0.002553
v -0.149653 3.072757 -0.086754
v -0.122376 3.076581 -0.172470
v -0.112858 3.084364 -0.254938
v -0.116927 3.085223 -0.342940
v -0.142164 3.093375 -0.437235
v -0.305677 3.071048 0.072294
v -0.454650 3.074911 0.077325
v -0.606181 3.083080 -0.025705
v -0.691147 3.093598 -0.202849
v -0.675349 3.103380 -0.382549
v -0.579772 3.110628 -0.513232
v -0.449499 3.113479 -0.575247
v -0.317940 3.110380 -0.574701
v -0.208397 3.102307 -0.523343
v -0.854017 4.486500 -0.235599
v -0.816908 4.238847 -0.249641
v -0.779276 3.998897 -0.268068
v -0.745394 3.767079 -0.290004
v -0.715096 3.550843 -0.313635
v -0.691331 3.367872 -0.337203
v -0.591639 3.376254 -0.471973
v -0.610858 3.558979 -0.453315
v -0.635159 3.774668 -0.439595
v -0.661876 4.005812 -0.429496
v -0.692470 4.243638 -0.421813
v -0.725089 4.486370 -0.417031
v -0.036966 4.475615 -0.209404
v -0.053920 4.239180 -0.217955
v -0.068909 4.004730 -0.230412
v -0.080165 3.783069 -0.249803
v -0.085596 3.622952 -0.267882
v -0.081839 3.366931 -0.180043
v -0.082994 3.507681 -0.214863
v -0.071650 3.770104 -0.155395
v -0.059693 4.001493 -0.124710
v -0.044338 4.236794 -0.103471
v -0.027139 4.473631 -0.086640
v -0.454183 3.381681 -0.532759
v -0.467358 3.564397 -0.515711
v -0.483542 3.779706 -0.507122
v -0.500250 4.010246 -0.503544
v -0.519856 4.246253 -0.502034
v -0.541820 4.484654 -0.503074
v -0.081275 4.477657 -0.336225
v -0.096423 4.241615 -0.337807
v -0.109036 4.006938 -0.343014
v -0.117503 3.778686 -0.352559
v -0.114813 3.545653 -0.348319
v -0.132290 3.368804 -0.407527
v -0.315264 3.382176 -0.531320
v -0.323738 3.565477 -0.514317
v -0.332627 3.780901 -0.506153
v -0.338960 4.011064 -0.503288
v -0.345158 4.246347 -0.503161
v -0.350431 4.482599 -0.506033
v -0.177667 4.468612 0.260523
v -0.183661 4.228260 0.222410
v -0.188284 3.991486 0.178678
v -0.191346 3.761453 0.132459
v -0.190737 3.544961 0.089984
v -0.189762 3.357873 0.056589
v -0.299543 3.355383 0.123676
v -0.305043 3.541427 0.159320
v -0.312503 3.757969 0.205391
v -0.318592 3.988582 0.255769
v -0.325126 4.226333 0.303395
v -0.332384 4.468847 0.344266
v -0.185740 4.480138 -0.445101
v -0.194319 4.244366 -0.443176
v -0.200147 4.009436 -0.444729
v -0.203165 3.779589 -0.450405
v -0.200720 3.561628 -0.460219
v -0.198001 3.378298 -0.480710
v -0.456359 3.354590 0.129001
v -0.466858 3.539673 0.165146
v -0.482499 3.756238 0.211320
v -0.500162 3.987334 0.261645
v -0.520669 4.225953 0.309094
v -0.542826 4.471176 0.349581
v -0.612822 3.356813 0.027225
v -0.628938 3.541195 0.060563
v -0.652534 3.757720 0.101659
v -0.680550 3.988988 0.145921
v -0.712743 4.228183 0.187496
v -0.745696 4.476089 0.222688
v -0.084834 4.469840 0.149479
v -0.099011 4.231147 0.117324
v -0.110377 3.995086 0.080305
v -0.118637 3.765347 0.039968
v -0.122008 3.548500 0.001638
v -0.124512 3.360778 -0.029733
v -0.703893 3.361305 -0.150967
v -0.726100 3.544947 -0.121835
v -0.755962 3.761436 -0.088547
v -0.790323 3.993040 -0.054405
v -0.828645 4.233047 -0.023496
v -0.866070 4.482504 0.001676
v -0.039688 4.471617 0.031414
v -0.056663 4.234075 0.006818
v -0.071131 3.998423 -0.022417
v -0.081813 3.767955 -0.057082
v -0.087315 3.546738 -0.092537
v -0.091320 3.363817 -0.116002
v -0.221538 2.950418 -0.028383
v -0.169340 2.953790 -0.118332
v -0.143756 2.957394 -0.203451
v -0.133757 2.961648 -0.285450
v -0.136317 2.967182 -0.375872
v -0.160881 2.976420 -0.473368
v -0.317242 2.949842 0.042751
v -0.462995 2.955363 0.048758
v -0.615311 2.967292 -0.054374
v -0.700759 2.981282 -0.231927
v -0.684408 2.993037 -0.411653
v -0.589127 3.000782 -0.544140
v -0.460551 3.002626 -0.607687
v -0.331921 2.998138 -0.608139
v -0.225366 2.988271 -0.558377
v -0.235329 2.830713 -0.063416
v -0.183486 2.835642 -0.152500
v -0.157895 2.840037 -0.238001
v -0.148118 2.844200 -0.323587
v -0.151168 2.849817 -0.420737
v -0.176164 2.858752 -0.522105
v -0.330291 2.828485 0.006385
v -0.476968 2.833637 0.012552
v -0.632026 2.846784 -0.088864
v -0.718618 2.862081 -0.266448
v -0.702035 2.874448 -0.450254
v -0.605055 2.882069 -0.588608
v -0.474141 2.883024 -0.654146
v -0.345329 2.878600 -0.655018
v -0.240097 2.869842 -0.606771
v -0.104580 3.205115 -0.326755
v -0.241699 2.689849 -0.104008
v -0.188269 2.694753 -0.192105
v -0.161852 2.698814 -0.277911
v -0.152738 2.702294 -0.366993
v -0.157140 2.706516 -0.470431
v -0.182910 2.712869 -0.575426
v -0.340037 2.687146 -0.035542
v -0.492867 2.691147 -0.028994
v -0.653019 2.702301 -0.127789
v -0.725701 2.725489 -0.494637
v -0.624635 2.730805 -0.639730
v -0.485165 2.730413 -0.707608
v -0.351312 2.726661 -0.708363
v -0.246181 2.720542 -0.660426
v -0.677683 3.223917 -0.359322
v -0.129338 3.231385 -0.409960
v -0.194050 3.204619 0.029947
v -0.198629 3.231000 -0.499238
v -0.133161 3.206686 -0.057520
v -0.102678 3.214579 -0.143971
v -0.580763 3.231601 -0.491511
v -0.092938 3.261180 -0.232301
v -0.447523 3.235994 -0.552590
v -0.312294 3.235094 -0.551253
v -0.299746 3.203846 0.097443
v -0.452732 3.205069 0.102107
v -0.605568 3.209386 0.000173
v -0.692161 3.216142 -0.176824
v -0.741844 2.715366 -0.305293
v -0.244892 2.532725 -0.135729
v -0.189276 2.535851 -0.222830
v -0.161457 2.538323 -0.308331
v -0.152461 2.540204 -0.398471
v -0.157891 2.542192 -0.504098
v -0.184793 2.544922 -0.610317
v -0.346922 2.531334 -0.068032
v -0.505619 2.534369 -0.061068
v -0.670579 2.541292 -0.157900
v -0.762719 2.549147 -0.334285
v -0.748422 2.554800 -0.525285
v -0.643340 2.556633 -0.673653
v -0.493431 2.554882 -0.743742
v -0.353481 2.551854 -0.744005
v -0.248197 2.548388 -0.695426
v -0.361175 1.640198 -0.695383
v -0.487605 1.639475 -0.696361
v -0.623484 1.639228 -0.639332
v -0.718582 1.639793 -0.518925
v -0.727977 1.641661 -0.360276
v -0.639028 1.644262 -0.210120
v -0.490416 1.646273 -0.128811
v -0.354461 1.647012 -0.142371
v -0.215512 1.642820 -0.585381
v -0.195051 1.644048 -0.500392
v -0.193913 1.644766 -0.415400
v -0.204016 1.645676 -0.343029
v -0.227291 1.646700 -0.275147
v -0.268868 1.641336 -0.654333
v -0.271371 1.647077 -0.204225
v -0.186896 2.369234 -0.620041
v -0.191944 2.193557 -0.617844
v -0.199588 2.013026 -0.611857
v -0.207753 1.826628 -0.601814
v -0.158796 2.368901 -0.515157
v -0.163743 2.193896 -0.515962
v -0.172956 2.013475 -0.514485
v -0.183966 1.827438 -0.510611
v -0.776018 2.374560 -0.346830
v -0.778352 2.196898 -0.351629
v -0.767890 2.013160 -0.355538
v -0.748890 1.824929 -0.359124
v -0.351996 1.830088 -0.125972
v -0.352946 2.015890 -0.111014
v -0.353903 2.194957 -0.098321
v -0.351855 2.365937 -0.086108
v -0.152960 2.368565 -0.410690
v -0.157916 2.194232 -0.414083
v -0.167593 2.013982 -0.416556
v -0.180143 1.828043 -0.418489
v -0.214476 1.830282 -0.265380
v -0.205750 2.015797 -0.254440
v -0.198294 2.194654 -0.245465
v -0.192119 2.367009 -0.237414
v -0.655529 1.826826 -0.201275
v -0.671997 2.014022 -0.191478
v -0.681641 2.196287 -0.182657
v -0.680669 2.371279 -0.173664
v -0.497602 1.828826 -0.114929
v -0.506972 2.015102 -0.101335
v -0.513340 2.195663 -0.089876
v -0.512764 2.368109 -0.078751
v -0.250799 2.370069 -0.704117
v -0.254627 2.193556 -0.699439
v -0.259367 2.012589 -0.689459
v -0.264399 1.825590 -0.674409
v -0.739586 1.823857 -0.527373
v -0.758648 2.012676 -0.531741
v -0.768695 2.197178 -0.534310
v -0.764524 2.376624 -0.534753
v -0.248920 2.365824 -0.152460
v -0.253591 2.194610 -0.163515
v -0.257605 2.016115 -0.175313
v -0.262378 1.830570 -0.189295
v -0.639200 1.823732 -0.656716
v -0.653964 2.012380 -0.669778
v -0.661647 2.196445 -0.678816
v -0.657392 2.376209 -0.682676
v -0.493179 1.824084 -0.718571
v -0.498163 2.012178 -0.736798
v -0.500962 2.195067 -0.749452
v -0.499283 2.373953 -0.754171
v -0.189439 1.829089 -0.339432
v -0.177638 2.014859 -0.332698
v -0.168346 2.194526 -0.326980
v -0.162647 2.368006 -0.321525
v -0.360036 1.824699 -0.717474
v -0.358346 2.012290 -0.735593
v -0.356895 2.194091 -0.748071
v -0.355342 2.371727 -0.753410
v -0.382497 0.921745 -0.600098
v -0.476041 0.921787 -0.602421
v -0.573218 0.920083 -0.555046
v -0.639700 0.918178 -0.456653
v -0.647443 0.919092 -0.332678
v -0.586264 0.923395 -0.218120
v -0.479167 0.927958 -0.154726
v -0.380377 0.929662 -0.161621
v -0.272764 0.920659 -0.496700
v -0.261521 0.921715 -0.424888
v -0.265358 0.923431 -0.360979
v -0.274872 0.925062 -0.308502
v -0.290693 0.926806 -0.259091
v -0.312071 0.920880 -0.560764
v -0.320692 0.928681 -0.206933
v -0.700664 1.466932 -0.505674
v -0.684610 1.302825 -0.489910
v -0.668280 1.146482 -0.474037
v -0.652102 1.002545 -0.462704
v -0.580768 1.003731 -0.563553
v -0.590850 1.146342 -0.577548
v -0.600884 1.301831 -0.597489
v -0.611074 1.465864 -0.618815
v -0.223950 1.468801 -0.564709
v -0.234769 1.304062 -0.544088
v -0.247858 1.148317 -0.523364
v -0.262401 1.005158 -0.505661
v -0.251748 1.006457 -0.432775
v -0.236446 1.149407 -0.449605
v -0.220921 1.305038 -0.467828
v -0.206980 1.470016 -0.484359
v -0.487363 1.474112 -0.139854
v -0.485627 1.310736 -0.145955
v -0.483029 1.155007 -0.148884
v -0.480173 1.011781 -0.150368
v -0.594602 1.007979 -0.215801
v -0.605070 1.152431 -0.216459
v -0.615904 1.308888 -0.217143
v -0.626561 1.472421 -0.215639
v -0.284768 1.473397 -0.214261
v -0.298606 1.309630 -0.215315
v -0.309037 1.154877 -0.211741
v -0.315793 1.012565 -0.208067
v -0.376363 1.013231 -0.160291
v -0.372920 1.155748 -0.161122
v -0.367860 1.310841 -0.160438
v -0.360769 1.474182 -0.155320
v -0.209259 1.470534 -0.405908
v -0.226401 1.305424 -0.394589
v -0.243357 1.150321 -0.380447
v -0.257349 1.008066 -0.366880
v -0.268447 1.009567 -0.312747
v -0.256805 1.151563 -0.322780
v -0.240393 1.306315 -0.333331
v -0.221591 1.471280 -0.340271
v -0.244515 1.472385 -0.278803
v -0.262327 1.307908 -0.275440
v -0.276344 1.153262 -0.268074
v -0.285413 1.011130 -0.261640
v -0.660289 1.003988 -0.334871
v -0.676668 1.148829 -0.341016
v -0.693528 1.305588 -0.349611
v -0.709981 1.469456 -0.356903
v -0.476613 1.005064 -0.611416
v -0.478516 1.146830 -0.626761
v -0.480900 1.301696 -0.648460
v -0.483481 1.465717 -0.672379
v -0.273934 1.467196 -0.631964
v -0.281805 1.302627 -0.609389
v -0.291717 1.147292 -0.587577
v -0.303279 1.004796 -0.570177
v -0.377388 1.005144 -0.609376
v -0.371435 1.146964 -0.626024
v -0.366684 1.301867 -0.648213
v -0.362897 1.466160 -0.671909
v 0.127491 5.568696 0.430740
v 0.057785 5.637867 0.441738
v -0.003317 5.542705 0.423172
v 0.057001 5.462806 0.405055
v 0.123718 5.399995 0.388624
v -0.003337 5.373184 0.374275
v 0.044693 5.297581 0.337855
v 0.052289 5.221983 0.282542
v -0.003939 5.226979 0.281913
v 0.009093 5.176106 0.220349
v 0.003814 5.144827 0.155481
v -0.003346 5.144094 0.154012
v -0.002445 5.131173 0.100115
v -0.004101 5.124843 0.008330
v -0.000740 5.119623 0.002463
v -0.001020 5.119414 -0.081075
v -0.004606 5.124599 -0.171446
v -0.000030 5.120825 -0.171223
v -0.002136 5.135334 -0.278865
v 0.006433 5.150603 -0.338331
v -0.002484 5.153529 -0.343365
v 0.010441 5.192254 -0.419324
v 0.212702 5.524790 0.424045
v 0.213673 5.373259 0.389897
v 0.314393 5.509284 0.420862
v 0.412565 5.646848 0.422834
v 0.427269 5.514677 0.413641
v 0.523852 5.656451 0.390296
v 0.603917 5.796476 0.340302
v 0.629304 5.669476 0.332649
v 0.691037 5.807559 0.253720
v 0.724806 5.931367 0.161226
v 0.758291 5.804000 0.144930
v 0.766920 5.914066 0.036075
v 0.750941 5.995354 -0.077195
v 0.787303 5.866164 -0.099222
v 0.748295 5.929420 -0.220762
v 0.690965 5.967657 -0.337291
v 0.722987 5.833946 -0.362394
v 0.645074 5.859579 -0.470255
v 0.554270 5.871779 -0.548992
v 0.578549 5.727618 -0.572700
v 0.474725 5.731522 -0.626203
v 0.369457 5.739278 -0.648662
v 0.383536 5.577415 -0.655835
v 0.277978 5.583792 -0.660223
v 0.048022 5.245052 -0.487999
v -0.003794 5.255385 -0.496274
v 0.038379 5.340028 -0.563853
v 0.106310 5.463810 -0.623961
v -0.003444 5.435193 -0.612372
v 0.048150 5.546196 -0.642886
v 0.047141 5.757626 -0.639257
v 0.108860 5.674462 -0.652274
v -0.003231 5.644939 -0.649143
v 0.186439 5.423244 -0.620943
v 0.185474 5.614416 -0.657545
v 0.208580 5.686021 0.449697
v 0.304934 5.653899 0.439523
v 0.398269 5.787712 0.437945
v 0.503138 5.785697 0.400648
v 0.578788 5.922267 0.356015
v 0.661149 5.929256 0.269980
v 0.692212 6.047522 0.183446
v 0.732082 6.032757 0.059190
v 0.716414 6.108582 -0.050008
v 0.714640 6.050396 -0.192509
v 0.659784 6.088324 -0.299018
v 0.617204 5.991324 -0.434665
v 0.529377 6.011726 -0.499321
v 0.455107 5.884130 -0.592609
v 0.353445 5.907661 -0.605358
v 0.269197 5.764185 -0.649732
v 0.178707 5.811285 -0.636832
v 0.078806 6.360603 -0.337337
v 0.135573 6.392142 -0.313654
v 0.204315 6.374109 -0.323460
v 0.137686 6.314861 -0.369945
v 0.082866 6.236757 -0.424256
v 0.215548 6.265592 -0.405064
v 0.149513 6.173586 -0.469518
v 0.092143 6.070457 -0.528902
v 0.234869 6.117983 -0.506366
v 0.165364 6.001711 -0.568365
v 0.102346 5.878787 -0.612689
v 0.254786 5.946853 -0.595261
v 0.281224 6.405219 -0.289339
v 0.365423 6.395993 -0.282182
v 0.288908 6.341852 -0.341167
v 0.381510 6.308263 -0.352784
v 0.307941 6.221149 -0.431839
v 0.405834 6.182938 -0.442010
v 0.331939 6.072562 -0.528194
v 0.432308 6.037497 -0.528421
v 0.437255 6.423319 -0.229892
v 0.507543 6.418963 -0.195066
v 0.450425 6.375773 -0.273812
v 0.528175 6.349694 -0.249298
v 0.472831 6.275954 -0.347062
v 0.555946 6.242753 -0.314959
v 0.501099 6.149623 -0.427527
v 0.587504 6.119176 -0.380533
v 0.548998 6.437043 -0.114800
v 0.587894 6.428959 -0.042916
v 0.566991 6.401085 -0.148296
v 0.613596 6.369792 -0.080219
v 0.593907 6.316404 -0.198837
v 0.645428 6.273660 -0.120604
v 0.626283 6.206283 -0.250981
v 0.680550 6.163603 -0.158329
v 0.594150 6.436078 0.063118
v 0.600828 6.418090 0.158371
v 0.615305 6.402728 0.040820
v 0.629651 6.353860 0.133312
v 0.646323 6.322158 0.008115
v 0.663084 6.254325 0.107512
v 0.680990 6.218128 -0.021864
v 0.697762 6.144272 0.083784
v 0.573182 6.419474 0.260733
v 0.546375 6.388872 0.343346
v 0.595571 6.373953 0.248280
v 0.574081 6.298051 0.327255
v 0.627309 6.278079 0.226077
v 0.603755 6.176314 0.309171
v 0.659838 6.163447 0.205279
v 0.632233 6.050752 0.290204
v 0.487709 6.395299 0.411847
v 0.431680 6.353099 0.459802
v 0.506669 6.322728 0.405536
v 0.451318 6.222592 0.448505
v 0.532457 6.193348 0.390475
v 0.469489 6.070195 0.433918
v 0.555847 6.055058 0.374203
v 0.485042 5.923044 0.417026
v 0.356020 6.371712 0.493246
v 0.284650 6.321014 0.511920
v 0.366819 6.267899 0.487148
v 0.292214 6.154671 0.498249
v 0.379836 6.102221 0.473024
v 0.296010 5.977138 0.480033
v 0.388616 5.939984 0.456134
v 0.298160 5.810637 0.459658
v 0.207913 6.353447 0.526192
v 0.135163 6.300218 0.528986
v 0.210272 6.225910 0.515948
v 0.134533 6.112897 0.509516
v 0.210962 6.035195 0.496046
v 0.130907 5.922596 0.484960
v 0.208506 5.856668 0.473395
v 0.127403 5.743402 0.459153
v 0.035032 6.385931 -0.320015
v 0.034597 6.301369 -0.378064
v -0.003231 6.356402 -0.340001
v 0.037697 6.148118 -0.480828
v -0.003349 6.227425 -0.428534
v 0.042708 5.962029 -0.578124
v -0.003348 6.054400 -0.533615
v -0.003273 5.855612 -0.614856
v 0.065202 6.343887 0.536019
v -0.002898 6.293273 0.532282
v 0.064556 6.204983 0.522197
v -0.002919 6.099811 0.510346
v 0.062452 6.004185 0.497249
v -0.003046 5.906690 0.483417
v 0.059382 5.819267 0.470363
v -0.003264 5.723721 0.455475
v 0.784968 5.783844 -0.238756
v 0.803874 5.771834 0.021462
v 0.826796 5.703058 -0.110386
v -0.008228 5.130870 -0.266702
v 0.027437 5.168155 -0.395369
v 0.004721 5.127112 -0.311311
v 0.720319 5.671581 0.247527
v 0.542615 5.526325 0.388725
v 0.651690 5.529449 0.335358
v 0.288932 5.422125 -0.635629
v 0.495003 5.578348 -0.629039
v 0.400973 5.424968 -0.633995
v -0.008155 5.130491 0.093933
v -0.010484 5.121843 -0.077503
v -0.016302 5.116241 -0.000261
v 0.324056 5.379034 0.406222
v 0.130425 5.253384 0.332943
v 0.226083 5.263011 0.370745
v 0.674538 5.711253 -0.485069
v 0.758191 5.670135 -0.370823
v 0.017803 5.162406 0.214101
v 0.062081 5.173781 0.269218
v 0.791996 5.649311 0.140261
v 0.114708 5.278406 -0.541064
v 0.202033 5.284214 -0.576564
v -0.015634 5.114731 -0.159059
v 0.439174 5.388999 0.412349
v 0.604738 5.567944 -0.568654
v 0.066854 5.178301 -0.449556
v -0.010298 5.131147 0.142526
v 0.023642 4.986964 0.192868
v -0.015389 5.023792 0.131915
v -0.016896 4.977738 0.079502
v 0.007477 4.906586 0.126314
v 0.884574 5.147035 -0.226286
v 0.897824 5.271535 -0.104815
v 0.896405 5.147647 0.025455
v 0.910192 5.024628 -0.102600
v -0.023614 5.028289 0.000095
v -0.021000 4.971057 -0.066837
v -0.014932 4.879558 -0.001142
v 0.757758 5.118451 -0.425453
v 0.824848 5.250700 -0.343158
v 0.835401 5.013342 -0.332699
v -0.021148 5.029109 -0.141448
v -0.014142 4.978843 -0.224657
v -0.014487 4.880398 -0.136750
v 0.559472 5.074218 -0.522652
v 0.657909 5.198533 -0.500990
v 0.666096 4.986693 -0.479109
v 0.004612 5.033054 -0.280717
v 0.037784 4.984805 -0.340091
v 0.010094 4.906851 -0.273913
v 0.338918 5.028993 -0.524858
v 0.442461 5.132621 -0.548511
v 0.451234 4.955411 -0.524243
v 0.335827 5.035623 0.400188
v 0.232620 5.085424 0.363319
v 0.148589 5.006451 0.309314
v 0.235839 4.934183 0.356498
v 0.081809 5.043492 -0.406893
v 0.152111 4.997781 -0.456751
v 0.089169 4.915323 -0.399004
v 0.569370 5.076394 0.402716
v 0.450139 5.136873 0.419051
v 0.448537 4.957289 0.413050
v 0.232755 5.075509 -0.508396
v 0.241689 4.929299 -0.491839
v 0.779773 5.119159 0.262668
v 0.680902 5.198334 0.350291
v 0.681011 4.986797 0.346904
v 0.066925 5.050888 0.257258
v 0.087137 4.919421 0.246977
v 0.846990 5.250818 0.149892
v 0.854123 5.013549 0.149362
v 0.841868 5.592525 0.018349
v 0.747127 5.511347 0.252091
v 0.823559 5.462409 0.144643
v 0.875860 5.380151 0.022184
v 0.768864 5.327552 0.260022
v 0.139352 5.178177 0.318061
v -0.008928 5.131370 0.217221
v 0.062274 5.122446 0.262546
v 0.141790 5.110962 0.314047
v -0.009916 5.080667 0.213553
v 0.556906 5.391437 0.394797
v 0.669641 5.373794 0.344220
v 0.566391 5.247853 0.402052
v 0.130187 5.180726 -0.499627
v 0.305752 5.286047 -0.597107
v 0.217906 5.177444 -0.537997
v 0.142390 5.101169 -0.472852
v 0.325031 5.164407 -0.554952
v 0.331191 5.270414 0.401791
v 0.446485 5.269266 0.416451
v 0.334431 5.168778 0.402472
v 0.029646 5.121954 -0.364248
v 0.074229 5.114416 -0.421433
v 0.032861 5.071689 -0.347675
v 0.230141 5.178998 0.365076
v 0.518279 5.417383 -0.602001
v 0.422428 5.278188 -0.591365
v 0.543098 5.251205 -0.557633
v -0.014205 5.104204 -0.243755
v 0.002946 5.089596 -0.289842
v -0.015704 5.064731 -0.231052
v 0.706820 5.533446 -0.475987
v 0.633412 5.388117 -0.538191
v 0.738425 5.332234 -0.449189
v -0.021599 5.101332 -0.073974
v -0.021152 5.084528 -0.147237
v -0.024514 5.062231 -0.069327
v 0.824616 5.599102 -0.242670
v 0.795093 5.470359 -0.360962
v 0.861614 5.381068 -0.234893
v -0.018888 5.106378 0.065737
v -0.023843 5.085688 -0.003104
v -0.022151 5.064527 0.064451
v 0.866514 5.499832 -0.110242
v -0.016616 5.094872 0.134564
v 0.896102 4.888309 0.022499
v 0.774630 4.873499 0.255503
v 0.841817 4.746126 0.139455
v 0.048546 4.818834 0.180061
v -0.000842 4.810376 0.058442
v 0.028113 4.707093 0.110845
v 0.569766 3.170650 -0.503528
v 0.627411 3.229390 -0.435447
v 0.665534 3.163130 -0.371930
v 0.625286 3.108873 -0.457804
v 0.884809 4.888755 -0.225003
v 0.899700 4.752948 -0.107582
v -0.011043 4.806650 -0.069900
v -0.000255 4.705425 -0.012010
v 0.755281 4.874916 -0.415932
v 0.822822 4.748754 -0.332084
v -0.001651 4.811994 -0.204644
v -0.001301 4.706865 -0.137519
v 0.559089 4.855476 -0.507474
v 0.654307 4.737944 -0.472174
v 0.046941 4.819335 -0.335512
v 0.024236 4.710176 -0.269741
v 0.343775 4.837145 -0.511346
v 0.448021 4.726869 -0.515395
v 0.333982 4.836486 0.387423
v 0.157659 4.825500 0.298228
v 0.238449 4.713455 0.337885
v 0.160383 4.824753 -0.448785
v 0.100781 4.712899 -0.395658
v 0.562716 4.853612 0.391385
v 0.440140 4.721390 0.393393
v 0.248178 4.718121 -0.484994
v 0.667641 4.733338 0.330856
v 0.103074 4.709372 0.231957
v 0.096262 3.160783 -0.244866
v 0.093237 3.239576 -0.294647
v 0.102253 3.148978 -0.333895
v 0.106969 3.085128 -0.300130
v 0.438545 3.174311 -0.565753
v 0.507142 3.236003 -0.532781
v 0.507513 3.114349 -0.555212
v 0.104349 3.232574 -0.360813
v 0.127023 3.159311 -0.424957
v 0.118662 3.089254 -0.390917
v 0.305251 3.172022 -0.565184
v 0.370027 3.237655 -0.561658
v 0.373789 3.114216 -0.585168
v 0.294156 3.136413 0.084348
v 0.232708 3.204438 0.067041
v 0.191651 3.136229 0.015465
v 0.241367 3.070911 0.040873
v 0.149690 3.230575 -0.460384
v 0.193896 3.165211 -0.512919
v 0.161308 3.098057 -0.485515
v 0.444935 3.139238 0.089370
v 0.364148 3.204763 0.110796
v 0.367708 3.073055 0.085991
v 0.242447 3.234125 -0.533794
v 0.250246 3.107766 -0.557653
v 0.596604 3.145602 -0.013272
v 0.525584 3.207741 0.063902
v 0.526556 3.079432 0.038585
v 0.152139 3.205634 -0.014294
v 0.134044 3.137848 -0.073194
v 0.166338 3.071759 -0.042980
v 0.681263 3.154323 -0.190732
v 0.652002 3.213739 -0.084153
v 0.651783 3.089439 -0.110645
v 0.108292 3.209126 -0.103049
v 0.105530 3.143445 -0.159624
v 0.127045 3.074340 -0.132181
v 0.688386 3.221258 -0.272731
v 0.686225 3.100043 -0.297762
v 0.089327 3.228473 -0.187254
v 0.109746 3.080377 -0.214942
v 0.020288 4.590047 0.041055
v 0.006586 4.591249 -0.079808
v 0.020893 4.472087 -0.027896
v 0.040698 4.352444 0.019005
v 0.027132 4.354744 -0.095167
v 0.039834 4.235223 -0.048870
v 0.057132 4.115712 -0.007946
v 0.044847 4.118575 -0.113999
v 0.055794 3.999827 -0.074313
v 0.070487 3.882412 -0.040021
v 0.059526 3.885480 -0.139320
v 0.067583 3.768356 -0.107066
v 0.078598 3.655308 -0.076510
v 0.070031 3.650691 -0.179215
v 0.074669 3.536674 -0.146006
v 0.082374 3.449283 -0.105773
v 0.074617 3.419976 -0.189323
v 0.077758 3.365506 -0.154618
v 0.863696 4.617340 -0.230900
v 0.875536 4.614676 0.010581
v 0.871138 4.485941 -0.120292
v 0.829348 4.362207 -0.242527
v 0.841325 4.356937 -0.010759
v 0.832907 4.236892 -0.139905
v 0.790526 4.119107 -0.258946
v 0.802108 4.113010 -0.039215
v 0.793543 3.996696 -0.164689
v 0.754091 3.882807 -0.279453
v 0.765149 3.876941 -0.072204
v 0.757928 3.764937 -0.193048
v 0.721387 3.657180 -0.302650
v 0.732478 3.651286 -0.106602
v 0.726391 3.548578 -0.221899
v 0.693249 3.455393 -0.326675
v 0.705448 3.449003 -0.138035
v 0.702059 3.365421 -0.248485
v 0.068777 4.589869 0.161446
v 0.049430 4.470531 0.089614
v 0.085628 4.350319 0.132988
v 0.066174 4.232610 0.061198
v 0.098026 4.112712 0.098357
v 0.079725 3.996847 0.028056
v 0.108168 3.879303 0.059394
v 0.089550 3.767014 -0.009345
v 0.113936 3.654592 0.019067
v 0.094128 3.549202 -0.045944
v 0.116044 3.450222 -0.016102
v 0.097787 3.362380 -0.075248
v 0.753768 4.606499 0.236224
v 0.813720 4.480101 0.118347
v 0.722729 4.351320 0.205425
v 0.777496 4.231168 0.087668
v 0.689131 4.108443 0.166571
v 0.741132 3.991620 0.050925
v 0.658698 3.872926 0.123039
v 0.708941 3.760244 0.011340
v 0.632510 3.647372 0.079542
v 0.681449 3.543742 -0.026087
v 0.611962 3.444765 0.042121
v 0.661787 3.359812 -0.057433
v 0.167280 4.590454 0.275097
v 0.118064 4.469343 0.205421
v 0.174559 4.348313 0.241122
v 0.128551 4.229862 0.170185
v 0.179153 4.109559 0.200106
v 0.136826 3.993455 0.129739
v 0.183085 3.875618 0.154721
v 0.142811 3.763604 0.086411
v 0.184192 3.650852 0.109452
v 0.144547 3.547047 0.045883
v 0.182607 3.447057 0.071078
v 0.145533 3.359532 0.013173
v 0.546566 4.598297 0.366149
v 0.643540 4.473898 0.301926
v 0.524952 4.347978 0.329827
v 0.614930 4.227291 0.263289
v 0.502951 4.106376 0.285518
v 0.587771 3.988391 0.218004
v 0.483801 3.871119 0.235880
v 0.564398 3.757177 0.170017
v 0.466883 3.645642 0.186709
v 0.544555 3.540616 0.125868
v 0.453122 3.442727 0.145122
v 0.531202 3.356004 0.090888
v 0.171664 4.598781 -0.445446
v 0.343956 4.602804 -0.506173
v 0.254255 4.482254 -0.481675
v 0.182086 4.362900 -0.443647
v 0.340164 4.365244 -0.503275
v 0.256419 4.246380 -0.480003
v 0.188727 4.127294 -0.444064
v 0.333542 4.129385 -0.502738
v 0.256434 4.011304 -0.481545
v 0.193428 3.894291 -0.448632
v 0.327275 3.895879 -0.505200
v 0.254885 3.781347 -0.486363
v 0.193721 3.669056 -0.456502
v 0.319509 3.671283 -0.510833
v 0.249303 3.565322 -0.496015
v 0.190455 3.464315 -0.472384
v 0.310066 3.469905 -0.524312
v 0.243351 3.381754 -0.514098
v 0.329118 4.592838 0.360977
v 0.426826 4.470120 0.361048
v 0.322127 4.347262 0.324087
v 0.411719 4.226285 0.319829
v 0.314700 4.107126 0.279584
v 0.398027 3.988040 0.271657
v 0.308457 3.872455 0.229902
v 0.386030 3.757112 0.220622
v 0.301474 3.647289 0.180747
v 0.374352 3.540518 0.173829
v 0.294171 3.443951 0.139343
v 0.366173 3.355086 0.137431
v 0.063029 4.595756 -0.335592
v 0.116132 4.479319 -0.394776
v 0.080137 4.359850 -0.337314
v 0.128814 4.243505 -0.394993
v 0.094245 4.124201 -0.340761
v 0.138794 4.008720 -0.398702
v 0.105712 3.892110 -0.349305
v 0.145260 3.779102 -0.406760
v 0.110214 3.667148 -0.356246
v 0.145022 3.556180 -0.415205
v 0.116026 3.426897 -0.380412
v 0.148308 3.374796 -0.445059
v 0.240117 4.468838 0.306862
v 0.239614 4.227461 0.267077
v 0.238904 3.990181 0.221106
v 0.237650 3.759832 0.172553
v 0.233810 3.543310 0.128024
v 0.230579 3.356807 0.093365
v 0.544668 4.607778 -0.502792
v 0.437472 4.484701 -0.511822
v 0.523143 4.365973 -0.501251
v 0.423092 4.247619 -0.510217
v 0.501385 4.128986 -0.502107
v 0.409663 4.012063 -0.511362
v 0.483189 3.894975 -0.505361
v 0.397823 3.781718 -0.514840
v 0.466475 3.670209 -0.511402
v 0.385196 3.566473 -0.523586
v 0.451095 3.469275 -0.525116
v 0.374558 3.383696 -0.541157
v 0.016651 4.593406 -0.206039
v 0.043275 4.476546 -0.273520
v 0.036368 4.357168 -0.214093
v 0.060638 4.240472 -0.278708
v 0.053511 4.121409 -0.224327
v 0.075507 4.006113 -0.287513
v 0.067780 3.891056 -0.240635
v 0.086070 3.782512 -0.301269
v 0.076444 3.688506 -0.261487
v 0.087362 3.599833 -0.301383
v 0.733440 4.613441 -0.415406
v 0.629472 4.486590 -0.471231
v 0.701721 4.365044 -0.418860
v 0.600660 4.246313 -0.472978
v 0.668910 4.125278 -0.425369
v 0.574696 4.009606 -0.477386
v 0.639919 3.890204 -0.434654
v 0.552442 3.778860 -0.483921
v 0.613955 3.665058 -0.446589
v 0.531901 3.563457 -0.494896
v 0.591325 3.463823 -0.463436
v 0.515751 3.380935 -0.512898
v 0.018894 4.474199 -0.147477
v 0.037874 4.237864 -0.160486
v 0.054289 4.003201 -0.177603
v 0.066683 3.777959 -0.203630
v 0.075896 3.588810 -0.246045
v 0.793848 4.487811 -0.337257
v 0.757825 4.242500 -0.346428
v 0.722508 4.003520 -0.359229
v 0.691029 3.772026 -0.375115
v 0.662659 3.556109 -0.393767
v 0.640297 3.373410 -0.414809
v 0.669056 3.049035 -0.397864
v 0.685625 3.038048 -0.218321
v 0.695506 2.988951 -0.326990
v 0.127486 3.015133 -0.189339
v 0.117667 3.019977 -0.270766
v 0.131523 2.959470 -0.245627
v 0.574180 3.056624 -0.529369
v 0.634381 2.999052 -0.487881
v 0.120226 3.024401 -0.359324
v 0.127317 2.964079 -0.330806
v 0.445427 3.058933 -0.592852
v 0.517562 3.004139 -0.587310
v 0.143980 3.033218 -0.455762
v 0.138027 2.971332 -0.426406
v 0.315614 3.054658 -0.593216
v 0.386180 3.002616 -0.618273
v 0.206146 3.009386 -0.013993
v 0.153337 3.011793 -0.104046
v 0.184644 2.952277 -0.074640
v 0.303155 3.009604 0.057181
v 0.255452 2.949904 0.010500
v 0.208100 3.044674 -0.542056
v 0.179458 2.982680 -0.521506
v 0.449956 3.014825 0.063088
v 0.377250 2.952236 0.056941
v 0.265833 2.994772 -0.592041
v 0.601367 3.025394 -0.040403
v 0.534963 2.961581 0.009951
v 0.148155 2.955781 -0.163694
v 0.661311 2.975553 -0.139892
v 0.461461 2.897041 0.031037
v 0.316353 2.891251 0.024589
v 0.390480 2.830424 0.020281
v 0.225391 2.932560 -0.583978
v 0.330738 2.942667 -0.633315
v 0.279895 2.875787 -0.639699
v 0.614406 2.910370 -0.071792
v 0.550277 2.840361 -0.025587
v 0.171529 2.896858 -0.136485
v 0.146564 2.900726 -0.221634
v 0.162487 2.838240 -0.197928
v 0.699580 2.925670 -0.249968
v 0.678806 2.855893 -0.174259
v 0.222342 2.892662 -0.046612
v 0.198761 2.833589 -0.109282
v 0.682801 2.938177 -0.431554
v 0.713474 2.870302 -0.363278
v 0.136569 2.904764 -0.305070
v 0.145962 2.842178 -0.281491
v 0.587434 2.946184 -0.567012
v 0.651621 2.880682 -0.529878
v 0.138664 2.910553 -0.398651
v 0.142007 2.846795 -0.372413
v 0.458824 2.947584 -0.632202
v 0.532386 2.885052 -0.633476
v 0.162262 2.920192 -0.498433
v 0.153168 2.854096 -0.474130
v 0.399429 2.882818 -0.664862
v 0.268887 2.829364 -0.025339
v 0.194627 2.864936 -0.570640
v 0.173153 2.790251 -0.551995
v 0.235800 2.800185 -0.637400
v 0.201119 2.717508 -0.624434
v 0.089295 3.287291 -0.130711
v 0.078678 3.321345 -0.198801
v 0.477016 2.765656 -0.009284
v 0.328054 2.760812 -0.015813
v 0.403113 2.688645 -0.021938
v 0.340607 2.808066 -0.685673
v 0.285650 2.724967 -0.693053
v 0.633948 2.778665 -0.109853
v 0.569032 2.697005 -0.066150
v 0.180769 2.768714 -0.174092
v 0.155360 2.772981 -0.259730
v 0.166604 2.697330 -0.237584
v 0.720838 2.793719 -0.288040
v 0.701147 2.710368 -0.212891
v 0.232385 2.763577 -0.085314
v 0.204192 2.692786 -0.149333
v 0.673942 3.293109 -0.349673
v 0.687996 3.285874 -0.165185
v 0.704259 2.805568 -0.475069
v 0.737382 2.722600 -0.404726
v 0.145850 2.776912 -0.347299
v 0.149975 2.700927 -0.322901
v 0.605869 2.812353 -0.617380
v 0.674328 2.730632 -0.578346
v 0.148893 2.782109 -0.448170
v 0.147098 2.704644 -0.419279
v 0.471548 2.812536 -0.684590
v 0.547982 2.732913 -0.686570
v 0.159429 2.709968 -0.526450
v 0.407260 2.730229 -0.718264
v 0.276544 2.688340 -0.066719
v 0.121045 3.280484 -0.045142
v 0.600149 3.280253 0.012552
v 0.183764 3.278084 0.041687
v 0.445937 3.276932 0.114257
v 0.188798 3.302826 -0.492208
v 0.304050 3.306081 -0.543946
v 0.291173 3.276616 0.109024
v 0.119547 3.310335 -0.400844
v 0.441066 3.306360 -0.544860
v 0.575988 3.301342 -0.483358
v 0.491799 2.614750 -0.048114
v 0.336072 2.610986 -0.055053
v 0.412695 2.532819 -0.054648
v 0.236290 2.613202 -0.123649
v 0.281079 2.532034 -0.099042
v 0.151231 2.626713 -0.492689
v 0.176549 2.631354 -0.598923
v 0.160521 2.544206 -0.561154
v 0.146933 2.623518 -0.387496
v 0.146889 2.541848 -0.452158
v 0.155982 2.620734 -0.297471
v 0.149069 2.539931 -0.353957
v 0.182536 2.617383 -0.211617
v 0.205951 2.534788 -0.180638
v 0.239039 2.637050 -0.684528
v 0.344088 2.642044 -0.733015
v 0.287544 2.551259 -0.728245
v 0.166373 2.537751 -0.268211
v 0.203257 2.547500 -0.659505
v 0.481191 2.645758 -0.732397
v 0.411536 2.554812 -0.754462
v 0.625777 2.647067 -0.663087
v 0.561767 2.557724 -0.722231
v 0.728626 2.643518 -0.515559
v 0.696295 2.558024 -0.611026
v 0.743966 2.635362 -0.324419
v 0.759645 2.554111 -0.434707
v 0.654062 2.624364 -0.146524
v 0.720428 2.546779 -0.242594
v 0.584309 2.538501 -0.097697
v 0.343288 1.738317 -0.137120
v 0.291270 1.831148 -0.157227
v 0.257393 1.738598 -0.199959
v 0.297222 1.647774 -0.173727
v 0.188645 1.737324 -0.345302
v 0.175729 1.829343 -0.380582
v 0.179507 1.736324 -0.421050
v 0.190011 1.645972 -0.380992
v 0.226432 1.831260 -0.230166
v 0.212068 1.738346 -0.273991
v 0.237350 1.647659 -0.243004
v 0.719685 1.732563 -0.528724
v 0.747837 1.826205 -0.449972
v 0.728544 1.733742 -0.364957
v 0.726164 1.642341 -0.447013
v 0.704438 1.827377 -0.279456
v 0.637196 1.735622 -0.210150
v 0.684787 1.644352 -0.285361
v 0.622489 1.732183 -0.653723
v 0.689914 1.825716 -0.604114
v 0.670463 1.641241 -0.591462
v 0.352351 1.732724 -0.711540
v 0.414192 1.825864 -0.729380
v 0.481941 1.732250 -0.713095
v 0.412443 1.641124 -0.707252
v 0.172980 1.828579 -0.466426
v 0.182093 1.735646 -0.509579
v 0.185432 1.645227 -0.459851
v 0.559512 1.825664 -0.701581
v 0.548571 1.640904 -0.681653
v 0.185001 1.827990 -0.560730
v 0.203930 1.734694 -0.597757
v 0.194431 1.644380 -0.547243
v 0.570609 1.828997 -0.149122
v 0.483926 1.737385 -0.125281
v 0.558084 1.646454 -0.161273
v 0.223408 1.827142 -0.644783
v 0.258570 1.733558 -0.668848
v 0.229467 1.643060 -0.626389
v 0.299053 1.826357 -0.704414
v 0.301854 1.641871 -0.683537
v 0.409472 1.830415 -0.112995
v 0.407163 1.647576 -0.128865
v 0.191916 1.830524 -0.305904
v 0.205641 1.646991 -0.312771
v 0.183553 2.452771 -0.233873
v 0.155324 2.454494 -0.318951
v 0.167863 2.368168 -0.282110
v 0.187738 2.281853 -0.243973
v 0.158226 2.282262 -0.326924
v 0.173592 2.195240 -0.288929
v 0.194470 2.106998 -0.252319
v 0.165609 2.106424 -0.332272
v 0.181817 2.016067 -0.296600
v 0.201929 1.924154 -0.262748
v 0.175847 1.923086 -0.339170
v 0.501644 2.453030 -0.072782
v 0.341755 2.450090 -0.079922
v 0.418271 2.367465 -0.073073
v 0.505401 2.283525 -0.086483
v 0.345029 2.281721 -0.094235
v 0.418998 2.196005 -0.085303
v 0.501984 2.107426 -0.097686
v 0.345020 2.107283 -0.106615
v 0.414836 2.016341 -0.097994
v 0.493060 1.923106 -0.110758
v 0.343137 1.924082 -0.120799
v 0.241181 2.460215 -0.705539
v 0.346066 2.462871 -0.754852
v 0.289733 2.371947 -0.737158
v 0.244436 2.282842 -0.705976
v 0.347852 2.284095 -0.755547
v 0.292393 2.194930 -0.732095
v 0.248790 2.105171 -0.698545
v 0.349265 2.105473 -0.746569
v 0.295546 2.013633 -0.720934
v 0.253791 1.920555 -0.686377
v 0.350945 1.920168 -0.731553
v 0.177948 2.458198 -0.620404
v 0.205867 2.370546 -0.668773
v 0.181308 2.282450 -0.622605
v 0.210541 2.194521 -0.665359
v 0.187891 2.105259 -0.618360
v 0.216854 2.013848 -0.657414
v 0.196000 1.921143 -0.610761
v 0.667904 2.458398 -0.169449
v 0.592677 2.370732 -0.115039
v 0.673572 2.285821 -0.181122
v 0.593014 2.197137 -0.125755
v 0.668912 2.107606 -0.190056
v 0.584342 2.015729 -0.136603
v 0.654803 1.921899 -0.199978
v 0.151090 2.456833 -0.514381
v 0.161779 2.369924 -0.571768
v 0.153485 2.282509 -0.518830
v 0.166775 2.194637 -0.571246
v 0.160684 2.105555 -0.518302
v 0.175366 2.014201 -0.567678
v 0.171062 1.921637 -0.516082
v 0.488428 2.465857 -0.755170
v 0.642720 2.468221 -0.684069
v 0.571975 2.376869 -0.732417
v 0.492489 2.286057 -0.756936
v 0.652585 2.288190 -0.685444
v 0.574979 2.197472 -0.728361
v 0.491696 2.106142 -0.748198
v 0.650575 2.107085 -0.679035
v 0.569586 2.014014 -0.717444
v 0.487552 1.920029 -0.733025
v 0.638559 1.920116 -0.668423
v 0.145966 2.455747 -0.408956
v 0.147065 2.369557 -0.464022
v 0.148025 2.282506 -0.415378
v 0.151694 2.194907 -0.466369
v 0.155254 2.105923 -0.418069
v 0.161093 2.014567 -0.467159
v 0.166451 1.922139 -0.420821
v 0.414493 2.374213 -0.764879
v 0.415597 2.195976 -0.760160
v 0.415146 2.013696 -0.747611
v 0.748698 2.467838 -0.535348
v 0.712430 2.378570 -0.620225
v 0.759536 2.289042 -0.538671
v 0.717055 2.198818 -0.618095
v 0.756269 2.107716 -0.537219
v 0.707766 2.014461 -0.612536
v 0.740749 1.920357 -0.534324
v 0.761429 2.464100 -0.345161
v 0.731994 2.374550 -0.257265
v 0.769678 2.287964 -0.352916
v 0.733419 2.198236 -0.264887
v 0.765311 2.107785 -0.357342
v 0.722923 2.015193 -0.272003
v 0.749602 1.920920 -0.361693
v 0.774571 2.377682 -0.445960
v 0.777764 2.199023 -0.448514
v 0.767255 2.014817 -0.449710
v 0.239355 2.450642 -0.147425
v 0.209042 2.366982 -0.196502
v 0.243454 2.281356 -0.160321
v 0.214348 2.195283 -0.206389
v 0.247496 2.107223 -0.171683
v 0.219919 2.016739 -0.217226
v 0.251115 1.924478 -0.184840
v 0.149257 2.369020 -0.366798
v 0.154147 2.195097 -0.371396
v 0.163488 2.015155 -0.375833
v 0.285066 2.366169 -0.116927
v 0.288035 2.195329 -0.129212
v 0.289354 2.016755 -0.142126
v 0.567296 0.949879 -0.566235
v 0.613300 1.004486 -0.525683
v 0.634879 0.948161 -0.466126
v 0.602773 0.920380 -0.518408
v 0.250501 0.951471 -0.431906
v 0.246701 1.006750 -0.473834
v 0.261173 0.950242 -0.504449
v 0.256931 0.921965 -0.465258
v 0.579102 0.953189 -0.222342
v 0.529242 1.011131 -0.179035
v 0.468496 0.957188 -0.156919
v 0.524436 0.926845 -0.183275
v 0.367465 0.958696 -0.164854
v 0.330451 1.013809 -0.186494
v 0.308236 0.957733 -0.211241
v 0.335194 0.929991 -0.186253
v 0.263827 0.954621 -0.314382
v 0.254079 1.009720 -0.343325
v 0.254592 0.953112 -0.367207
v 0.261218 0.925089 -0.338312
v 0.288335 1.012584 -0.239191
v 0.279143 0.956112 -0.264205
v 0.293277 0.928321 -0.237266
v 0.245828 1.008250 -0.402887
v 0.254731 0.923474 -0.395983
v 0.412827 1.013645 -0.152058
v 0.414863 0.929949 -0.155438
v 0.266794 1.011146 -0.291914
v 0.272523 0.926622 -0.288521
v 0.642260 0.949230 -0.339842
v 0.625315 1.007208 -0.277977
v 0.614086 0.922290 -0.278212
v 0.467596 0.951416 -0.613793
v 0.521494 1.005983 -0.601975
v 0.517395 0.922540 -0.593212
v 0.270790 1.005858 -0.545069
v 0.300417 0.950307 -0.569750
v 0.280583 0.921519 -0.535824
v 0.371928 0.951227 -0.610565
v 0.416186 1.006523 -0.622878
v 0.418770 0.923266 -0.613874
v 0.328256 1.006036 -0.599838
v 0.335467 0.922392 -0.590489
v 0.654707 1.004389 -0.406724
v 0.641382 0.919603 -0.402700
v 0.699719 1.553787 -0.518257
v 0.708609 1.555773 -0.364517
v 0.707246 1.469640 -0.439082
v 0.682895 1.385592 -0.503997
v 0.691535 1.388083 -0.359447
v 0.689915 1.305511 -0.427702
v 0.666607 1.225192 -0.488094
v 0.674688 1.227650 -0.351419
v 0.672120 1.148861 -0.415463
v 0.649973 1.073439 -0.474345
v 0.657534 1.075243 -0.343937
v 0.262932 1.553993 -0.647507
v 0.353210 1.552965 -0.688883
v 0.305231 1.467643 -0.661069
v 0.269370 1.384832 -0.625320
v 0.355874 1.383908 -0.665677
v 0.311272 1.303140 -0.638320
v 0.278385 1.224823 -0.603227
v 0.360215 1.224219 -0.642785
v 0.318999 1.148073 -0.616643
v 0.289380 1.074506 -0.583392
v 0.365787 1.074554 -0.623336
v 0.476587 1.552544 -0.690232
v 0.411471 1.467017 -0.683678
v 0.473245 1.383794 -0.666679
v 0.412258 1.302790 -0.660134
v 0.470804 1.224227 -0.643921
v 0.413707 1.148032 -0.638554
v 0.468781 1.074592 -0.625419
v 0.211811 1.555470 -0.578792
v 0.236253 1.469001 -0.604949
v 0.221463 1.386358 -0.558329
v 0.245713 1.304365 -0.583494
v 0.233543 1.226083 -0.538008
v 0.257439 1.148802 -0.562464
v 0.247681 1.075248 -0.518431
v 0.607960 1.552809 -0.635046
v 0.540067 1.467111 -0.659428
v 0.596803 1.384317 -0.614475
v 0.533553 1.303001 -0.636948
v 0.586724 1.224393 -0.593803
v 0.527377 1.147927 -0.616375
v 0.576619 1.073876 -0.576760
v 0.622383 1.558229 -0.218084
v 0.668609 1.472314 -0.287291
v 0.610989 1.390924 -0.221940
v 0.654183 1.308573 -0.285085
v 0.600042 1.230855 -0.222446
v 0.639498 1.151920 -0.280990
v 0.588928 1.078755 -0.221807
v 0.227133 1.558977 -0.281361
v 0.204630 1.558027 -0.345712
v 0.223281 1.472572 -0.313339
v 0.245027 1.389719 -0.281572
v 0.223019 1.388379 -0.340841
v 0.241691 1.307821 -0.308397
v 0.261021 1.230145 -0.275939
v 0.240826 1.228439 -0.332289
v 0.256700 1.153179 -0.299754
v 0.272040 1.080518 -0.268669
v 0.254547 1.079006 -0.321671
v 0.478687 1.559754 -0.138576
v 0.347715 1.559928 -0.152955
v 0.408787 1.475066 -0.141694
v 0.476499 1.392351 -0.147504
v 0.354664 1.392174 -0.162296
v 0.411382 1.311731 -0.148240
v 0.474140 1.232736 -0.152136
v 0.360594 1.232962 -0.164985
v 0.412508 1.156390 -0.150991
v 0.470924 1.081595 -0.154493
v 0.364235 1.082605 -0.164995
v 0.193806 1.557246 -0.414412
v 0.193352 1.556624 -0.495937
v 0.199039 1.471127 -0.447285
v 0.210040 1.387663 -0.404078
v 0.206270 1.387315 -0.479776
v 0.214670 1.306095 -0.433711
v 0.227373 1.227447 -0.391854
v 0.221219 1.226944 -0.462965
v 0.231043 1.150788 -0.417880
v 0.242899 1.077688 -0.377556
v 0.236925 1.076454 -0.445041
v 0.268673 1.559564 -0.213664
v 0.252851 1.473665 -0.250338
v 0.282604 1.391134 -0.219451
v 0.268735 1.309577 -0.249367
v 0.294693 1.231911 -0.217736
v 0.280723 1.154900 -0.244046
v 0.302695 1.081932 -0.213874
v 0.206588 1.471641 -0.375118
v 0.224673 1.306591 -0.366464
v 0.241359 1.151747 -0.354670
v 0.307208 1.474540 -0.186189
v 0.317703 1.311080 -0.189791
v 0.325379 1.156224 -0.188670
v 0.549814 1.474503 -0.170414
v 0.543200 1.311038 -0.175372
v 0.536153 1.154949 -0.177666
v 0.204664 1.470443 -0.528868
v 0.217089 1.305639 -0.510391
v 0.231512 1.149925 -0.491076
v 0.654415 1.467914 -0.574713
v 0.640642 1.303711 -0.556258
v 0.626942 1.147753 -0.538336
v 0.089091 3.487222 -0.293504
v 0.082808 3.368695 -0.246925
v -0.064308 5.637787 0.441754
v -0.133759 5.568528 0.430793
v -0.063484 5.462718 0.405120
v -0.130021 5.399735 0.388825
v -0.051650 5.297316 0.338060
v -0.060194 5.220972 0.282863
v -0.017170 5.175358 0.220351
v -0.012518 5.143700 0.155337
v -0.015533 5.150210 -0.338410
v -0.017809 5.191912 -0.419566
v -0.218723 5.524527 0.424147
v -0.320264 5.508908 0.421003
v -0.219735 5.372885 0.390193
v -0.418309 5.646421 0.422961
v -0.529515 5.655915 0.390461
v -0.433025 5.514246 0.413817
v -0.609450 5.795908 0.340464
v -0.696490 5.806889 0.253911
v -0.634862 5.668895 0.332863
v -0.730113 5.930709 0.161400
v -0.772175 5.913328 0.036303
v -0.763661 5.803293 0.145173
v -0.756100 5.994680 -0.077001
v -0.753485 5.928693 -0.220519
v -0.792517 5.865414 -0.098936
v -0.696160 5.967070 -0.337132
v -0.650392 5.858997 -0.470148
v -0.728209 5.833255 -0.362172
v -0.559623 5.871382 -0.549017
v -0.480291 5.731159 -0.626521
v -0.584005 5.727142 -0.572860
v -0.374991 5.739048 -0.649006
v -0.283793 5.583515 -0.661004
v -0.389314 5.577093 -0.656736
v -0.055899 5.244487 -0.488707
v -0.045586 5.339785 -0.564318
v -0.112701 5.463554 -0.624624
v -0.054565 5.546115 -0.643095
v -0.114767 5.674410 -0.652449
v -0.053411 5.757627 -0.639277
v -0.192743 5.422860 -0.622164
v -0.191255 5.614254 -0.658022
v -0.214540 5.685802 0.449757
v -0.310761 5.653589 0.439616
v -0.403914 5.787365 0.438058
v -0.508736 5.785248 0.400788
v -0.584235 5.921800 0.356163
v -0.666526 5.928698 0.270135
v -0.697429 6.046977 0.183589
v -0.737247 6.032153 0.059343
v -0.721491 6.108044 -0.049885
v -0.719756 6.049840 -0.192371
v -0.664913 6.087893 -0.298938
v -0.622412 5.990911 -0.434600
v -0.534589 6.011454 -0.499314
v -0.460435 5.883897 -0.592707
v -0.358754 5.907538 -0.605445
v -0.274671 5.764069 -0.649964
v -0.184263 5.811254 -0.636919
v -0.140686 6.392339 -0.313843
v -0.084456 6.360717 -0.337494
v -0.143022 6.315045 -0.370112
v -0.209235 6.374381 -0.323614
v -0.088759 6.236852 -0.424343
v -0.155030 6.173704 -0.469595
v -0.220755 6.265765 -0.405193
v -0.098101 6.070513 -0.528933
v -0.170919 6.001751 -0.568393
v -0.240183 6.118039 -0.506418
v -0.108246 5.878803 -0.612701
v -0.260146 5.946815 -0.595307
v -0.369928 6.396329 -0.282117
v -0.285809 6.405593 -0.289354
v -0.293825 6.342078 -0.341266
v -0.386461 6.308317 -0.352844
v -0.313085 6.221196 -0.431917
v -0.410961 6.182839 -0.442034
v -0.337169 6.072500 -0.528222
v -0.437517 6.037329 -0.528436
v -0.511468 6.419362 -0.194884
v -0.441251 6.423809 -0.229681
v -0.455008 6.375916 -0.273754
v -0.532926 6.349601 -0.249259
v -0.477837 6.275829 -0.347079
v -0.561006 6.242492 -0.314939
v -0.506242 6.149405 -0.427516
v -0.592655 6.118856 -0.380495
v -0.591366 6.429588 -0.042882
v -0.552274 6.437773 -0.114650
v -0.571197 6.401223 -0.148200
v -0.618185 6.369635 -0.080155
v -0.598806 6.316126 -0.198788
v -0.650400 6.273259 -0.120532
v -0.631361 6.205917 -0.250930
v -0.685612 6.163144 -0.158242
v -0.604699 6.418874 0.158204
v -0.597338 6.437128 0.062995
v -0.619436 6.402975 0.040813
v -0.634363 6.353708 0.133349
v -0.651171 6.321796 0.008195
v -0.668085 6.253862 0.107617
v -0.686000 6.217647 -0.021765
v -0.702846 6.143747 0.083907
v -0.551215 6.389405 0.343171
v -0.577352 6.420463 0.260457
v -0.600235 6.374178 0.248211
v -0.579166 6.297865 0.327304
v -0.632337 6.277707 0.226171
v -0.608962 6.175884 0.309297
v -0.664976 6.162955 0.205407
v -0.637525 6.050265 0.290349
v -0.437053 6.353271 0.459747
v -0.492855 6.395827 0.411666
v -0.511871 6.322759 0.405520
v -0.456639 6.222375 0.448576
v -0.537720 6.193009 0.390581
v -0.474875 6.069847 0.434034
v -0.561200 6.054637 0.374339
v -0.490536 5.922659 0.417157
v -0.290180 6.321054 0.511938
v -0.361532 6.371895 0.493205
v -0.372231 6.267820 0.487184
v -0.297657 6.154512 0.498312
v -0.385241 6.101958 0.473114
v -0.301538 5.976913 0.480112
v -0.394132 5.939677 0.456239
v -0.303848 5.810380 0.459742
v -0.140833 6.300272 0.529015
v -0.213548 6.353542 0.526212
v -0.215808 6.225872 0.515990
v -0.140177 6.112859 0.509554
v -0.216524 6.035064 0.496103
v -0.136716 5.922523 0.485000
v -0.214247 5.856502 0.473454
v -0.133523 5.743277 0.459187
v -0.041108 6.385988 -0.320101
v -0.040935 6.301416 -0.378127
v -0.044166 6.148146 -0.480851
v -0.049114 5.962049 -0.578127
v -0.070972 6.343944 0.536035
v -0.070301 6.205001 0.522218
v -0.068313 6.004173 0.497271
v -0.065579 5.819231 0.470381
v -0.790125 5.783163 -0.238471
v -0.831998 5.702424 -0.110074
v -0.809162 5.771162 0.021757
v -0.022952 5.126877 -0.311110
v -0.038202 5.167529 -0.395669
v -0.725778 5.671006 0.247795
v -0.657221 5.529047 0.335650
v -0.548241 5.525917 0.388955
v -0.294992 5.421762 -0.637236
v -0.406801 5.424646 -0.635659
v -0.500601 5.578016 -0.629813
v -0.329873 5.378718 0.406497
v -0.232280 5.262695 0.371341
v -0.137453 5.252738 0.333572
v -0.679787 5.710708 -0.485037
v -0.763286 5.669556 -0.370627
v -0.072575 5.173234 0.269926
v -0.029266 5.161137 0.214167
v -0.797387 5.648736 0.140569
v -0.121968 5.277829 -0.542440
v -0.208676 5.283703 -0.578605
v -0.444873 5.388745 0.412589
v -0.610089 5.567550 -0.569129
v -0.076323 5.177705 -0.450532
v -0.040453 4.987197 0.193563
v -0.027474 4.907013 0.126610
v -0.903168 5.270674 -0.104501
v -0.889784 5.146104 -0.225995
v -0.915763 5.023741 -0.102201
v -0.902082 5.146798 0.025806
v -0.829849 5.249790 -0.343072
v -0.763009 5.117439 -0.425941
v -0.840724 5.012373 -0.332630
v -0.663341 5.197555 -0.502293
v -0.565454 5.073067 -0.525091
v -0.671941 4.985603 -0.480511
v -0.027604 5.033051 -0.280461
v -0.028631 4.907028 -0.273894
v -0.052628 4.984723 -0.340486
v -0.448634 5.131539 -0.551634
v -0.345588 5.027867 -0.528319
v -0.457765 4.954222 -0.527329
v -0.238963 5.084940 0.364354
v -0.341984 5.035100 0.400763
v -0.241766 4.933806 0.357586
v -0.155574 5.006134 0.310918
v -0.092478 5.043072 -0.408228
v -0.099248 4.915029 -0.400412
v -0.160382 4.997108 -0.459185
v -0.456324 5.136299 0.419355
v -0.575651 5.075695 0.402964
v -0.454864 4.956720 0.413381
v -0.239859 5.074598 -0.511546
v -0.249014 4.928368 -0.494839
v -0.686966 5.197621 0.350537
v -0.785830 5.118356 0.262959
v -0.687295 4.986053 0.347202
v -0.078558 5.050654 0.258537
v -0.095593 4.919414 0.248615
v -0.852757 5.250032 0.150192
v -0.860120 5.012726 0.149748
v -0.847204 5.591907 0.018667
v -0.829079 5.461797 0.144964
v -0.752637 5.510871 0.252418
v -0.881339 5.379398 0.022490
v -0.774637 5.326904 0.260313
v -0.147416 5.177778 0.319103
v -0.075112 5.122138 0.263560
v -0.150006 5.110522 0.315419
v -0.675346 5.373351 0.344514
v -0.562563 5.391153 0.395061
v -0.572366 5.247347 0.402296
v -0.138049 5.180146 -0.501519
v -0.224812 5.176773 -0.540707
v -0.311982 5.285554 -0.599560
v -0.150554 5.100512 -0.475126
v -0.331460 5.163535 -0.558143
v -0.452338 5.268972 0.416715
v -0.337042 5.270197 0.402169
v -0.340509 5.168359 0.402964
v -0.044102 5.121711 -0.364376
v -0.084690 5.114007 -0.422562
v -0.048438 5.071535 -0.347840
v -0.236566 5.178648 0.365894
v -0.428399 5.277571 -0.593856
v -0.523879 5.416985 -0.603401
v -0.548819 5.250379 -0.559709
v -0.025694 5.089624 -0.289495
v -0.638741 5.387537 -0.539079
v -0.711936 5.532938 -0.476101
v -0.743491 5.331456 -0.449508
v -0.800087 5.469700 -0.360798
v -0.829709 5.598479 -0.242377
v -0.866694 5.380269 -0.234613
v -0.871754 5.499135 -0.109930
v -0.902043 4.887461 0.022971
v -0.848078 4.745333 0.139991
v -0.780893 4.872739 0.255918
v -0.058721 4.819124 0.181187
v -0.038961 4.707601 0.111498
v -0.018252 4.811031 0.058526
v -0.636703 3.227926 -0.433971
v -0.578898 3.169086 -0.501652
v -0.634720 3.107416 -0.456033
v -0.675014 3.161747 -0.370468
v -0.890405 4.887831 -0.224652
v -0.905644 4.752057 -0.107081
v -0.015620 4.706375 -0.011937
v -0.012815 4.807424 -0.069911
v -0.761100 4.873910 -0.416410
v -0.828748 4.747795 -0.331984
v -0.015034 4.707747 -0.137402
v -0.017527 4.812546 -0.204572
v -0.565601 4.854348 -0.509657
v -0.660831 4.736897 -0.473337
v -0.036804 4.710551 -0.269745
v -0.058854 4.819426 -0.336038
v -0.350833 4.836064 -0.514286
v -0.455096 4.725772 -0.517785
v -0.340174 4.836074 0.388006
v -0.244450 4.713117 0.338922
v -0.163571 4.825235 0.299809
v -0.109869 4.712571 -0.396666
v -0.168567 4.824127 -0.450830
v -0.569139 4.853002 0.391697
v -0.446602 4.720932 0.393779
v -0.255803 4.717238 -0.487179
v -0.674109 4.732686 0.331271
v -0.109511 4.709222 0.233577
v -0.099939 3.239326 -0.292954
v -0.102581 3.160600 -0.243216
v -0.113242 3.085059 -0.298538
v -0.108942 3.148838 -0.332244
v -0.516035 3.234420 -0.530735
v -0.447264 3.172690 -0.563121
v -0.516425 3.112737 -0.552793
v -0.111490 3.232310 -0.359035
v -0.125587 3.089195 -0.389231
v -0.134565 3.159062 -0.423020
v -0.378731 3.236185 -0.558894
v -0.313894 3.170696 -0.562104
v -0.382449 3.112695 -0.582053
v -0.240277 3.204055 0.068108
v -0.301976 3.135901 0.085246
v -0.248836 3.070581 0.042020
v -0.198824 3.136007 0.016728
v -0.157792 3.230056 -0.458092
v -0.169284 3.097696 -0.483218
v -0.202312 3.164510 -0.510256
v -0.372087 3.204125 0.111454
v -0.452977 3.138434 0.089917
v -0.375673 3.072439 0.086726
v -0.251101 3.233100 -0.530916
v -0.258828 3.106755 -0.554582
v -0.533600 3.206827 0.064410
v -0.604850 3.144511 -0.012603
v -0.534668 3.078514 0.039187
v -0.159067 3.205459 -0.012928
v -0.173041 3.071643 -0.041550
v -0.140580 3.137771 -0.071736
v -0.660471 3.212569 -0.083296
v -0.690265 3.153041 -0.189581
v -0.660434 3.088254 -0.109625
v -0.114773 3.209012 -0.101549
v -0.133256 3.074250 -0.130613
v -0.111799 3.143325 -0.158047
v -0.697601 3.219945 -0.271491
v -0.695662 3.098723 -0.296303
v -0.095698 3.228309 -0.185702
v -0.115838 3.080245 -0.213306
v -0.030591 4.590631 0.041513
v -0.030331 4.472602 -0.027474
v -0.018847 4.592045 -0.079604
v -0.048555 4.352684 0.019712
v -0.047534 4.235467 -0.048237
v -0.035938 4.355104 -0.094661
v -0.064189 4.115811 -0.007153
v -0.062627 3.999938 -0.073539
v -0.052289 4.118737 -0.113287
v -0.077132 3.882435 -0.039138
v -0.074037 3.768393 -0.106156
v -0.066210 3.885529 -0.138436
v -0.085106 3.655288 -0.075496
v -0.081112 3.536654 -0.144930
v -0.076534 3.650655 -0.178144
v -0.088874 3.449228 -0.104581
v -0.084190 3.365455 -0.153395
v -0.081069 3.419921 -0.188168
v -0.869823 4.616406 -0.230482
v -0.877520 4.485042 -0.119674
v -0.881817 4.613832 0.011195
v -0.836014 4.361240 -0.242027
v -0.839742 4.235960 -0.139186
v -0.847975 4.356084 -0.010019
v -0.797732 4.118087 -0.258341
v -0.800868 3.995716 -0.163867
v -0.809143 4.112125 -0.038381
v -0.761866 3.881728 -0.278701
v -0.765778 3.763908 -0.192103
v -0.772599 3.876021 -0.071281
v -0.729726 3.656043 -0.301716
v -0.734766 3.547500 -0.220821
v -0.740363 3.650336 -0.105590
v -0.702093 3.454186 -0.325553
v -0.710908 3.364245 -0.247317
v -0.713764 3.447999 -0.136959
v -0.075984 4.589888 0.162718
v -0.057158 4.470696 0.090532
v -0.092481 4.350224 0.134144
v -0.073284 4.232638 0.062118
v -0.104920 4.112603 0.099352
v -0.086579 3.996819 0.028965
v -0.115089 3.879186 0.060333
v -0.096284 3.766952 -0.008370
v -0.120848 3.654464 0.020093
v -0.100793 3.549108 -0.044795
v -0.122879 3.450064 -0.014854
v -0.104401 3.362249 -0.073877
v -0.820290 4.479321 0.119025
v -0.760283 4.605790 0.236782
v -0.784386 4.230368 0.088447
v -0.729527 4.350616 0.206095
v -0.748341 3.990797 0.051773
v -0.696206 4.107720 0.167311
v -0.716469 3.759405 0.012240
v -0.666021 3.872194 0.123809
v -0.689293 3.542892 -0.025155
v -0.640058 3.646648 0.080315
v -0.669953 3.358855 -0.056527
v -0.619733 3.444016 0.042869
v -0.173311 4.590134 0.276513
v -0.124458 4.469106 0.206831
v -0.181038 4.348001 0.242331
v -0.135271 4.229642 0.171329
v -0.186015 4.109287 0.201099
v -0.143786 3.993264 0.130694
v -0.190208 3.875388 0.155565
v -0.149901 3.763432 0.087317
v -0.191450 3.650648 0.110294
v -0.151637 3.546868 0.046926
v -0.189884 3.446836 0.072088
v -0.152569 3.359322 0.014436
v -0.650242 4.473299 0.302457
v -0.553167 4.597780 0.366559
v -0.621893 4.226686 0.263901
v -0.531782 4.347493 0.330331
v -0.594967 3.987778 0.218652
v -0.510022 4.105887 0.286076
v -0.571786 3.756577 0.170658
v -0.491074 3.870642 0.236439
v -0.552109 3.540034 0.126487
v -0.474319 3.645194 0.187252
v -0.538964 3.355323 0.091458
v -0.460721 3.442264 0.145662
v -0.179903 4.598114 -0.446624
v -0.262276 4.481408 -0.482845
v -0.351512 4.601814 -0.508157
v -0.190565 4.362213 -0.443869
v -0.264813 4.245549 -0.480188
v -0.348192 4.364303 -0.504298
v -0.197426 4.126596 -0.443382
v -0.265127 4.010469 -0.480797
v -0.341958 4.128450 -0.502829
v -0.202246 3.893576 -0.447162
v -0.263779 3.780502 -0.484776
v -0.336010 3.894938 -0.504381
v -0.202526 3.668327 -0.454432
v -0.258265 3.564461 -0.493768
v -0.328475 3.670329 -0.509168
v -0.199157 3.463567 -0.469947
v -0.252209 3.380827 -0.511446
v -0.319083 3.468897 -0.521977
v -0.433490 4.469721 0.361533
v -0.335526 4.592477 0.361613
v -0.418629 4.225894 0.320385
v -0.328816 4.346916 0.324785
v -0.405169 3.987662 0.272220
v -0.321671 4.106794 0.280270
v -0.393366 3.756765 0.221155
v -0.315672 3.872158 0.230523
v -0.381840 3.540197 0.174374
v -0.308869 3.647032 0.181344
v -0.373861 3.354663 0.138031
v -0.301702 3.443677 0.140023
v -0.072762 4.595656 -0.335758
v -0.124941 4.478858 -0.394998
v -0.089256 4.359578 -0.336833
v -0.137624 4.242992 -0.394403
v -0.103001 4.123855 -0.339678
v -0.147556 4.008174 -0.397402
v -0.114120 3.891705 -0.347760
v -0.153876 3.778525 -0.404932
v -0.118232 3.666717 -0.354444
v -0.153369 3.555593 -0.413081
v -0.123796 3.426433 -0.378425
v -0.156592 3.374180 -0.442746
v -0.246486 4.468495 0.307869
v -0.246357 4.227138 0.268000
v -0.245957 3.989894 0.221901
v -0.244931 3.759590 0.173259
v -0.241207 3.543087 0.128787
v -0.238070 3.356515 0.094294
v -0.445111 4.483680 -0.513375
v -0.551828 4.606720 -0.504392
v -0.431189 4.246611 -0.510965
v -0.530862 4.364933 -0.502258
v -0.418141 4.011046 -0.511286
v -0.509550 4.127929 -0.502488
v -0.406624 3.780688 -0.513927
v -0.491742 3.893896 -0.505053
v -0.394207 3.565411 -0.521882
v -0.475353 3.669102 -0.510380
v -0.383510 3.382488 -0.538829
v -0.460112 3.468089 -0.523415
v -0.028384 4.593884 -0.205776
v -0.053117 4.476592 -0.273145
v -0.045691 4.357294 -0.213460
v -0.069540 4.240346 -0.277854
v -0.061683 4.121370 -0.223367
v -0.083717 4.005888 -0.286265
v -0.075216 3.890912 -0.239416
v -0.093816 3.782220 -0.299751
v -0.083553 3.688300 -0.260096
v -0.094674 3.599537 -0.299797
v -0.636671 4.485561 -0.472055
v -0.739979 4.612447 -0.415766
v -0.608405 4.245254 -0.473424
v -0.708901 4.364017 -0.419052
v -0.582906 4.008509 -0.477363
v -0.676640 4.124198 -0.425313
v -0.561071 3.777727 -0.483362
v -0.648160 3.889073 -0.434257
v -0.540846 3.562275 -0.493769
v -0.622653 3.663877 -0.445799
v -0.524764 3.379600 -0.511248
v -0.600335 3.462560 -0.462227
v -0.029132 4.474643 -0.147068
v -0.046262 4.238026 -0.159785
v -0.061592 4.003218 -0.176674
v -0.073484 3.777884 -0.202507
v -0.082702 3.588641 -0.244712
v -0.800420 4.486831 -0.337092
v -0.764984 4.241467 -0.346155
v -0.730235 4.002427 -0.358772
v -0.699309 3.770872 -0.374414
v -0.671428 3.554896 -0.392784
v -0.649404 3.372082 -0.413560
v -0.678629 3.047639 -0.396138
v -0.704974 2.987575 -0.325271
v -0.694768 3.036790 -0.216904
v -0.133427 3.015002 -0.187687
v -0.137230 2.959401 -0.244008
v -0.123602 3.019938 -0.269187
v -0.583358 3.055073 -0.527180
v -0.643767 2.997525 -0.485860
v -0.133224 2.964117 -0.329245
v -0.126579 3.024432 -0.357750
v -0.454178 3.057342 -0.589896
v -0.526446 3.002523 -0.584637
v -0.144712 2.971299 -0.424616
v -0.151327 3.033087 -0.453785
v -0.324268 3.053359 -0.589881
v -0.394860 3.001137 -0.614939
v -0.213160 3.009139 -0.012592
v -0.191172 2.951992 -0.072991
v -0.159611 3.011643 -0.102433
v -0.310885 3.009165 0.058172
v -0.262824 2.949540 0.011779
v -0.187311 2.982263 -0.519018
v -0.216439 3.044011 -0.539241
v -0.457983 3.014108 0.063752
v -0.385134 2.951708 0.057769
v -0.274398 2.993750 -0.588763
v -0.609701 3.024360 -0.039527
v -0.543097 2.960720 0.010726
v -0.154062 2.955575 -0.161963
v -0.670061 2.974370 -0.138607
v -0.469450 2.896376 0.031812
v -0.398290 2.829932 0.021182
v -0.323989 2.890839 0.025661
v -0.233685 2.931772 -0.580951
v -0.288451 2.874738 -0.636349
v -0.339393 2.941393 -0.629847
v -0.622816 2.909305 -0.070690
v -0.558447 2.839478 -0.024633
v -0.177604 2.896519 -0.134672
v -0.168199 2.837946 -0.196098
v -0.152174 2.900570 -0.219926
v -0.708758 2.924308 -0.248295
v -0.687622 2.854599 -0.172698
v -0.229276 2.892261 -0.045036
v -0.205230 2.833134 -0.107470
v -0.692255 2.936639 -0.429591
v -0.722833 2.868752 -0.361291
v -0.151441 2.842059 -0.279791
v -0.142187 2.904747 -0.303464
v -0.596463 2.944542 -0.564606
v -0.660774 2.879002 -0.527607
v -0.147799 2.846693 -0.370669
v -0.144809 2.910521 -0.396928
v -0.467501 2.945991 -0.629092
v -0.541080 2.883374 -0.630644
v -0.159844 2.853823 -0.472073
v -0.169501 2.919899 -0.496218
v -0.408027 2.881362 -0.661484
v -0.276206 2.828942 -0.023962
v -0.202482 2.864298 -0.567930
v -0.180515 2.789678 -0.549541
v -0.209055 2.716725 -0.621652
v -0.244107 2.799307 -0.634330
v -0.095755 3.287175 -0.129276
v -0.085103 3.321222 -0.197454
v -0.485006 2.764977 -0.008378
v -0.410937 2.688127 -0.020925
v -0.335646 2.760390 -0.014666
v -0.294118 2.723917 -0.689798
v -0.349179 2.806825 -0.682262
v -0.642435 2.777526 -0.108457
v -0.577274 2.696072 -0.064935
v -0.186827 2.768283 -0.172178
v -0.172411 2.696923 -0.235610
v -0.160888 2.772718 -0.257891
v -0.729972 2.792213 -0.286023
v -0.709995 2.708993 -0.210916
v -0.239320 2.763101 -0.083643
v -0.210734 2.692309 -0.147463
v -0.683160 3.291776 -0.348410
v -0.696705 3.284703 -0.164117
v -0.713470 2.803867 -0.472774
v -0.746564 2.720933 -0.402312
v -0.155558 2.700555 -0.320916
v -0.151450 2.776690 -0.345465
v -0.614637 2.810612 -0.614721
v -0.683210 2.728863 -0.575691
v -0.153091 2.704211 -0.417199
v -0.155154 2.781782 -0.446155
v -0.480053 2.810938 -0.681411
v -0.556478 2.731224 -0.683528
v -0.166353 2.709392 -0.524128
v -0.415720 2.728815 -0.714912
v -0.283869 2.687909 -0.065269
v -0.127795 3.280319 -0.043714
v -0.608185 3.279309 0.013213
v -0.191050 3.277810 0.042881
v -0.453793 3.276268 0.114779
v -0.197343 3.302056 -0.489613
v -0.312863 3.304890 -0.541176
v -0.298904 3.276176 0.109834
v -0.127264 3.309891 -0.398812
v -0.449924 3.304924 -0.542636
v -0.585077 3.299885 -0.481805
v -0.499879 2.614022 -0.046990
v -0.420666 2.532251 -0.053426
v -0.343723 2.610548 -0.053793
v -0.288572 2.531589 -0.097455
v -0.243322 2.612754 -0.121921
v -0.157816 2.626079 -0.490363
v -0.167711 2.543443 -0.558620
v -0.184090 2.630604 -0.596331
v -0.152819 2.622957 -0.385283
v -0.153271 2.541138 -0.449750
v -0.161764 2.620235 -0.295351
v -0.155045 2.539297 -0.351660
v -0.212771 2.534286 -0.178657
v -0.188803 2.616901 -0.209602
v -0.247275 2.636106 -0.681484
v -0.295890 2.550170 -0.724991
v -0.352532 2.640829 -0.729666
v -0.172552 2.537199 -0.266047
v -0.211194 2.546599 -0.656632
v -0.419903 2.553426 -0.751027
v -0.489580 2.644211 -0.729085
v -0.570163 2.556066 -0.718892
v -0.634358 2.645325 -0.660057
v -0.705020 2.556247 -0.607911
v -0.737619 2.641761 -0.512783
v -0.768709 2.552383 -0.431806
v -0.753035 2.633788 -0.321919
v -0.729322 2.545326 -0.240163
v -0.662637 2.623170 -0.144726
v -0.592692 2.537497 -0.096131
v -0.300302 1.830404 -0.154373
v -0.352678 1.737552 -0.134178
v -0.306452 1.647083 -0.170624
v -0.266206 1.737912 -0.196908
v -0.183116 1.828488 -0.377378
v -0.196334 1.736502 -0.341982
v -0.197609 1.645167 -0.377717
v -0.186889 1.735499 -0.417907
v -0.234778 1.830555 -0.227121
v -0.245941 1.646977 -0.239745
v -0.220233 1.737628 -0.270760
v -0.757238 1.824265 -0.445394
v -0.728890 1.730591 -0.523810
v -0.735814 1.640570 -0.441856
v -0.738244 1.732048 -0.360182
v -0.714043 1.825808 -0.275186
v -0.694660 1.642948 -0.280521
v -0.646870 1.734353 -0.205975
v -0.698704 1.823699 -0.599360
v -0.631093 1.730306 -0.648560
v -0.679453 1.639367 -0.586145
v -0.422472 1.824354 -0.724529
v -0.360687 1.731395 -0.706755
v -0.420958 1.639783 -0.701932
v -0.490347 1.730676 -0.707844
v -0.180270 1.827726 -0.463374
v -0.192841 1.644431 -0.456728
v -0.189501 1.734813 -0.506520
v -0.567895 1.823877 -0.696586
v -0.557162 1.639284 -0.676097
v -0.192526 1.827083 -0.557602
v -0.201979 1.643513 -0.544018
v -0.211675 1.733760 -0.594439
v -0.580074 1.827875 -0.145673
v -0.567819 1.645419 -0.157339
v -0.493483 1.736464 -0.122003
v -0.231351 1.826110 -0.641250
v -0.237424 1.642059 -0.622676
v -0.266726 1.732457 -0.664881
v -0.307281 1.825115 -0.700179
v -0.310205 1.640712 -0.678987
v -0.418849 1.829577 -0.110163
v -0.416775 1.646782 -0.125679
v -0.199677 1.829749 -0.302696
v -0.213663 1.646232 -0.309418
v -0.190264 2.452197 -0.231691
v -0.174527 2.367568 -0.279822
v -0.161578 2.453872 -0.316668
v -0.194888 2.281230 -0.241596
v -0.180634 2.194622 -0.286448
v -0.164929 2.281635 -0.324525
v -0.201968 2.106339 -0.249672
v -0.189217 2.015375 -0.293777
v -0.172648 2.105751 -0.329625
v -0.209791 1.923436 -0.259756
v -0.183232 1.922294 -0.336101
v -0.509932 2.452223 -0.071322
v -0.426537 2.366816 -0.071509
v -0.349668 2.449580 -0.078422
v -0.513970 2.282651 -0.084588
v -0.427598 2.195302 -0.083340
v -0.353312 2.281132 -0.092410
v -0.510872 2.106510 -0.095332
v -0.423819 2.015566 -0.095600
v -0.353674 2.106632 -0.104427
v -0.502312 1.922151 -0.107936
v -0.352217 1.923327 -0.118198
v -0.249339 2.459184 -0.702393
v -0.298019 2.370808 -0.733760
v -0.354418 2.461627 -0.751405
v -0.252572 2.281767 -0.702661
v -0.300674 2.193766 -0.728475
v -0.356174 2.282813 -0.751872
v -0.256916 2.104070 -0.695023
v -0.303796 2.012423 -0.717025
v -0.357583 2.104160 -0.742585
v -0.261899 1.919424 -0.682619
v -0.359204 1.918793 -0.727175
v -0.185587 2.457313 -0.617627
v -0.213795 2.369551 -0.665727
v -0.188994 2.281490 -0.619641
v -0.218462 2.193490 -0.662143
v -0.195577 2.104270 -0.615233
v -0.224764 2.012795 -0.654016
v -0.203700 1.920155 -0.607503
v -0.676620 2.457096 -0.167236
v -0.601276 2.369634 -0.113047
v -0.682468 2.284429 -0.178455
v -0.601869 2.195989 -0.123282
v -0.678040 2.106185 -0.186909
v -0.593501 2.014561 -0.133650
v -0.664210 1.920505 -0.196341
v -0.158020 2.456033 -0.511815
v -0.169155 2.369045 -0.569021
v -0.160651 2.281644 -0.516083
v -0.174226 2.193712 -0.568330
v -0.167947 2.104661 -0.515396
v -0.182843 2.013257 -0.564613
v -0.178398 1.920741 -0.513044
v -0.496732 2.464297 -0.751622
v -0.580313 2.375175 -0.728740
v -0.651216 2.466473 -0.680650
v -0.500760 2.284456 -0.753064
v -0.583328 2.195751 -0.724292
v -0.661070 2.286406 -0.681633
v -0.499984 2.104519 -0.743926
v -0.577947 2.012251 -0.712935
v -0.659092 2.105259 -0.674804
v -0.495833 1.918370 -0.728286
v -0.647074 1.918204 -0.663765
v -0.152317 2.455009 -0.406500
v -0.153856 2.368748 -0.461420
v -0.154786 2.281736 -0.412778
v -0.158725 2.194070 -0.463610
v -0.162254 2.105120 -0.415280
v -0.168263 2.013699 -0.464218
v -0.173654 1.921282 -0.417780
v -0.422787 2.372780 -0.761221
v -0.423890 2.194515 -0.756182
v -0.423423 2.012197 -0.743228
v -0.721108 2.376750 -0.616698
v -0.757593 2.466026 -0.532122
v -0.725764 2.196956 -0.614156
v -0.768434 2.287164 -0.535037
v -0.716518 2.012522 -0.608194
v -0.765240 2.105788 -0.533173
v -0.749803 1.918342 -0.529896
v -0.770493 2.462414 -0.342231
v -0.740985 2.372968 -0.254423
v -0.778800 2.286175 -0.349577
v -0.742553 2.196593 -0.261595
v -0.774570 2.105962 -0.353564
v -0.732275 2.013543 -0.268245
v -0.759061 1.919098 -0.357466
v -0.783613 2.375848 -0.442653
v -0.786868 2.197129 -0.444790
v -0.776490 2.012877 -0.445574
v -0.246744 2.450112 -0.145492
v -0.216331 2.366374 -0.194289
v -0.251280 2.280730 -0.158115
v -0.222019 2.194625 -0.203919
v -0.255684 2.106552 -0.169181
v -0.227944 2.016041 -0.214451
v -0.259670 1.923759 -0.182015
v -0.155730 2.368329 -0.364372
v -0.160979 2.194389 -0.368809
v -0.170603 2.014370 -0.372947
v -0.292958 2.365614 -0.115065
v -0.296311 2.194710 -0.127048
v -0.298020 2.016063 -0.139609
v -0.622880 1.002944 -0.518639
v -0.576390 0.948405 -0.558851
v -0.612438 0.918958 -0.511104
v -0.645067 0.946678 -0.459097
v -0.254050 1.005718 -0.469169
v -0.257924 0.950487 -0.427226
v -0.264353 0.921040 -0.460613
v -0.268686 0.949298 -0.499734
v -0.540029 1.010085 -0.173552
v -0.590040 0.951991 -0.216281
v -0.535285 0.925899 -0.177558
v -0.479270 0.956355 -0.151738
v -0.340912 1.013072 -0.182244
v -0.378157 0.957984 -0.160390
v -0.345677 0.929393 -0.182043
v -0.318442 0.957123 -0.207136
v -0.262412 1.008817 -0.338715
v -0.272575 0.953793 -0.309736
v -0.269571 0.924260 -0.333688
v -0.262551 0.952213 -0.362584
v -0.298148 1.011885 -0.234992
v -0.303132 0.927762 -0.233186
v -0.288632 0.955441 -0.259916
v -0.253443 1.007272 -0.398280
v -0.262379 0.922558 -0.391352
v -0.423522 1.012843 -0.147408
v -0.425621 0.929236 -0.150598
v -0.275870 1.010347 -0.287446
v -0.281658 0.925899 -0.284041
v -0.636246 1.005811 -0.271687
v -0.653176 0.947750 -0.333193
v -0.625087 0.920956 -0.271748
v -0.530227 1.004531 -0.594572
v -0.476103 0.950025 -0.606306
v -0.526147 0.921126 -0.585662
v -0.278523 1.004848 -0.540102
v -0.288385 0.920621 -0.530864
v -0.308468 0.949315 -0.564300
v -0.424655 1.005243 -0.615716
v -0.380285 0.950019 -0.603808
v -0.427190 0.921965 -0.606627
v -0.336526 1.004938 -0.593794
v -0.343717 0.921315 -0.584366
v -0.665285 1.002853 -0.400011
v -0.652039 0.918148 -0.395770
v -0.709189 1.552011 -0.512759
v -0.717156 1.468027 -0.433392
v -0.718583 1.554249 -0.359177
v -0.692597 1.383953 -0.498005
v -0.700055 1.303995 -0.421571
v -0.701753 1.386662 -0.353634
v -0.676513 1.223629 -0.481692
v -0.682495 1.147359 -0.408998
v -0.685153 1.226277 -0.345217
v -0.660035 1.071873 -0.467632
v -0.668269 1.073783 -0.337500
v -0.271118 1.552933 -0.643234
v -0.313704 1.466589 -0.656153
v -0.361790 1.551812 -0.683703
v -0.277545 1.383793 -0.620679
v -0.319779 1.302138 -0.632998
v -0.364602 1.382881 -0.660053
v -0.286518 1.223789 -0.598217
v -0.327418 1.147044 -0.610908
v -0.368938 1.223219 -0.636685
v -0.297428 1.073454 -0.578056
v -0.374298 1.073433 -0.616807
v -0.420233 1.465873 -0.677873
v -0.485270 1.551195 -0.684442
v -0.421116 1.301743 -0.653809
v -0.482108 1.382605 -0.660343
v -0.422454 1.146932 -0.631735
v -0.479697 1.223085 -0.637061
v -0.477455 1.073304 -0.618151
v -0.219498 1.554513 -0.575204
v -0.244131 1.467970 -0.600876
v -0.229050 1.385350 -0.554363
v -0.253518 1.303317 -0.579062
v -0.241037 1.225041 -0.533684
v -0.265179 1.147740 -0.557691
v -0.255138 1.074189 -0.513771
v -0.548906 1.465707 -0.653298
v -0.616824 1.551153 -0.629287
v -0.542524 1.301714 -0.630289
v -0.605875 1.382827 -0.608179
v -0.536306 1.146611 -0.609272
v -0.595904 1.222970 -0.587049
v -0.585739 1.072382 -0.569662
v -0.678751 1.471007 -0.281956
v -0.632337 1.557052 -0.213407
v -0.664569 1.307327 -0.279315
v -0.621207 1.389790 -0.216817
v -0.650161 1.150637 -0.274902
v -0.610516 1.229737 -0.216922
v -0.599695 1.077544 -0.216002
v -0.235530 1.558245 -0.277922
v -0.231457 1.471817 -0.309834
v -0.212489 1.557255 -0.342337
v -0.253652 1.388949 -0.277869
v -0.250132 1.307053 -0.304654
v -0.231030 1.387603 -0.337260
v -0.270003 1.229362 -0.271979
v -0.265526 1.152383 -0.295658
v -0.249152 1.227637 -0.328396
v -0.281375 1.079744 -0.264425
v -0.263179 1.078146 -0.317279
v -0.488485 1.558875 -0.134912
v -0.418600 1.474311 -0.138186
v -0.357272 1.559224 -0.149729
v -0.486543 1.391487 -0.143461
v -0.421445 1.310987 -0.144375
v -0.364456 1.391478 -0.158751
v -0.484444 1.231877 -0.147695
v -0.422886 1.155613 -0.146728
v -0.370690 1.232247 -0.161093
v -0.481530 1.080695 -0.149658
v -0.374720 1.081832 -0.160730
v -0.201340 1.556447 -0.411111
v -0.206526 1.470303 -0.443853
v -0.200807 1.555793 -0.492665
v -0.217664 1.386831 -0.400453
v -0.222144 1.305229 -0.429928
v -0.213687 1.386437 -0.476143
v -0.235120 1.226574 -0.387874
v -0.238586 1.149857 -0.413669
v -0.228570 1.226009 -0.458948
v -0.250809 1.076755 -0.373119
v -0.244307 1.075440 -0.440555
v -0.277713 1.558870 -0.210314
v -0.261700 1.472915 -0.246748
v -0.291929 1.390380 -0.215758
v -0.277889 1.308789 -0.245490
v -0.304365 1.231136 -0.213766
v -0.290258 1.154114 -0.239926
v -0.312743 1.081168 -0.209694
v -0.214317 1.470844 -0.371652
v -0.232577 1.305767 -0.362700
v -0.249531 1.150873 -0.350488
v -0.316663 1.473841 -0.182761
v -0.327456 1.310355 -0.186048
v -0.335507 1.155465 -0.184613
v -0.559823 1.473490 -0.166055
v -0.553463 1.310047 -0.170595
v -0.546690 1.153933 -0.172513
v -0.212161 1.469525 -0.525295
v -0.224478 1.304672 -0.506453
v -0.238847 1.148899 -0.486729
v -0.663662 1.466237 -0.568834
v -0.650077 1.302146 -0.549910
v -0.636490 1.146212 -0.531610
v -0.096183 3.486950 -0.291935
v -0.089445 3.368501 -0.245472
v 0.057677 5.548935 0.425199
v 0.053827 5.379205 0.377723
v 0.024149 5.226701 0.282530
v 0.001350 5.145152 0.156918
v -0.001415 5.121843 0.007007
v -0.001216 5.122442 -0.173596
v 0.003124 5.153543 -0.344623
v 0.213721 5.447901 0.408368
v 0.420179 5.580072 0.417400
v 0.616822 5.734018 0.335211
v 0.741442 5.870179 0.151847
v 0.768720 5.933928 -0.089273
v 0.706639 5.903520 -0.351665
v 0.566278 5.800832 -0.564137
v 0.376371 5.657172 -0.656465
v 0.022160 5.253794 -0.494449
v 0.045599 5.441513 -0.614680
v 0.048314 5.652096 -0.649965
v 0.186178 5.517162 -0.645811
v 0.210527 5.603939 0.437383
v 0.404984 5.715829 0.429752
v 0.591099 5.858747 0.347452
v 0.708425 5.989882 0.172080
v 0.733670 6.052900 -0.063865
v 0.675554 6.028637 -0.319637
v 0.542148 5.941823 -0.527342
v 0.362026 5.823129 -0.631634
v 0.183020 5.712891 -0.654131
v 0.135090 6.366167 -0.332709
v 0.142710 6.248850 -0.417548
v 0.157352 6.090781 -0.521196
v 0.172696 5.908037 -0.607643
v 0.283332 6.384224 -0.307307
v 0.297351 6.285916 -0.384196
v 0.319806 6.149615 -0.480926
v 0.343369 5.991370 -0.570443
v 0.442490 6.408212 -0.245754
v 0.460652 6.330439 -0.308662
v 0.486541 6.215035 -0.387283
v 0.515621 6.081347 -0.465572
v 0.556386 6.426307 -0.127530
v 0.579669 6.363453 -0.172902
v 0.609571 6.263149 -0.225063
v 0.643274 6.147626 -0.275898
v 0.602611 6.426259 0.054995
v 0.630221 6.367053 0.024411
v 0.663331 6.271560 -0.007283
v 0.698829 6.163579 -0.036005
v 0.582107 6.405122 0.257394
v 0.611130 6.330168 0.237124
v 0.643586 6.221560 0.215597
v 0.676040 6.105281 0.194617
v 0.495145 6.371075 0.411073
v 0.519667 6.260982 0.398168
v 0.544464 6.123976 0.382599
v 0.567115 5.987683 0.365196
v 0.360146 6.336046 0.492090
v 0.373830 6.186194 0.480472
v 0.384582 6.019907 0.464915
v 0.392894 5.862525 0.446954
v 0.208765 6.308920 0.523179
v 0.211184 6.130012 0.506528
v 0.209833 5.944483 0.484924
v 0.207871 5.770528 0.461638
v 0.034288 6.357409 -0.339391
v 0.035784 6.229695 -0.427522
v 0.040108 6.058340 -0.532523
v 0.045156 5.861299 -0.614433
v 0.064923 6.294999 0.531568
v 0.063747 6.103017 0.510248
v 0.060889 5.910495 0.483891
v 0.058276 5.728417 0.456485
v 0.806725 5.789732 -0.106352
v 0.006476 5.141858 -0.325771
v 0.640993 5.601426 0.332793
v 0.391734 5.500328 -0.648142
v -0.009675 5.124020 0.005740
v 0.221105 5.313295 0.378116
v 0.740167 5.756696 -0.368957
v 0.063538 5.198850 0.274866
v 0.775213 5.730755 0.141082
v 0.194300 5.347879 -0.597925
v -0.010062 5.123032 -0.165908
v 0.433793 5.450881 0.412017
v 0.591302 5.650463 -0.574346
v 0.060975 5.213217 -0.469098
v 0.000289 5.140085 0.149411
v -0.002429 4.980456 0.130925
v 0.906855 5.151346 -0.102920
v -0.020362 4.972181 0.002534
v 0.833069 5.135559 -0.336512
v -0.018923 4.972828 -0.139529
v 0.664594 5.097426 -0.487643
v 0.006600 4.981850 -0.277660
v 0.448580 5.050713 -0.533787
v 0.234309 5.019433 0.361006
v 0.085308 4.989436 -0.402340
v 0.450172 5.054932 0.417536
v 0.237929 5.010969 -0.498510
v 0.682608 5.098436 0.350033
v 0.078227 4.995989 0.251808
v 0.852971 5.136345 0.150618
v 0.808308 5.559583 0.141798
v 0.836833 5.359188 0.147665
v 0.061987 5.148174 0.264879
v 0.063372 5.092271 0.260714
v 0.661295 5.453629 0.339554
v 0.676368 5.289216 0.348130
v 0.209772 5.228194 -0.556501
v 0.225891 5.128534 -0.521705
v 0.443331 5.328969 0.414107
v 0.448795 5.206694 0.418404
v 0.070549 5.145216 -0.433369
v 0.078106 5.082652 -0.412988
v 0.228709 5.219411 0.366738
v 0.231277 5.136496 0.364351
v 0.411306 5.350827 -0.614336
v 0.433319 5.206522 -0.568346
v 0.003290 5.109111 -0.298761
v 0.003467 5.066277 -0.284268
v 0.618929 5.479958 -0.555967
v 0.646977 5.294345 -0.518656
v -0.019367 5.101263 -0.152468
v -0.021690 5.062647 -0.143701
v 0.776784 5.574084 -0.367882
v 0.811681 5.361926 -0.351932
v -0.021269 5.102904 -0.003024
v -0.024597 5.062839 -0.001842
v 0.847030 5.605916 -0.111489
v 0.883939 5.387604 -0.107616
v -0.014485 5.114415 0.136708
v -0.016961 5.068149 0.133740
v 0.850305 4.882195 0.145751
v 0.017547 4.815555 0.118703
v 0.624886 3.167172 -0.446015
v 0.907658 4.890649 -0.104127
v -0.008739 4.807079 -0.006123
v 0.831750 4.883122 -0.331435
v -0.009043 4.808178 -0.135447
v 0.662412 4.865391 -0.474415
v 0.016300 4.816960 -0.270051
v 0.450808 4.845845 -0.518631
v 0.237181 4.830248 0.348904
v 0.094199 4.821404 -0.396820
v 0.445129 4.844369 0.405029
v 0.244883 4.829989 -0.487639
v 0.675956 4.863598 0.340574
v 0.095048 4.821846 0.240797
v 0.098148 3.156460 -0.291867
v 0.506051 3.173150 -0.543222
v 0.110490 3.155988 -0.376742
v 0.370710 3.173933 -0.572604
v 0.236214 3.136057 0.054417
v 0.154298 3.161900 -0.471909
v 0.365210 3.137419 0.098680
v 0.245149 3.168885 -0.544764
v 0.525211 3.141987 0.051428
v 0.158377 3.136827 -0.028167
v 0.650650 3.149827 -0.097171
v 0.116876 3.139675 -0.117266
v 0.685796 3.158806 -0.284884
v 0.098890 3.150790 -0.201289
v 0.010160 4.590479 -0.019172
v 0.030830 4.353559 -0.037900
v 0.048164 4.117136 -0.060867
v 0.062366 3.883708 -0.089634
v 0.071555 3.652538 -0.126602
v 0.075711 3.441651 -0.149113
v 0.887179 4.616964 -0.112984
v 0.852677 4.359808 -0.129348
v 0.812908 4.115916 -0.151735
v 0.775227 3.879564 -0.178578
v 0.741561 3.653867 -0.207632
v 0.713020 3.451814 -0.235556
v 0.039102 4.589889 0.101324
v 0.058399 4.351381 0.076068
v 0.073242 4.114254 0.045218
v 0.085294 3.880979 0.009725
v 0.092385 3.655719 -0.028291
v 0.095533 3.450903 -0.061236
v 0.829315 4.610925 0.130292
v 0.796091 4.353972 0.103977
v 0.758921 4.110487 0.069867
v 0.724482 3.874753 0.031225
v 0.694487 3.649163 -0.007993
v 0.670400 3.446698 -0.042554
v 0.111005 4.590032 0.220066
v 0.123819 4.349263 0.188608
v 0.132818 4.111108 0.150502
v 0.140301 3.877466 0.108173
v 0.144148 3.652812 0.065348
v 0.144696 3.448751 0.028531
v 0.656582 4.602140 0.317842
v 0.629380 4.349283 0.283606
v 0.600900 4.107033 0.241295
v 0.575659 3.871636 0.193983
v 0.553919 3.646102 0.147024
v 0.536861 3.443357 0.107122
v 0.251519 4.600668 -0.483145
v 0.255850 4.364235 -0.480548
v 0.256498 4.128570 -0.480310
v 0.256064 3.895316 -0.483585
v 0.252549 3.670623 -0.490228
v 0.245991 3.468349 -0.504367
v 0.433915 4.595167 0.378532
v 0.419276 4.347348 0.341410
v 0.404568 4.106459 0.296458
v 0.391962 3.871445 0.246087
v 0.380060 3.646091 0.196226
v 0.369537 3.442973 0.154143
v 0.108450 4.597141 -0.395086
v 0.122958 4.361381 -0.394668
v 0.134041 4.125762 -0.396199
v 0.142746 3.893047 -0.402461
v 0.145854 3.666865 -0.410687
v 0.146630 3.454187 -0.429968
v 0.239531 4.591313 0.323694
v 0.240061 4.347612 0.287879
v 0.239178 4.108200 0.244710
v 0.238539 3.873906 0.196796
v 0.235996 3.648953 0.149318
v 0.231745 3.445392 0.109329
v 0.443458 4.605181 -0.513336
v 0.430465 4.365835 -0.510727
v 0.416047 4.129570 -0.510447
v 0.403750 3.895828 -0.512797
v 0.391574 3.671166 -0.518132
v 0.379302 3.470144 -0.531521
v 0.033604 4.594571 -0.271315
v 0.052341 4.358441 -0.275945
v 0.068371 4.122762 -0.282344
v 0.081615 3.891923 -0.294267
v 0.088222 3.682306 -0.305409
v 0.642931 4.610572 -0.471306
v 0.615043 4.365698 -0.471777
v 0.587100 4.127552 -0.474874
v 0.563287 3.893119 -0.480379
v 0.541906 3.668201 -0.488521
v 0.522998 3.467177 -0.503251
v 0.008508 4.592267 -0.141906
v 0.028754 4.355956 -0.153698
v 0.046414 4.120025 -0.168218
v 0.061130 3.888597 -0.189262
v 0.071229 3.674849 -0.221689
v 0.809778 4.615947 -0.334120
v 0.776177 4.363935 -0.341377
v 0.739725 4.122351 -0.352391
v 0.706345 3.886548 -0.366843
v 0.676389 3.661130 -0.384055
v 0.650427 3.459623 -0.404165
v 0.689607 3.043887 -0.311714
v 0.121010 3.017430 -0.229750
v 0.628606 3.053352 -0.471572
v 0.117245 3.022016 -0.313820
v 0.511551 3.058561 -0.569690
v 0.128259 3.028336 -0.407164
v 0.379224 3.057630 -0.600208
v 0.175425 3.010432 -0.058627
v 0.247985 3.008994 0.026187
v 0.170075 3.038791 -0.501891
v 0.371767 3.011489 0.072188
v 0.257478 3.050192 -0.573266
v 0.529807 3.019572 0.024891
v 0.137870 3.013319 -0.147795
v 0.655423 3.031741 -0.124829
v 0.383691 2.893064 0.039777
v 0.273764 2.938176 -0.614223
v 0.541870 2.903026 -0.006749
v 0.156651 2.898858 -0.180065
v 0.669160 2.918180 -0.156220
v 0.192758 2.894698 -0.091195
v 0.703508 2.932390 -0.344032
v 0.140104 2.902636 -0.262638
v 0.642116 2.942883 -0.507259
v 0.135856 2.907300 -0.350349
v 0.524701 2.947763 -0.608565
v 0.146648 2.914834 -0.448798
v 0.393307 2.945832 -0.639803
v 0.262754 2.891301 -0.006446
v 0.188032 2.926320 -0.544516
v 0.198839 2.795241 -0.598330
v 0.082046 3.297969 -0.168353
v 0.397077 2.762061 -0.000962
v 0.283701 2.804549 -0.667033
v 0.559641 2.771430 -0.046001
v 0.165573 2.770974 -0.217635
v 0.689810 2.786384 -0.193686
v 0.202384 2.766161 -0.129201
v 0.693830 3.289256 -0.260770
v 0.725078 2.800173 -0.384196
v 0.149036 2.774901 -0.302192
v 0.662618 2.809736 -0.554553
v 0.145598 2.779229 -0.396207
v 0.540268 2.813217 -0.660574
v 0.157303 2.785774 -0.501010
v 0.404027 2.810733 -0.692084
v 0.273396 2.761545 -0.046038
v 0.101885 3.282653 -0.089053
v 0.655700 3.282868 -0.071109
v 0.147873 3.279146 -0.000808
v 0.527535 3.278211 0.076750
v 0.241963 3.304476 -0.523802
v 0.364428 3.276451 0.123310
v 0.147764 3.302997 -0.451014
v 0.230840 3.277214 0.079620
v 0.371396 3.306834 -0.551347
v 0.510440 3.304502 -0.522857
v 0.632596 3.297315 -0.425238
v 0.408365 2.611992 -0.040269
v 0.278945 2.611554 -0.084881
v 0.160260 2.628822 -0.547121
v 0.147278 2.624991 -0.438557
v 0.149712 2.622142 -0.340802
v 0.205120 2.615312 -0.167059
v 0.286681 2.639709 -0.714166
v 0.166584 2.619184 -0.255076
v 0.202335 2.634182 -0.645487
v 0.409618 2.644067 -0.739769
v 0.555203 2.646894 -0.707816
v 0.685780 2.645948 -0.597851
v 0.749188 2.639937 -0.422169
v 0.711614 2.630019 -0.229691
v 0.577460 2.619049 -0.083823
v 0.293628 1.738508 -0.165506
v 0.182605 1.736769 -0.381665
v 0.231195 1.738572 -0.236894
v 0.736856 1.733039 -0.449085
v 0.694326 1.734634 -0.282776
v 0.679962 1.732297 -0.598400
v 0.413384 1.732436 -0.718652
v 0.179151 1.735980 -0.464132
v 0.553902 1.732171 -0.692052
v 0.189725 1.735226 -0.554912
v 0.563853 1.736580 -0.155414
v 0.226492 1.734108 -0.636238
v 0.300562 1.733096 -0.694353
v 0.407768 1.737964 -0.120997
v 0.198223 1.737899 -0.309997
v 0.166633 2.453710 -0.276821
v 0.170251 2.282078 -0.285713
v 0.177517 2.106727 -0.292477
v 0.186541 1.923668 -0.301210
v 0.416021 2.451130 -0.065230
v 0.419313 2.282485 -0.079426
v 0.417375 2.107343 -0.091374
v 0.411995 1.923655 -0.105244
v 0.288555 2.461477 -0.735361
v 0.291019 2.283355 -0.735614
v 0.293890 2.105268 -0.727171
v 0.297320 1.920326 -0.713340
v 0.204352 2.459116 -0.666683
v 0.207927 2.282555 -0.667855
v 0.213584 2.105176 -0.661867
v 0.220170 1.920841 -0.651802
v 0.589393 2.455540 -0.107785
v 0.593983 2.284668 -0.120683
v 0.589679 2.107515 -0.130947
v 0.577711 1.922498 -0.142740
v 0.160844 2.457450 -0.568791
v 0.163717 2.282460 -0.572118
v 0.170777 2.105394 -0.569744
v 0.180185 1.921413 -0.564820
v 0.567499 2.467241 -0.729918
v 0.574605 2.287173 -0.731496
v 0.573146 2.106602 -0.723590
v 0.564885 1.920051 -0.710075
v 0.146611 2.456285 -0.460145
v 0.148707 2.282534 -0.465647
v 0.155912 2.105728 -0.466826
v 0.166894 1.921855 -0.467192
v 0.413184 2.464353 -0.762351
v 0.415313 2.285012 -0.763754
v 0.415467 2.105766 -0.754687
v 0.414747 1.920068 -0.739114
v 0.705396 2.468474 -0.617945
v 0.716537 2.288865 -0.619823
v 0.713929 2.107476 -0.615627
v 0.699470 1.920211 -0.608752
v 0.727285 2.461352 -0.251456
v 0.734187 2.286949 -0.261383
v 0.729544 2.107702 -0.268361
v 0.714275 1.921362 -0.275766
v 0.768267 2.466338 -0.442213
v 0.777921 2.288713 -0.447641
v 0.774033 2.107809 -0.449161
v 0.758251 1.920588 -0.450059
v 0.207175 2.451687 -0.190042
v 0.211529 2.281582 -0.201569
v 0.217173 2.107161 -0.211540
v 0.222839 1.924428 -0.223479
v 0.148721 2.455164 -0.362207
v 0.151051 2.282413 -0.369417
v 0.158363 2.106153 -0.373458
v 0.169332 1.922550 -0.378377
v 0.283127 2.449989 -0.109329
v 0.286758 2.281353 -0.123218
v 0.288840 2.107249 -0.135438
v 0.289990 1.924356 -0.149382
v 0.607293 0.948837 -0.521571
v 0.253045 0.950735 -0.467994
v 0.526443 0.955384 -0.180408
v 0.332779 0.958413 -0.185938
v 0.258708 0.953882 -0.339726
v 0.291183 0.956916 -0.237855
v 0.251561 0.952299 -0.397942
v 0.413460 0.958326 -0.153064
v 0.270392 0.955356 -0.289607
v 0.619159 0.950995 -0.277520
v 0.519034 0.950841 -0.597143
v 0.276639 0.950100 -0.539138
v 0.417559 0.951515 -0.617635
v 0.332463 0.950749 -0.594133
v 0.647196 0.948241 -0.404140
v 0.716306 1.554651 -0.443614
v 0.698577 1.386684 -0.433708
v 0.681087 1.226197 -0.421410
v 0.663205 1.074007 -0.410485
v 0.303257 1.553404 -0.672364
v 0.307968 1.384253 -0.649708
v 0.314929 1.224405 -0.627135
v 0.323546 1.074456 -0.607411
v 0.411708 1.552673 -0.695514
v 0.411732 1.383768 -0.671850
v 0.412888 1.224192 -0.648845
v 0.414832 1.074649 -0.629818
v 0.232594 1.554711 -0.615774
v 0.240653 1.385586 -0.594197
v 0.251299 1.225431 -0.572815
v 0.264088 1.074777 -0.553018
v 0.543939 1.552593 -0.670668
v 0.536704 1.383977 -0.648149
v 0.530452 1.224285 -0.626143
v 0.524360 1.074314 -0.608266
v 0.676262 1.557029 -0.286905
v 0.661375 1.389588 -0.286608
v 0.646880 1.229313 -0.283072
v 0.632211 1.076940 -0.279211
v 0.214106 1.558519 -0.313859
v 0.232661 1.388992 -0.311465
v 0.249834 1.229226 -0.304333
v 0.262259 1.079749 -0.295396
v 0.407617 1.559967 -0.135993
v 0.410184 1.392411 -0.145673
v 0.412154 1.233027 -0.149920
v 0.412631 1.082345 -0.151590
v 0.192002 1.556956 -0.453916
v 0.206622 1.387493 -0.440616
v 0.222922 1.227175 -0.426094
v 0.238768 1.077071 -0.409835
v 0.244730 1.559321 -0.247707
v 0.261066 1.390453 -0.250744
v 0.275363 1.231073 -0.246917
v 0.284928 1.081264 -0.241317
v 0.198016 1.557592 -0.378591
v 0.215571 1.387941 -0.371107
v 0.233433 1.227852 -0.360907
v 0.248224 1.078323 -0.348528
v 0.301884 1.559766 -0.180968
v 0.312657 1.391727 -0.188964
v 0.321975 1.232573 -0.189514
v 0.328090 1.082428 -0.187546
v 0.553503 1.559179 -0.166364
v 0.546507 1.391876 -0.173355
v 0.539741 1.232026 -0.176741
v 0.532574 1.080372 -0.178323
v 0.199330 1.556139 -0.538260
v 0.210587 1.386965 -0.519625
v 0.224087 1.226610 -0.500826
v 0.239205 1.075834 -0.481807
v 0.661957 1.553193 -0.583436
v 0.647437 1.384834 -0.565613
v 0.633830 1.224644 -0.546935
v 0.620024 1.073484 -0.531178
v 0.098311 3.342920 -0.329071
v 0.077114 3.368404 -0.211409
v 0.082517 3.556787 -0.279951
v -0.064201 5.548850 0.425229
v -0.060385 5.379075 0.377853
v -0.031909 5.226175 0.282700
v -0.008218 5.144535 0.156826
v -0.009212 5.153305 -0.344714
v -0.219744 5.447594 0.408540
v -0.425945 5.579615 0.417544
v -0.622381 5.733410 0.335393
v -0.746789 5.869465 0.152053
v -0.773918 5.933181 -0.089027
v -0.711870 5.902846 -0.351461
v -0.571716 5.800364 -0.564205
v -0.382056 5.656874 -0.657050
v -0.029781 5.253473 -0.494847
v -0.052330 5.441360 -0.615033
v -0.054592 5.652068 -0.650055
v -0.192204 5.516890 -0.646631
v -0.216539 5.603700 0.437455
v -0.410686 5.715449 0.429870
v -0.596592 5.858238 0.347604
v -0.713687 5.989290 0.172234
v -0.738783 6.052306 -0.063715
v -0.680709 6.028142 -0.319525
v -0.547414 5.941502 -0.527348
v -0.367420 5.822965 -0.631817
v -0.188640 5.712811 -0.654361
v -0.140280 6.366360 -0.332901
v -0.148163 6.249007 -0.417670
v -0.162898 6.090860 -0.521243
v -0.178246 5.908040 -0.607675
v -0.288055 6.384544 -0.307361
v -0.302412 6.286044 -0.384301
v -0.324999 6.149601 -0.480970
v -0.348632 5.991274 -0.570483
v -0.446726 6.408564 -0.245599
v -0.465504 6.330415 -0.308668
v -0.491632 6.214854 -0.387285
v -0.520800 6.081103 -0.465557
v -0.560021 6.426804 -0.127396
v -0.584322 6.363314 -0.172838
v -0.614589 6.262813 -0.225017
v -0.648384 6.147233 -0.275836
v -0.606149 6.427008 0.054915
v -0.634821 6.366899 0.024461
v -0.668288 6.271115 -0.007191
v -0.703873 6.163073 -0.035898
v -0.586473 6.405826 0.257194
v -0.616028 6.330004 0.237161
v -0.648681 6.221103 0.215714
v -0.681217 6.104765 0.194753
v -0.500324 6.371408 0.410956
v -0.524895 6.260771 0.398232
v -0.549770 6.123583 0.382725
v -0.572516 5.987244 0.365339
v -0.365619 6.336123 0.492082
v -0.379215 6.185994 0.480543
v -0.390036 6.019616 0.465014
v -0.398474 5.862202 0.447064
v -0.214354 6.308962 0.523209
v -0.216708 6.129911 0.506579
v -0.215470 5.944334 0.484983
v -0.213730 5.770336 0.461697
v -0.040488 6.357462 -0.339470
v -0.042219 6.229733 -0.427563
v -0.046564 6.058363 -0.532536
v -0.051490 5.861312 -0.614431
v -0.070679 6.295041 0.531587
v -0.069523 6.103016 0.510270
v -0.066891 5.910475 0.483912
v -0.064678 5.728357 0.456500
v -0.811933 5.789043 -0.106047
v -0.020165 5.141468 -0.325721
v -0.646530 5.600936 0.333049
v -0.397537 5.500020 -0.649410
v -0.227199 5.312908 0.378570
v -0.745330 5.756059 -0.368746
v -0.072544 5.197777 0.275384
v -0.780589 5.730117 0.141361
v -0.200783 5.347414 -0.599578
v -0.439513 5.450536 0.412230
v -0.596709 5.650035 -0.574648
v -0.069588 5.212550 -0.469983
v -0.014367 5.139085 0.149306
v -0.023923 4.980734 0.131097
v -0.912291 5.150458 -0.102571
v -0.838183 5.134592 -0.336445
v -0.670184 5.096350 -0.489049
v -0.028093 4.981906 -0.277519
v -0.454903 5.049527 -0.536995
v -0.240422 5.018993 0.362093
v -0.095809 4.989076 -0.403752
v -0.456449 5.054320 0.417854
v -0.245137 5.010023 -0.501680
v -0.688802 5.097670 0.350289
v -0.088474 4.995922 0.253331
v -0.858855 5.135521 0.150946
v -0.813743 5.559020 0.142122
v -0.842473 5.358483 0.147969
v -0.074059 5.147819 0.265750
v -0.076102 5.091975 0.261861
v -0.666875 5.453253 0.339861
v -0.682254 5.288633 0.348395
v -0.216557 5.227627 -0.558893
v -0.232899 5.127728 -0.524682
v -0.449066 5.328748 0.414359
v -0.454823 5.206251 0.418688
v -0.080644 5.144749 -0.434415
v -0.088748 5.082230 -0.414217
v -0.235036 5.219118 0.367445
v -0.237737 5.136055 0.365289
v -0.417193 5.350407 -0.616414
v -0.439382 5.205654 -0.571208
v -0.024523 5.109060 -0.298456
v -0.026760 5.066286 -0.283940
v -0.624255 5.479520 -0.556637
v -0.652333 5.293556 -0.519770
v -0.781822 5.573504 -0.367697
v -0.816653 5.361136 -0.351806
v -0.852243 5.605279 -0.111174
v -0.889221 5.386816 -0.107311
v -0.856425 4.881387 0.146209
v -0.032288 4.816139 0.119153
v -0.634260 3.165703 -0.444395
v -0.913402 4.889760 -0.103679
v -0.013907 4.807829 -0.006148
v -0.837354 4.882163 -0.331355
v -0.013549 4.808876 -0.135400
v -0.668579 4.864323 -0.475724
v -0.031724 4.817350 -0.270087
v -0.457596 4.844698 -0.521419
v -0.243076 4.829905 0.349966
v -0.103728 4.821127 -0.398097
v -0.451513 4.843861 0.405381
v -0.252342 4.829084 -0.490289
v -0.682326 4.862902 0.340928
v -0.102148 4.821786 0.242458
v -0.104621 3.156289 -0.290208
v -0.514936 3.171525 -0.540985
v -0.117543 3.155829 -0.375017
v -0.379362 3.172405 -0.569654
v -0.243747 3.135697 0.055518
v -0.162339 3.161471 -0.469634
v -0.373193 3.136760 0.099371
v -0.253750 3.167857 -0.541793
v -0.533298 3.141037 0.051960
v -0.165195 3.136704 -0.026789
v -0.659227 3.148621 -0.096264
v -0.123232 3.139593 -0.115747
v -0.695146 3.157478 -0.283553
v -0.105146 3.150627 -0.199661
v -0.021743 4.591239 -0.018920
v -0.039196 4.353908 -0.037354
v -0.055367 4.117303 -0.060162
v -0.068953 3.883777 -0.088793
v -0.077972 3.652547 -0.125614
v -0.082144 3.441629 -0.147996
v -0.893339 4.616070 -0.112424
v -0.859282 4.358895 -0.128679
v -0.819982 4.114962 -0.150967
v -0.782812 3.878559 -0.177696
v -0.749676 3.652814 -0.206619
v -0.721643 3.450700 -0.234424
v -0.047787 4.590207 0.102153
v -0.065721 4.351457 0.077004
v -0.080206 4.114252 0.046124
v -0.092074 3.880932 0.010656
v -0.099083 3.655642 -0.027244
v -0.102173 3.450791 -0.059975
v -0.835728 4.610142 0.130902
v -0.802821 4.353185 0.104711
v -0.765970 4.109674 0.070684
v -0.731850 3.873919 0.032101
v -0.702173 3.648320 -0.007075
v -0.678404 3.445816 -0.041623
v -0.117300 4.589819 0.221597
v -0.130377 4.349029 0.189883
v -0.139674 4.110904 0.151535
v -0.147338 3.877286 0.109083
v -0.151255 3.652641 0.066301
v -0.151757 3.448557 0.029687
v -0.663162 4.601521 0.318318
v -0.636212 4.348685 0.284182
v -0.607985 4.106422 0.241932
v -0.582956 3.871027 0.194631
v -0.561391 3.645515 0.147655
v -0.544508 3.442752 0.107724
v -0.259338 4.599804 -0.484822
v -0.264065 4.363399 -0.481220
v -0.265053 4.127738 -0.480019
v -0.264871 3.894476 -0.482402
v -0.261497 3.669771 -0.488281
v -0.254924 3.467466 -0.501887
v -0.440471 4.594746 0.378966
v -0.426061 4.346955 0.341937
v -0.411598 4.106071 0.297024
v -0.399207 3.871080 0.246635
v -0.387475 3.645762 0.196757
v -0.377110 3.442628 0.154713
v -0.117321 4.596737 -0.395722
v -0.131766 4.360888 -0.394476
v -0.142838 4.125234 -0.395236
v -0.151449 3.892484 -0.400870
v -0.154346 3.666281 -0.408684
v -0.154931 3.453582 -0.427727
v -0.245706 4.590972 0.324718
v -0.246622 4.347276 0.288853
v -0.246086 4.107893 0.245570
v -0.245719 3.873643 0.197534
v -0.243348 3.648727 0.150032
v -0.239183 3.445149 0.110169
v -0.450825 4.604130 -0.515303
v -0.438346 4.364825 -0.511877
v -0.424342 4.128559 -0.510787
v -0.412397 3.894805 -0.512301
v -0.400503 3.670125 -0.516810
v -0.388325 3.469032 -0.529477
v -0.044371 4.594779 -0.271170
v -0.061653 4.358382 -0.275323
v -0.076903 4.122583 -0.281280
v -0.089569 3.891659 -0.292865
v -0.095765 3.682001 -0.303825
v -0.649808 4.609542 -0.472302
v -0.622529 4.364657 -0.472421
v -0.595084 4.126472 -0.475098
v -0.571713 3.892004 -0.480092
v -0.550714 3.667049 -0.487680
v -0.532016 3.465941 -0.501847
v -0.020809 4.592956 -0.141660
v -0.037895 4.356229 -0.153133
v -0.054193 4.120106 -0.167398
v -0.068109 3.888562 -0.188233
v -0.077973 3.674733 -0.220473
v -0.816034 4.614982 -0.333992
v -0.783048 4.362930 -0.341165
v -0.747167 4.121287 -0.352036
v -0.714352 3.885424 -0.366269
v -0.684926 3.659948 -0.383216
v -0.659391 3.458364 -0.403040
v -0.699081 3.042561 -0.310120
v -0.126908 3.017335 -0.228127
v -0.638045 3.051878 -0.469667
v -0.123320 3.022029 -0.312273
v -0.520472 3.056960 -0.567125
v -0.135050 3.028327 -0.405456
v -0.387904 3.056134 -0.596962
v -0.182031 3.010251 -0.057095
v -0.255399 3.008659 0.027400
v -0.177984 3.038439 -0.499519
v -0.379693 3.010922 0.072972
v -0.266051 3.049187 -0.570089
v -0.537930 3.018695 0.025581
v -0.143929 3.013175 -0.146144
v -0.664129 3.030577 -0.123672
v -0.391531 2.892563 0.040641
v -0.282327 2.937134 -0.610880
v -0.550019 2.902161 -0.005891
v -0.162432 2.898603 -0.178280
v -0.677947 2.916946 -0.154808
v -0.199239 2.894312 -0.089449
v -0.712936 2.930930 -0.342192
v -0.145661 2.902565 -0.261000
v -0.651402 2.941282 -0.505123
v -0.141663 2.907300 -0.348719
v -0.533503 2.946117 -0.605810
v -0.153287 2.914708 -0.446885
v -0.401961 2.944365 -0.636427
v -0.270092 2.890905 -0.005114
v -0.195863 2.925794 -0.541903
v -0.206742 2.794517 -0.595569
v -0.088460 3.297855 -0.166963
v -0.404881 2.761560 -0.000013
v -0.292227 2.803502 -0.663726
v -0.567842 2.770522 -0.044930
v -0.171295 2.770632 -0.215746
v -0.698645 2.785041 -0.191936
v -0.208874 2.765679 -0.127352
v -0.702876 3.288003 -0.259576
v -0.734350 2.798549 -0.382017
v -0.154524 2.774678 -0.300377
v -0.671627 2.807996 -0.552110
v -0.151456 2.778974 -0.394310
v -0.548850 2.811521 -0.657650
v -0.164086 2.785339 -0.498812
v -0.412554 2.809293 -0.688723
v -0.280710 2.761110 -0.044623
v -0.108453 3.282518 -0.087595
v -0.664026 3.281797 -0.070239
v -0.154874 3.278937 0.000529
v -0.535431 3.277407 0.077280
v -0.250713 3.303492 -0.521024
v -0.372252 3.275910 0.123940
v -0.155945 3.302412 -0.448702
v -0.238387 3.276860 0.080631
v -0.380218 3.305488 -0.548784
v -0.519391 3.303033 -0.521000
v -0.641804 3.295907 -0.423880
v -0.416241 2.611454 -0.039168
v -0.286319 2.611131 -0.083383
v -0.167325 2.628140 -0.544694
v -0.153451 2.624395 -0.436296
v -0.155464 2.621615 -0.338636
v -0.211764 2.614840 -0.165155
v -0.295083 2.638645 -0.710933
v -0.172547 2.618699 -0.253001
v -0.210279 2.633342 -0.642675
v -0.418029 2.642678 -0.736394
v -0.563643 2.645228 -0.704632
v -0.694567 2.644176 -0.594962
v -0.758299 2.638245 -0.419501
v -0.720479 2.628615 -0.227481
v -0.585762 2.618087 -0.082441
v -0.302772 1.737788 -0.162530
v -0.190108 1.735932 -0.378412
v -0.239664 1.737888 -0.233754
v -0.746370 1.731170 -0.444227
v -0.704061 1.733149 -0.278218
v -0.688828 1.730324 -0.593381
v -0.421756 1.730991 -0.713565
v -0.186500 1.735163 -0.461069
v -0.562365 1.730444 -0.686786
v -0.197272 1.734352 -0.551769
v -0.573454 1.735508 -0.151714
v -0.234459 1.733101 -0.632642
v -0.308839 1.731884 -0.689965
v -0.417281 1.737140 -0.117976
v -0.206131 1.737124 -0.306693
v -0.173059 2.453122 -0.274594
v -0.177118 2.281473 -0.283345
v -0.184732 2.106081 -0.289846
v -0.194128 1.922923 -0.298174
v -0.424128 2.450520 -0.063850
v -0.427743 2.281807 -0.077666
v -0.426156 2.106609 -0.089201
v -0.421187 1.922837 -0.102626
v -0.296861 2.460361 -0.732049
v -0.299300 2.282203 -0.732113
v -0.302163 2.104085 -0.723416
v -0.305544 1.919089 -0.709266
v -0.212282 2.458160 -0.663725
v -0.215853 2.281538 -0.664724
v -0.221498 2.104132 -0.658560
v -0.228087 1.919790 -0.648326
v -0.597878 2.454486 -0.106017
v -0.602705 2.283539 -0.118452
v -0.598680 2.106353 -0.128233
v -0.587029 1.921340 -0.139542
v -0.168140 2.456620 -0.566148
v -0.171143 2.281553 -0.569283
v -0.178241 2.104456 -0.566751
v -0.187684 1.920477 -0.561706
v -0.575858 2.465569 -0.726416
v -0.582942 2.285464 -0.727631
v -0.581507 2.104865 -0.719306
v -0.573243 1.918260 -0.705331
v -0.153208 2.455510 -0.457629
v -0.155642 2.281710 -0.462967
v -0.163015 2.104876 -0.463978
v -0.174127 1.920983 -0.464174
v -0.421507 2.462945 -0.758820
v -0.423601 2.283561 -0.759946
v -0.423761 2.104291 -0.750518
v -0.423005 1.918547 -0.734500
v -0.714086 2.466678 -0.614620
v -0.725224 2.287023 -0.616092
v -0.722664 2.105584 -0.611482
v -0.708231 1.918216 -0.604216
v -0.736224 2.459831 -0.248822
v -0.743240 2.285326 -0.258320
v -0.738778 2.106050 -0.264838
v -0.723752 1.919735 -0.271764
v -0.777309 2.464556 -0.439106
v -0.786983 2.286842 -0.444129
v -0.783197 2.105894 -0.445228
v -0.767562 1.918630 -0.445717
v -0.214227 2.451128 -0.187950
v -0.219023 2.280943 -0.199232
v -0.225018 2.106485 -0.208923
v -0.231038 1.923716 -0.220552
v -0.154950 2.454484 -0.359836
v -0.157726 2.281718 -0.366923
v -0.165336 2.105415 -0.370743
v -0.176588 1.921716 -0.375305
v -0.290807 2.449490 -0.107613
v -0.294849 2.280761 -0.121210
v -0.297304 2.106599 -0.133105
v -0.298857 1.923624 -0.146682
v -0.616917 0.947360 -0.514363
v -0.260426 0.949760 -0.463323
v -0.537278 0.954393 -0.174773
v -0.343283 0.957755 -0.181706
v -0.267060 0.953017 -0.335075
v -0.301038 0.956305 -0.233731
v -0.259191 0.951350 -0.393294
v -0.424217 0.957571 -0.148286
v -0.279516 0.954596 -0.285099
v -0.630156 0.949616 -0.271120
v -0.527748 0.949394 -0.589636
v -0.284411 0.949160 -0.534181
v -0.425974 0.950204 -0.610393
v -0.340716 0.949657 -0.588027
v -0.657840 0.946743 -0.397293
v -0.726092 1.552970 -0.438176
v -0.708602 1.385125 -0.427788
v -0.691345 1.224703 -0.415093
v -0.673689 1.072478 -0.403898
v -0.311679 1.552302 -0.667638
v -0.316469 1.383232 -0.644593
v -0.323411 1.223402 -0.621604
v -0.331879 1.073385 -0.601495
v -0.420365 1.551442 -0.689958
v -0.420561 1.382684 -0.665787
v -0.421727 1.223145 -0.642263
v -0.423432 1.073455 -0.622801
v -0.240515 1.553697 -0.611889
v -0.248493 1.384544 -0.589942
v -0.259071 1.224376 -0.568209
v -0.271809 1.073724 -0.548111
v -0.552666 1.551092 -0.664820
v -0.545624 1.382645 -0.641747
v -0.539434 1.223010 -0.619245
v -0.533185 1.072920 -0.600997
v -0.686273 1.555681 -0.281807
v -0.671639 1.388316 -0.281048
v -0.657398 1.228071 -0.277120
v -0.643022 1.075588 -0.273021
v -0.222208 1.557768 -0.310446
v -0.240943 1.388231 -0.307847
v -0.258469 1.228447 -0.300436
v -0.271237 1.078939 -0.291083
v -0.417322 1.559199 -0.132649
v -0.420117 1.391664 -0.141991
v -0.422362 1.232275 -0.145862
v -0.423188 1.081539 -0.147122
v -0.199462 1.556152 -0.450658
v -0.214106 1.386649 -0.437008
v -0.230417 1.226281 -0.422114
v -0.246357 1.076103 -0.405389
v -0.253448 1.558609 -0.244286
v -0.270056 1.389678 -0.247001
v -0.284706 1.230282 -0.242915
v -0.294631 1.080502 -0.237115
v -0.205685 1.556801 -0.375248
v -0.223373 1.387131 -0.367497
v -0.241470 1.227008 -0.356959
v -0.256500 1.077420 -0.344093
v -0.311215 1.559081 -0.177708
v -0.322254 1.391013 -0.185375
v -0.331905 1.231834 -0.185615
v -0.338413 1.081658 -0.183357
v -0.563376 1.558159 -0.162214
v -0.556645 1.390874 -0.168787
v -0.550135 1.231034 -0.171767
v -0.543254 1.079323 -0.173005
v -0.206858 1.555249 -0.534876
v -0.218034 1.386022 -0.515869
v -0.231437 1.225616 -0.496694
v -0.246541 1.074786 -0.477259
v -0.671084 1.551428 -0.577826
v -0.656785 1.383221 -0.559490
v -0.643337 1.223106 -0.540384
v -0.629586 1.071926 -0.524296
v -0.105463 3.342597 -0.327318
v -0.083588 3.368286 -0.210123
v -0.089550 3.556542 -0.278460
vn -0.0049 -0.1594 0.9872
vn -0.0117 -0.1705 0.9853
vn -0.0189 -0.2034 0.9789
vn -0.0180 -0.1846 0.9826
vn 0.0003 -0.1744 0.9847
vn 0.0005 -0.2097 0.9778
vn 0.0009 -0.2763 0.9611
vn -0.0258 -0.2662 0.9636
vn -0.0364 -0.2339 0.9716
vn -0.0352 -0.3678 0.9292
vn -0.0691 -0.3136 0.9470
vn 0.0018 -0.3846 0.9231
vn 0.0038 -0.5348 0.8450
vn -0.0441 -0.5201 0.8530
vn -0.1648 -0.3909 0.9056
vn -0.0605 -0.6854 0.7257
vn -0.2774 -0.5548 0.7843
vn 0.0094 -0.6970 0.7170
vn 0.0235 -0.8398 0.5423
vn -0.0804 -0.8282 0.5546
vn -0.4728 -0.6212 0.6249
vn 0.0972 -0.9234 0.3713
vn -0.7019 -0.5261 0.4801
vn 0.0498 -0.9516 0.3031
vn 0.0570 -0.9707 0.2336
vn 0.2137 -0.9554 0.2038
vn 0.0317 0.9956 -0.0881
vn 0.4557 0.8870 -0.0747
vn 0.7505 0.6583 -0.0578
vn 0.8724 0.4884 -0.0225
vn 0.2989 0.9525 -0.0582
vn 0.9736 0.2282 -0.0100
vn 0.9302 0.3669 -0.0048
vn 0.8727 0.4881 0.0108
vn 0.7925 0.6099 0.0044
vn 0.2866 0.9581 -0.0024
vn 0.6532 0.7541 0.0676
vn 0.0906 0.9939 0.0632
vn 0.8299 0.5571 0.0284
vn 0.7576 0.6487 0.0726
vn 0.4700 0.8773 0.0975
vn 0.3016 0.9480 0.1014
vn -0.9124 -0.3114 -0.2657
vn -0.2996 -0.9171 -0.2631
vn -0.1636 -0.8995 -0.4052
vn -0.4979 -0.7777 -0.3838
vn -0.0520 -0.9612 -0.2709
vn -0.0221 -0.9332 -0.3588
vn 0.0129 -0.8275 -0.5613
vn -0.0583 -0.8225 -0.5658
vn -0.3257 -0.7542 -0.5701
vn -0.0495 -0.2238 0.9734
vn -0.0066 -0.1826 0.9832
vn -0.1289 -0.2402 0.9621
vn -0.0259 -0.1239 0.9920
vn 0.0354 -0.1320 0.9906
vn 0.0757 -0.1250 0.9893
vn 0.1801 -0.0550 0.9821
vn 0.2144 -0.0686 0.9743
vn 0.1358 -0.0354 0.9901
vn 0.3518 0.0328 0.9355
vn 0.3796 0.0098 0.9251
vn 0.4040 -0.0126 0.9147
vn 0.5949 0.0679 0.8009
vn 0.6094 0.0463 0.7915
vn 0.5802 0.0879 0.8097
vn 0.7691 0.1373 0.6242
vn 0.7762 0.1254 0.6179
vn 0.7839 0.1115 0.6108
vn 0.8973 0.1849 0.4007
vn 0.9002 0.1813 0.3960
vn 0.8952 0.1860 0.4050
vn 0.9579 0.2302 0.1713
vn 0.9558 0.2395 0.1704
vn 0.9546 0.2449 0.1697
vn 0.9596 0.2765 -0.0522
vn 0.9560 0.2893 -0.0480
vn 0.9644 0.2586 -0.0560
vn 0.9291 0.2641 -0.2589
vn 0.9232 0.2905 -0.2518
vn 0.9180 0.3118 -0.2450
vn 0.8532 0.2860 -0.4361
vn 0.8442 0.3203 -0.4298
vn 0.8613 0.2480 -0.4435
vn 0.7487 0.2111 -0.6284
vn 0.7362 0.2658 -0.6223
vn 0.7203 0.3180 -0.6165
vn 0.5568 0.2221 -0.8004
vn 0.5363 0.2937 -0.7913
vn 0.5733 0.1487 -0.8057
vn 0.3500 0.0595 -0.9348
vn 0.3371 0.1476 -0.9298
vn 0.3213 0.2365 -0.9170
vn 0.1341 0.0477 -0.9898
vn 0.1318 0.1521 -0.9795
vn 0.1319 -0.0474 -0.9901
vn -0.0375 -0.1646 -0.9856
vn -0.0099 -0.0673 -0.9977
vn 0.0030 0.0554 -0.9985
vn -0.0200 -0.6962 -0.7175
vn -0.2269 -0.6315 -0.7415
vn 0.0094 -0.6991 -0.7149
vn 0.0064 -0.5452 -0.8383
vn -0.0089 -0.5393 -0.8421
vn -0.1464 -0.4473 -0.8823
vn -0.0115 -0.3547 -0.9349
vn -0.0745 -0.3005 -0.9509
vn 0.0042 -0.3674 -0.9300
vn 0.0024 -0.1769 -0.9842
vn -0.0220 -0.1648 -0.9861
vn -0.0601 -0.1205 -0.9909
vn -0.0647 0.1903 -0.9796
vn -0.0619 0.0495 -0.9969
vn -0.0350 0.0165 -0.9993
vn -0.0420 0.1663 -0.9852
vn 0.0011 0.0061 -1.0000
vn 0.0004 0.1585 -0.9874
vn -0.1450 -0.2933 -0.9450
vn -0.0866 -0.1899 -0.9780
vn -0.0612 -0.0407 -0.9973
vn 0.0189 -0.1559 0.9876
vn 0.0356 -0.1429 0.9891
vn 0.1028 -0.1211 0.9873
vn 0.1217 -0.1212 0.9851
vn 0.2404 -0.0812 0.9673
vn 0.2600 -0.0918 0.9612
vn 0.4248 -0.0333 0.9047
vn 0.4421 -0.0490 0.8956
vn 0.6233 0.0264 0.7815
vn 0.6363 0.0127 0.7713
vn 0.7920 0.0992 0.6024
vn 0.8003 0.0924 0.5924
vn 0.9034 0.1782 0.3900
vn 0.9068 0.1784 0.3821
vn 0.9538 0.2488 0.1682
vn 0.9531 0.2535 0.1651
vn 0.9533 0.2988 -0.0444
vn 0.9506 0.3076 -0.0424
vn 0.9133 0.3295 -0.2394
vn 0.9083 0.3456 -0.2359
vn 0.8340 0.3517 -0.4251
vn 0.8222 0.3807 -0.4231
vn 0.7013 0.3676 -0.6108
vn 0.6794 0.4134 -0.6063
vn 0.5125 0.3621 -0.7786
vn 0.4862 0.4249 -0.7636
vn 0.3036 0.3220 -0.8968
vn 0.2848 0.4004 -0.8709
vn 0.1263 0.2543 -0.9588
vn 0.1199 0.3480 -0.9298
vn 0.0072 0.1773 -0.9841
vn 0.0085 0.2864 -0.9581
vn -0.0511 0.2311 -0.9716
vn -0.0535 0.1054 -0.9930
vn 0.0098 0.5747 -0.8183
vn 0.0319 0.5938 -0.8040
vn 0.0223 0.5906 -0.8067
vn 0.0022 0.5750 -0.8182
vn 0.0664 0.6210 -0.7810
vn 0.0570 0.6129 -0.7881
vn 0.0423 0.6034 -0.7963
vn 0.0057 0.5871 -0.8095
vn -0.0121 0.5753 -0.8178
vn -0.0101 0.5764 -0.8171
vn -0.0263 0.5646 -0.8249
vn 0.0296 0.5916 -0.8057
vn 0.0213 0.5671 -0.8234
vn -0.0230 0.5476 -0.8364
vn -0.0389 0.5322 -0.8457
vn -0.0338 0.4970 -0.8671
vn -0.0501 0.4758 -0.8781
vn 0.0159 0.5243 -0.8514
vn 0.0122 0.4617 -0.8870
vn -0.0424 0.4256 -0.9039
vn -0.0590 0.3987 -0.9152
vn -0.0481 0.3366 -0.9404
vn -0.0640 0.3041 -0.9505
vn 0.0099 0.3814 -0.9244
vn 0.1779 0.6980 -0.6937
vn 0.1775 0.6713 -0.7196
vn 0.1056 0.6406 -0.7606
vn 0.1125 0.6558 -0.7465
vn 0.1824 0.6358 -0.7500
vn 0.0975 0.6211 -0.7776
vn 0.1910 0.6124 -0.7671
vn 0.0929 0.6057 -0.7903
vn 0.2059 0.5908 -0.7801
vn 0.0944 0.5842 -0.8061
vn 0.2244 0.5635 -0.7951
vn 0.0994 0.5501 -0.8292
vn 0.2446 0.5236 -0.8161
vn 0.1061 0.4988 -0.8602
vn 0.2651 0.4687 -0.8426
vn 0.1132 0.4304 -0.8955
vn 0.4189 0.7708 -0.4799
vn 0.4530 0.7100 -0.5391
vn 0.2916 0.6992 -0.6528
vn 0.2784 0.7423 -0.6095
vn 0.5114 0.6216 -0.5933
vn 0.3195 0.6401 -0.6987
vn 0.5489 0.5673 -0.6138
vn 0.3443 0.6033 -0.7194
vn 0.5800 0.5321 -0.6169
vn 0.3718 0.5765 -0.7276
vn 0.6065 0.5079 -0.6117
vn 0.4002 0.5521 -0.7314
vn 0.6312 0.4839 -0.6062
vn 0.4291 0.5212 -0.7377
vn 0.6556 0.4529 -0.6043
vn 0.4580 0.4788 -0.7490
vn 0.6870 0.7122 -0.1441
vn 0.7437 0.6403 -0.1921
vn 0.6202 0.6896 -0.3739
vn 0.5688 0.7607 -0.3127
vn 0.8312 0.5096 -0.2222
vn 0.7028 0.5735 -0.4209
vn 0.8682 0.4368 -0.2354
vn 0.7435 0.5049 -0.4384
vn 0.8859 0.3972 -0.2396
vn 0.7683 0.4642 -0.4407
vn 0.8939 0.3795 -0.2387
vn 0.7843 0.4420 -0.4353
vn 0.8985 0.3699 -0.2363
vn 0.7970 0.4255 -0.4287
vn 0.9031 0.3595 -0.2349
vn 0.8095 0.4058 -0.4242
vn 0.8225 0.5463 0.1583
vn 0.8660 0.4801 0.1400
vn 0.8207 0.5709 -0.0237
vn 0.7685 0.6398 0.0076
vn 0.9216 0.3632 0.1366
vn 0.8961 0.4421 -0.0380
vn 0.9416 0.3081 0.1363
vn 0.9260 0.3749 -0.0452
vn 0.9499 0.2802 0.1388
vn 0.9391 0.3402 -0.0480
vn 0.9523 0.2686 0.1445
vn 0.9441 0.3264 -0.0471
vn 0.9526 0.2635 0.1522
vn 0.9461 0.3209 -0.0446
vn 0.9526 0.2589 0.1596
vn 0.9480 0.3153 -0.0426
vn 0.7930 0.3050 0.5274
vn 0.8154 0.2462 0.5239
vn 0.8727 0.3678 0.3212
vn 0.8392 0.4322 0.3302
vn 0.8331 0.1639 0.5283
vn 0.9076 0.2672 0.3238
vn 0.8334 0.1366 0.5355
vn 0.9167 0.2269 0.3289
vn 0.8297 0.1213 0.5449
vn 0.9188 0.2062 0.3365
vn 0.8237 0.1094 0.5563
vn 0.9173 0.1952 0.3471
vn 0.8165 0.0993 0.5688
vn 0.9140 0.1880 0.3596
vn 0.8086 0.0927 0.5811
vn 0.9103 0.1821 0.3718
vn 0.5026 0.0806 0.8608
vn 0.5052 0.0455 0.8618
vn 0.6827 0.1335 0.7184
vn 0.6710 0.1815 0.7189
vn 0.5028 0.0016 0.8644
vn 0.6881 0.0709 0.7222
vn 0.4952 -0.0129 0.8687
vn 0.6833 0.0522 0.7282
vn 0.4862 -0.0255 0.8735
vn 0.6761 0.0393 0.7358
vn 0.4767 -0.0396 0.8782
vn 0.6675 0.0261 0.7441
vn 0.4670 -0.0514 0.8828
vn 0.6582 0.0143 0.7527
vn 0.4559 -0.0555 0.8883
vn 0.6480 0.0086 0.7616
vn 0.2151 -0.0345 0.9760
vn 0.2086 -0.0502 0.9767
vn 0.3368 -0.0134 0.9415
vn 0.3404 0.0104 0.9402
vn 0.1974 -0.0711 0.9777
vn 0.3291 -0.0431 0.9433
vn 0.1842 -0.0838 0.9793
vn 0.3186 -0.0561 0.9462
vn 0.1708 -0.0970 0.9805
vn 0.3074 -0.0692 0.9490
vn 0.1583 -0.1095 0.9813
vn 0.2966 -0.0831 0.9514
vn 0.1469 -0.1180 0.9821
vn 0.2861 -0.0936 0.9536
vn 0.1355 -0.1214 0.9833
vn 0.2746 -0.0968 0.9567
vn 0.0700 -0.0798 0.9943
vn 0.0650 -0.0880 0.9940
vn 0.1215 -0.0735 0.9899
vn 0.1282 -0.0626 0.9898
vn 0.0556 -0.1020 0.9932
vn 0.1097 -0.0897 0.9899
vn 0.0447 -0.1150 0.9924
vn 0.0961 -0.1024 0.9901
vn 0.0337 -0.1276 0.9913
vn 0.0823 -0.1153 0.9899
vn 0.0234 -0.1366 0.9903
vn 0.0697 -0.1259 0.9896
vn 0.0142 -0.1420 0.9898
vn 0.0585 -0.1326 0.9894
vn 0.0052 -0.1477 0.9890
vn 0.0478 -0.1369 0.9894
vn -0.0029 0.5664 -0.8241
vn 0.0011 0.5638 -0.8259
vn -0.0113 0.5689 -0.8223
vn 0.0010 0.5668 -0.8238
vn 0.0012 0.5637 -0.8260
vn 0.0013 0.5604 -0.8282
vn -0.0199 0.5579 -0.8297
vn -0.0279 0.5231 -0.8518
vn 0.0005 0.5201 -0.8541
vn 0.0007 0.5558 -0.8313
vn -0.0351 0.4633 -0.8855
vn -0.0408 0.3831 -0.9228
vn 0.0002 0.3779 -0.9258
vn 0.0003 0.4592 -0.8883
vn -0.0435 0.2854 -0.9574
vn 0.0002 0.2792 -0.9602
vn 0.0304 -0.0892 0.9955
vn 0.0278 -0.0960 0.9950
vn 0.0001 -0.0922 0.9957
vn 0.0001 -0.0985 0.9951
vn 0.0001 -0.1113 0.9938
vn 0.0228 -0.1090 0.9938
vn 0.0170 -0.1225 0.9923
vn 0.0002 -0.1249 0.9922
vn 0.0002 -0.1372 0.9905
vn 0.0110 -0.1348 0.9908
vn 0.0053 -0.1430 0.9897
vn 0.0002 -0.1451 0.9894
vn 0.0002 -0.1500 0.9887
vn -0.0000 -0.1479 0.9890
vn -0.0055 -0.1548 0.9879
vn 0.0002 -0.1574 0.9875
vn 0.9698 0.2368 -0.0585
vn 0.9351 0.2345 -0.2658
vn 0.9607 0.2170 0.1731
vn 0.9637 0.2008 0.1762
vn 0.9751 0.2135 -0.0596
vn 0.9401 0.2045 -0.2726
vn -0.9167 -0.2388 -0.3204
vn -0.9597 -0.0837 -0.2682
vn -0.6777 -0.5264 -0.5134
vn -0.8069 -0.3430 -0.4808
vn -0.9271 -0.1662 -0.3358
vn -0.9505 -0.0981 -0.2947
vn 0.5665 0.1037 0.8175
vn 0.7632 0.1446 0.6298
vn 0.3235 0.0545 0.9446
vn 0.2999 0.0701 0.9514
vn 0.5561 0.1121 0.8235
vn 0.7593 0.1454 0.6343
vn 0.1306 -0.1288 -0.9830
vn -0.0654 -0.2285 -0.9713
vn 0.3598 -0.0243 -0.9327
vn 0.3637 -0.0999 -0.9262
vn 0.1340 -0.2000 -0.9706
vn -0.0753 -0.2820 -0.9564
vn -0.5129 0.8578 -0.0329
vn -0.3386 0.9383 -0.0697
vn -0.4959 0.8684 -0.0073
vn -0.8770 0.4804 -0.0094
vn -0.8704 0.4923 -0.0033
vn -0.8986 0.4388 -0.0004
vn -0.2279 -0.1952 0.9539
vn -0.0976 -0.0910 0.9911
vn -0.3572 -0.2947 0.8863
vn -0.4507 -0.1836 0.8736
vn -0.3123 -0.1349 0.9404
vn -0.1593 -0.0545 0.9857
vn 0.8673 0.2079 -0.4524
vn 0.7562 0.1555 -0.6356
vn 0.8699 0.1688 -0.4634
vn 0.7564 0.1030 -0.6459
vn -0.5802 -0.2296 0.7814
vn -0.8545 0.4341 0.2852
vn -0.7162 0.4802 0.5065
vn -0.6325 0.0641 0.7719
vn 0.8939 0.1829 0.4093
vn 0.8935 0.1752 0.4135
vn -0.2134 -0.3300 -0.9195
vn -0.3514 -0.4330 -0.8301
vn -0.2588 -0.3506 -0.9000
vn -0.4365 -0.4062 -0.8028
vn -0.6172 0.7866 0.0177
vn -0.5778 0.8138 0.0626
vn -0.9315 0.3637 -0.0093
vn -0.9191 0.3936 -0.0178
vn 0.0874 -0.0090 0.9961
vn 0.0454 0.0152 0.9989
vn 0.5836 0.0757 -0.8085
vn 0.5841 0.0084 -0.8116
vn -0.4978 -0.5220 -0.6926
vn -0.6237 -0.4221 -0.6579
vn -0.6111 0.7854 -0.0987
vn -0.7096 0.7033 -0.0432
vn -0.7198 0.6930 -0.0411
vn -0.6520 0.7531 -0.0879
vn -0.6737 -0.3401 0.6561
vn -0.9232 -0.3179 0.2160
vn -0.9248 -0.2307 0.3025
vn -0.7777 -0.3117 0.5459
vn -0.9743 -0.1544 0.1637
vn -0.9607 -0.1312 0.2447
vn -0.9532 -0.1376 0.2691
vn -0.9094 -0.1414 0.3911
vn -0.8247 -0.1487 0.5457
vn 0.9512 0.0795 -0.2980
vn 0.9943 0.0935 -0.0513
vn 0.9977 0.0480 -0.0485
vn 0.9520 0.0388 -0.3036
vn 0.9758 0.0884 0.2002
vn 0.9773 0.0422 0.2078
vn 0.9767 -0.0043 0.2145
vn 0.9989 0.0021 -0.0472
vn 0.9508 -0.0018 -0.3098
vn -0.9975 -0.0431 0.0556
vn -0.9988 -0.0423 0.0236
vn -0.9980 -0.0573 0.0281
vn -0.9972 -0.0588 0.0463
vn -0.9992 -0.0360 -0.0155
vn -0.9986 -0.0524 -0.0098
vn -0.9984 -0.0555 -0.0067
vn -0.9979 -0.0581 0.0274
vn -0.9972 -0.0580 0.0463
vn 0.6919 -0.0184 -0.7218
vn 0.8506 0.0422 -0.5241
vn 0.8431 0.0126 -0.5377
vn 0.6730 -0.0276 -0.7391
vn 0.8353 -0.0157 -0.5495
vn 0.6581 -0.0353 -0.7521
vn -0.9983 -0.0297 -0.0500
vn -0.9981 -0.0438 -0.0428
vn -0.9975 -0.0258 -0.0655
vn -0.9976 -0.0382 -0.0575
vn -0.9978 -0.0421 -0.0511
vn -0.9982 -0.0479 -0.0368
vn 0.2642 -0.1605 -0.9510
vn 0.4841 -0.0924 -0.8701
vn 0.4567 -0.0729 -0.8866
vn 0.2350 -0.1107 -0.9657
vn 0.4380 -0.0543 -0.8973
vn 0.2176 -0.0675 -0.9737
vn -0.9335 -0.0531 -0.3546
vn -0.9157 -0.0666 -0.3962
vn -0.9122 -0.0604 -0.4053
vn -0.9294 -0.0561 -0.3648
vn -0.8494 -0.0992 -0.5183
vn -0.8461 -0.0719 -0.5281
vn -0.8463 -0.0645 -0.5287
vn -0.9150 -0.0764 -0.3961
vn -0.9582 -0.1010 -0.2676
vn -0.1247 -0.2253 -0.9663
vn 0.0630 -0.2068 -0.9764
vn 0.0386 -0.1331 -0.9904
vn -0.1405 -0.1383 -0.9804
vn 0.0260 -0.0737 -0.9969
vn -0.1465 -0.0740 -0.9864
vn -0.2461 -0.0192 0.9691
vn -0.4214 -0.0396 0.9060
vn -0.4313 -0.0528 0.9006
vn -0.2496 -0.0390 0.9676
vn -0.5322 -0.0826 0.8426
vn -0.5596 -0.0912 0.8238
vn -0.5864 -0.0825 0.8058
vn -0.4413 -0.0650 0.8950
vn -0.2538 -0.0591 0.9655
vn -0.7165 -0.1408 -0.6832
vn -0.7126 -0.0884 -0.6959
vn -0.5273 -0.1842 -0.8294
vn -0.5262 -0.1095 -0.8433
vn -0.5219 -0.0659 -0.8505
vn -0.7091 -0.0628 -0.7023
vn 0.2812 0.0102 0.9596
vn -0.0061 -0.0049 1.0000
vn -0.0072 -0.0320 0.9995
vn 0.2805 -0.0239 0.9595
vn -0.0100 -0.0579 0.9983
vn 0.2769 -0.0554 0.9593
vn -0.3203 -0.2162 -0.9223
vn -0.3265 -0.1287 -0.9364
vn -0.3260 -0.0705 -0.9427
vn 0.7616 0.0498 0.6461
vn 0.5550 0.0285 0.8314
vn 0.5532 -0.0108 0.8330
vn 0.7589 0.0071 0.6511
vn 0.5480 -0.0473 0.8352
vn 0.7533 -0.0336 0.6568
vn -0.5587 -0.1826 0.8090
vn -0.6316 -0.1969 0.7498
vn -0.7043 -0.1177 0.7000
vn 0.8978 0.0714 0.4346
vn 0.8964 0.0265 0.4425
vn 0.8927 -0.0177 0.4504
vn 0.8941 0.1617 0.4177
vn 0.9666 0.1818 0.1805
vn 0.7581 0.1374 0.6375
vn 0.7594 0.1186 0.6398
vn 0.8955 0.1408 0.4222
vn 0.9697 0.1583 0.1859
vn 0.8971 0.1107 0.4277
vn 0.9729 0.1278 0.1926
vn 0.7613 0.0887 0.6423
vn -0.5426 -0.0921 0.8349
vn -0.4866 -0.1114 0.8665
vn -0.5479 -0.0694 0.8337
vn -0.5374 -0.0638 0.8409
vn -0.5420 -0.0672 0.8377
vn -0.5078 -0.0630 0.8592
vn -0.5420 -0.0857 0.8360
vn -0.5177 -0.0580 0.8536
vn -0.5307 -0.1005 0.8416
vn 0.5509 0.1097 0.8273
vn 0.2847 0.0751 0.9557
vn 0.2790 0.0657 0.9580
vn 0.5509 0.0940 0.8292
vn 0.5535 0.0656 0.8303
vn 0.2795 0.0423 0.9592
vn -0.2776 -0.3634 -0.8893
vn -0.4782 -0.3806 -0.7915
vn -0.0769 -0.3212 -0.9439
vn -0.0831 -0.3330 -0.9393
vn -0.2885 -0.3546 -0.8894
vn -0.5003 -0.3434 -0.7948
vn -0.3044 -0.3040 -0.9027
vn -0.5178 -0.2741 -0.8104
vn -0.1012 -0.3009 -0.9483
vn 0.0152 0.0315 0.9994
vn -0.2052 -0.0208 0.9785
vn -0.2313 -0.0020 0.9729
vn -0.0006 0.0333 0.9994
vn -0.0054 0.0193 0.9998
vn -0.2419 -0.0037 0.9703
vn -0.6746 -0.3556 -0.6469
vn -0.8349 -0.2691 -0.4802
vn -0.6986 -0.2953 -0.6517
vn -0.8455 -0.2139 -0.4892
vn -0.7130 -0.2181 -0.6664
vn -0.8507 -0.1512 -0.5035
vn -0.3688 -0.0763 0.9264
vn -0.3998 -0.0372 0.9159
vn -0.4130 -0.0285 0.9103
vn 0.1333 -0.2537 -0.9580
vn 0.3557 -0.1586 -0.9211
vn 0.3335 -0.1922 -0.9230
vn 0.1206 -0.2788 -0.9528
vn 0.0945 -0.2634 -0.9601
vn 0.3003 -0.1930 -0.9341
vn -0.9231 -0.1534 -0.3527
vn -0.9442 -0.1050 -0.3123
vn -0.9216 -0.1281 -0.3665
vn -0.9410 -0.0896 -0.3264
vn -0.9197 -0.0918 -0.3817
vn -0.9378 -0.0662 -0.3407
vn 0.5722 -0.0465 -0.8188
vn 0.7483 0.0577 -0.6609
vn 0.7328 0.0220 -0.6800
vn 0.5484 -0.0836 -0.8320
vn 0.5169 -0.0990 -0.8503
vn 0.7129 -0.0031 -0.7013
vn -0.9851 0.1678 -0.0381
vn -0.9750 0.2218 -0.0139
vn -0.9887 0.1426 -0.0460
vn -0.9972 0.0405 -0.0621
vn -0.9974 0.0530 -0.0481
vn -0.9969 0.0768 -0.0173
vn -0.9987 -0.0016 -0.0516
vn -0.9998 0.0023 -0.0182
vn -0.9977 -0.0035 -0.0672
vn 0.8687 0.1331 -0.4771
vn 0.9439 0.1756 -0.2795
vn 0.9468 0.1468 -0.2862
vn 0.8643 0.1011 -0.4928
vn 0.8579 0.0714 -0.5089
vn 0.9493 0.1157 -0.2924
vn -0.9709 0.2393 0.0094
vn -0.9750 0.2204 0.0287
vn -0.9961 0.0865 0.0150
vn -0.9958 0.0787 0.0461
vn -0.9998 0.0016 0.0187
vn -0.9984 -0.0044 0.0556
vn 0.9801 0.1895 -0.0592
vn 0.9849 0.1634 -0.0575
vn 0.9897 0.1323 -0.0546
vn -0.9872 0.1587 0.0176
vn -0.9803 0.1967 0.0185
vn -0.9863 0.1598 0.0397
vn -0.9919 0.1215 0.0362
vn -0.9963 0.0530 0.0681
vn -0.9966 0.0403 0.0722
vn -0.9966 -0.0131 0.0816
vn -0.9960 -0.0135 0.0879
vn -0.9957 -0.0362 0.0848
vn -0.9951 -0.0364 0.0921
vn 0.8874 -0.0579 0.4573
vn 0.9745 -0.0463 0.2195
vn 0.7461 -0.0706 0.6621
vn 0.7384 -0.1054 0.6661
vn 0.8814 -0.0950 0.4627
vn 0.9712 -0.0839 0.2229
vn -0.9119 -0.1325 0.3885
vn -0.8369 -0.1186 0.5344
vn -0.9691 -0.1256 0.2123
vn -0.9690 -0.1074 0.2226
vn -0.9209 -0.1158 0.3722
vn -0.8450 -0.1154 0.5222
vn 0.6260 0.0915 -0.7745
vn 0.8057 0.0489 -0.5903
vn 0.8051 0.0968 -0.5852
vn 0.6282 0.1362 -0.7661
vn 0.9351 0.0025 -0.3545
vn 0.9339 0.0513 -0.3539
vn 0.9300 0.1101 -0.3507
vn 0.8016 0.1580 -0.5766
vn 0.6276 0.1968 -0.7533
vn 0.9981 -0.0390 -0.0476
vn 0.9479 -0.0375 -0.3165
vn 0.9960 -0.0744 -0.0492
vn 0.9439 -0.0674 -0.3232
vn -0.9929 -0.1035 0.0586
vn -0.9927 -0.0953 0.0741
vn -0.9973 -0.0730 -0.0003
vn -0.9971 -0.0756 0.0024
vn -0.9965 -0.0832 0.0078
vn -0.9907 -0.0935 0.0990
vn 0.8278 -0.0406 -0.5596
vn 0.6473 -0.0441 -0.7610
vn 0.8207 -0.0617 -0.5680
vn 0.6395 -0.0539 -0.7669
vn -0.9945 -0.0898 -0.0539
vn -0.9946 -0.0823 -0.0636
vn -0.9770 -0.0961 -0.1905
vn -0.9788 -0.0780 -0.1892
vn -0.9938 -0.0796 -0.0772
vn 0.4277 -0.0445 -0.9028
vn 0.2098 -0.0419 -0.9768
vn 0.4225 -0.0424 -0.9054
vn 0.2073 -0.0305 -0.9778
vn -0.9284 -0.0847 -0.3618
vn -0.8505 -0.0629 -0.5222
vn -0.8538 -0.0616 -0.5169
vn -0.9380 -0.0717 -0.3392
vn 0.0210 -0.0393 -0.9990
vn -0.1489 -0.0388 -0.9881
vn 0.0187 -0.0231 -0.9996
vn -0.1520 -0.0225 -0.9881
vn -0.4499 -0.0807 0.8894
vn -0.2587 -0.0792 0.9627
vn -0.6023 -0.0890 0.7933
vn -0.6143 -0.1022 0.7824
vn -0.4587 -0.0980 0.8832
vn -0.2648 -0.0991 0.9592
vn -0.7088 -0.0530 -0.7034
vn -0.5204 -0.0460 -0.8527
vn -0.5227 -0.0384 -0.8516
vn -0.7104 -0.0503 -0.7020
vn -0.0142 -0.0818 0.9965
vn 0.2715 -0.0839 0.9588
vn -0.0193 -0.1048 0.9943
vn 0.2657 -0.1109 0.9577
vn -0.3259 -0.0410 -0.9445
vn -0.3292 -0.0281 -0.9438
vn 0.5409 -0.0803 0.8372
vn 0.5336 -0.1116 0.8383
vn -0.7289 -0.1038 0.6767
vn -0.7418 -0.1095 0.6616
vn -0.9949 -0.0759 -0.0666
vn -0.9923 -0.0370 -0.1182
vn -0.9938 -0.0955 -0.0566
vn -0.9935 -0.1137 -0.0092
vn -0.9883 -0.0400 -0.1474
vn -0.9871 -0.0803 -0.1382
vn -0.9850 -0.1143 -0.1293
vn -0.9897 -0.1372 -0.0418
vn -0.9875 -0.1562 0.0205
vn 0.2026 0.1489 -0.9679
vn 0.4183 0.1262 -0.8995
vn 0.4227 0.1665 -0.8908
vn 0.2062 0.1840 -0.9611
vn 0.4248 0.2238 -0.8772
vn 0.2085 0.2355 -0.9493
vn -0.9682 -0.0004 -0.2500
vn -0.9638 -0.0457 -0.2626
vn -0.9127 0.0214 -0.4080
vn -0.9110 -0.0054 -0.4123
vn -0.9124 -0.0240 -0.4086
vn -0.9648 -0.0763 -0.2516
vn -0.2176 0.1498 -0.9645
vn -0.0099 0.1570 -0.9876
vn -0.0104 0.1860 -0.9825
vn -0.2229 0.1716 -0.9596
vn -0.0104 0.2299 -0.9732
vn -0.2263 0.2069 -0.9518
vn -0.3190 -0.1729 0.9319
vn -0.5414 -0.1695 0.8235
vn -0.5522 -0.1963 0.8103
vn -0.3248 -0.1929 0.9259
vn -0.7052 -0.1676 0.6889
vn -0.7168 -0.1990 0.6683
vn -0.7276 -0.2331 0.6452
vn -0.5637 -0.2298 0.7934
vn -0.3322 -0.2224 0.9166
vn -0.7974 0.0542 -0.6010
vn -0.8004 0.0437 -0.5979
vn -0.6238 0.0939 -0.7760
vn -0.6316 0.0963 -0.7693
vn -0.6376 0.1090 -0.7626
vn -0.8042 0.0411 -0.5930
vn 0.2693 -0.1741 0.9472
vn -0.0393 -0.1762 0.9836
vn -0.0388 -0.1882 0.9814
vn 0.2739 -0.1777 0.9452
vn -0.0396 -0.2101 0.9769
vn 0.2772 -0.1889 0.9421
vn -0.4232 0.1281 -0.8969
vn -0.4317 0.1411 -0.8909
vn -0.4375 0.1664 -0.8837
vn 0.7531 -0.1431 0.6421
vn 0.5461 -0.1624 0.8218
vn 0.5516 -0.1575 0.8191
vn 0.7584 -0.1286 0.6390
vn 0.5555 -0.1561 0.8167
vn 0.7619 -0.1136 0.6376
vn -0.8161 -0.1666 0.5533
vn -0.8245 -0.2004 0.5292
vn -0.8880 -0.1649 0.4293
vn -0.8916 -0.1992 0.4067
vn -0.8936 -0.2298 0.3855
vn -0.8314 -0.2330 0.5044
vn 0.9792 -0.0849 0.1843
vn 0.8952 -0.1179 0.4297
vn 0.9000 -0.0922 0.4261
vn 0.9824 -0.0480 0.1805
vn 0.9029 -0.0631 0.4251
vn 0.9837 -0.0056 0.1795
vn -0.9366 -0.1595 0.3119
vn -0.9360 -0.1924 0.2949
vn -0.9704 -0.1476 0.1910
vn -0.9671 -0.1758 0.1837
vn -0.9613 -0.2052 0.1840
vn -0.9335 -0.2215 0.2819
vn 0.9953 -0.0437 -0.0862
vn 0.9960 0.0016 -0.0888
vn 0.9945 0.0544 -0.0891
vn -0.9901 -0.1246 0.0653
vn -0.9861 -0.1473 0.0763
vn -0.9790 -0.1813 0.0934
vn -0.9892 -0.0974 0.1098
vn -0.9674 -0.1072 0.2296
vn -0.9959 -0.0891 0.0123
vn -0.9960 -0.0876 0.0152
vn -0.9889 -0.0953 0.1142
vn -0.9672 -0.1041 0.2318
vn -0.9893 -0.0892 0.1152
vn -0.9680 -0.0981 0.2310
vn -0.9965 -0.0818 0.0163
vn -0.9970 -0.0760 0.0161
vn -0.9899 -0.0836 0.1143
vn -0.9690 -0.0931 0.2287
vn -0.9905 -0.0793 0.1125
vn -0.9699 -0.0900 0.2261
vn -0.9974 -0.0709 0.0148
vn -0.9979 -0.0642 0.0128
vn -0.9912 -0.0739 0.1103
vn -0.9708 -0.0864 0.2237
vn -0.9921 -0.0657 0.1068
vn -0.9720 -0.0797 0.2210
vn -0.9985 -0.0547 0.0095
vn -0.9990 -0.0443 0.0028
vn -0.9935 -0.0557 0.0993
vn -0.9738 -0.0700 0.2164
vn -0.9955 -0.0460 0.0827
vn -0.9762 -0.0592 0.2086
vn -0.9992 -0.0373 -0.0145
vn -0.9964 -0.0259 -0.0803
vn -0.9974 -0.0282 0.0664
vn -0.9776 -0.0470 0.2050
vn -0.9961 -0.0208 0.0862
vn -0.9748 -0.0473 0.2178
vn -0.9991 -0.0126 -0.0406
vn -0.9989 -0.0459 0.0110
vn -0.9911 -0.0608 0.1183
vn -0.9702 -0.0768 0.2296
vn 0.9931 -0.1052 -0.0514
vn 0.9396 -0.0923 -0.3296
vn 0.9672 -0.1181 0.2250
vn 0.9629 -0.1475 0.2259
vn 0.9900 -0.1306 -0.0538
vn 0.9355 -0.1114 -0.3353
vn 0.9874 -0.1480 -0.0560
vn 0.9324 -0.1228 -0.3400
vn 0.9593 -0.1688 0.2262
vn 0.9572 -0.1805 0.2262
vn 0.9861 -0.1560 -0.0575
vn 0.9308 -0.1258 -0.3433
vn 0.9861 -0.1558 -0.0584
vn 0.9306 -0.1217 -0.3452
vn 0.9566 -0.1836 0.2261
vn 0.9572 -0.1813 0.2257
vn 0.9868 -0.1507 -0.0588
vn 0.9312 -0.1137 -0.3464
vn 0.9877 -0.1444 -0.0596
vn 0.9317 -0.1056 -0.3476
vn 0.9582 -0.1770 0.2247
vn 0.9595 -0.1726 0.2227
vn 0.9884 -0.1393 -0.0611
vn 0.9318 -0.0994 -0.3492
vn 0.9888 -0.1351 -0.0636
vn 0.9316 -0.0942 -0.3511
vn 0.9611 -0.1679 0.2191
vn 0.9635 -0.1613 0.2137
vn 0.9893 -0.1294 -0.0672
vn 0.9317 -0.0873 -0.3526
vn 0.9903 -0.1194 -0.0717
vn 0.9324 -0.0761 -0.3534
vn 0.9667 -0.1510 0.2066
vn 0.9707 -0.1356 0.1985
vn 0.9917 -0.1030 -0.0767
vn 0.9335 -0.0588 -0.3537
vn -0.9223 -0.1151 0.3688
vn -0.8505 -0.1186 0.5124
vn -0.9240 -0.1127 0.3655
vn -0.8556 -0.1192 0.5037
vn -0.9262 -0.1079 0.3613
vn -0.8604 -0.1172 0.4960
vn -0.9283 -0.1043 0.3570
vn -0.8642 -0.1162 0.4896
vn -0.9298 -0.1030 0.3533
vn -0.8667 -0.1172 0.4848
vn -0.9310 -0.1014 0.3506
vn -0.8685 -0.1180 0.4815
vn -0.9323 -0.0967 0.3486
vn -0.8699 -0.1154 0.4795
vn -0.9339 -0.0881 0.3466
vn -0.8716 -0.1081 0.4782
vn -0.9357 -0.0777 0.3441
vn -0.8734 -0.0983 0.4770
vn -0.9366 -0.0691 0.3436
vn -0.8750 -0.0903 0.4757
vn -0.9352 -0.0714 0.3469
vn -0.8763 -0.0910 0.4731
vn -0.9338 -0.0921 0.3458
vn -0.8787 -0.1053 0.4655
vn 0.8751 -0.1299 0.4662
vn 0.7311 -0.1387 0.6680
vn 0.7250 -0.1683 0.6679
vn 0.8691 -0.1605 0.4679
vn 0.8644 -0.1833 0.4682
vn 0.7210 -0.1908 0.6662
vn 0.7192 -0.2051 0.6639
vn 0.8616 -0.1968 0.4678
vn 0.8608 -0.2021 0.4671
vn 0.7191 -0.2124 0.6617
vn 0.7200 -0.2149 0.6599
vn 0.8612 -0.2021 0.4663
vn 0.8625 -0.1995 0.4650
vn 0.7214 -0.2143 0.6585
vn 0.7233 -0.2112 0.6575
vn 0.8645 -0.1956 0.4631
vn 0.8673 -0.1899 0.4601
vn 0.7258 -0.2051 0.6566
vn 0.7293 -0.1959 0.6555
vn 0.8713 -0.1818 0.4558
vn 0.8766 -0.1706 0.4500
vn 0.7341 -0.1842 0.6536
vn 0.7400 -0.1709 0.6505
vn 0.8828 -0.1564 0.4429
vn -0.7518 -0.1179 0.6488
vn -0.6257 -0.1155 0.7714
vn -0.7609 -0.1231 0.6371
vn -0.6370 -0.1256 0.7606
vn -0.7687 -0.1254 0.6272
vn -0.6471 -0.1330 0.7507
vn -0.7746 -0.1280 0.6194
vn -0.6551 -0.1398 0.7425
vn -0.7785 -0.1320 0.6135
vn -0.6607 -0.1471 0.7361
vn -0.7812 -0.1353 0.6095
vn -0.6646 -0.1529 0.7314
vn -0.7834 -0.1346 0.6068
vn -0.6678 -0.1541 0.7282
vn -0.7857 -0.1286 0.6051
vn -0.6710 -0.1494 0.7262
vn -0.7882 -0.1191 0.6038
vn -0.6743 -0.1404 0.7250
vn -0.7910 -0.1104 0.6017
vn -0.6775 -0.1311 0.7238
vn -0.7946 -0.1083 0.5975
vn -0.6812 -0.1264 0.7211
vn -0.7998 -0.1171 0.5887
vn -0.6866 -0.1300 0.7153
vn 0.5273 -0.1418 0.8377
vn 0.2610 -0.1370 0.9556
vn 0.2581 -0.1608 0.9526
vn 0.5231 -0.1689 0.8354
vn 0.5213 -0.1904 0.8319
vn 0.2571 -0.1810 0.9493
vn 0.2574 -0.1975 0.9459
vn 0.5214 -0.2057 0.8281
vn 0.5225 -0.2157 0.8249
vn 0.2581 -0.2105 0.9429
vn 0.2587 -0.2199 0.9406
vn 0.5239 -0.2216 0.8225
vn 0.5251 -0.2237 0.8211
vn 0.2590 -0.2248 0.9394
vn 0.2590 -0.2245 0.9394
vn 0.5263 -0.2220 0.8208
vn 0.5273 -0.2163 0.8217
vn 0.2587 -0.2194 0.9407
vn 0.2583 -0.2106 0.9428
vn 0.5286 -0.2070 0.8232
vn 0.5309 -0.1952 0.8246
vn 0.2586 -0.1994 0.9452
vn 0.2606 -0.1876 0.9470
vn 0.5347 -0.1825 0.8251
vn -0.3358 -0.0220 -0.9417
vn -0.5281 -0.0345 -0.8485
vn -0.1571 -0.0150 -0.9875
vn -0.1639 -0.0102 -0.9864
vn -0.3448 -0.0168 -0.9385
vn -0.5359 -0.0296 -0.8438
vn -0.3553 -0.0102 -0.9347
vn -0.5458 -0.0225 -0.8376
vn -0.1717 -0.0047 -0.9851
vn -0.1796 0.0020 -0.9837
vn -0.3665 -0.0025 -0.9304
vn -0.5571 -0.0141 -0.8303
vn -0.3770 0.0055 -0.9262
vn -0.5682 -0.0052 -0.8229
vn -0.1867 0.0089 -0.9824
vn -0.1920 0.0151 -0.9813
vn -0.3852 0.0132 -0.9227
vn -0.5773 0.0043 -0.8165
vn -0.3906 0.0215 -0.9203
vn -0.5840 0.0147 -0.8116
vn -0.1951 0.0214 -0.9806
vn -0.1968 0.0313 -0.9799
vn -0.3943 0.0328 -0.9184
vn -0.5905 0.0266 -0.8066
vn -0.3988 0.0506 -0.9157
vn -0.6006 0.0423 -0.7984
vn -0.1985 0.0490 -0.9789
vn -0.2004 0.0753 -0.9768
vn -0.4027 0.0773 -0.9121
vn -0.6099 0.0706 -0.7893
vn -0.4031 0.1045 -0.9092
vn -0.6071 0.1011 -0.7881
vn -0.2023 0.1033 -0.9739
vn -0.2056 0.1238 -0.9708
vn -0.4047 0.1179 -0.9068
vn -0.6026 0.1036 -0.7913
vn -0.0243 -0.1269 0.9916
vn -0.2721 -0.1182 0.9550
vn -0.2801 -0.1356 0.9504
vn -0.0287 -0.1474 0.9887
vn -0.0324 -0.1657 0.9856
vn -0.2880 -0.1513 0.9456
vn -0.2950 -0.1658 0.9410
vn -0.0354 -0.1822 0.9826
vn -0.0377 -0.1967 0.9797
vn -0.3006 -0.1792 0.9367
vn -0.3049 -0.1897 0.9333
vn -0.0396 -0.2079 0.9774
vn -0.0412 -0.2139 0.9760
vn -0.3082 -0.1949 0.9311
vn -0.3110 -0.1937 0.9305
vn -0.0426 -0.2138 0.9759
vn -0.0438 -0.2086 0.9770
vn -0.3131 -0.1873 0.9311
vn -0.3142 -0.1786 0.9324
vn -0.0445 -0.2001 0.9788
vn -0.0443 -0.1902 0.9808
vn -0.3143 -0.1701 0.9340
vn -0.3143 -0.1643 0.9350
vn -0.0430 -0.1806 0.9826
vn -0.7132 -0.0489 -0.6993
vn -0.8553 -0.0615 -0.5146
vn -0.7176 -0.0446 -0.6950
vn -0.8570 -0.0579 -0.5121
vn -0.7239 -0.0375 -0.6889
vn -0.8596 -0.0512 -0.5083
vn -0.7317 -0.0292 -0.6810
vn -0.8632 -0.0435 -0.5030
vn -0.7397 -0.0202 -0.6727
vn -0.8669 -0.0350 -0.4972
vn -0.7464 -0.0095 -0.6654
vn -0.8701 -0.0241 -0.4923
vn -0.7517 0.0023 -0.6595
vn -0.8723 -0.0115 -0.4888
vn -0.7584 0.0132 -0.6516
vn -0.8750 -0.0006 -0.4842
vn -0.7731 0.0226 -0.6339
vn -0.8832 0.0044 -0.4691
vn -0.7905 0.0497 -0.6104
vn -0.9097 0.0085 -0.4151
vn -0.7887 0.0884 -0.6083
vn -0.9161 0.0462 -0.3983
vn -0.7786 0.0796 -0.6224
vn -0.9002 0.0480 -0.4328
vn -0.4687 -0.1147 0.8759
vn -0.4795 -0.1289 0.8680
vn -0.4899 -0.1409 0.8603
vn -0.4987 -0.1520 0.8534
vn -0.5053 -0.1626 0.8475
vn -0.5101 -0.1709 0.8429
vn -0.5140 -0.1742 0.8399
vn -0.5175 -0.1712 0.8384
vn -0.5205 -0.1633 0.8381
vn -0.5228 -0.1540 0.8384
vn -0.5247 -0.1472 0.8384
vn -0.5276 -0.1460 0.8368
vn 0.0165 -0.0163 -0.9997
vn 0.2065 -0.0266 -0.9781
vn 0.2058 -0.0247 -0.9783
vn 0.0136 -0.0125 -0.9998
vn 0.0099 -0.0081 -0.9999
vn 0.2045 -0.0212 -0.9786
vn 0.2027 -0.0152 -0.9791
vn 0.0059 -0.0021 -1.0000
vn 0.0022 0.0044 -1.0000
vn 0.2008 -0.0080 -0.9796
vn 0.1988 -0.0017 -0.9800
vn -0.0006 0.0100 -1.0000
vn -0.0026 0.0153 -0.9999
vn 0.1965 0.0040 -0.9805
vn 0.1940 0.0124 -0.9809
vn -0.0040 0.0242 -0.9997
vn -0.0052 0.0412 -0.9991
vn 0.1919 0.0282 -0.9810
vn 0.1912 0.0527 -0.9801
vn -0.0063 0.0672 -0.9977
vn -0.0071 0.0963 -0.9953
vn 0.1923 0.0809 -0.9780
vn 0.1950 0.1059 -0.9751
vn -0.0080 0.1205 -0.9927
vn -0.9393 -0.0711 -0.3356
vn -0.9788 -0.0780 -0.1895
vn -0.9400 -0.0679 -0.3344
vn -0.9790 -0.0752 -0.1893
vn -0.9409 -0.0616 -0.3329
vn -0.9796 -0.0693 -0.1888
vn -0.9421 -0.0547 -0.3307
vn -0.9801 -0.0629 -0.1884
vn -0.9434 -0.0471 -0.3283
vn -0.9805 -0.0563 -0.1881
vn -0.9444 -0.0369 -0.3268
vn -0.9809 -0.0472 -0.1887
vn -0.9448 -0.0240 -0.3269
vn -0.9811 -0.0350 -0.1905
vn -0.9445 -0.0113 -0.3283
vn -0.9809 -0.0219 -0.1935
vn -0.9444 -0.0032 -0.3288
vn -0.9804 -0.0123 -0.1966
vn -0.9519 -0.0149 -0.3062
vn -0.9798 -0.0128 -0.1997
vn 0.4198 -0.0441 -0.9066
vn 0.6335 -0.0630 -0.7712
vn 0.6285 -0.0687 -0.7747
vn 0.4177 -0.0452 -0.9075
vn 0.4156 -0.0428 -0.9085
vn 0.6247 -0.0690 -0.7778
vn 0.6221 -0.0638 -0.7803
vn 0.4138 -0.0365 -0.9096
vn 0.4121 -0.0281 -0.9107
vn 0.6206 -0.0550 -0.7822
vn 0.6191 -0.0454 -0.7840
vn 0.4101 -0.0201 -0.9118
vn 0.4072 -0.0131 -0.9132
vn 0.6167 -0.0370 -0.7863
vn 0.6135 -0.0289 -0.7892
vn 0.4036 -0.0048 -0.9149
vn 0.4004 0.0089 -0.9163
vn 0.6106 -0.0180 -0.7917
vn 0.6100 -0.0020 -0.7924
vn 0.3996 0.0300 -0.9162
vn 0.4019 0.0550 -0.9140
vn 0.6123 0.0180 -0.7904
vn 0.6168 0.0391 -0.7861
vn 0.4067 0.0786 -0.9102
vn -0.9934 -0.0832 -0.0792
vn -0.9936 -0.0814 -0.0785
vn -0.9941 -0.0756 -0.0779
vn -0.9945 -0.0696 -0.0780
vn -0.9949 -0.0638 -0.0787
vn -0.9952 -0.0559 -0.0802
vn -0.9956 -0.0450 -0.0828
vn -0.9957 -0.0335 -0.0862
vn -0.9955 -0.0262 -0.0907
vn -0.9915 -0.0337 -0.1255
vn 0.8142 -0.0789 -0.5752
vn 0.8086 -0.0910 -0.5813
vn 0.8044 -0.0962 -0.5863
vn 0.8020 -0.0942 -0.5899
vn 0.8011 -0.0868 -0.5922
vn 0.8007 -0.0772 -0.5940
vn 0.8000 -0.0682 -0.5961
vn 0.7986 -0.0608 -0.5988
vn 0.7972 -0.0530 -0.6013
vn 0.7972 -0.0424 -0.6023
vn 0.7988 -0.0276 -0.6010
vn 0.8015 -0.0088 -0.5979
vn 0.9905 0.1060 -0.0870
vn 0.9235 0.1691 -0.3444
vn 0.9829 0.0359 0.1804
vn 0.9808 0.0698 0.1821
vn 0.9855 0.1474 -0.0839
vn 0.9165 0.2167 -0.3364
vn -0.9741 -0.2010 0.1038
vn -0.9577 -0.2213 0.1842
vn -0.9832 -0.1795 0.0335
vn -0.9842 -0.1729 0.0392
vn -0.9752 -0.1927 0.1085
vn -0.9598 -0.2114 0.1844
vn 0.7955 0.2219 -0.5639
vn 0.6242 0.2629 -0.7357
vn 0.7891 0.2744 -0.5496
vn 0.6199 0.3180 -0.7174
vn -0.9868 -0.1579 -0.0352
vn -0.9840 -0.1295 -0.1227
vn -0.9859 -0.1187 -0.1178
vn -0.9882 -0.1503 -0.0311
vn 0.4241 0.2886 -0.8584
vn 0.2090 0.2954 -0.9322
vn 0.4215 0.3432 -0.8394
vn 0.2079 0.3476 -0.9143
vn -0.9662 -0.0861 -0.2432
vn -0.9150 -0.0235 -0.4027
vn -0.9178 0.0009 -0.3970
vn -0.9689 -0.0702 -0.2372
vn -0.0098 0.2834 -0.9589
vn -0.2266 0.2536 -0.9404
vn -0.0088 0.3330 -0.9429
vn -0.2237 0.3017 -0.9268
vn -0.8372 -0.2557 0.4835
vn -0.7365 -0.2613 0.6240
vn -0.8960 -0.2478 0.3685
vn -0.9010 -0.2435 0.3592
vn -0.8433 -0.2585 0.4712
vn -0.7434 -0.2737 0.6103
vn -0.5734 -0.2624 0.7761
vn -0.3388 -0.2559 0.9054
vn -0.5797 -0.2849 0.7634
vn -0.3423 -0.2855 0.8952
vn -0.8076 0.0557 -0.5871
vn -0.6409 0.1373 -0.7552
vn -0.6399 0.1799 -0.7471
vn -0.8090 0.0902 -0.5808
vn -0.0409 -0.2385 0.9703
vn 0.2790 -0.2060 0.9379
vn -0.0412 -0.2679 0.9626
vn 0.2792 -0.2262 0.9332
vn -0.4394 0.2053 -0.8745
vn -0.4365 0.2519 -0.8637
vn 0.5573 -0.1581 0.8151
vn 0.7634 -0.0997 0.6382
vn 0.5567 -0.1633 0.8145
vn 0.7630 -0.0891 0.6403
vn -0.9326 -0.2370 0.2721
vn -0.9363 -0.2283 0.2670
vn 0.9039 -0.0344 0.4263
vn 0.9035 -0.0104 0.4285
vn -0.0406 -0.2906 0.9560
vn 0.2772 -0.2437 0.9294
vn -0.3417 -0.3037 0.8894
vn -0.3387 -0.3054 0.8899
vn -0.0406 -0.2983 0.9536
vn 0.2722 -0.2507 0.9290
vn -0.4302 0.2908 -0.8546
vn -0.6351 0.2231 -0.7395
vn -0.2189 0.3352 -0.9164
vn -0.2144 0.3413 -0.9152
vn -0.4240 0.3054 -0.8526
vn -0.6299 0.2470 -0.7363
vn 0.5534 -0.1690 0.8156
vn 0.7607 -0.0821 0.6439
vn 0.5470 -0.1705 0.8196
vn 0.7567 -0.0771 0.6492
vn -0.9439 -0.1940 0.2674
vn -0.9084 -0.2150 0.3586
vn -0.9671 -0.1742 0.1854
vn -0.9744 -0.1248 0.1868
vn -0.9510 -0.1480 0.2714
vn -0.9148 -0.1745 0.3642
vn 0.9022 0.0062 0.4313
vn 0.9787 0.0925 0.1835
vn 0.9006 0.0158 0.4344
vn 0.9773 0.1037 0.1846
vn -0.8500 -0.2389 0.4695
vn -0.7485 -0.2661 0.6075
vn -0.8551 -0.2063 0.4757
vn -0.7510 -0.2440 0.6136
vn 0.9814 0.1738 -0.0810
vn 0.9117 0.2458 -0.3293
vn 0.9796 0.1845 -0.0791
vn 0.9107 0.2546 -0.3252
vn -0.9817 -0.1553 0.1100
vn -0.9898 -0.1365 0.0409
vn -0.9955 -0.0864 0.0395
vn -0.9885 -0.1046 0.1090
vn 0.7853 0.3051 -0.5387
vn 0.6172 0.3484 -0.7055
vn 0.7859 0.3105 -0.5348
vn 0.6175 0.3494 -0.7047
vn -0.9930 -0.1144 -0.0287
vn -0.9901 -0.0824 -0.1139
vn -0.9931 -0.0366 -0.1115
vn -0.9974 -0.0663 -0.0287
vn 0.4187 0.3720 -0.8284
vn 0.2058 0.3754 -0.9037
vn 0.4171 0.3693 -0.8304
vn 0.2038 0.3718 -0.9057
vn -0.9722 -0.0318 -0.2320
vn -0.9193 0.0427 -0.3913
vn -0.9187 0.0817 -0.3863
vn -0.9737 0.0113 -0.2278
vn -0.0077 0.3623 -0.9320
vn -0.0069 0.3618 -0.9322
vn -0.5820 -0.2913 0.7592
vn -0.5808 -0.2817 0.7637
vn -0.8075 0.1344 -0.5744
vn -0.8046 0.1670 -0.5699
vn -0.8031 0.1731 -0.5701
vn -0.9177 0.1003 -0.3844
vn -0.6277 0.2406 -0.7403
vn -0.6286 0.2048 -0.7503
vn -0.8036 0.1519 -0.5754
vn -0.9172 0.0955 -0.3868
vn -0.9902 -0.1074 0.0891
vn -0.9699 -0.1171 0.2134
vn -0.9963 -0.0762 -0.0407
vn -0.0420 -0.2865 0.9572
vn 0.2644 -0.2419 0.9336
vn -0.3348 -0.2890 0.8969
vn -0.3312 -0.2549 0.9085
vn -0.0446 -0.2543 0.9661
vn 0.2555 -0.2156 0.9425
vn -0.4207 0.2887 -0.8600
vn -0.2114 0.3167 -0.9247
vn -0.2103 0.2646 -0.9411
vn -0.4206 0.2428 -0.8742
vn 0.5380 -0.1635 0.8269
vn 0.7511 -0.0712 0.6563
vn 0.5281 -0.1455 0.8366
vn 0.7447 -0.0617 0.6646
vn -0.9549 -0.1074 0.2769
vn -0.9178 -0.1369 0.3728
vn -0.9788 -0.0819 0.1878
vn -0.9806 -0.0519 0.1890
vn -0.9559 -0.0772 0.2834
vn -0.9177 -0.1064 0.3828
vn 0.8986 0.0202 0.4382
vn 0.9769 0.1052 0.1858
vn 0.8962 0.0221 0.4432
vn 0.9771 0.0994 0.1879
vn -0.8568 -0.1725 0.4860
vn -0.7503 -0.2155 0.6250
vn -0.8556 -0.1412 0.4981
vn -0.7474 -0.1830 0.6387
vn 0.9936 -0.0783 -0.0818
vn 0.9346 -0.0335 -0.3541
vn 0.9750 -0.1139 0.1906
vn 0.9803 0.1813 -0.0782
vn 0.9135 0.2448 -0.3249
vn 0.9830 0.1665 -0.0778
vn 0.9188 0.2196 -0.3278
vn -0.9925 -0.0607 0.1061
vn -0.9984 -0.0433 0.0354
vn -0.9994 -0.0155 0.0304
vn -0.9942 -0.0312 0.1028
vn 0.7900 0.2929 -0.5385
vn 0.6200 0.3239 -0.7146
vn 0.7960 0.2564 -0.5483
vn 0.6232 0.2769 -0.7314
vn -0.9992 -0.0258 -0.0311
vn -0.9938 -0.0007 -0.1116
vn -0.9933 0.0180 -0.1143
vn -0.9994 -0.0013 -0.0354
vn 0.4165 0.3380 -0.8440
vn 0.2023 0.3390 -0.9188
vn 0.4164 0.2836 -0.8638
vn 0.2016 0.2820 -0.9380
vn -0.9733 0.0400 -0.2260
vn -0.9725 0.0491 -0.2278
vn -0.0063 0.3317 -0.9434
vn -0.0057 0.2760 -0.9612
vn -0.5771 -0.2595 0.7743
vn -0.5723 -0.2258 0.7884
vn -0.9349 -0.1250 0.3320
vn -0.8831 -0.1318 0.4503
vn 0.8893 -0.1391 0.4357
vn 0.7467 -0.1571 0.6464
vn -0.8073 -0.1375 0.5739
vn -0.6947 -0.1439 0.7048
vn 0.5400 -0.1710 0.8241
vn 0.2644 -0.1780 0.9478
vn -0.4129 0.1220 -0.9026
vn -0.6121 0.0944 -0.7851
vn -0.2112 0.1367 -0.9678
vn -0.0411 -0.1746 0.9838
vn -0.3156 -0.1641 0.9346
vn -0.7897 0.0562 -0.6109
vn -0.9162 0.0297 -0.3996
vn -0.5330 -0.1528 0.8322
vn -0.0090 0.1383 -0.9903
vn 0.1987 0.1262 -0.9719
vn 0.4126 0.1001 -0.9054
vn 0.6219 0.0617 -0.7807
vn 0.8042 0.0153 -0.5942
vn -0.0472 -0.2064 0.9773
vn 0.2473 -0.1752 0.9530
vn -0.3280 -0.2067 0.9218
vn -0.3249 -0.1551 0.9329
vn -0.0493 -0.1543 0.9868
vn 0.2403 -0.1308 0.9619
vn -0.5670 -0.1826 0.8032
vn -0.7428 -0.1467 0.6532
vn -0.7370 -0.1114 0.6667
vn -0.5612 -0.1379 0.8161
vn -0.9716 0.0426 -0.2327
vn -0.9927 0.0222 -0.1189
vn -0.9167 0.0731 -0.3927
vn -0.9154 0.0425 -0.4004
vn -0.9705 0.0268 -0.2396
vn -0.9921 0.0164 -0.1245
vn -0.9992 0.0092 -0.0401
vn -0.9997 -0.0014 0.0261
vn -0.9990 0.0093 -0.0444
vn -0.9997 0.0024 0.0236
vn -0.9948 -0.0145 0.1009
vn -0.9809 -0.0326 0.1918
vn -0.9948 -0.0076 0.1015
vn -0.9801 -0.0221 0.1971
vn -0.8522 -0.1110 0.5113
vn -0.9155 -0.0808 0.3942
vn -0.9116 -0.0607 0.4065
vn -0.8472 -0.0843 0.5245
vn -0.4228 0.1758 -0.8890
vn -0.6310 0.1479 -0.7615
vn -0.2111 0.1928 -0.9583
vn -0.2138 0.1158 -0.9700
vn -0.4261 0.1028 -0.8988
vn -0.6328 0.0845 -0.7696
vn -0.9551 -0.0551 0.2913
vn -0.9528 -0.0402 0.3010
vn -0.8046 0.1110 -0.5834
vn -0.8042 0.0630 -0.5910
vn -0.0057 0.2023 -0.9793
vn 0.2013 0.2084 -0.9571
vn 0.2007 0.1313 -0.9708
vn -0.0068 0.1244 -0.9922
vn 0.4162 0.2134 -0.8839
vn 0.6257 0.2149 -0.7499
vn 0.6264 0.1487 -0.7652
vn 0.4152 0.1397 -0.8990
vn 0.8019 0.2067 -0.5606
vn 0.9252 0.1835 -0.3321
vn 0.9312 0.1426 -0.3354
vn 0.8063 0.1522 -0.5716
vn 0.9867 0.1436 -0.0765
vn 0.9774 0.0889 0.1920
vn 0.9771 0.0753 0.1988
vn 0.9905 0.1165 -0.0733
vn 0.8929 0.0233 0.4497
vn 0.7377 -0.0478 0.6735
vn 0.7302 -0.0329 0.6824
vn 0.8886 0.0236 0.4580
vn 0.5185 -0.1178 0.8469
vn 0.5097 -0.0873 0.8559
vn -0.3603 -0.0819 0.9292
vn -0.5858 -0.0808 0.8064
vn -0.5950 -0.0903 0.7987
vn -0.3725 -0.0885 0.9238
vn -0.7481 -0.0784 0.6589
vn -0.7527 -0.0891 0.6522
vn -0.7563 -0.0963 0.6471
vn -0.6041 -0.0953 0.7912
vn -0.3859 -0.0906 0.9181
vn -0.9740 -0.0737 0.2141
vn -0.9905 -0.0722 0.1173
vn -0.9894 -0.0768 0.1236
vn -0.9732 -0.0799 0.2156
vn -0.9970 -0.0696 0.0352
vn -0.9963 -0.0728 0.0451
vn -0.9952 -0.0770 0.0610
vn -0.9871 -0.0821 0.1374
vn -0.9704 -0.0865 0.2253
vn -0.8486 -0.0758 0.5235
vn -0.8506 -0.0865 0.5187
vn -0.9075 -0.0745 0.4134
vn -0.9083 -0.0842 0.4097
vn -0.9067 -0.0927 0.4114
vn -0.8506 -0.0949 0.5172
vn 0.9295 -0.1152 -0.3503
vn 0.9919 -0.1144 -0.0546
vn 0.9913 -0.1186 -0.0563
vn 0.9271 -0.1223 -0.3544
vn 0.9637 -0.1131 0.2418
vn 0.9634 -0.1138 0.2428
vn 0.9640 -0.1076 0.2432
vn 0.9915 -0.1165 -0.0581
vn 0.9255 -0.1244 -0.3577
vn 0.8575 -0.1101 0.5026
vn 0.8572 -0.1078 0.5036
vn 0.6932 -0.1040 0.7132
vn 0.6938 -0.1000 0.7132
vn 0.6954 -0.0898 0.7130
vn 0.8580 -0.0986 0.5041
vn 0.5943 -0.1127 -0.7963
vn 0.7870 -0.1148 -0.6062
vn 0.7832 -0.1240 -0.6093
vn 0.5910 -0.1232 -0.7972
vn 0.7806 -0.1292 -0.6115
vn 0.5889 -0.1306 -0.7976
vn -0.2175 -0.1049 -0.9704
vn -0.0174 -0.1079 -0.9940
vn -0.0177 -0.1185 -0.9928
vn -0.2157 -0.1150 -0.9697
vn 0.1821 -0.1090 -0.9772
vn 0.1803 -0.1201 -0.9763
vn 0.1792 -0.1293 -0.9753
vn -0.0174 -0.1273 -0.9917
vn -0.2146 -0.1234 -0.9689
vn -0.9971 -0.0661 -0.0385
vn -0.9973 -0.0686 -0.0270
vn -0.9901 -0.0632 -0.1254
vn -0.9912 -0.0661 -0.1145
vn -0.9924 -0.0704 -0.1011
vn -0.9973 -0.0723 -0.0115
vn 0.3862 -0.1103 -0.9158
vn 0.3838 -0.1214 -0.9154
vn 0.3821 -0.1302 -0.9149
vn -0.9667 -0.0631 -0.2482
vn -0.9684 -0.0677 -0.2398
vn -0.9073 -0.0681 -0.4150
vn -0.9089 -0.0751 -0.4102
vn -0.9118 -0.0828 -0.4022
vn -0.9706 -0.0737 -0.2291
vn 0.4767 -0.0955 0.8739
vn 0.4769 -0.0916 0.8741
vn 0.2085 -0.0876 0.9741
vn 0.2045 -0.0862 0.9751
vn 0.1994 -0.0805 0.9766
vn 0.4773 -0.0827 0.8749
vn -0.7917 -0.0778 -0.6060
vn -0.7920 -0.0868 -0.6043
vn -0.6208 -0.0891 -0.7789
vn -0.6193 -0.0990 -0.7789
vn -0.6214 -0.1078 -0.7761
vn -0.7951 -0.0956 -0.5989
vn -0.4210 -0.0987 -0.9017
vn -0.4185 -0.1086 -0.9017
vn -0.4186 -0.1170 -0.9006
vn -0.0855 -0.0831 0.9929
vn -0.0955 -0.0858 0.9917
vn -0.1072 -0.0841 0.9907
vn -0.9463 -0.0742 0.3147
vn -0.9463 -0.0822 0.3126
vn -0.9439 -0.0900 0.3178
vn -0.9495 -0.0340 0.3120
vn -0.9068 -0.0492 0.4187
vn -0.9786 -0.0204 0.2047
vn -0.9765 -0.0266 0.2138
vn -0.9457 -0.0366 0.3230
vn -0.9019 -0.0472 0.4293
vn -0.9422 -0.0441 0.3321
vn -0.8983 -0.0508 0.4365
vn -0.9742 -0.0372 0.2224
vn -0.9725 -0.0477 0.2281
vn -0.9400 -0.0517 0.3371
vn -0.8968 -0.0550 0.4391
vn -0.9399 -0.0573 0.3367
vn -0.8977 -0.0580 0.4368
vn -0.9718 -0.0559 0.2291
vn -0.9723 -0.0624 0.2251
vn -0.9416 -0.0619 0.3310
vn -0.9007 -0.0612 0.4302
vn -0.9443 -0.0673 0.3222
vn -0.9045 -0.0664 0.4213
vn -0.9734 -0.0680 0.2187
vn -0.0510 -0.1114 0.9925
vn 0.2343 -0.0945 0.9676
vn -0.3221 -0.1129 0.9399
vn -0.3209 -0.0860 0.9432
vn -0.0531 -0.0842 0.9950
vn 0.2292 -0.0726 0.9707
vn -0.0562 -0.0711 0.9959
vn 0.2247 -0.0646 0.9723
vn -0.3224 -0.0722 0.9438
vn -0.3268 -0.0668 0.9427
vn -0.0606 -0.0675 0.9959
vn 0.2206 -0.0662 0.9731
vn -0.0659 -0.0693 0.9954
vn 0.2171 -0.0727 0.9734
vn -0.3334 -0.0663 0.9404
vn -0.3413 -0.0692 0.9374
vn -0.0715 -0.0736 0.9947
vn 0.2141 -0.0799 0.9735
vn -0.0778 -0.0787 0.9939
vn 0.2115 -0.0853 0.9737
vn -0.3501 -0.0747 0.9337
vn -0.4297 0.0400 -0.9021
vn -0.6335 0.0297 -0.7732
vn -0.2179 0.0494 -0.9747
vn -0.2223 0.0015 -0.9750
vn -0.4330 -0.0043 -0.9014
vn -0.6334 -0.0090 -0.7737
vn -0.4354 -0.0320 -0.8997
vn -0.6332 -0.0330 -0.7732
vn -0.2258 -0.0297 -0.9737
vn -0.2272 -0.0505 -0.9725
vn -0.4361 -0.0495 -0.8986
vn -0.6328 -0.0478 -0.7728
vn -0.4344 -0.0628 -0.8985
vn -0.6315 -0.0585 -0.7732
vn -0.2262 -0.0663 -0.9718
vn -0.2235 -0.0803 -0.9714
vn -0.4305 -0.0751 -0.8994
vn -0.6287 -0.0684 -0.7746
vn -0.4255 -0.0873 -0.9007
vn -0.6246 -0.0786 -0.7770
vn -0.2202 -0.0932 -0.9710
vn -0.8021 0.0200 -0.5969
vn -0.9128 0.0126 -0.4082
vn -0.7993 -0.0117 -0.6008
vn -0.9098 -0.0121 -0.4148
vn -0.7971 -0.0325 -0.6030
vn -0.9073 -0.0306 -0.4194
vn -0.7958 -0.0457 -0.6038
vn -0.9058 -0.0436 -0.4215
vn -0.7952 -0.0546 -0.6039
vn -0.9054 -0.0520 -0.4214
vn -0.7944 -0.0618 -0.6042
vn -0.9058 -0.0576 -0.4199
vn -0.7930 -0.0693 -0.6052
vn -0.9064 -0.0624 -0.4178
vn 0.5016 -0.0631 0.8628
vn 0.7225 -0.0229 0.6910
vn 0.4945 -0.0513 0.8677
vn 0.7153 -0.0230 0.6984
vn 0.4886 -0.0521 0.8709
vn 0.7091 -0.0343 0.7042
vn 0.4841 -0.0618 0.8729
vn 0.7040 -0.0532 0.7082
vn 0.4806 -0.0748 0.8737
vn 0.6997 -0.0736 0.7107
vn 0.4782 -0.0864 0.8740
vn 0.6963 -0.0903 0.7121
vn 0.4770 -0.0937 0.8739
vn 0.6940 -0.1007 0.7129
vn -0.9690 0.0077 -0.2470
vn -0.9915 0.0046 -0.1301
vn -0.9672 -0.0113 -0.2538
vn -0.9908 -0.0106 -0.1350
vn -0.9655 -0.0283 -0.2589
vn -0.9900 -0.0266 -0.1389
vn -0.9642 -0.0418 -0.2617
vn -0.9891 -0.0407 -0.1413
vn -0.9638 -0.0510 -0.2619
vn -0.9886 -0.0510 -0.1416
vn -0.9641 -0.0563 -0.2594
vn -0.9886 -0.0573 -0.1391
vn -0.9652 -0.0597 -0.2546
vn -0.9892 -0.0608 -0.1337
vn 0.4129 0.0750 -0.9077
vn 0.1991 0.0646 -0.9778
vn 0.6251 0.0891 -0.7754
vn 0.6223 0.0400 -0.7817
vn 0.4097 0.0248 -0.9119
vn 0.1966 0.0142 -0.9804
vn 0.4056 -0.0132 -0.9139
vn 0.1937 -0.0217 -0.9808
vn 0.6183 -0.0004 -0.7859
vn 0.6134 -0.0344 -0.7890
vn 0.4011 -0.0426 -0.9150
vn 0.1908 -0.0478 -0.9805
vn 0.3966 -0.0655 -0.9156
vn 0.1883 -0.0677 -0.9798
vn 0.6081 -0.0620 -0.7914
vn 0.6030 -0.0833 -0.7934
vn 0.3926 -0.0833 -0.9159
vn 0.1861 -0.0835 -0.9790
vn 0.3892 -0.0977 -0.9160
vn 0.1841 -0.0968 -0.9781
vn 0.5984 -0.0996 -0.7950
vn -0.9989 0.0018 -0.0477
vn -0.9997 -0.0023 0.0230
vn -0.9987 -0.0109 -0.0500
vn -0.9996 -0.0133 0.0241
vn -0.9983 -0.0261 -0.0515
vn -0.9993 -0.0276 0.0258
vn -0.9978 -0.0405 -0.0523
vn -0.9988 -0.0415 0.0274
vn -0.9973 -0.0517 -0.0523
vn -0.9982 -0.0527 0.0281
vn -0.9970 -0.0592 -0.0505
vn -0.9977 -0.0608 0.0286
vn -0.9969 -0.0636 -0.0462
vn -0.9974 -0.0661 0.0303
vn -0.0092 0.0571 -0.9983
vn -0.0125 0.0074 -0.9999
vn -0.0155 -0.0265 -0.9995
vn -0.0173 -0.0502 -0.9986
vn -0.0179 -0.0681 -0.9975
vn -0.0177 -0.0829 -0.9964
vn -0.0174 -0.0960 -0.9952
vn 0.8087 0.1009 -0.5794
vn 0.9361 0.1017 -0.3367
vn 0.9396 0.0615 -0.3367
vn 0.8094 0.0550 -0.5847
vn 0.8083 0.0130 -0.5887
vn 0.9414 0.0203 -0.3367
vn 0.9411 -0.0205 -0.3375
vn 0.8054 -0.0256 -0.5921
vn 0.8012 -0.0583 -0.5955
vn 0.9390 -0.0561 -0.3394
vn 0.9358 -0.0833 -0.3424
vn 0.7964 -0.0833 -0.5990
vn 0.7915 -0.1014 -0.6027
vn 0.9326 -0.1024 -0.3462
vn 0.8837 0.0197 0.4677
vn 0.9764 0.0585 0.2077
vn 0.8788 0.0078 0.4771
vn 0.9755 0.0356 0.2171
vn 0.8743 -0.0137 0.4852
vn 0.9743 0.0052 0.2252
vn 0.8701 -0.0414 0.4912
vn 0.9725 -0.0296 0.2311
vn 0.8660 -0.0686 0.4953
vn 0.9700 -0.0621 0.2351
vn 0.8623 -0.0902 0.4984
vn 0.9674 -0.0874 0.2379
vn 0.8593 -0.1041 0.5008
vn 0.9651 -0.1042 0.2401
vn 0.9939 0.0873 -0.0680
vn 0.9966 0.0549 -0.0620
vn 0.9982 0.0176 -0.0569
vn 0.9983 -0.0218 -0.0537
vn 0.9970 -0.0573 -0.0524
vn 0.9950 -0.0845 -0.0524
vn 0.9932 -0.1032 -0.0532
vn -0.8414 -0.0660 0.5364
vn -0.7308 -0.0845 0.6774
vn -0.8363 -0.0580 0.5452
vn -0.7260 -0.0694 0.6842
vn -0.8334 -0.0570 0.5498
vn -0.7241 -0.0633 0.6868
vn -0.8333 -0.0580 0.5498
vn -0.7257 -0.0612 0.6853
vn -0.8358 -0.0589 0.5459
vn -0.7301 -0.0608 0.6806
vn -0.8400 -0.0611 0.5391
vn -0.7360 -0.0629 0.6740
vn -0.8448 -0.0666 0.5310
vn -0.7423 -0.0687 0.6665
vn -0.9945 -0.0094 0.1048
vn -0.9938 -0.0184 0.1099
vn -0.9928 -0.0313 0.1156
vn -0.9918 -0.0440 0.1197
vn -0.9912 -0.0542 0.1209
vn -0.9909 -0.0620 0.1194
vn -0.9908 -0.0677 0.1170
vn -0.5557 -0.1020 0.8251
vn -0.5521 -0.0799 0.8300
vn -0.5517 -0.0690 0.8312
vn -0.5550 -0.0646 0.8294
vn -0.5611 -0.0636 0.8253
vn -0.5687 -0.0658 0.8199
vn -0.5770 -0.0718 0.8136
vn 0.6320 -0.1132 -0.7667
vn 0.8131 -0.1263 -0.5683
vn 0.8151 -0.1585 -0.5572
vn 0.6387 -0.1417 -0.7563
vn 0.9357 -0.1328 -0.3269
vn 0.9325 -0.1680 -0.3196
vn 0.9284 -0.1996 -0.3133
vn 0.8142 -0.1889 -0.5489
vn 0.6414 -0.1704 -0.7480
vn -0.9941 -0.1082 -0.0089
vn -0.9825 -0.1231 -0.1398
vn -0.9807 -0.1347 -0.1419
vn -0.9930 -0.1169 -0.0169
vn -0.9391 -0.1357 -0.3156
vn -0.9385 -0.1500 -0.3109
vn -0.9376 -0.1629 -0.3072
vn -0.9793 -0.1445 -0.1416
vn -0.9921 -0.1239 -0.0201
vn 0.7142 -0.0600 0.6973
vn 0.4960 -0.0395 0.8675
vn 0.4993 -0.0827 0.8624
vn 0.7157 -0.1031 0.6908
vn 0.2153 -0.0237 0.9763
vn 0.2222 -0.0662 0.9727
vn 0.2318 -0.1032 0.9673
vn 0.5023 -0.1200 0.8564
vn 0.7136 -0.1398 0.6865
vn -0.3962 -0.0107 0.9181
vn -0.6270 -0.0148 0.7789
vn -0.6213 -0.0409 0.7825
vn -0.3870 -0.0437 0.9210
vn -0.7835 -0.0226 0.6209
vn -0.7811 -0.0419 0.6230
vn -0.7766 -0.0579 0.6274
vn -0.6127 -0.0629 0.7878
vn -0.3740 -0.0722 0.9246
vn -0.9685 -0.0583 0.2421
vn -0.9793 -0.0691 0.1902
vn -0.9815 -0.0738 0.1766
vn -0.9710 -0.0636 0.2305
vn -0.9868 -0.0809 0.1402
vn -0.9882 -0.0858 0.1265
vn -0.9886 -0.0898 0.1208
vn -0.9821 -0.0777 0.1713
vn -0.9717 -0.0681 0.2264
vn -0.8755 -0.0312 0.4821
vn -0.8754 -0.0446 0.4814
vn -0.9248 -0.0397 0.3783
vn -0.9262 -0.0489 0.3739
vn -0.9257 -0.0564 0.3739
vn -0.8734 -0.0556 0.4837
vn -0.9924 -0.0938 0.0796
vn -0.9927 -0.1001 0.0677
vn -0.9925 -0.1051 0.0625
vn -0.1015 -0.0135 0.9947
vn -0.0914 -0.0526 0.9944
vn -0.0774 -0.0867 0.9932
vn -0.9519 -0.0485 0.3024
vn -0.9542 -0.0552 0.2941
vn -0.9545 -0.0607 0.2919
vn 0.9689 -0.1096 0.2217
vn 0.8730 -0.0846 0.4803
vn 0.8721 -0.1276 0.4724
vn 0.9646 -0.1512 0.2159
vn 0.8671 -0.1637 0.4705
vn 0.9583 -0.1863 0.2165
vn 0.1896 -0.0958 -0.9772
vn 0.4146 -0.1009 -0.9044
vn 0.4218 -0.1243 -0.8981
vn 0.1920 -0.1145 -0.9747
vn 0.4268 -0.1500 -0.8918
vn 0.1966 -0.1366 -0.9709
vn -0.8428 -0.1419 -0.5192
vn -0.8458 -0.1580 -0.5096
vn -0.6847 -0.1390 -0.7155
vn -0.6924 -0.1557 -0.7045
vn -0.6941 -0.1731 -0.6988
vn -0.8462 -0.1737 -0.5038
vn -0.2555 -0.1128 -0.9602
vn -0.0320 -0.1004 -0.9944
vn -0.0368 -0.1166 -0.9925
vn -0.2656 -0.1285 -0.9555
vn -0.0347 -0.1360 -0.9901
vn -0.2661 -0.1468 -0.9527
vn -0.4796 -0.1277 -0.8681
vn -0.4906 -0.1440 -0.8594
vn -0.4924 -0.1620 -0.8552
vn 0.9902 -0.1274 -0.0573
vn 0.9845 -0.1659 -0.0569
vn 0.9785 -0.1994 -0.0534
vn 0.9920 -0.1116 -0.0595
vn 0.9249 -0.1234 -0.3596
vn 0.9650 -0.0983 0.2431
vn 0.9659 -0.0910 0.2425
vn 0.9923 -0.1081 -0.0603
vn 0.9250 -0.1226 -0.3597
vn 0.9923 -0.1084 -0.0604
vn 0.9255 -0.1244 -0.3578
vn 0.9664 -0.0882 0.2414
vn 0.9667 -0.0892 0.2397
vn 0.9919 -0.1117 -0.0597
vn 0.9264 -0.1283 -0.3539
vn 0.9915 -0.1159 -0.0585
vn 0.9282 -0.1314 -0.3481
vn 0.9670 -0.0926 0.2373
vn 0.9675 -0.0966 0.2336
vn 0.9912 -0.1189 -0.0574
vn 0.9307 -0.1315 -0.3412
vn 0.9910 -0.1210 -0.0570
vn 0.9336 -0.1297 -0.3340
vn 0.9684 -0.1008 0.2282
vn -0.4204 -0.1248 -0.8987
vn -0.6261 -0.1162 -0.7710
vn -0.2137 -0.1304 -0.9682
vn -0.2130 -0.1366 -0.9674
vn -0.4229 -0.1325 -0.8965
vn -0.6314 -0.1248 -0.7654
vn -0.4258 -0.1397 -0.8940
vn -0.6360 -0.1333 -0.7601
vn -0.2133 -0.1419 -0.9666
vn -0.2156 -0.1448 -0.9657
vn -0.4302 -0.1448 -0.8910
vn -0.6410 -0.1404 -0.7546
vn -0.4377 -0.1461 -0.8872
vn -0.6483 -0.1449 -0.7475
vn -0.2208 -0.1428 -0.9648
vn -0.2298 -0.1345 -0.9639
vn -0.4492 -0.1421 -0.8821
vn -0.6587 -0.1455 -0.7382
vn -0.4640 -0.1339 -0.8757
vn -0.6717 -0.1421 -0.7271
vn -0.2420 -0.1219 -0.9626
vn -0.0162 -0.1340 -0.9909
vn 0.1792 -0.1356 -0.9744
vn 0.1800 -0.1394 -0.9737
vn -0.0147 -0.1388 -0.9902
vn -0.0135 -0.1422 -0.9898
vn 0.1813 -0.1417 -0.9732
vn 0.1828 -0.1420 -0.9728
vn -0.0135 -0.1432 -0.9896
vn -0.0153 -0.1389 -0.9902
vn 0.1845 -0.1369 -0.9733
vn 0.1862 -0.1242 -0.9746
vn -0.0192 -0.1274 -0.9917
vn -0.0252 -0.1116 -0.9934
vn 0.1879 -0.1072 -0.9763
vn -0.8003 -0.1041 -0.5905
vn -0.9157 -0.0907 -0.3914
vn -0.8057 -0.1128 -0.5815
vn -0.9197 -0.0987 -0.3801
vn -0.8101 -0.1214 -0.5735
vn -0.9230 -0.1071 -0.3696
vn -0.8143 -0.1298 -0.5658
vn -0.9260 -0.1157 -0.3593
vn -0.8196 -0.1369 -0.5564
vn -0.9293 -0.1240 -0.3479
vn -0.8267 -0.1415 -0.5446
vn -0.9329 -0.1306 -0.3356
vn -0.8350 -0.1421 -0.5315
vn -0.9364 -0.1339 -0.3243
vn 0.3816 -0.1357 -0.9143
vn 0.5884 -0.1345 -0.7973
vn 0.5894 -0.1364 -0.7962
vn 0.3822 -0.1386 -0.9136
vn 0.3839 -0.1406 -0.9126
vn 0.5917 -0.1384 -0.7942
vn 0.5957 -0.1403 -0.7908
vn 0.3868 -0.1413 -0.9113
vn 0.3915 -0.1371 -0.9099
vn 0.6021 -0.1384 -0.7864
vn 0.6108 -0.1301 -0.7810
vn 0.3980 -0.1256 -0.9087
vn 0.4060 -0.1101 -0.9072
vn 0.6214 -0.1185 -0.7745
vn 0.8594 -0.0862 0.5041
vn 0.6972 -0.0765 0.7128
vn 0.6987 -0.0641 0.7125
vn 0.8606 -0.0756 0.5036
vn 0.8618 -0.0693 0.5026
vn 0.7000 -0.0552 0.7120
vn 0.7012 -0.0504 0.7112
vn 0.8628 -0.0672 0.5010
vn 0.8643 -0.0683 0.4984
vn 0.7028 -0.0487 0.7098
vn 0.7054 -0.0490 0.7071
vn 0.8665 -0.0711 0.4942
vn 0.8696 -0.0752 0.4879
vn 0.7094 -0.0513 0.7029
vn -0.9397 -0.0954 0.3284
vn -0.9039 -0.0970 0.4165
vn -0.9660 -0.0924 0.2417
vn -0.9609 -0.0960 0.2597
vn -0.9357 -0.0968 0.3393
vn -0.9021 -0.0952 0.4209
vn -0.9338 -0.0932 0.3455
vn -0.9029 -0.0877 0.4207
vn -0.9571 -0.0958 0.2736
vn -0.9558 -0.0906 0.2798
vn -0.9350 -0.0845 0.3444
vn -0.9066 -0.0759 0.4151
vn -0.9387 -0.0719 0.3371
vn -0.9118 -0.0617 0.4060
vn -0.9573 -0.0805 0.2778
vn -0.9606 -0.0687 0.2692
vn -0.9435 -0.0588 0.3262
vn -0.9170 -0.0484 0.3960
vn -0.9481 -0.0501 0.3140
vn -0.9214 -0.0403 0.3865
vn -0.9647 -0.0603 0.2564
vn -0.1187 -0.0753 0.9901
vn 0.1941 -0.0698 0.9785
vn -0.3987 -0.0837 0.9133
vn -0.4085 -0.0675 0.9103
vn -0.1268 -0.0595 0.9901
vn 0.1907 -0.0554 0.9801
vn -0.1298 -0.0421 0.9906
vn 0.1902 -0.0414 0.9809
vn -0.4136 -0.0479 0.9092
vn -0.4142 -0.0313 0.9096
vn -0.1281 -0.0282 0.9914
vn 0.1923 -0.0310 0.9808
vn -0.1235 -0.0186 0.9922
vn 0.1962 -0.0242 0.9803
vn -0.4117 -0.0193 0.9111
vn -0.4074 -0.0105 0.9132
vn -0.1172 -0.0115 0.9930
vn 0.2013 -0.0193 0.9793
vn -0.1100 -0.0080 0.9939
vn 0.2077 -0.0171 0.9780
vn -0.4023 -0.0062 0.9155
vn -0.9970 -0.0776 0.0075
vn -0.9932 -0.0824 0.0819
vn -0.9935 -0.0761 -0.0851
vn -0.9943 -0.0828 -0.0674
vn -0.9961 -0.0839 0.0289
vn -0.9905 -0.0883 0.1055
vn -0.9946 -0.0901 0.0506
vn -0.9874 -0.0931 0.1281
vn -0.9948 -0.0898 -0.0490
vn -0.9949 -0.0963 -0.0310
vn -0.9930 -0.0944 0.0705
vn -0.9846 -0.0947 0.1467
vn -0.9918 -0.0955 0.0854
vn -0.9831 -0.0918 0.1583
vn -0.9948 -0.1011 -0.0157
vn -0.9945 -0.1042 -0.0062
vn -0.9913 -0.0943 0.0921
vn -0.9833 -0.0861 0.1606
vn -0.9917 -0.0930 0.0894
vn -0.9848 -0.0816 0.1534
vn -0.9944 -0.1060 -0.0043
vn -0.8500 -0.0969 0.5177
vn -0.7596 -0.0952 0.6434
vn -0.8509 -0.0911 0.5174
vn -0.7636 -0.0847 0.6401
vn -0.8542 -0.0794 0.5139
vn -0.7687 -0.0688 0.6359
vn -0.8593 -0.0649 0.5073
vn -0.7739 -0.0523 0.6311
vn -0.8648 -0.0500 0.4996
vn -0.7781 -0.0375 0.6270
vn -0.8694 -0.0374 0.4926
vn -0.7809 -0.0260 0.6241
vn -0.8730 -0.0304 0.4867
vn -0.7827 -0.0202 0.6221
vn -0.9836 -0.0878 0.1577
vn -0.9792 -0.0929 0.1804
vn -0.9750 -0.0956 0.2005
vn -0.9723 -0.0940 0.2142
vn -0.9717 -0.0872 0.2195
vn -0.9733 -0.0779 0.2160
vn -0.9762 -0.0708 0.2051
vn -0.6128 -0.0909 0.7850
vn -0.6205 -0.0766 0.7805
vn -0.6263 -0.0575 0.7775
vn -0.6298 -0.0401 0.7758
vn -0.6310 -0.0263 0.7754
vn -0.6305 -0.0161 0.7761
vn -0.6291 -0.0112 0.7772
vn 0.4775 -0.0703 0.8758
vn 0.4778 -0.0570 0.8766
vn 0.4787 -0.0459 0.8767
vn 0.4803 -0.0386 0.8763
vn 0.4824 -0.0344 0.8753
vn 0.4856 -0.0320 0.8736
vn 0.4903 -0.0319 0.8710
vn -0.9731 -0.0804 -0.2160
vn -0.9755 -0.0877 -0.2020
vn -0.9775 -0.0954 -0.1879
vn -0.9793 -0.1033 -0.1739
vn -0.9808 -0.1108 -0.1602
vn -0.9819 -0.1168 -0.1489
vn -0.9825 -0.1205 -0.1420
vn 0.7797 -0.1311 -0.6123
vn 0.7803 -0.1318 -0.6113
vn 0.7822 -0.1339 -0.6084
vn 0.7855 -0.1370 -0.6035
vn 0.7906 -0.1378 -0.5966
vn 0.7976 -0.1338 -0.5881
vn 0.8057 -0.1272 -0.5785
vn -0.9732 0.0021 -0.2299
vn -0.9719 -0.0184 -0.2348
vn -0.9884 -0.0258 -0.1497
vn -0.9939 -0.0337 -0.1055
vn -0.9726 -0.0448 -0.2283
vn 0.0054 -0.1593 0.9872
vn 0.0187 -0.1843 0.9827
vn 0.0197 -0.2031 0.9790
vn 0.0123 -0.1704 0.9853
vn 0.0374 -0.2331 0.9717
vn 0.0273 -0.2656 0.9637
vn 0.0708 -0.3121 0.9474
vn 0.0383 -0.3667 0.9295
vn 0.1679 -0.3894 0.9057
vn 0.0507 -0.5179 0.8539
vn 0.2799 -0.5597 0.7800
vn 0.0764 -0.6819 0.7274
vn 0.4300 -0.6732 0.6015
vn 0.1176 -0.8231 0.5556
vn 0.4396 -0.8201 0.3662
vn 0.0730 -0.9291 0.3627
vn 0.1939 -0.9570 0.2157
vn 0.0658 -0.9721 0.2250
vn 0.4232 -0.8639 -0.2731
vn 0.3275 -0.8683 -0.3724
vn 0.1298 -0.9100 -0.3938
vn 0.1702 -0.9498 -0.2623
vn 0.3074 -0.7676 -0.5624
vn 0.0752 -0.8221 -0.5643
vn 0.0071 -0.1819 0.9833
vn 0.0501 -0.2225 0.9736
vn -0.0753 -0.1246 0.9893
vn -0.0350 -0.1312 0.9907
vn 0.0262 -0.1228 0.9921
vn 0.1297 -0.2384 0.9625
vn -0.2142 -0.0683 0.9744
vn -0.1798 -0.0546 0.9822
vn -0.4040 -0.0122 0.9147
vn -0.3795 0.0102 0.9251
vn -0.3517 0.0332 0.9355
vn -0.1355 -0.0349 0.9902
vn -0.6095 0.0468 0.7914
vn -0.5950 0.0684 0.8008
vn -0.7841 0.1122 0.6105
vn -0.7763 0.1260 0.6176
vn -0.7692 0.1378 0.6239
vn -0.5803 0.0884 0.8096
vn -0.9002 0.1820 0.3955
vn -0.8974 0.1855 0.4003
vn -0.9545 0.2455 0.1693
vn -0.9558 0.2400 0.1700
vn -0.9579 0.2306 0.1708
vn -0.8953 0.1865 0.4045
vn -0.9560 0.2895 -0.0482
vn -0.9595 0.2767 -0.0524
vn -0.9181 0.3117 -0.2448
vn -0.9233 0.2904 -0.2516
vn -0.9292 0.2640 -0.2587
vn -0.9643 0.2588 -0.0563
vn -0.8446 0.3201 -0.4291
vn -0.8537 0.2858 -0.4353
vn -0.7210 0.3180 -0.6156
vn -0.7371 0.2660 -0.6212
vn -0.7498 0.2114 -0.6270
vn -0.8617 0.2478 -0.4427
vn -0.5372 0.2944 -0.7904
vn -0.5581 0.2233 -0.7992
vn -0.3220 0.2380 -0.9163
vn -0.3381 0.1499 -0.9291
vn -0.3515 0.0626 -0.9341
vn -0.5749 0.1502 -0.8043
vn -0.1317 0.1544 -0.9792
vn -0.1341 0.0511 -0.9897
vn -0.0019 0.0582 -0.9983
vn 0.0116 -0.0634 -0.9979
vn 0.0396 -0.1600 -0.9863
vn -0.1321 -0.0432 -0.9903
vn 0.2354 -0.6318 -0.7385
vn 0.0354 -0.6951 -0.7181
vn 0.1546 -0.4447 -0.8822
vn 0.0199 -0.5378 -0.8428
vn 0.0801 -0.2979 -0.9512
vn 0.0190 -0.3532 -0.9354
vn 0.0637 -0.1182 -0.9909
vn 0.0264 -0.1635 -0.9862
vn 0.0659 0.1909 -0.9794
vn 0.0430 0.1667 -0.9851
vn 0.0373 0.0173 -0.9992
vn 0.0640 0.0509 -0.9966
vn 0.0902 -0.1864 -0.9783
vn 0.1500 -0.2893 -0.9454
vn 0.0636 -0.0380 -0.9973
vn -0.0352 -0.1427 0.9891
vn -0.0184 -0.1556 0.9876
vn -0.1214 -0.1210 0.9852
vn -0.1025 -0.1209 0.9874
vn -0.2598 -0.0915 0.9613
vn -0.2402 -0.0809 0.9673
vn -0.4421 -0.0486 0.8957
vn -0.4248 -0.0329 0.9047
vn -0.6365 0.0133 0.7712
vn -0.6235 0.0269 0.7814
vn -0.8006 0.0931 0.5919
vn -0.7923 0.0999 0.6020
vn -0.9069 0.1791 0.3815
vn -0.9035 0.1790 0.3895
vn -0.9531 0.2541 0.1646
vn -0.9538 0.2494 0.1678
vn -0.9505 0.3078 -0.0425
vn -0.9532 0.2991 -0.0445
vn -0.9084 0.3456 -0.2355
vn -0.9134 0.3294 -0.2391
vn -0.8226 0.3805 -0.4225
vn -0.8344 0.3514 -0.4246
vn -0.6799 0.4132 -0.6058
vn -0.7019 0.3674 -0.6102
vn -0.4868 0.4250 -0.7632
vn -0.5132 0.3624 -0.7780
vn -0.2853 0.4009 -0.8706
vn -0.3042 0.3228 -0.8963
vn -0.1201 0.3486 -0.9295
vn -0.1263 0.2557 -0.9585
vn -0.0082 0.2872 -0.9578
vn -0.0065 0.1789 -0.9838
vn 0.0550 0.1071 -0.9927
vn 0.0519 0.2318 -0.9714
vn -0.0081 0.5746 -0.8184
vn -0.0005 0.5748 -0.8183
vn -0.0216 0.5904 -0.8068
vn -0.0314 0.5938 -0.8040
vn 0.0138 0.5749 -0.8181
vn -0.0050 0.5867 -0.8098
vn -0.0426 0.6031 -0.7966
vn -0.0573 0.6129 -0.7881
vn -0.0668 0.6211 -0.7809
vn 0.0277 0.5641 -0.8252
vn 0.0107 0.5758 -0.8175
vn 0.0401 0.5318 -0.8459
vn 0.0234 0.5472 -0.8367
vn -0.0218 0.5665 -0.8237
vn -0.0301 0.5910 -0.8061
vn 0.0509 0.4755 -0.8782
vn 0.0340 0.4966 -0.8673
vn 0.0596 0.3985 -0.9152
vn 0.0426 0.4254 -0.9040
vn -0.0125 0.4615 -0.8870
vn -0.0164 0.5239 -0.8516
vn 0.0647 0.3042 -0.9504
vn 0.0484 0.3368 -0.9403
vn -0.0100 0.3816 -0.9243
vn -0.1789 0.6979 -0.6934
vn -0.1134 0.6560 -0.7462
vn -0.1066 0.6407 -0.7604
vn -0.1787 0.6714 -0.7192
vn -0.0985 0.6209 -0.7777
vn -0.1837 0.6358 -0.7497
vn -0.0940 0.6052 -0.7905
vn -0.1923 0.6121 -0.7670
vn -0.0954 0.5837 -0.8063
vn -0.2071 0.5904 -0.7801
vn -0.1003 0.5497 -0.8293
vn -0.2254 0.5632 -0.7950
vn -0.1067 0.4986 -0.8602
vn -0.2454 0.5235 -0.8159
vn -0.1136 0.4306 -0.8954
vn -0.2657 0.4688 -0.8424
vn -0.4189 0.7708 -0.4800
vn -0.2792 0.7420 -0.6095
vn -0.2926 0.6994 -0.6521
vn -0.4529 0.7110 -0.5379
vn -0.3205 0.6405 -0.6979
vn -0.5114 0.6232 -0.5917
vn -0.3454 0.6034 -0.7188
vn -0.5492 0.5684 -0.6126
vn -0.3728 0.5764 -0.7272
vn -0.5804 0.5325 -0.6161
vn -0.4010 0.5520 -0.7311
vn -0.6070 0.5081 -0.6111
vn -0.4297 0.5211 -0.7374
vn -0.6316 0.4839 -0.6057
vn -0.4586 0.4788 -0.7486
vn -0.6561 0.4527 -0.6038
vn -0.6833 0.7155 -0.1456
vn -0.5670 0.7619 -0.3131
vn -0.6181 0.6922 -0.3726
vn -0.7397 0.6451 -0.1918
vn -0.7008 0.5772 -0.4192
vn -0.8278 0.5156 -0.2212
vn -0.7426 0.5074 -0.4371
vn -0.8664 0.4407 -0.2346
vn -0.7681 0.4655 -0.4397
vn -0.8852 0.3991 -0.2390
vn -0.7844 0.4425 -0.4346
vn -0.8937 0.3803 -0.2382
vn -0.7972 0.4256 -0.4281
vn -0.8985 0.3703 -0.2358
vn -0.8099 0.4057 -0.4237
vn -0.9032 0.3596 -0.2345
vn -0.8196 0.5519 0.1541
vn -0.7644 0.6448 0.0046
vn -0.8163 0.5771 -0.0250
vn -0.8629 0.4864 0.1373
vn -0.8926 0.4493 -0.0383
vn -0.9192 0.3698 0.1351
vn -0.9241 0.3794 -0.0453
vn -0.9404 0.3120 0.1355
vn -0.9383 0.3424 -0.0479
vn -0.9494 0.2821 0.1383
vn -0.9437 0.3274 -0.0470
vn -0.9521 0.2696 0.1441
vn -0.9459 0.3213 -0.0445
vn -0.9525 0.2642 0.1518
vn -0.9479 0.3156 -0.0425
vn -0.9525 0.2595 0.1592
vn -0.7940 0.3086 0.5238
vn -0.8383 0.4371 0.3258
vn -0.8717 0.3729 0.3180
vn -0.8160 0.2496 0.5213
vn -0.9069 0.2720 0.3218
vn -0.8335 0.1668 0.5267
vn -0.9164 0.2298 0.3278
vn -0.8337 0.1385 0.5346
vn -0.9187 0.2077 0.3358
vn -0.8299 0.1224 0.5443
vn -0.9173 0.1961 0.3465
vn -0.8240 0.1102 0.5558
vn -0.9141 0.1887 0.3590
vn -0.8167 0.1000 0.5683
vn -0.9104 0.1829 0.3712
vn -0.8088 0.0935 0.5806
vn -0.5040 0.0819 0.8598
vn -0.6726 0.1837 0.7168
vn -0.6839 0.1354 0.7169
vn -0.5062 0.0465 0.8612
vn -0.6888 0.0725 0.7213
vn -0.5033 0.0024 0.8641
vn -0.6837 0.0533 0.7278
vn -0.4955 -0.0122 0.8685
vn -0.6763 0.0401 0.7355
vn -0.4862 -0.0250 0.8735
vn -0.6677 0.0267 0.7439
vn -0.4767 -0.0391 0.8782
vn -0.6584 0.0149 0.7525
vn -0.4669 -0.0510 0.8828
vn -0.6481 0.0092 0.7615
vn -0.4558 -0.0551 0.8884
vn -0.2156 -0.0341 0.9759
vn -0.3413 0.0110 0.9399
vn -0.3374 -0.0129 0.9413
vn -0.2089 -0.0499 0.9767
vn -0.3294 -0.0427 0.9432
vn -0.1975 -0.0709 0.9777
vn -0.3186 -0.0557 0.9462
vn -0.1841 -0.0835 0.9793
vn -0.3073 -0.0689 0.9491
vn -0.1706 -0.0968 0.9806
vn -0.2965 -0.0828 0.9515
vn -0.1581 -0.1093 0.9814
vn -0.2859 -0.0933 0.9537
vn -0.1467 -0.1179 0.9821
vn -0.2744 -0.0965 0.9568
vn -0.1352 -0.1212 0.9834
vn -0.0701 -0.0797 0.9944
vn -0.1284 -0.0624 0.9898
vn -0.1216 -0.0733 0.9899
vn -0.0649 -0.0879 0.9940
vn -0.1097 -0.0895 0.9899
vn -0.0555 -0.1019 0.9933
vn -0.0959 -0.1022 0.9901
vn -0.0445 -0.1149 0.9924
vn -0.0821 -0.1152 0.9899
vn -0.0334 -0.1275 0.9913
vn -0.0694 -0.1258 0.9896
vn -0.0231 -0.1366 0.9904
vn -0.0582 -0.1325 0.9895
vn -0.0138 -0.1420 0.9898
vn -0.0475 -0.1368 0.9895
vn -0.0048 -0.1477 0.9890
vn 0.0013 0.5637 -0.8260
vn 0.0053 0.5662 -0.8242
vn 0.0134 0.5686 -0.8225
vn 0.0215 0.5577 -0.8298
vn 0.0291 0.5229 -0.8519
vn 0.0360 0.4632 -0.8855
vn 0.0414 0.3830 -0.9228
vn 0.0440 0.2854 -0.9574
vn -0.0276 -0.0959 0.9950
vn -0.0303 -0.0892 0.9956
vn -0.0226 -0.1090 0.9938
vn -0.0167 -0.1224 0.9923
vn -0.0107 -0.1348 0.9908
vn -0.0050 -0.1430 0.9897
vn 0.0004 -0.1479 0.9890
vn 0.0059 -0.1548 0.9879
vn -0.9351 0.2343 -0.2657
vn -0.9697 0.2369 -0.0590
vn -0.9401 0.2043 -0.2728
vn -0.9751 0.2136 -0.0602
vn -0.9637 0.2012 0.1755
vn -0.9607 0.2173 0.1726
vn 0.8071 -0.5345 -0.2509
vn 0.7029 -0.6307 -0.3288
vn 0.9251 -0.3106 -0.2185
vn 0.8833 -0.3728 -0.2843
vn 0.7950 -0.4096 -0.4474
vn 0.6227 -0.5984 -0.5041
vn -0.7633 0.1451 0.6296
vn -0.5665 0.1042 0.8174
vn -0.7594 0.1459 0.6341
vn -0.5560 0.1126 0.8235
vn -0.2997 0.0705 0.9514
vn -0.3233 0.0550 0.9447
vn 0.0677 -0.2235 -0.9723
vn -0.1312 -0.1240 -0.9836
vn 0.0776 -0.2769 -0.9578
vn -0.1351 -0.1948 -0.9715
vn -0.3666 -0.0958 -0.9254
vn -0.3620 -0.0208 -0.9319
vn 0.0975 -0.0898 0.9912
vn 0.2287 -0.1935 0.9541
vn 0.1588 -0.0535 0.9859
vn 0.3130 -0.1342 0.9402
vn 0.4562 -0.1898 0.8694
vn 0.3602 -0.2968 0.8844
vn -0.7574 0.1558 -0.6340
vn -0.8677 0.2076 -0.4516
vn -0.7579 0.1035 -0.6441
vn -0.8704 0.1686 -0.4627
vn 0.5769 -0.2535 0.7764
vn 0.6457 0.0255 0.7632
vn 0.7631 0.4243 0.4874
vn 0.9012 0.1587 0.4034
vn -0.8940 0.1834 0.4088
vn -0.8936 0.1757 0.4131
vn 0.3602 -0.4313 -0.8272
vn 0.2194 -0.3258 -0.9196
vn 0.4471 -0.4055 -0.7973
vn 0.2655 -0.3466 -0.8997
vn -0.0872 -0.0084 0.9962
vn -0.0454 0.0156 0.9988
vn -0.5857 0.0775 -0.8068
vn -0.5868 0.0107 -0.8096
vn 0.4990 -0.5314 -0.6846
vn 0.6328 -0.4344 -0.6410
vn 0.9945 -0.0836 0.0628
vn 0.9972 0.0732 -0.0158
vn 0.9842 -0.1708 0.0457
vn 0.9458 -0.3141 0.0825
vn 0.7316 -0.3179 0.6031
vn 0.8413 -0.2799 0.4624
vn 0.9740 -0.1482 0.1714
vn 0.9671 -0.2447 0.0699
vn 0.8708 -0.1110 0.4789
vn 0.9529 -0.0716 0.2948
vn 0.9818 -0.0557 0.1818
vn 0.9934 -0.0280 0.1111
vn 0.9987 -0.0483 0.0138
vn -0.9509 0.0800 -0.2989
vn -0.9517 0.0397 -0.3044
vn -0.9975 0.0489 -0.0503
vn -0.9942 0.0940 -0.0530
vn -0.9507 -0.0005 -0.3103
vn -0.9988 0.0033 -0.0488
vn -0.9770 -0.0031 0.2130
vn -0.9775 0.0432 0.2063
vn -0.9760 0.0892 0.1987
vn -0.6955 -0.0165 -0.7183
vn -0.6773 -0.0258 -0.7353
vn -0.8440 0.0139 -0.5362
vn -0.8513 0.0431 -0.5229
vn -0.6627 -0.0338 -0.7481
vn -0.8366 -0.0141 -0.5477
vn -0.2715 -0.1570 -0.9496
vn -0.2429 -0.1093 -0.9639
vn -0.4644 -0.0709 -0.8828
vn -0.4911 -0.0893 -0.8665
vn -0.2254 -0.0680 -0.9719
vn -0.4459 -0.0535 -0.8935
vn 0.9732 -0.0178 -0.2292
vn 0.9659 -0.0066 -0.2588
vn 0.9502 -0.0226 -0.3108
vn 0.9573 -0.0394 -0.2864
vn 0.9800 -0.0464 -0.1933
vn 0.9454 -0.0381 -0.3237
vn 0.8759 -0.0465 -0.4802
vn 0.8828 -0.0539 -0.4667
vn 0.8897 -0.0858 -0.4485
vn 0.1260 -0.2233 -0.9666
vn 0.1414 -0.1390 -0.9801
vn -0.0431 -0.1328 -0.9902
vn -0.0671 -0.2038 -0.9767
vn 0.1473 -0.0768 -0.9861
vn -0.0304 -0.0755 -0.9967
vn 0.2435 -0.0184 0.9697
vn 0.2465 -0.0386 0.9684
vn 0.4297 -0.0506 0.9015
vn 0.4215 -0.0364 0.9061
vn 0.2503 -0.0591 0.9664
vn 0.4382 -0.0641 0.8966
vn 0.5928 -0.0777 0.8016
vn 0.5700 -0.0841 0.8173
vn 0.5460 -0.0741 0.8345
vn 0.7398 -0.0831 -0.6677
vn 0.7460 -0.1364 -0.6518
vn 0.7318 -0.0579 -0.6790
vn 0.5357 -0.0670 -0.8418
vn 0.5420 -0.1095 -0.8332
vn 0.5443 -0.1830 -0.8187
vn -0.2815 0.0107 0.9595
vn -0.2808 -0.0235 0.9595
vn 0.0058 -0.0318 0.9995
vn 0.0049 -0.0046 1.0000
vn -0.2771 -0.0550 0.9593
vn 0.0086 -0.0577 0.9983
vn 0.3338 -0.1299 -0.9336
vn 0.3282 -0.2151 -0.9198
vn 0.3326 -0.0735 -0.9402
vn -0.7619 0.0508 0.6457
vn -0.7593 0.0081 0.6507
vn -0.5534 -0.0100 0.8329
vn -0.5552 0.0294 0.8312
vn -0.7537 -0.0326 0.6564
vn -0.5481 -0.0466 0.8351
vn 0.6645 -0.1848 0.7241
vn 0.5953 -0.1681 0.7857
vn 0.7311 -0.1028 0.6745
vn -0.8968 0.0276 0.4415
vn -0.8982 0.0724 0.4337
vn -0.8931 -0.0166 0.4495
vn -0.9667 0.1822 0.1796
vn -0.8942 0.1623 0.4172
vn -0.9698 0.1589 0.1849
vn -0.8957 0.1416 0.4216
vn -0.7595 0.1194 0.6395
vn -0.7582 0.1380 0.6373
vn -0.9731 0.1285 0.1913
vn -0.8974 0.1116 0.4269
vn -0.7615 0.0897 0.6420
vn 0.4969 -0.1161 0.8600
vn 0.5644 -0.1202 0.8167
vn 0.5221 -0.0620 0.8506
vn 0.5752 -0.0734 0.8147
vn 0.5812 -0.0738 0.8104
vn 0.5774 -0.1124 0.8087
vn 0.5330 -0.0515 0.8445
vn 0.5792 -0.0750 0.8117
vn 0.5796 -0.0873 0.8102
vn -0.5508 0.1103 0.8273
vn -0.5508 0.0947 0.8292
vn -0.2789 0.0661 0.9580
vn -0.2845 0.0755 0.9557
vn -0.5535 0.0664 0.8302
vn -0.2797 0.0428 0.9591
vn 0.4920 -0.3793 -0.7836
vn 0.2852 -0.3593 -0.8886
vn 0.5165 -0.3412 -0.7854
vn 0.2969 -0.3505 -0.8883
vn 0.0856 -0.3277 -0.9409
vn 0.0794 -0.3158 -0.9455
vn 0.5349 -0.2719 -0.7999
vn 0.3128 -0.3008 -0.9009
vn 0.1033 -0.2966 -0.9494
vn -0.0155 0.0318 0.9994
vn -0.0000 0.0336 0.9994
vn 0.2299 -0.0012 0.9732
vn 0.2043 -0.0201 0.9787
vn 0.0045 0.0197 0.9998
vn 0.2400 -0.0028 0.9708
vn 0.8571 -0.2951 -0.4223
vn 0.6953 -0.3611 -0.6214
vn 0.8814 -0.2168 -0.4196
vn 0.7258 -0.2951 -0.6214
vn 0.8909 -0.1441 -0.4308
vn 0.7426 -0.2151 -0.6343
vn 0.3702 -0.0756 0.9259
vn 0.4016 -0.0355 0.9151
vn 0.4144 -0.0257 0.9097
vn -0.1349 -0.2481 -0.9593
vn -0.1228 -0.2730 -0.9542
vn -0.3384 -0.1869 -0.9222
vn -0.3595 -0.1538 -0.9204
vn -0.0976 -0.2583 -0.9611
vn -0.3064 -0.1880 -0.9331
vn 0.9624 -0.1833 -0.2005
vn 0.9380 -0.2289 -0.2604
vn 0.9745 -0.1044 -0.1985
vn 0.9562 -0.1421 -0.2559
vn 0.9766 -0.0508 -0.2089
vn 0.9605 -0.0799 -0.2666
vn -0.5757 -0.0436 -0.8165
vn -0.5529 -0.0801 -0.8294
vn -0.7352 0.0234 -0.6775
vn -0.7501 0.0586 -0.6587
vn -0.5227 -0.0953 -0.8472
vn -0.7158 -0.0013 -0.6983
vn -0.8692 0.1330 -0.4763
vn -0.8648 0.1012 -0.4919
vn -0.9467 0.1467 -0.2869
vn -0.9439 0.1754 -0.2799
vn -0.8584 0.0718 -0.5079
vn -0.9490 0.1157 -0.2932
vn -0.9800 0.1896 -0.0601
vn -0.9848 0.1636 -0.0586
vn -0.9896 0.1326 -0.0561
vn -0.9749 -0.0451 0.2182
vn -0.8879 -0.0568 0.4566
vn -0.9716 -0.0825 0.2219
vn -0.8819 -0.0938 0.4621
vn -0.7386 -0.1044 0.6660
vn -0.7464 -0.0696 0.6619
vn 0.8669 -0.0938 0.4895
vn 0.9418 -0.0870 0.3247
vn 0.8633 -0.1018 0.4943
vn 0.9395 -0.0882 0.3310
vn 0.9812 -0.0657 0.1817
vn 0.9872 -0.0585 0.1486
vn -0.6225 0.0904 -0.7774
vn -0.6242 0.1351 -0.7695
vn -0.8032 0.0968 -0.5878
vn -0.8042 0.0491 -0.5924
vn -0.6235 0.1957 -0.7569
vn -0.7996 0.1576 -0.5795
vn -0.9297 0.1102 -0.3514
vn -0.9337 0.0521 -0.3542
vn -0.9351 0.0037 -0.3545
vn -0.9479 -0.0359 -0.3165
vn -0.9981 -0.0375 -0.0488
vn -0.9442 -0.0656 -0.3228
vn -0.9961 -0.0728 -0.0501
vn 0.9993 -0.0141 0.0355
vn 0.9999 -0.0068 0.0095
vn 0.9964 -0.0426 0.0734
vn 0.9995 -0.0307 0.0051
vn 1.0000 0.0077 0.0038
vn 0.9996 0.0268 0.0032
vn -0.6520 -0.0430 -0.7570
vn -0.8293 -0.0389 -0.5574
vn -0.6442 -0.0530 -0.7630
vn -0.8225 -0.0600 -0.5655
vn 0.9996 -0.0108 -0.0261
vn 1.0000 -0.0061 -0.0033
vn 0.9977 -0.0338 -0.0588
vn 0.9863 -0.0446 -0.1590
vn 0.9897 -0.0449 -0.1360
vn -0.2170 -0.0434 -0.9752
vn -0.4352 -0.0445 -0.8992
vn -0.2134 -0.0326 -0.9764
vn -0.4293 -0.0429 -0.9021
vn 0.9482 -0.0552 -0.3127
vn 0.9496 -0.0522 -0.3092
vn 0.8673 -0.0536 -0.4949
vn 0.8715 -0.0493 -0.4879
vn 0.1498 -0.0426 -0.9878
vn -0.0248 -0.0422 -0.9988
vn 0.1534 -0.0267 -0.9878
vn -0.0216 -0.0265 -0.9994
vn 0.2552 -0.0794 0.9636
vn 0.4458 -0.0809 0.8915
vn 0.2614 -0.0994 0.9601
vn 0.4543 -0.0988 0.8853
vn 0.6143 -0.1024 0.7824
vn 0.6048 -0.0871 0.7916
vn 0.7259 -0.0501 -0.6859
vn 0.7225 -0.0499 -0.6896
vn 0.5318 -0.0416 -0.8459
vn 0.5317 -0.0482 -0.8456
vn -0.2715 -0.0834 0.9588
vn 0.0130 -0.0817 0.9966
vn -0.2656 -0.1104 0.9578
vn 0.0182 -0.1046 0.9943
vn 0.3318 -0.0450 -0.9423
vn 0.3346 -0.0326 -0.9418
vn -0.5409 -0.0795 0.8373
vn -0.5334 -0.1108 0.8386
vn 0.7461 -0.0947 0.6591
vn 0.7516 -0.1056 0.6511
vn 0.9948 -0.0746 -0.0699
vn 0.9937 -0.1116 -0.0115
vn 0.9938 -0.0928 -0.0613
vn 0.9917 -0.0349 -0.1238
vn 0.9880 -0.1533 0.0184
vn 0.9899 -0.1337 -0.0463
vn 0.9845 -0.1102 -0.1363
vn 0.9864 -0.0770 -0.1450
vn 0.9874 -0.0373 -0.1540
vn -0.1977 0.1459 -0.9693
vn -0.2012 0.1813 -0.9626
vn -0.4175 0.1644 -0.8937
vn -0.4134 0.1239 -0.9021
vn -0.2037 0.2331 -0.9509
vn -0.4196 0.2219 -0.8802
vn 0.9616 -0.0421 -0.2714
vn 0.9661 0.0024 -0.2583
vn 0.9627 -0.0718 -0.2609
vn 0.9078 -0.0196 -0.4189
vn 0.9066 -0.0018 -0.4219
vn 0.9085 0.0244 -0.4171
vn 0.2179 0.1478 -0.9647
vn 0.2224 0.1697 -0.9601
vn 0.0133 0.1833 -0.9830
vn 0.0132 0.1541 -0.9880
vn 0.2251 0.2052 -0.9525
vn 0.0128 0.2275 -0.9737
vn 0.3158 -0.1725 0.9330
vn 0.3215 -0.1924 0.9271
vn 0.5483 -0.1957 0.8131
vn 0.5376 -0.1692 0.8261
vn 0.3288 -0.2217 0.9180
vn 0.5596 -0.2289 0.7965
vn 0.7237 -0.2321 0.6499
vn 0.7130 -0.1983 0.6725
vn 0.7015 -0.1673 0.6928
vn 0.7941 0.0466 -0.6060
vn 0.7915 0.0566 -0.6085
vn 0.7974 0.0445 -0.6019
vn 0.6306 0.1107 -0.7682
vn 0.6252 0.0977 -0.7743
vn 0.6181 0.0950 -0.7804
vn -0.2698 -0.1733 0.9472
vn -0.2744 -0.1770 0.9452
vn 0.0367 -0.1876 0.9816
vn 0.0374 -0.1757 0.9837
vn -0.2775 -0.1881 0.9421
vn 0.0376 -0.2094 0.9771
vn 0.4276 0.1407 -0.8930
vn 0.4200 0.1275 -0.8985
vn 0.4326 0.1661 -0.8861
vn -0.7512 -0.1421 0.6445
vn -0.7564 -0.1277 0.6416
vn -0.5505 -0.1567 0.8200
vn -0.5451 -0.1615 0.8227
vn -0.7597 -0.1127 0.6404
vn -0.5542 -0.1552 0.8178
vn 0.8216 -0.1996 0.5340
vn 0.8131 -0.1662 0.5578
vn 0.8285 -0.2318 0.5097
vn 0.8920 -0.2283 0.3902
vn 0.8898 -0.1981 0.4111
vn 0.8861 -0.1642 0.4334
vn -0.9785 -0.0834 0.1885
vn -0.9816 -0.0469 0.1848
vn -0.8981 -0.0912 0.4302
vn -0.8935 -0.1166 0.4336
vn -0.9829 -0.0052 0.1838
vn -0.9009 -0.0624 0.4295
vn 0.9353 -0.1910 0.2980
vn 0.9358 -0.1586 0.3149
vn 0.9329 -0.2197 0.2853
vn 0.9614 -0.2031 0.1858
vn 0.9671 -0.1741 0.1855
vn 0.9703 -0.1465 0.1927
vn -0.9963 0.0027 -0.0864
vn -0.9956 -0.0420 -0.0836
vn -0.9947 0.0547 -0.0867
vn 0.9864 -0.1455 0.0764
vn 0.9902 -0.1235 0.0653
vn 0.9794 -0.1788 0.0935
vn 0.9751 -0.0849 0.2049
vn 0.9932 -0.0698 0.0931
vn 0.9718 -0.0931 0.2167
vn 0.9914 -0.0814 0.1027
vn 0.9973 -0.0732 0.0090
vn 0.9981 -0.0607 0.0072
vn 0.9708 -0.0922 0.2215
vn 0.9909 -0.0814 0.1069
vn 0.9707 -0.0893 0.2230
vn 0.9910 -0.0783 0.1085
vn 0.9975 -0.0700 0.0102
vn 0.9972 -0.0734 0.0100
vn 0.9708 -0.0873 0.2234
vn 0.9912 -0.0753 0.1089
vn 0.9711 -0.0845 0.2233
vn 0.9916 -0.0711 0.1084
vn 0.9981 -0.0606 0.0084
vn 0.9978 -0.0661 0.0097
vn 0.9718 -0.0787 0.2223
vn 0.9923 -0.0640 0.1062
vn 0.9733 -0.0697 0.2186
vn 0.9935 -0.0549 0.0993
vn 0.9991 -0.0430 -0.0006
vn 0.9986 -0.0522 0.0057
vn 0.9757 -0.0592 0.2110
vn 0.9955 -0.0459 0.0826
vn 0.9772 -0.0471 0.2070
vn 0.9974 -0.0281 0.0660
vn 0.9961 -0.0254 -0.0848
vn 0.9992 -0.0368 -0.0180
vn 0.9745 -0.0472 0.2195
vn 0.9961 -0.0204 0.0861
vn 0.9699 -0.0764 0.2313
vn 0.9911 -0.0604 0.1189
vn 0.9989 -0.0455 0.0102
vn 0.9990 -0.0120 -0.0431
vn -0.9401 -0.0905 -0.3287
vn -0.9933 -0.1035 -0.0519
vn -0.9362 -0.1097 -0.3340
vn -0.9902 -0.1289 -0.0539
vn -0.9633 -0.1459 0.2254
vn -0.9676 -0.1166 0.2241
vn -0.9332 -0.1212 -0.3383
vn -0.9877 -0.1462 -0.0557
vn -0.9317 -0.1242 -0.3413
vn -0.9864 -0.1542 -0.0569
vn -0.9575 -0.1789 0.2261
vn -0.9597 -0.1673 0.2259
vn -0.9316 -0.1200 -0.3431
vn -0.9864 -0.1540 -0.0573
vn -0.9322 -0.1121 -0.3441
vn -0.9872 -0.1488 -0.0575
vn -0.9573 -0.1797 0.2265
vn -0.9569 -0.1820 0.2264
vn -0.9327 -0.1040 -0.3452
vn -0.9881 -0.1425 -0.0578
vn -0.9328 -0.0978 -0.3469
vn -0.9888 -0.1374 -0.0590
vn -0.9594 -0.1709 0.2244
vn -0.9582 -0.1753 0.2260
vn -0.9326 -0.0926 -0.3488
vn -0.9892 -0.1332 -0.0611
vn -0.9326 -0.0857 -0.3505
vn -0.9898 -0.1274 -0.0644
vn -0.9631 -0.1596 0.2166
vn -0.9609 -0.1662 0.2214
vn -0.9331 -0.0746 -0.3517
vn -0.9907 -0.1175 -0.0688
vn -0.9340 -0.0573 -0.3525
vn -0.9921 -0.1010 -0.0739
vn -0.9701 -0.1338 0.2023
vn -0.9662 -0.1492 0.2100
vn 0.8610 -0.1125 0.4959
vn 0.9334 -0.1010 0.3442
vn 0.8617 -0.1169 0.4938
vn 0.9304 -0.1060 0.3508
vn 0.8639 -0.1165 0.4899
vn 0.9300 -0.1046 0.3524
vn 0.8661 -0.1161 0.4862
vn 0.9304 -0.1024 0.3520
vn 0.8675 -0.1173 0.4834
vn 0.9308 -0.1017 0.3512
vn 0.8683 -0.1182 0.4818
vn 0.9310 -0.1007 0.3507
vn 0.8690 -0.1156 0.4811
vn 0.9316 -0.0963 0.3504
vn 0.8701 -0.1083 0.4807
vn 0.9328 -0.0880 0.3494
vn 0.8717 -0.0983 0.4802
vn 0.9345 -0.0777 0.3473
vn 0.8731 -0.0901 0.4792
vn 0.9354 -0.0690 0.3467
vn 0.8744 -0.0907 0.4767
vn 0.9341 -0.0711 0.3498
vn 0.8768 -0.1049 0.4692
vn 0.9328 -0.0917 0.3485
vn -0.8755 -0.1286 0.4658
vn -0.8695 -0.1592 0.4677
vn -0.7250 -0.1672 0.6681
vn -0.7312 -0.1377 0.6681
vn -0.8647 -0.1821 0.4681
vn -0.8619 -0.1955 0.4679
vn -0.7190 -0.2041 0.6643
vn -0.7209 -0.1898 0.6665
vn -0.8609 -0.2008 0.4675
vn -0.8612 -0.2009 0.4669
vn -0.7195 -0.2141 0.6606
vn -0.7188 -0.2115 0.6622
vn -0.8623 -0.1984 0.4660
vn -0.8639 -0.1944 0.4645
vn -0.7224 -0.2105 0.6587
vn -0.7207 -0.2136 0.6595
vn -0.8665 -0.1888 0.4621
vn -0.8702 -0.1806 0.4583
vn -0.7279 -0.1953 0.6573
vn -0.7246 -0.2045 0.6581
vn -0.8753 -0.1694 0.4530
vn -0.8813 -0.1551 0.4463
vn -0.7383 -0.1700 0.6527
vn -0.7325 -0.1834 0.6556
vn 0.6246 -0.1167 0.7722
vn 0.7570 -0.1172 0.6428
vn 0.6357 -0.1273 0.7614
vn 0.7637 -0.1238 0.6336
vn 0.6460 -0.1347 0.7514
vn 0.7703 -0.1266 0.6250
vn 0.6541 -0.1415 0.7430
vn 0.7754 -0.1293 0.6181
vn 0.6598 -0.1486 0.7366
vn 0.7787 -0.1331 0.6131
vn 0.6636 -0.1541 0.7320
vn 0.7807 -0.1362 0.6099
vn 0.6666 -0.1551 0.7291
vn 0.7823 -0.1353 0.6080
vn 0.6694 -0.1501 0.7276
vn 0.7841 -0.1291 0.6071
vn 0.6723 -0.1406 0.7268
vn 0.7862 -0.1192 0.6063
vn 0.6750 -0.1310 0.7261
vn 0.7887 -0.1102 0.6048
vn 0.6783 -0.1261 0.7239
vn 0.7919 -0.1080 0.6010
vn 0.6833 -0.1298 0.7185
vn 0.7970 -0.1168 0.5926
vn -0.5270 -0.1410 0.8381
vn -0.5227 -0.1681 0.8358
vn -0.2578 -0.1602 0.9528
vn -0.2607 -0.1365 0.9557
vn -0.5208 -0.1896 0.8324
vn -0.5208 -0.2049 0.8287
vn -0.2570 -0.1970 0.9461
vn -0.2568 -0.1805 0.9495
vn -0.5219 -0.2151 0.8255
vn -0.5231 -0.2211 0.8231
vn -0.2581 -0.2197 0.9408
vn -0.2576 -0.2102 0.9431
vn -0.5242 -0.2233 0.8218
vn -0.5251 -0.2216 0.8216
vn -0.2582 -0.2244 0.9397
vn -0.2583 -0.2246 0.9396
vn -0.5261 -0.2160 0.8226
vn -0.5273 -0.2067 0.8241
vn -0.2576 -0.2104 0.9431
vn -0.2578 -0.2192 0.9410
vn -0.5296 -0.1948 0.8256
vn -0.5335 -0.1819 0.8260
vn -0.2605 -0.1870 0.9472
vn -0.2581 -0.1990 0.9454
vn 0.5355 -0.0384 -0.8437
vn 0.3409 -0.0266 -0.9397
vn 0.5422 -0.0336 -0.8396
vn 0.3498 -0.0213 -0.9366
vn 0.1662 -0.0144 -0.9860
vn 0.1589 -0.0193 -0.9871
vn 0.5513 -0.0264 -0.8339
vn 0.3603 -0.0146 -0.9327
vn 0.5617 -0.0178 -0.8271
vn 0.3714 -0.0067 -0.9284
vn 0.1831 -0.0020 -0.9831
vn 0.1746 -0.0088 -0.9846
vn 0.5719 -0.0086 -0.8203
vn 0.3818 0.0014 -0.9243
vn 0.5800 0.0013 -0.8146
vn 0.3896 0.0094 -0.9209
vn 0.1963 0.0112 -0.9805
vn 0.1907 0.0050 -0.9816
vn 0.5854 0.0122 -0.8106
vn 0.3944 0.0180 -0.9188
vn 0.5905 0.0245 -0.8066
vn 0.3973 0.0296 -0.9172
vn 0.2012 0.0277 -0.9792
vn 0.1996 0.0176 -0.9797
vn 0.5992 0.0408 -0.7996
vn 0.4006 0.0478 -0.9150
vn 0.6071 0.0697 -0.7915
vn 0.4033 0.0750 -0.9120
vn 0.2038 0.0722 -0.9763
vn 0.2025 0.0456 -0.9782
vn 0.6034 0.1005 -0.7911
vn 0.4026 0.1027 -0.9096
vn 0.5981 0.1037 -0.7947
vn 0.4033 0.1167 -0.9076
vn 0.2074 0.1215 -0.9707
vn 0.2050 0.1006 -0.9736
vn 0.0232 -0.1267 0.9917
vn 0.0277 -0.1471 0.9887
vn 0.2772 -0.1360 0.9511
vn 0.2689 -0.1185 0.9558
vn 0.0315 -0.1655 0.9857
vn 0.0346 -0.1821 0.9827
vn 0.2929 -0.1665 0.9415
vn 0.2855 -0.1518 0.9463
vn 0.0372 -0.1967 0.9797
vn 0.0393 -0.2080 0.9773
vn 0.3035 -0.1904 0.9336
vn 0.2989 -0.1799 0.9372
vn 0.0410 -0.2141 0.9760
vn 0.0425 -0.2140 0.9759
vn 0.3100 -0.1941 0.9307
vn 0.3071 -0.1956 0.9314
vn 0.0437 -0.2086 0.9770
vn 0.0442 -0.2000 0.9788
vn 0.3127 -0.1785 0.9329
vn 0.3120 -0.1875 0.9314
vn 0.0436 -0.1898 0.9808
vn 0.0419 -0.1802 0.9827
vn 0.3120 -0.1640 0.9358
vn 0.3125 -0.1699 0.9346
vn 0.8633 -0.0582 -0.5013
vn 0.7216 -0.0503 -0.6904
vn 0.8617 -0.0571 -0.5043
vn 0.7237 -0.0469 -0.6885
vn 0.8622 -0.0511 -0.5040
vn 0.7283 -0.0399 -0.6841
vn 0.8641 -0.0435 -0.5015
vn 0.7346 -0.0314 -0.6778
vn 0.8664 -0.0347 -0.4982
vn 0.7411 -0.0220 -0.6710
vn 0.8683 -0.0236 -0.4955
vn 0.7465 -0.0109 -0.6653
vn 0.8694 -0.0108 -0.4939
vn 0.7504 0.0014 -0.6610
vn 0.8713 0.0004 -0.4907
vn 0.7559 0.0128 -0.6546
vn 0.8790 0.0058 -0.4768
vn 0.7693 0.0227 -0.6385
vn 0.9057 0.0098 -0.4238
vn 0.7859 0.0502 -0.6163
vn 0.9122 0.0477 -0.4070
vn 0.7836 0.0891 -0.6148
vn 0.8960 0.0498 -0.4413
vn 0.7732 0.0808 -0.6290
vn 0.4646 -0.1157 0.8779
vn 0.4760 -0.1301 0.8698
vn 0.4870 -0.1422 0.8617
vn 0.4964 -0.1533 0.8544
vn 0.5035 -0.1639 0.8483
vn 0.5086 -0.1721 0.8436
vn 0.5126 -0.1752 0.8406
vn 0.5160 -0.1718 0.8392
vn 0.5188 -0.1635 0.8391
vn 0.5207 -0.1540 0.8398
vn 0.5221 -0.1470 0.8401
vn 0.5245 -0.1458 0.8388
vn -0.0185 -0.0197 -0.9996
vn -0.0147 -0.0158 -0.9998
vn -0.2098 -0.0270 -0.9774
vn -0.2116 -0.0288 -0.9769
vn -0.0100 -0.0114 -0.9999
vn -0.0050 -0.0054 -1.0000
vn -0.2046 -0.0176 -0.9787
vn -0.2075 -0.0235 -0.9780
vn -0.0005 0.0010 -1.0000
vn 0.0031 0.0066 -1.0000
vn -0.1987 -0.0042 -0.9801
vn -0.2017 -0.0105 -0.9794
vn 0.0058 0.0119 -0.9999
vn 0.0078 0.0208 -0.9998
vn -0.1920 0.0098 -0.9813
vn -0.1954 0.0014 -0.9807
vn 0.0095 0.0379 -0.9992
vn 0.0107 0.0640 -0.9979
vn -0.1876 0.0499 -0.9810
vn -0.1890 0.0255 -0.9816
vn 0.0114 0.0932 -0.9956
vn 0.0119 0.1175 -0.9930
vn -0.1906 0.1030 -0.9763
vn -0.1882 0.0781 -0.9790
vn 0.9826 -0.0598 -0.1759
vn 0.9455 -0.0609 -0.3198
vn 0.9805 -0.0659 -0.1850
vn 0.9429 -0.0629 -0.3271
vn 0.9798 -0.0635 -0.1896
vn 0.9419 -0.0585 -0.3307
vn 0.9796 -0.0583 -0.1923
vn 0.9418 -0.0521 -0.3320
vn 0.9795 -0.0523 -0.1944
vn 0.9420 -0.0446 -0.3325
vn 0.9795 -0.0438 -0.1967
vn 0.9422 -0.0346 -0.3333
vn 0.9793 -0.0321 -0.1996
vn 0.9420 -0.0219 -0.3350
vn 0.9790 -0.0195 -0.2030
vn 0.9413 -0.0092 -0.3374
vn 0.9785 -0.0102 -0.2061
vn 0.9410 -0.0012 -0.3384
vn 0.9778 -0.0109 -0.2091
vn 0.9488 -0.0132 -0.3157
vn -0.4258 -0.0448 -0.9037
vn -0.4228 -0.0461 -0.9050
vn -0.6328 -0.0683 -0.7713
vn -0.6380 -0.0623 -0.7675
vn -0.4200 -0.0439 -0.9064
vn -0.4174 -0.0377 -0.9079
vn -0.6257 -0.0638 -0.7775
vn -0.6286 -0.0689 -0.7747
vn -0.4149 -0.0295 -0.9094
vn -0.4120 -0.0215 -0.9109
vn -0.6217 -0.0457 -0.7819
vn -0.6237 -0.0551 -0.7797
vn -0.4082 -0.0146 -0.9128
vn -0.4037 -0.0064 -0.9149
vn -0.6149 -0.0293 -0.7881
vn -0.6187 -0.0373 -0.7847
vn -0.3996 0.0072 -0.9167
vn -0.3978 0.0281 -0.9170
vn -0.6099 -0.0027 -0.7925
vn -0.6113 -0.0185 -0.7912
vn -0.3992 0.0529 -0.9153
vn -0.4032 0.0763 -0.9119
vn -0.6149 0.0381 -0.7877
vn -0.6113 0.0171 -0.7912
vn 0.9956 -0.0583 -0.0732
vn 0.9945 -0.0685 -0.0791
vn 0.9943 -0.0679 -0.0817
vn 0.9945 -0.0638 -0.0835
vn 0.9946 -0.0589 -0.0851
vn 0.9948 -0.0520 -0.0872
vn 0.9950 -0.0421 -0.0900
vn 0.9951 -0.0314 -0.0934
vn 0.9949 -0.0247 -0.0977
vn 0.9906 -0.0328 -0.1326
vn -0.8163 -0.0774 -0.5724
vn -0.8108 -0.0897 -0.5784
vn -0.8067 -0.0950 -0.5833
vn -0.8043 -0.0932 -0.5869
vn -0.8033 -0.0859 -0.5894
vn -0.8028 -0.0763 -0.5914
vn -0.8018 -0.0674 -0.5937
vn -0.8002 -0.0601 -0.5968
vn -0.7985 -0.0524 -0.5997
vn -0.7980 -0.0418 -0.6012
vn -0.7991 -0.0272 -0.6006
vn -0.8012 -0.0085 -0.5983
vn -0.9233 0.1683 -0.3453
vn -0.9908 0.1055 -0.0850
vn -0.9163 0.2153 -0.3377
vn -0.9858 0.1463 -0.0823
vn -0.9801 0.0692 0.1859
vn -0.9822 0.0358 0.1846
vn 0.9579 -0.2188 0.1861
vn 0.9747 -0.1981 0.1038
vn 0.9600 -0.2091 0.1862
vn 0.9758 -0.1900 0.1084
vn 0.9848 -0.1697 0.0368
vn 0.9839 -0.1761 0.0314
vn -0.6203 0.2616 -0.7395
vn -0.7935 0.2209 -0.5671
vn -0.6162 0.3164 -0.7212
vn -0.7873 0.2728 -0.5530
vn 0.9873 -0.1539 -0.0398
vn 0.9886 -0.1465 -0.0360
vn 0.9855 -0.1143 -0.1256
vn 0.9836 -0.1249 -0.1301
vn -0.2045 0.2935 -0.9338
vn -0.4191 0.2869 -0.8614
vn -0.2038 0.3461 -0.9158
vn -0.4168 0.3417 -0.8423
vn 0.9641 -0.0811 -0.2530
vn 0.9667 -0.0652 -0.2475
vn 0.9128 0.0060 -0.4084
vn 0.9103 -0.0185 -0.4136
vn 0.2250 0.2523 -0.9411
vn 0.0119 0.2815 -0.9595
vn 0.2220 0.3010 -0.9274
vn 0.0107 0.3318 -0.9433
vn 0.7323 -0.2602 0.6293
vn 0.8341 -0.2543 0.4894
vn 0.7388 -0.2729 0.6162
vn 0.8399 -0.2576 0.4777
vn 0.8990 -0.2422 0.3648
vn 0.8943 -0.2462 0.3737
vn 0.3353 -0.2550 0.9070
vn 0.5691 -0.2614 0.7796
vn 0.3385 -0.2846 0.8969
vn 0.5749 -0.2840 0.7673
vn 0.8004 0.0596 -0.5965
vn 0.8014 0.0943 -0.5906
vn 0.6320 0.1821 -0.7533
vn 0.6333 0.1394 -0.7613
vn -0.2789 -0.2052 0.9381
vn 0.0390 -0.2377 0.9706
vn -0.2787 -0.2255 0.9335
vn 0.0395 -0.2671 0.9628
vn 0.4340 0.2054 -0.8772
vn 0.4310 0.2523 -0.8664
vn -0.7609 -0.0990 0.6412
vn -0.5556 -0.1573 0.8164
vn -0.7603 -0.0886 0.6435
vn -0.5547 -0.1627 0.8160
vn 0.9321 -0.2349 0.2757
vn 0.9356 -0.2265 0.2708
vn -0.9019 -0.0340 0.4307
vn -0.9014 -0.0104 0.4329
vn -0.2764 -0.2430 0.9298
vn 0.0391 -0.2899 0.9563
vn -0.2710 -0.2500 0.9296
vn 0.0392 -0.2976 0.9539
vn 0.3347 -0.3049 0.8916
vn 0.3378 -0.3030 0.8911
vn 0.6274 0.2253 -0.7454
vn 0.4250 0.2917 -0.8569
vn 0.6228 0.2492 -0.7416
vn 0.4193 0.3067 -0.8545
vn 0.2129 0.3419 -0.9153
vn 0.2173 0.3352 -0.9167
vn -0.7579 -0.0818 0.6473
vn -0.5510 -0.1685 0.8173
vn -0.7537 -0.0768 0.6527
vn -0.5441 -0.1700 0.8216
vn 0.9061 -0.2148 0.3646
vn 0.9429 -0.1931 0.2715
vn 0.9121 -0.1756 0.3705
vn 0.9497 -0.1485 0.2759
vn 0.9741 -0.1245 0.1889
vn 0.9670 -0.1727 0.1874
vn -0.9781 0.0916 0.1869
vn -0.9002 0.0060 0.4355
vn -0.9769 0.1028 0.1875
vn -0.8986 0.0156 0.4384
vn 0.7434 -0.2660 0.6137
vn 0.8461 -0.2390 0.4764
vn 0.7456 -0.2448 0.6198
vn 0.8508 -0.2075 0.4827
vn -0.9116 0.2439 -0.3310
vn -0.9818 0.1723 -0.0800
vn -0.9106 0.2526 -0.3272
vn -0.9800 0.1829 -0.0786
vn 0.9821 -0.1532 0.1097
vn 0.9887 -0.1036 0.1084
vn 0.9957 -0.0850 0.0361
vn 0.9903 -0.1339 0.0381
vn -0.6140 0.3466 -0.7092
vn -0.7837 0.3031 -0.5421
vn -0.6147 0.3476 -0.7080
vn -0.7844 0.3084 -0.5381
vn 0.9932 -0.1115 -0.0342
vn 0.9973 -0.0644 -0.0347
vn 0.9922 -0.0342 -0.1202
vn 0.9894 -0.0788 -0.1222
vn -0.2023 0.3744 -0.9049
vn -0.4146 0.3706 -0.8311
vn -0.2009 0.3711 -0.9066
vn -0.4137 0.3679 -0.8328
vn 0.9697 -0.0275 -0.2427
vn 0.9710 0.0143 -0.2386
vn 0.9136 0.0851 -0.3977
vn 0.9140 0.0472 -0.4029
vn 0.0093 0.3618 -0.9322
vn 0.0081 0.3618 -0.9322
vn 0.5768 -0.2908 0.7633
vn 0.5754 -0.2818 0.7678
vn 0.7998 0.1381 -0.5841
vn 0.7973 0.1701 -0.5791
vn 0.9129 0.1028 -0.3951
vn 0.7966 0.1756 -0.5785
vn 0.9130 0.0970 -0.3963
vn 0.7980 0.1536 -0.5827
vn 0.6232 0.2063 -0.7543
vn 0.6214 0.2427 -0.7450
vn 0.9696 -0.1164 0.2151
vn 0.9903 -0.1068 0.0894
vn 0.9962 -0.0757 -0.0425
vn -0.2628 -0.2410 0.9343
vn 0.0409 -0.2856 0.9575
vn -0.2535 -0.2144 0.9433
vn 0.0437 -0.2533 0.9664
vn 0.3274 -0.2545 0.9100
vn 0.3309 -0.2886 0.8985
vn 0.4165 0.2901 -0.8616
vn 0.4169 0.2438 -0.8756
vn 0.2088 0.2652 -0.9413
vn 0.2099 0.3175 -0.9247
vn -0.7480 -0.0707 0.6599
vn -0.5348 -0.1628 0.8292
vn -0.7414 -0.0609 0.6683
vn -0.5245 -0.1445 0.8391
vn 0.9148 -0.1389 0.3793
vn 0.9533 -0.1089 0.2817
vn 0.9146 -0.1089 0.3893
vn 0.9542 -0.0795 0.2883
vn 0.9801 -0.0537 0.1913
vn 0.9783 -0.0828 0.1900
vn -0.9766 0.1045 0.1882
vn -0.8968 0.0202 0.4421
vn -0.9768 0.0991 0.1899
vn -0.8944 0.0224 0.4468
vn 0.7449 -0.2169 0.6310
vn 0.8524 -0.1745 0.4929
vn 0.7421 -0.1846 0.6444
vn 0.8512 -0.1434 0.5048
vn -0.9349 -0.0320 -0.3535
vn -0.9939 -0.0764 -0.0791
vn -0.9744 -0.1122 0.1947
vn -0.9133 0.2429 -0.3270
vn -0.9806 0.1799 -0.0782
vn -0.9185 0.2179 -0.3299
vn -0.9831 0.1654 -0.0781
vn 0.9926 -0.0609 0.1053
vn 0.9943 -0.0324 0.1018
vn 0.9995 -0.0162 0.0263
vn 0.9986 -0.0430 0.0316
vn -0.6177 0.3221 -0.7175
vn -0.7887 0.2909 -0.5416
vn -0.6212 0.2750 -0.7338
vn -0.7947 0.2545 -0.5510
vn 0.9990 -0.0251 -0.0376
vn 0.9991 -0.0015 -0.0421
vn 0.9922 0.0183 -0.1230
vn 0.9927 0.0005 -0.1204
vn -0.2001 0.3384 -0.9195
vn -0.4137 0.3367 -0.8458
vn -0.2001 0.2812 -0.9385
vn -0.4143 0.2822 -0.8653
vn 0.9707 0.0419 -0.2366
vn 0.9701 0.0500 -0.2377
vn 0.0070 0.3318 -0.9433
vn 0.0060 0.2759 -0.9612
vn 0.5716 -0.2599 0.7782
vn 0.5670 -0.2264 0.7920
vn 0.8812 -0.1314 0.4541
vn 0.9340 -0.1244 0.3349
vn -0.8877 -0.1377 0.4394
vn -0.7449 -0.1561 0.6487
vn 0.6911 -0.1437 0.7084
vn 0.8044 -0.1372 0.5781
vn -0.5390 -0.1702 0.8250
vn -0.2647 -0.1773 0.9479
vn 0.6070 0.0951 -0.7890
vn 0.4106 0.1213 -0.9037
vn 0.2123 0.1346 -0.9679
vn 0.0395 -0.1741 0.9839
vn 0.3128 -0.1637 0.9356
vn 0.9122 0.0320 -0.4085
vn 0.7841 0.0580 -0.6179
vn 0.5294 -0.1526 0.8345
vn 0.0127 0.1354 -0.9907
vn -0.1939 0.1232 -0.9732
vn -0.4083 0.0977 -0.9076
vn -0.6191 0.0606 -0.7830
vn -0.8032 0.0156 -0.5955
vn -0.2450 -0.1736 0.9539
vn 0.0466 -0.2051 0.9776
vn -0.2378 -0.1287 0.9628
vn 0.0489 -0.1526 0.9871
vn 0.3217 -0.1542 0.9342
vn 0.3246 -0.2061 0.9231
vn 0.5620 -0.1831 0.8066
vn 0.5566 -0.1382 0.8192
vn 0.7323 -0.1127 0.6716
vn 0.7378 -0.1482 0.6585
vn 0.9917 0.0216 -0.1271
vn 0.9694 0.0426 -0.2416
vn 0.9912 0.0152 -0.1319
vn 0.9686 0.0262 -0.2473
vn 0.9122 0.0425 -0.4075
vn 0.9131 0.0737 -0.4010
vn 0.9998 -0.0029 0.0219
vn 0.9989 0.0081 -0.0468
vn 0.9998 0.0002 0.0196
vn 0.9987 0.0076 -0.0506
vn 0.9803 -0.0351 0.1942
vn 0.9949 -0.0165 0.0999
vn 0.9796 -0.0249 0.1995
vn 0.9949 -0.0101 0.1005
vn 0.8481 -0.1133 0.5177
vn 0.8432 -0.0865 0.5306
vn 0.9087 -0.0635 0.4126
vn 0.9125 -0.0835 0.4005
vn 0.6264 0.1488 -0.7652
vn 0.4195 0.1763 -0.8905
vn 0.6288 0.0847 -0.7729
vn 0.4231 0.1027 -0.9002
vn 0.2121 0.1153 -0.9704
vn 0.2095 0.1929 -0.9586
vn 0.9533 -0.0579 0.2963
vn 0.9511 -0.0432 0.3059
vn 0.7998 0.1120 -0.5897
vn 0.8001 0.0632 -0.5965
vn 0.0055 0.2018 -0.9794
vn 0.0062 0.1235 -0.9923
vn -0.2003 0.1300 -0.9711
vn -0.2005 0.2073 -0.9575
vn -0.4147 0.2118 -0.8850
vn -0.4140 0.1379 -0.8998
vn -0.6249 0.1468 -0.7667
vn -0.6240 0.2130 -0.7518
vn -0.8007 0.2048 -0.5630
vn -0.8051 0.1505 -0.5737
vn -0.9307 0.1413 -0.3374
vn -0.9248 0.1820 -0.3342
vn -0.9867 0.1428 -0.0771
vn -0.9905 0.1160 -0.0741
vn -0.9769 0.0756 0.2001
vn -0.9771 0.0888 0.1936
vn -0.8912 0.0239 0.4531
vn -0.8870 0.0245 0.4611
vn -0.7269 -0.0314 0.6860
vn -0.7343 -0.0467 0.6772
vn -0.5147 -0.1164 0.8494
vn -0.5058 -0.0854 0.8584
vn 0.3592 -0.0808 0.9298
vn 0.3716 -0.0875 0.9243
vn 0.5917 -0.0900 0.8011
vn 0.5824 -0.0806 0.8089
vn 0.3852 -0.0895 0.9185
vn 0.6009 -0.0948 0.7937
vn 0.7521 -0.0963 0.6520
vn 0.7485 -0.0894 0.6571
vn 0.7438 -0.0788 0.6638
vn 0.9729 -0.0750 0.2188
vn 0.9720 -0.0811 0.2207
vn 0.9888 -0.0779 0.1272
vn 0.9900 -0.0734 0.1204
vn 0.9691 -0.0873 0.2308
vn 0.9865 -0.0828 0.1415
vn 0.9950 -0.0777 0.0632
vn 0.9962 -0.0737 0.0469
vn 0.9969 -0.0705 0.0363
vn 0.8466 -0.0872 0.5250
vn 0.8447 -0.0767 0.5298
vn 0.8467 -0.0953 0.5235
vn 0.9036 -0.0933 0.4180
vn 0.9052 -0.0852 0.4163
vn 0.9044 -0.0756 0.4199
vn -0.9282 -0.1153 -0.3538
vn -0.9256 -0.1224 -0.3581
vn -0.9913 -0.1176 -0.0591
vn -0.9919 -0.1136 -0.0571
vn -0.9240 -0.1244 -0.3616
vn -0.9914 -0.1155 -0.0610
vn -0.9643 -0.1055 0.2427
vn -0.9637 -0.1118 0.2424
vn -0.9640 -0.1113 0.2414
vn -0.8564 -0.1051 0.5056
vn -0.8567 -0.1075 0.5044
vn -0.8572 -0.0958 0.5061
vn -0.6925 -0.0867 0.7162
vn -0.6911 -0.0969 0.7162
vn -0.6907 -0.1009 0.7161
vn -0.5920 -0.1144 -0.7978
vn -0.5885 -0.1250 -0.7988
vn -0.7806 -0.1251 -0.6124
vn -0.7846 -0.1158 -0.6091
vn -0.5863 -0.1325 -0.7992
vn -0.7779 -0.1303 -0.6147
vn 0.2126 -0.1071 -0.9712
vn 0.2100 -0.1174 -0.9706
vn 0.0143 -0.1211 -0.9925
vn 0.0146 -0.1104 -0.9938
vn 0.2080 -0.1260 -0.9700
vn 0.0133 -0.1300 -0.9914
vn -0.1805 -0.1320 -0.9747
vn -0.1811 -0.1227 -0.9758
vn -0.1827 -0.1115 -0.9768
vn 0.9972 -0.0693 -0.0273
vn 0.9970 -0.0668 -0.0393
vn 0.9973 -0.0729 -0.0112
vn 0.9922 -0.0709 -0.1027
vn 0.9909 -0.0666 -0.1167
vn 0.9897 -0.0637 -0.1279
vn -0.3825 -0.1238 -0.9156
vn -0.3850 -0.1126 -0.9160
vn -0.3810 -0.1326 -0.9150
vn 0.9674 -0.0683 -0.2439
vn 0.9656 -0.0637 -0.2522
vn 0.9697 -0.0742 -0.2329
vn 0.9091 -0.0837 -0.4080
vn 0.9063 -0.0759 -0.4159
vn 0.9048 -0.0688 -0.4203
vn -0.4728 -0.0885 0.8767
vn -0.4728 -0.0923 0.8763
vn -0.4727 -0.0797 0.8776
vn -0.1947 -0.0780 0.9778
vn -0.2004 -0.0836 0.9761
vn -0.2049 -0.0848 0.9751
vn 0.7871 -0.0880 -0.6105
vn 0.7873 -0.0788 -0.6115
vn 0.7898 -0.0970 -0.6057
vn 0.6139 -0.1098 -0.7817
vn 0.6126 -0.1006 -0.7839
vn 0.6149 -0.0905 -0.7834
vn 0.4115 -0.1107 -0.9046
vn 0.4150 -0.1005 -0.9043
vn 0.4106 -0.1194 -0.9040
vn 0.0975 -0.0839 0.9917
vn 0.0871 -0.0811 0.9929
vn 0.1098 -0.0824 0.9905
vn 0.9442 -0.0833 0.3187
vn 0.9442 -0.0755 0.3206
vn 0.9417 -0.0907 0.3241
vn 0.9039 -0.0518 0.4246
vn 0.9478 -0.0369 0.3167
vn 0.8991 -0.0492 0.4349
vn 0.9440 -0.0390 0.3276
vn 0.9759 -0.0291 0.2162
vn 0.9780 -0.0232 0.2071
vn 0.8955 -0.0523 0.4419
vn 0.9405 -0.0459 0.3366
vn 0.8940 -0.0563 0.4446
vn 0.9383 -0.0531 0.3416
vn 0.9718 -0.0492 0.2308
vn 0.9736 -0.0392 0.2249
vn 0.8949 -0.0592 0.4424
vn 0.9381 -0.0586 0.3414
vn 0.8977 -0.0623 0.4361
vn 0.9397 -0.0632 0.3361
vn 0.9714 -0.0637 0.2287
vn 0.9710 -0.0573 0.2321
vn 0.9014 -0.0676 0.4276
vn 0.9423 -0.0686 0.3278
vn 0.9724 -0.0693 0.2229
vn -0.2317 -0.0920 0.9684
vn 0.0508 -0.1094 0.9927
vn -0.2265 -0.0699 0.9715
vn 0.0531 -0.0821 0.9952
vn 0.3183 -0.0848 0.9442
vn 0.3192 -0.1118 0.9411
vn -0.2218 -0.0617 0.9731
vn 0.0566 -0.0689 0.9960
vn -0.2176 -0.0633 0.9740
vn 0.0613 -0.0652 0.9960
vn 0.3248 -0.0656 0.9435
vn 0.3201 -0.0710 0.9447
vn -0.2139 -0.0697 0.9744
vn 0.0668 -0.0670 0.9955
vn -0.2108 -0.0770 0.9745
vn 0.0727 -0.0714 0.9948
vn 0.3396 -0.0679 0.9381
vn 0.3316 -0.0650 0.9412
vn -0.2081 -0.0824 0.9746
vn 0.0791 -0.0765 0.9939
vn 0.3486 -0.0735 0.9344
vn 0.6298 0.0294 -0.7762
vn 0.4268 0.0395 -0.9035
vn 0.6298 -0.0097 -0.7767
vn 0.4300 -0.0051 -0.9028
vn 0.2203 0.0003 -0.9754
vn 0.2160 0.0485 -0.9752
vn 0.6295 -0.0338 -0.7762
vn 0.4322 -0.0331 -0.9012
vn 0.6289 -0.0487 -0.7760
vn 0.4325 -0.0508 -0.9002
vn 0.2245 -0.0521 -0.9731
vn 0.2235 -0.0312 -0.9742
vn 0.6272 -0.0595 -0.7766
vn 0.4303 -0.0642 -0.9004
vn 0.6240 -0.0694 -0.7783
vn 0.4260 -0.0766 -0.9015
vn 0.2199 -0.0822 -0.9721
vn 0.2231 -0.0682 -0.9724
vn 0.6195 -0.0798 -0.7810
vn 0.4203 -0.0889 -0.9030
vn 0.2160 -0.0953 -0.9717
vn 0.9101 0.0121 -0.4143
vn 0.7985 0.0198 -0.6017
vn 0.9073 -0.0127 -0.4202
vn 0.7959 -0.0122 -0.6052
vn 0.9049 -0.0312 -0.4244
vn 0.7938 -0.0331 -0.6073
vn 0.9035 -0.0440 -0.4263
vn 0.7924 -0.0463 -0.6082
vn 0.9031 -0.0525 -0.4262
vn 0.7917 -0.0552 -0.6084
vn 0.9035 -0.0581 -0.4247
vn 0.7907 -0.0626 -0.6090
vn 0.9040 -0.0630 -0.4228
vn 0.7890 -0.0702 -0.6103
vn -0.7193 -0.0210 0.6944
vn -0.4977 -0.0608 0.8652
vn -0.7123 -0.0207 0.7016
vn -0.4906 -0.0486 0.8700
vn -0.7062 -0.0317 0.7073
vn -0.4849 -0.0491 0.8732
vn -0.7012 -0.0505 0.7112
vn -0.4803 -0.0587 0.8751
vn -0.6970 -0.0707 0.7136
vn -0.4769 -0.0717 0.8760
vn -0.6937 -0.0874 0.7149
vn -0.4746 -0.0833 0.8763
vn -0.6915 -0.0977 0.7157
vn -0.4733 -0.0905 0.8763
vn 0.9906 0.0031 -0.1365
vn 0.9673 0.0068 -0.2536
vn 0.9900 -0.0119 -0.1405
vn 0.9657 -0.0122 -0.2595
vn 0.9893 -0.0276 -0.1436
vn 0.9641 -0.0290 -0.2640
vn 0.9885 -0.0414 -0.1453
vn 0.9630 -0.0423 -0.2663
vn 0.9881 -0.0516 -0.1451
vn 0.9626 -0.0514 -0.2662
vn 0.9881 -0.0579 -0.1422
vn 0.9630 -0.0568 -0.2635
vn 0.9888 -0.0613 -0.1364
vn 0.9641 -0.0602 -0.2587
vn -0.1990 0.0630 -0.9780
vn -0.4120 0.0732 -0.9082
vn -0.1967 0.0124 -0.9804
vn -0.4088 0.0229 -0.9123
vn -0.6210 0.0382 -0.7829
vn -0.6238 0.0872 -0.7767
vn -0.1940 -0.0236 -0.9807
vn -0.4048 -0.0151 -0.9143
vn -0.1912 -0.0500 -0.9803
vn -0.4003 -0.0446 -0.9153
vn -0.6120 -0.0361 -0.7901
vn -0.6169 -0.0021 -0.7870
vn -0.1887 -0.0700 -0.9795
vn -0.3958 -0.0676 -0.9158
vn -0.1866 -0.0858 -0.9787
vn -0.3916 -0.0855 -0.9161
vn -0.6011 -0.0850 -0.7946
vn -0.6065 -0.0637 -0.7925
vn -0.1846 -0.0993 -0.9778
vn -0.3880 -0.0999 -0.9162
vn -0.5962 -0.1013 -0.7964
vn 0.9998 -0.0047 0.0194
vn 0.9986 -0.0002 -0.0532
vn 0.9997 -0.0154 0.0209
vn 0.9984 -0.0127 -0.0547
vn 0.9993 -0.0292 0.0233
vn 0.9981 -0.0275 -0.0555
vn 0.9988 -0.0428 0.0255
vn 0.9976 -0.0414 -0.0556
vn 0.9982 -0.0538 0.0269
vn 0.9971 -0.0525 -0.0549
vn 0.9977 -0.0619 0.0281
vn 0.9968 -0.0599 -0.0525
vn 0.9973 -0.0671 0.0306
vn 0.9968 -0.0643 -0.0475
vn 0.0084 0.0558 -0.9984
vn 0.0114 0.0059 -0.9999
vn 0.0141 -0.0283 -0.9995
vn 0.0157 -0.0521 -0.9985
vn 0.0160 -0.0702 -0.9974
vn 0.0155 -0.0852 -0.9962
vn 0.0149 -0.0984 -0.9950
vn -0.8075 0.0993 -0.5814
vn -0.8081 0.0536 -0.5867
vn -0.9389 0.0608 -0.3388
vn -0.9355 0.1008 -0.3387
vn -0.8069 0.0117 -0.5906
vn -0.8039 -0.0268 -0.5941
vn -0.9403 -0.0209 -0.3397
vn -0.9406 0.0198 -0.3388
vn -0.7996 -0.0594 -0.5976
vn -0.7945 -0.0843 -0.6014
vn -0.9348 -0.0835 -0.3452
vn -0.9381 -0.0564 -0.3419
vn -0.7894 -0.1025 -0.6053
vn -0.9314 -0.1026 -0.3493
vn -0.9762 0.0590 0.2087
vn -0.8822 0.0210 0.4705
vn -0.9753 0.0364 0.2179
vn -0.8774 0.0093 0.4797
vn -0.9742 0.0062 0.2258
vn -0.8730 -0.0119 0.4876
vn -0.9724 -0.0283 0.2315
vn -0.8689 -0.0393 0.4934
vn -0.9700 -0.0607 0.2354
vn -0.8650 -0.0664 0.4974
vn -0.9675 -0.0858 0.2380
vn -0.8613 -0.0878 0.5004
vn -0.9654 -0.1026 0.2399
vn -0.8585 -0.1017 0.5027
vn -0.9938 0.0871 -0.0690
vn -0.9965 0.0549 -0.0631
vn -0.9981 0.0179 -0.0582
vn -0.9983 -0.0213 -0.0551
vn -0.9969 -0.0567 -0.0540
vn -0.9950 -0.0838 -0.0543
vn -0.9932 -0.1024 -0.0554
vn 0.7263 -0.0857 0.6821
vn 0.8376 -0.0680 0.5421
vn 0.7216 -0.0703 0.6887
vn 0.8326 -0.0596 0.5507
vn 0.7198 -0.0639 0.6912
vn 0.8297 -0.0582 0.5552
vn 0.7215 -0.0617 0.6897
vn 0.8295 -0.0589 0.5553
vn 0.7258 -0.0613 0.6852
vn 0.8320 -0.0599 0.5516
vn 0.7317 -0.0633 0.6787
vn 0.8362 -0.0621 0.5450
vn 0.7380 -0.0692 0.6713
vn 0.8408 -0.0676 0.5371
vn 0.9945 -0.0121 0.1039
vn 0.9938 -0.0209 0.1093
vn 0.9928 -0.0332 0.1153
vn 0.9917 -0.0455 0.1199
vn 0.9910 -0.0556 0.1217
vn 0.9907 -0.0632 0.1208
vn 0.9905 -0.0689 0.1193
vn 0.5513 -0.1021 0.8280
vn 0.5479 -0.0799 0.8327
vn 0.5477 -0.0689 0.8338
vn 0.5511 -0.0643 0.8319
vn 0.5573 -0.0633 0.8279
vn 0.5651 -0.0655 0.8224
vn 0.5735 -0.0715 0.8161
vn -0.6267 -0.1150 -0.7708
vn -0.6333 -0.1431 -0.7606
vn -0.8100 -0.1595 -0.5643
vn -0.8081 -0.1274 -0.5751
vn -0.6362 -0.1715 -0.7522
vn -0.8092 -0.1899 -0.5560
vn -0.9256 -0.2003 -0.3210
vn -0.9297 -0.1684 -0.3275
vn -0.9330 -0.1330 -0.3345
vn 0.9941 -0.1082 -0.0051
vn 0.9930 -0.1175 -0.0133
vn 0.9803 -0.1359 -0.1431
vn 0.9823 -0.1238 -0.1409
vn 0.9920 -0.1248 -0.0165
vn 0.9789 -0.1460 -0.1429
vn 0.9354 -0.1646 -0.3131
vn 0.9363 -0.1514 -0.3168
vn 0.9370 -0.1368 -0.3214
vn -0.7109 -0.0573 0.7009
vn -0.7124 -0.1009 0.6945
vn -0.4937 -0.0800 0.8659
vn -0.4903 -0.0365 0.8708
vn -0.7103 -0.1379 0.6903
vn -0.4967 -0.1175 0.8600
vn -0.2247 -0.1007 0.9692
vn -0.2152 -0.0635 0.9745
vn -0.2086 -0.0207 0.9778
vn 0.3987 -0.0100 0.9170
vn 0.3907 -0.0432 0.9195
vn 0.6208 -0.0412 0.7829
vn 0.6256 -0.0153 0.7800
vn 0.3785 -0.0717 0.9228
vn 0.6127 -0.0631 0.7878
vn 0.7727 -0.0582 0.6322
vn 0.7769 -0.0425 0.6281
vn 0.7791 -0.0236 0.6264
vn 0.9650 -0.0577 0.2559
vn 0.9674 -0.0631 0.2452
vn 0.9789 -0.0731 0.1907
vn 0.9767 -0.0683 0.2035
vn 0.9681 -0.0676 0.2415
vn 0.9796 -0.0772 0.1856
vn 0.9871 -0.0895 0.1329
vn 0.9867 -0.0852 0.1386
vn 0.9852 -0.0800 0.1519
vn 0.8697 -0.0451 0.4916
vn 0.8700 -0.0320 0.4920
vn 0.8678 -0.0558 0.4938
vn 0.9201 -0.0564 0.3876
vn 0.9206 -0.0490 0.3874
vn 0.9196 -0.0400 0.3909
vn 0.9921 -0.1000 0.0761
vn 0.9918 -0.0932 0.0879
vn 0.9919 -0.1053 0.0709
vn 0.0979 -0.0508 0.9939
vn 0.1071 -0.0114 0.9942
vn 0.0844 -0.0850 0.9928
vn 0.9495 -0.0549 0.3088
vn 0.9475 -0.0483 0.3161
vn 0.9498 -0.0605 0.3069
vn -0.9695 -0.1080 0.2200
vn -0.9652 -0.1503 0.2142
vn -0.8713 -0.1261 0.4743
vn -0.8722 -0.0825 0.4821
vn -0.9587 -0.1860 0.2150
vn -0.8662 -0.1626 0.4725
vn -0.1912 -0.0976 -0.9767
vn -0.1937 -0.1156 -0.9742
vn -0.4189 -0.1257 -0.8993
vn -0.4116 -0.1028 -0.9056
vn -0.1985 -0.1370 -0.9705
vn -0.4241 -0.1509 -0.8929
vn 0.8399 -0.1592 -0.5188
vn 0.8368 -0.1431 -0.5284
vn 0.8402 -0.1751 -0.5132
vn 0.6835 -0.1738 -0.7089
vn 0.6821 -0.1564 -0.7143
vn 0.6742 -0.1399 -0.7251
vn 0.2438 -0.1138 -0.9631
vn 0.2538 -0.1288 -0.9586
vn 0.0295 -0.1172 -0.9927
vn 0.0249 -0.1019 -0.9945
vn 0.2539 -0.1466 -0.9560
vn 0.0272 -0.1360 -0.9903
vn 0.4775 -0.1444 -0.8667
vn 0.4665 -0.1286 -0.8751
vn 0.4790 -0.1621 -0.8627
vn -0.9842 -0.1658 -0.0626
vn -0.9900 -0.1266 -0.0628
vn -0.9781 -0.1997 -0.0589
vn -0.9233 -0.1234 -0.3637
vn -0.9919 -0.1106 -0.0625
vn -0.9233 -0.1227 -0.3639
vn -0.9922 -0.1072 -0.0635
vn -0.9662 -0.0891 0.2419
vn -0.9654 -0.0963 0.2425
vn -0.9237 -0.1246 -0.3623
vn -0.9922 -0.1075 -0.0637
vn -0.9246 -0.1284 -0.3588
vn -0.9918 -0.1108 -0.0633
vn -0.9671 -0.0873 0.2389
vn -0.9668 -0.0863 0.2407
vn -0.9261 -0.1315 -0.3535
vn -0.9914 -0.1149 -0.0624
vn -0.9285 -0.1316 -0.3473
vn -0.9911 -0.1179 -0.0618
vn -0.9680 -0.0946 0.2325
vn -0.9674 -0.0906 0.2364
vn -0.9311 -0.1298 -0.3408
vn -0.9908 -0.1200 -0.0620
vn -0.9689 -0.0990 0.2268
vn 0.6178 -0.1184 -0.7773
vn 0.4114 -0.1273 -0.9025
vn 0.6224 -0.1271 -0.7723
vn 0.4130 -0.1351 -0.9006
vn 0.2047 -0.1395 -0.9688
vn 0.2062 -0.1332 -0.9694
vn 0.6265 -0.1355 -0.7676
vn 0.4151 -0.1423 -0.8986
vn 0.6309 -0.1425 -0.7627
vn 0.4187 -0.1474 -0.8961
vn 0.2056 -0.1476 -0.9674
vn 0.2042 -0.1447 -0.9682
vn 0.6377 -0.1469 -0.7561
vn 0.4255 -0.1484 -0.8927
vn 0.6481 -0.1472 -0.7472
vn 0.4365 -0.1439 -0.8881
vn 0.2186 -0.1367 -0.9662
vn 0.2102 -0.1455 -0.9668
vn 0.6611 -0.1433 -0.7365
vn 0.4511 -0.1352 -0.8822
vn 0.2305 -0.1235 -0.9652
vn 0.0115 -0.1369 -0.9905
vn 0.0093 -0.1418 -0.9899
vn -0.1820 -0.1423 -0.9730
vn -0.1808 -0.1384 -0.9737
vn 0.0076 -0.1452 -0.9894
vn 0.0072 -0.1463 -0.9892
vn -0.1849 -0.1450 -0.9720
vn -0.1834 -0.1447 -0.9723
vn 0.0086 -0.1419 -0.9899
vn 0.0123 -0.1300 -0.9914
vn -0.1881 -0.1269 -0.9739
vn -0.1865 -0.1398 -0.9724
vn 0.0181 -0.1136 -0.9934
vn -0.1895 -0.1095 -0.9758
vn 0.9131 -0.0917 -0.3973
vn 0.7947 -0.1057 -0.5977
vn 0.9171 -0.0997 -0.3860
vn 0.7999 -0.1144 -0.5892
vn 0.9204 -0.1079 -0.3757
vn 0.8040 -0.1231 -0.5818
vn 0.9234 -0.1166 -0.3657
vn 0.8078 -0.1314 -0.5746
vn 0.9267 -0.1251 -0.3543
vn 0.8130 -0.1386 -0.5655
vn 0.9305 -0.1317 -0.3419
vn 0.8203 -0.1430 -0.5538
vn 0.9342 -0.1350 -0.3303
vn 0.8289 -0.1434 -0.5407
vn -0.3806 -0.1382 -0.9144
vn -0.3812 -0.1412 -0.9137
vn -0.5865 -0.1384 -0.7980
vn -0.5857 -0.1365 -0.7990
vn -0.3827 -0.1432 -0.9127
vn -0.3853 -0.1439 -0.9115
vn -0.5922 -0.1422 -0.7931
vn -0.5886 -0.1404 -0.7961
vn -0.3896 -0.1397 -0.9103
vn -0.3957 -0.1281 -0.9094
vn -0.6064 -0.1321 -0.7841
vn -0.5981 -0.1404 -0.7890
vn -0.4032 -0.1124 -0.9082
vn -0.6163 -0.1205 -0.7782
vn -0.8584 -0.0834 0.5061
vn -0.8597 -0.0729 0.5056
vn -0.6955 -0.0610 0.7160
vn -0.6941 -0.0734 0.7161
vn -0.8608 -0.0666 0.5046
vn -0.8618 -0.0645 0.5031
vn -0.6976 -0.0473 0.7149
vn -0.6966 -0.0521 0.7156
vn -0.8633 -0.0656 0.5005
vn -0.8655 -0.0685 0.4962
vn -0.7018 -0.0460 0.7108
vn -0.6992 -0.0456 0.7135
vn -0.8688 -0.0727 0.4898
vn -0.7060 -0.0484 0.7065
vn 0.9007 -0.0973 0.4235
vn 0.9373 -0.0958 0.3351
vn 0.8986 -0.0954 0.4283
vn 0.9330 -0.0970 0.3466
vn 0.9592 -0.0961 0.2661
vn 0.9644 -0.0927 0.2475
vn 0.8992 -0.0881 0.4285
vn 0.9308 -0.0936 0.3532
vn 0.9027 -0.0765 0.4233
vn 0.9318 -0.0852 0.3528
vn 0.9533 -0.0911 0.2880
vn 0.9550 -0.0962 0.2807
vn 0.9078 -0.0624 0.4148
vn 0.9353 -0.0725 0.3464
vn 0.9127 -0.0490 0.4058
vn 0.9397 -0.0591 0.3368
vn 0.9575 -0.0687 0.2803
vn 0.9544 -0.0809 0.2874
vn 0.9167 -0.0406 0.3976
vn 0.9440 -0.0500 0.3262
vn 0.9613 -0.0598 0.2689
vn -0.1889 -0.0673 0.9797
vn 0.1216 -0.0735 0.9899
vn -0.1850 -0.0529 0.9813
vn 0.1300 -0.0577 0.9898
vn 0.4079 -0.0663 0.9106
vn 0.3981 -0.0825 0.9136
vn -0.1840 -0.0387 0.9822
vn 0.1334 -0.0401 0.9903
vn -0.1858 -0.0282 0.9822
vn 0.1320 -0.0261 0.9909
vn 0.4140 -0.0301 0.9098
vn 0.4131 -0.0467 0.9095
vn -0.1895 -0.0213 0.9817
vn 0.1277 -0.0164 0.9917
vn -0.1946 -0.0162 0.9807
vn 0.1218 -0.0092 0.9925
vn 0.4081 -0.0093 0.9129
vn 0.4119 -0.0180 0.9111
vn -0.2011 -0.0141 0.9795
vn 0.1149 -0.0057 0.9934
vn 0.4037 -0.0052 0.9149
vn 0.9930 -0.0827 0.0847
vn 0.9969 -0.0779 0.0085
vn 0.9901 -0.0883 0.1089
vn 0.9960 -0.0838 0.0307
vn 0.9943 -0.0828 -0.0676
vn 0.9934 -0.0764 -0.0860
vn 0.9868 -0.0930 0.1328
vn 0.9945 -0.0897 0.0535
vn 0.9837 -0.0945 0.1530
vn 0.9928 -0.0939 0.0746
vn 0.9949 -0.0959 -0.0299
vn 0.9948 -0.0895 -0.0485
vn 0.9818 -0.0915 0.1664
vn 0.9913 -0.0951 0.0910
vn 0.9817 -0.0855 0.1702
vn 0.9907 -0.0937 0.0990
vn 0.9946 -0.1040 -0.0033
vn 0.9948 -0.1009 -0.0137
vn 0.9831 -0.0807 0.1642
vn 0.9910 -0.0923 0.0971
vn 0.9944 -0.1059 -0.0008
vn 0.7553 -0.0949 0.6484
vn 0.8461 -0.0971 0.5242
vn 0.7593 -0.0845 0.6453
vn 0.8467 -0.0912 0.5242
vn 0.7642 -0.0687 0.6413
vn 0.8499 -0.0796 0.5210
vn 0.7693 -0.0524 0.6367
vn 0.8549 -0.0654 0.5146
vn 0.7736 -0.0379 0.6326
vn 0.8603 -0.0507 0.5073
vn 0.7764 -0.0266 0.6297
vn 0.8647 -0.0381 0.5009
vn 0.7782 -0.0210 0.6277
vn 0.8679 -0.0311 0.4958
vn 0.9828 -0.0881 0.1622
vn 0.9782 -0.0930 0.1854
vn 0.9737 -0.0958 0.2066
vn 0.9705 -0.0942 0.2218
vn 0.9695 -0.0873 0.2288
vn 0.9708 -0.0775 0.2269
vn 0.9736 -0.0701 0.2173
vn 0.6095 -0.0902 0.7876
vn 0.6171 -0.0759 0.7833
vn 0.6228 -0.0570 0.7803
vn 0.6264 -0.0396 0.7785
vn 0.6279 -0.0260 0.7779
vn 0.6277 -0.0160 0.7783
vn 0.6269 -0.0114 0.7790
vn -0.4724 -0.0673 0.8788
vn -0.4724 -0.0540 0.8797
vn -0.4730 -0.0429 0.8800
vn -0.4743 -0.0355 0.8797
vn -0.4763 -0.0312 0.8787
vn -0.4796 -0.0288 0.8770
vn -0.4845 -0.0288 0.8743
vn 0.9723 -0.0809 -0.2194
vn 0.9748 -0.0879 -0.2050
vn 0.9770 -0.0954 -0.1907
vn 0.9789 -0.1034 -0.1765
vn 0.9804 -0.1112 -0.1625
vn 0.9816 -0.1173 -0.1506
vn 0.9823 -0.1210 -0.1432
vn -0.7769 -0.1321 -0.6156
vn -0.7774 -0.1329 -0.6148
vn -0.7791 -0.1350 -0.6122
vn -0.7821 -0.1381 -0.6077
vn -0.7869 -0.1389 -0.6013
vn -0.7934 -0.1350 -0.5935
vn -0.8010 -0.1284 -0.5847
vn 0.9699 -0.0172 -0.2430
vn 0.9713 0.0039 -0.2376
vn 0.9876 -0.0248 -0.1553
vn 0.9935 -0.0331 -0.1088
vn 0.9706 -0.0439 -0.2367
vt 0.126736 0.500000
vt 0.125217 0.500000
vt 0.125113 0.500000
vt 0.125904 0.500000
vt 0.125000 0.500000
vt 0.125000 0.500000
vt 0.125036 0.500000
vt 0.125289 0.500000
vt 0.125005 0.500000
vt 0.125000 0.500000
vt 0.125113 0.500000
vt 0.125904 0.500000
vt 0.125217 0.500000
vt 0.125326 0.500000
vt 0.127604 0.500000
vt 0.125434 0.500000
vt 0.128472 0.500000
vt 0.125434 0.500000
vt 0.128906 0.500000
vt 0.125090 0.500000
vt 0.124928 0.500289
vt 0.124638 0.501447
vt 0.121817 0.512731
vt 0.124566 0.501736
vt 0.121528 0.513889
vt 0.124566 0.501736
vt 0.121528 0.513889
vt 0.124566 0.501736
vt 0.121817 0.512731
vt 0.124638 0.498553
vt 0.124928 0.499711
vt 0.124566 0.498264
vt 0.121528 0.486111
vt 0.121817 0.487269
vt 0.104167 0.416667
vt 0.114584 0.458334
vt 0.114222 0.456887
vt 0.104167 0.416667
vt 0.114149 0.456597
vt 0.104167 0.416667
vt 0.125000 0.500000
vt 0.127826 0.500000
vt 0.130425 0.500000
vt 0.130425 0.500000
vt 0.135417 0.500000
vt 0.133138 0.500000
vt 0.140625 0.500000
vt 0.135851 0.500000
vt 0.145833 0.500000
vt 0.138455 0.500000
vt 0.151042 0.500000
vt 0.140625 0.500000
vt 0.156250 0.500000
vt 0.127604 0.520833
vt 0.130208 0.541667
vt 0.114584 0.541667
vt 0.104167 0.583333
vt 0.114222 0.543113
vt 0.104167 0.583333
vt 0.114149 0.543403
vt 0.104167 0.583333
vt 0.114149 0.543403
vt 0.104167 0.583333
vt 0.114149 0.543403
vt 0.114222 0.543113
vt 0.104167 0.583333
vt 0.104167 0.500000
vt 0.114583 0.500000
vt 0.020833 0.083333
vt 0.020833 0.500000
vt 0.031250 0.500000
vt 0.031250 0.125000
vt 0.020833 0.916667
vt 0.031250 0.875000
vt 0.041667 0.833333
vt 0.041667 0.500000
vt 0.041667 0.166667
vt 0.052083 0.500000
vt 0.052084 0.208334
vt 0.052084 0.791667
vt 0.062500 0.750000
vt 0.062500 0.500000
vt 0.062500 0.250000
vt 0.072917 0.500000
vt 0.072917 0.291667
vt 0.072917 0.708334
vt 0.083333 0.666667
vt 0.083333 0.500000
vt 0.083333 0.333333
vt 0.093750 0.500000
vt 0.093750 0.375000
vt 0.093750 0.625000
vt 0.020833 0.916667
vt 0.031250 0.875000
vt 0.031250 0.875000
vt 0.020833 0.916667
vt 0.041667 0.833333
vt 0.041667 0.833333
vt 0.052083 0.791667
vt 0.052083 0.791667
vt 0.062500 0.750000
vt 0.072917 0.708333
vt 0.072917 0.708333
vt 0.083333 0.666667
vt 0.083333 0.666667
vt 0.093750 0.625000
vt 0.093750 0.625000
vt 0.062500 0.750000
vt 0.062500 0.750000
vt 0.072917 0.708333
vt 0.072917 0.708334
vt 0.083333 0.666667
vt 0.083333 0.666667
vt 0.093750 0.625000
vt 0.031250 0.875000
vt 0.041667 0.833333
vt 0.052083 0.791667
vt 0.083333 0.666667
vt 0.281250 0.500000
vt 0.265625 0.500000
vt 0.148438 0.687500
vt 0.151042 0.708334
vt 0.250000 0.500000
vt 0.145833 0.666667
vt 0.234375 0.500000
vt 0.143229 0.645833
vt 0.218750 0.500000
vt 0.140625 0.625000
vt 0.203125 0.500000
vt 0.138021 0.604167
vt 0.187500 0.500000
vt 0.135417 0.583333
vt 0.171875 0.500000
vt 0.132813 0.562500
vt 0.229167 0.500000
vt 0.218750 0.500000
vt 0.242188 0.500000
vt 0.255209 0.500000
vt 0.208333 0.500000
vt 0.229167 0.500000
vt 0.197917 0.500000
vt 0.216146 0.500000
vt 0.187500 0.500000
vt 0.203125 0.500000
vt 0.177083 0.500000
vt 0.190104 0.500000
vt 0.166667 0.500000
vt 0.164062 0.500000
vt 0.177083 0.500000
vt 0.171875 0.500000
vt 0.195313 0.500000
vt 0.166667 0.500000
vt 0.161458 0.500000
vt 0.179688 0.500000
vt 0.156250 0.500000
vt 0.151042 0.500000
vt 0.164063 0.500000
vt 0.145833 0.500000
vt 0.156250 0.500000
vt 0.148438 0.500000
vt 0.132089 0.500000
vt 0.149233 0.500000
vt 0.151042 0.500000
vt 0.131944 0.500000
vt 0.146701 0.500000
vt 0.131076 0.500000
vt 0.143989 0.500000
vt 0.130208 0.500000
vt 0.141276 0.500000
vt 0.129340 0.500000
vt 0.138563 0.500000
vt 0.128472 0.500000
vt 0.135851 0.500000
vt 0.031250 0.125000
vt 0.020833 0.083333
vt 0.041667 0.166667
vt 0.041667 0.166667
vt 0.031250 0.125000
vt 0.020833 0.083333
vt 0.052083 0.208333
vt 0.052083 0.208333
vt 0.072917 0.291667
vt 0.083333 0.333333
vt 0.083333 0.333333
vt 0.072917 0.291667
vt 0.093750 0.375000
vt 0.125796 0.500000
vt 0.125868 0.500000
vt 0.125760 0.500000
vt 0.125651 0.500000
vt 0.125543 0.500000
vt 0.115000 0.460000
vt 0.117833 0.471332
vt 0.124149 0.496595
vt 0.124022 0.496088
vt 0.121528 0.486111
vt 0.124453 0.497814
vt 0.119679 0.478717
vt 0.124321 0.497283
vt 0.122685 0.490741
vt 0.124711 0.498843
vt 0.124964 0.499855
vt 0.123877 0.495509
vt 0.124792 0.499167
vt 0.123877 0.495509
vt 0.115000 0.460000
vt 0.124149 0.496595
vt 0.117833 0.471332
vt 0.123634 0.494537
vt 0.111869 0.447477
vt 0.123634 0.494537
vt 0.111869 0.447477
vt 0.124321 0.497283
vt 0.104481 0.417923
vt 0.079028 0.316111
vt 0.079028 0.316111
vt 0.000000 0.000000
vt 0.083889 0.335556
vt 0.062500 0.250000
vt 0.125904 0.500000
vt 0.125036 0.500000
vt 0.125904 0.500000
vt 0.125434 0.500000
vt 0.129123 0.500289
vt 0.125515 0.500036
vt 0.128472 0.502315
vt 0.125434 0.500289
vt 0.125832 0.506944
vt 0.125104 0.500868
vt 0.122975 0.511574
vt 0.124747 0.501447
vt 0.121709 0.513600
vt 0.124589 0.501700
vt 0.124566 0.501736
vt 0.124566 0.501736
vt 0.121528 0.513310
vt 0.124566 0.501664
vt 0.121528 0.509259
vt 0.124566 0.501157
vt 0.124566 0.498843
vt 0.124566 0.498336
vt 0.121528 0.490741
vt 0.121528 0.486690
vt 0.104167 0.444445
vt 0.104167 0.420139
vt 0.114149 0.458406
vt 0.114149 0.471065
vt 0.124566 0.500000
vt 0.121528 0.500000
vt 0.135417 0.500000
vt 0.149740 0.501736
vt 0.137885 0.500904
vt 0.145833 0.513889
vt 0.135851 0.507234
vt 0.129991 0.541667
vt 0.127600 0.521701
vt 0.112847 0.569444
vt 0.118671 0.536169
vt 0.105252 0.581597
vt 0.114715 0.542498
vt 0.114149 0.543403
vt 0.114149 0.543403
vt 0.104167 0.579861
vt 0.114149 0.541594
vt 0.104167 0.555556
vt 0.114149 0.528935
vt 0.114149 0.500000
vt 0.104167 0.500000
vt 0.031250 0.238426
vt 0.031250 0.500000
vt 0.041667 0.277778
vt 0.041667 0.500000
vt 0.041667 0.722222
vt 0.031250 0.761574
vt 0.052083 0.305556
vt 0.052083 0.500000
vt 0.062500 0.333333
vt 0.062500 0.500000
vt 0.062500 0.666667
vt 0.052083 0.694444
vt 0.072917 0.361111
vt 0.083333 0.388889
vt 0.083333 0.500000
vt 0.083333 0.611111
vt 0.072917 0.638889
vt 0.093750 0.416667
vt 0.093750 0.500000
vt 0.093750 0.583333
vt 0.031250 0.862269
vt 0.031250 0.875000
vt 0.041667 0.819444
vt 0.041667 0.833333
vt 0.052083 0.779514
vt 0.062500 0.739583
vt 0.072917 0.699653
vt 0.083333 0.659722
vt 0.083333 0.666667
vt 0.093750 0.619792
vt 0.031250 0.875000
vt 0.052083 0.791667
vt 0.083333 0.666667
vt 0.093750 0.625000
vt 0.035229 0.868634
vt 0.066696 0.818287
vt 0.046007 0.826389
vt 0.076389 0.777778
vt 0.055881 0.785590
vt 0.082465 0.743056
vt 0.065755 0.744792
vt 0.088542 0.708333
vt 0.075629 0.703993
vt 0.094618 0.673611
vt 0.085503 0.663195
vt 0.100694 0.638889
vt 0.095378 0.622396
vt 0.106771 0.604167
vt 0.281250 0.500000
vt 0.151042 0.708334
vt 0.147642 0.687500
vt 0.223090 0.556713
vt 0.144965 0.666667
vt 0.208333 0.555556
vt 0.142470 0.645833
vt 0.197917 0.548611
vt 0.139974 0.625000
vt 0.187500 0.541667
vt 0.137478 0.604167
vt 0.177083 0.534722
vt 0.134983 0.583333
vt 0.166667 0.527778
vt 0.132487 0.562500
vt 0.156250 0.520833
vt 0.237413 0.506366
vt 0.223958 0.506944
vt 0.208333 0.500000
vt 0.211588 0.506076
vt 0.197917 0.500000
vt 0.199219 0.505208
vt 0.186849 0.504340
vt 0.177083 0.500000
vt 0.174479 0.503472
vt 0.166667 0.500000
vt 0.162109 0.502604
vt 0.156250 0.500000
vt 0.195312 0.500000
vt 0.179688 0.500000
vt 0.161458 0.500000
vt 0.171875 0.500000
vt 0.156250 0.500000
vt 0.164063 0.500000
vt 0.148438 0.500000
vt 0.140625 0.500000
vt 0.131944 0.500000
vt 0.131076 0.500000
vt 0.141276 0.500000
vt 0.138563 0.500000
vt 0.129340 0.500000
vt 0.127604 0.500000
vt 0.031250 0.137731
vt 0.041667 0.180556
vt 0.052083 0.220486
vt 0.062500 0.260417
vt 0.072917 0.300347
vt 0.083333 0.340278
vt 0.093750 0.380208
vt 0.125760 0.500000
vt 0.125651 0.500000
vt 0.117833 0.471332
vt 0.104481 0.417923
vt 0.083889 0.335556
s 1
usemtl bottom_M
f 40/1/1 961/2/2 2860/3/3 960/4/4
f 961/2/2 39/5/5 962/6/6 2860/3/3
f 2860/3/3 962/6/6 1/5/7 963/7/8
f 960/4/4 2860/3/3 963/7/8 2/8/9
f 2/8/9 963/7/8 2861/9/10 964/7/11
f 963/7/8 1/5/7 965/5/12 2861/9/10
f 2861/9/10 965/5/12 3/5/13 966/5/14
f 964/7/11 2861/9/10 966/5/14 4/10/15
f 4/10/15 966/5/14 2862/5/16 967/5/17
f 966/5/14 3/5/13 968/5/18 2862/5/16
f 2862/5/16 968/5/18 5/5/19 969/5/20
f 967/5/17 2862/5/16 969/5/20 6/5/21
f 6/5/21 969/5/20 2863/5/22 970/5/23
f 969/5/20 5/5/19 971/5/24 2863/5/22
f 2863/5/22 971/5/24 7/5/25 972/6/26
f 970/5/23 2863/5/22 972/6/26 8/6/27
f 8/6/28 972/6/29 2864/5/30 973/5/31
f 972/6/29 7/5/32 974/6/33 2864/5/30
f 2864/5/30 974/6/33 9/5/34 975/5/35
f 973/5/31 2864/5/30 975/5/35 10/5/36
f 10/5/36 975/5/35 2865/5/37 976/5/38
f 975/5/35 9/5/34 977/6/39 2865/5/37
f 2865/5/37 977/6/39 11/6/40 978/6/41
f 976/5/38 2865/5/37 978/6/41 12/6/42
f 12/6/43 978/6/44 2866/5/45 979/5/46
f 978/6/44 11/6/47 980/5/48 2866/5/45
f 2866/5/45 980/5/48 13/5/49 981/5/50
f 979/5/46 2866/5/45 981/5/50 14/5/51
f 2/8/9 964/7/11 2867/11/52 982/12/53
f 964/7/11 4/10/15 983/5/54 2867/11/52
f 2867/11/52 983/5/54 17/5/55 984/13/56
f 982/12/53 2867/11/52 984/13/56 16/1/57
f 16/1/57 984/13/56 2868/14/58 985/15/59
f 984/13/56 17/5/55 986/6/60 2868/14/58
f 2868/14/58 986/6/60 19/5/61 987/16/62
f 985/15/59 2868/14/58 987/16/62 18/17/63
f 18/17/63 987/16/62 2869/18/64 988/19/65
f 987/16/62 19/5/61 989/5/66 2869/18/64
f 2869/18/64 989/5/66 21/5/67 990/20/68
f 988/19/65 2869/18/64 990/20/68 20/5/69
f 20/5/69 990/20/68 2870/5/70 991/6/71
f 990/20/68 21/5/67 992/5/72 2870/5/70
f 2870/5/70 992/5/72 23/5/73 993/21/74
f 991/6/71 2870/5/70 993/21/74 22/5/75
f 22/5/75 993/21/74 2871/22/76 994/23/77
f 993/21/74 23/5/73 995/5/78 2871/22/76
f 2871/22/76 995/5/78 25/5/79 996/24/80
f 994/23/77 2871/22/76 996/24/80 24/25/81
f 24/25/81 996/24/80 2872/26/82 997/27/83
f 996/24/80 25/5/79 998/6/84 2872/26/82
f 2872/26/82 998/6/84 27/5/85 999/28/86
f 997/27/83 2872/26/82 999/28/86 26/25/87
f 26/25/87 999/28/86 2873/26/88 1000/27/89
f 999/28/86 27/5/85 1001/6/90 2873/26/88
f 2873/26/88 1001/6/90 29/5/91 1002/28/92
f 1000/27/89 2873/26/88 1002/28/92 28/25/93
f 28/25/93 1002/28/92 2874/22/94 1003/29/95
f 1002/28/92 29/5/91 1004/5/96 2874/22/94
f 2874/22/94 1004/5/96 31/5/97 1005/21/98
f 1003/29/95 2874/22/94 1005/21/98 30/5/99
f 14/5/51 981/5/50 2875/5/100 1006/6/101
f 981/5/50 13/5/49 1007/5/102 2875/5/100
f 2875/5/100 1007/5/102 15/5/103 1008/5/104
f 1006/6/101 2875/5/100 1008/5/104 32/10/105
f 32/10/105 1008/5/104 2876/30/106 1009/31/107
f 1008/5/104 15/5/103 1010/32/108 2876/30/106
f 2876/30/106 1010/32/108 33/33/109 1011/34/110
f 1009/31/107 2876/30/106 1011/34/110 34/5/111
f 49/35/112 1013/36/113 2877/37/114 1012/38/115
f 1013/36/113 34/5/111 1011/34/110 2877/37/114
f 2877/37/114 1011/34/110 33/33/109 1014/39/116
f 1012/38/115 2877/37/114 1014/39/116 54/40/117
f 31/5/97 1015/41/118 2878/5/119 1005/21/98
f 1015/41/118 32/10/105 1009/31/107 2878/5/119
f 2878/5/119 1009/31/107 34/5/111 1016/6/120
f 1005/21/98 2878/5/119 1016/6/120 30/5/99
f 40/1/1 960/4/4 2879/42/121 1017/43/122
f 960/4/4 2/8/9 982/12/53 2879/42/121
f 2879/42/121 982/12/53 16/1/57 1018/44/123
f 1017/43/122 2879/42/121 1018/44/123 59/45/124
f 59/45/124 1018/44/123 2880/46/125 1019/47/126
f 1018/44/123 16/1/57 985/15/59 2880/46/125
f 2880/46/125 985/15/59 18/17/63 1020/48/127
f 1019/47/126 2880/46/125 1020/48/127 64/49/128
f 64/49/128 1020/48/127 2881/50/129 1021/51/130
f 1020/48/127 18/17/63 988/19/65 2881/50/129
f 2881/50/129 988/19/65 20/5/69 1022/52/131
f 1021/51/130 2881/50/129 1022/52/131 69/53/132
f 69/53/132 1022/52/131 2882/54/133 1023/55/134
f 1022/52/131 20/5/69 991/6/71 2882/54/133
f 2882/54/133 991/6/71 22/5/75 1024/56/135
f 1023/55/134 2882/54/133 1024/56/135 74/57/136
f 74/57/136 1024/56/135 2883/58/137 1025/59/138
f 1024/56/135 22/5/75 994/23/77 2883/58/137
f 2883/58/137 994/23/77 24/25/81 1026/60/139
f 1025/59/138 2883/58/137 1026/60/139 79/61/140
f 79/61/140 1026/60/139 2884/62/141 1027/63/142
f 1026/60/139 24/25/81 997/27/83 2884/62/141
f 2884/62/141 997/27/83 26/25/87 1028/64/143
f 1027/63/142 2884/62/141 1028/64/143 84/61/144
f 84/61/144 1028/64/143 2885/62/145 1029/63/146
f 1028/64/143 26/25/87 1000/27/89 2885/62/145
f 2885/62/145 1000/27/89 28/25/93 1030/64/147
f 1029/63/146 2885/62/145 1030/64/147 89/61/148
f 89/61/148 1030/64/147 2886/65/149 1031/66/150
f 1030/64/147 28/25/93 1003/29/95 2886/65/149
f 2886/65/149 1003/29/95 30/5/99 1032/56/151
f 1031/66/150 2886/65/149 1032/56/151 94/57/152
f 49/35/112 1033/67/153 2887/68/154 1013/36/113
f 1033/67/153 94/57/152 1032/56/151 2887/68/154
f 2887/68/154 1032/56/151 30/5/99 1016/6/120
f 1013/36/113 2887/68/154 1016/6/120 34/5/111
f 45/69/155 1035/70/156 2888/71/157 1034/72/158
f 1035/70/156 90/73/159 1036/74/160 2888/71/157
f 2888/71/157 1036/74/160 91/75/161 1037/76/162
f 1034/72/158 2888/71/157 1037/76/162 46/77/163
f 46/77/163 1037/76/162 2889/78/164 1038/79/165
f 1037/76/162 91/75/161 1039/80/166 2889/78/164
f 2889/78/164 1039/80/166 92/81/167 1040/82/168
f 1038/79/165 2889/78/164 1040/82/168 47/83/169
f 47/83/169 1040/82/168 2890/84/170 1041/85/171
f 1040/82/168 92/81/167 1042/86/172 2890/84/170
f 2890/84/170 1042/86/172 93/87/173 1043/88/174
f 1041/85/171 2890/84/170 1043/88/174 48/89/175
f 48/89/175 1043/88/174 2891/90/176 1044/91/177
f 1043/88/174 93/87/173 1045/92/178 2891/90/176
f 2891/90/176 1045/92/178 94/57/152 1033/67/153
f 1044/91/177 2891/90/176 1033/67/153 49/35/112
f 85/93/179 1047/94/180 2892/95/181 1046/96/182
f 1047/94/180 86/97/183 1048/98/184 2892/95/181
f 2892/95/181 1048/98/184 91/75/161 1036/74/160
f 1046/96/182 2892/95/181 1036/74/160 90/73/159
f 86/97/183 1049/99/185 2893/100/186 1048/98/184
f 1049/99/185 87/101/187 1050/81/188 2893/100/186
f 2893/100/186 1050/81/188 92/81/167 1039/80/166
f 1048/98/184 2893/100/186 1039/80/166 91/75/161
f 87/101/187 1051/102/189 2894/103/190 1050/81/188
f 1051/102/189 88/104/191 1052/105/192 2894/103/190
f 2894/103/190 1052/105/192 93/87/173 1042/86/172
f 1050/81/188 2894/103/190 1042/86/172 92/81/167
f 88/104/191 1053/106/193 2895/107/194 1052/105/192
f 1053/106/193 89/61/148 1031/66/150 2895/107/194
f 2895/107/194 1031/66/150 94/57/152 1045/92/178
f 1052/105/192 2895/107/194 1045/92/178 93/87/173
f 80/93/195 1055/94/196 2896/94/197 1054/96/198
f 1055/94/196 81/97/199 1056/97/200 2896/94/197
f 2896/94/197 1056/97/200 86/97/183 1047/94/180
f 1054/96/198 2896/94/197 1047/94/180 85/93/179
f 81/97/199 1057/100/201 2897/100/202 1056/97/200
f 1057/100/201 82/108/203 1058/109/204 2897/100/202
f 2897/100/202 1058/109/204 87/101/187 1049/99/185
f 1056/97/200 2897/100/202 1049/99/185 86/97/183
f 82/108/203 1059/110/205 2898/111/206 1058/109/204
f 1059/110/205 83/112/207 1060/113/208 2898/111/206
f 2898/111/206 1060/113/208 88/104/191 1051/102/189
f 1058/109/204 2898/111/206 1051/102/189 87/101/187
f 83/112/207 1061/114/209 2899/107/210 1060/113/208
f 1061/114/209 84/61/144 1029/63/146 2899/107/210
f 2899/107/210 1029/63/146 89/61/148 1053/106/193
f 1060/113/208 2899/107/210 1053/106/193 88/104/191
f 75/93/211 1063/94/212 2900/94/213 1062/96/214
f 1063/94/212 76/97/215 1064/97/216 2900/94/213
f 2900/94/213 1064/97/216 81/97/199 1055/94/196
f 1062/96/214 2900/94/213 1055/94/196 80/93/195
f 76/97/215 1065/100/217 2901/100/218 1064/97/216
f 1065/100/217 77/108/219 1066/109/220 2901/100/218
f 2901/100/218 1066/109/220 82/108/203 1057/100/201
f 1064/97/216 2901/100/218 1057/100/201 81/97/199
f 77/108/219 1067/110/221 2902/111/222 1066/109/220
f 1067/110/221 78/112/223 1068/113/224 2902/111/222
f 2902/111/222 1068/113/224 83/112/207 1059/110/205
f 1066/109/220 2902/111/222 1059/110/205 82/108/203
f 78/112/223 1069/114/225 2903/107/226 1068/113/224
f 1069/114/225 79/61/140 1027/63/142 2903/107/226
f 2903/107/226 1027/63/142 84/61/144 1061/114/209
f 1068/113/224 2903/107/226 1061/114/209 83/112/207
f 70/73/227 1071/74/228 2904/115/229 1070/96/230
f 1071/74/228 71/75/231 1072/116/232 2904/115/229
f 2904/115/229 1072/116/232 76/97/215 1063/94/212
f 1070/96/230 2904/115/229 1063/94/212 75/93/211
f 71/75/231 1073/80/233 2905/117/234 1072/116/232
f 1073/80/233 72/81/235 1074/101/236 2905/117/234
f 2905/117/234 1074/101/236 77/108/219 1065/100/217
f 1072/116/232 2905/117/234 1065/100/217 76/97/215
f 72/81/235 1075/86/237 2906/103/238 1074/101/236
f 1075/86/237 73/87/239 1076/118/240 2906/103/238
f 2906/103/238 1076/118/240 78/112/223 1067/110/221
f 1074/101/236 2906/103/238 1067/110/221 77/108/219
f 73/87/239 1077/92/241 2907/106/242 1076/118/240
f 1077/92/241 74/57/136 1025/59/138 2907/106/242
f 2907/106/242 1025/59/138 79/61/140 1069/114/225
f 1076/118/240 2907/106/242 1069/114/225 78/112/223
f 65/119/243 1079/120/244 2908/121/245 1078/122/246
f 1079/120/244 66/123/247 1080/124/248 2908/121/245
f 2908/121/245 1080/124/248 71/75/231 1071/74/228
f 1078/122/246 2908/121/245 1071/74/228 70/73/227
f 66/123/247 1081/125/249 2909/126/250 1080/124/248
f 1081/125/249 67/127/251 1082/128/252 2909/126/250
f 2909/126/250 1082/128/252 72/81/235 1073/80/233
f 1080/124/248 2909/126/250 1073/80/233 71/75/231
f 67/127/251 1083/129/253 2910/130/254 1082/128/252
f 1083/129/253 68/131/255 1084/132/256 2910/130/254
f 2910/130/254 1084/132/256 73/87/239 1075/86/237
f 1082/128/252 2910/130/254 1075/86/237 72/81/235
f 68/131/255 1085/133/257 2911/134/258 1084/132/256
f 1085/133/257 69/53/132 1023/55/134 2911/134/258
f 2911/134/258 1023/55/134 74/57/136 1077/92/241
f 1084/132/256 2911/134/258 1077/92/241 73/87/239
f 60/135/259 1087/136/260 2912/137/261 1086/138/262
f 1087/136/260 61/139/263 1088/140/264 2912/137/261
f 2912/137/261 1088/140/264 66/123/247 1079/120/244
f 1086/138/262 2912/137/261 1079/120/244 65/119/243
f 61/139/263 1089/141/265 2913/142/266 1088/140/264
f 1089/141/265 62/143/267 1090/144/268 2913/142/266
f 2913/142/266 1090/144/268 67/127/251 1081/125/249
f 1088/140/264 2913/142/266 1081/125/249 66/123/247
f 62/143/267 1091/145/269 2914/146/270 1090/144/268
f 1091/145/269 63/147/271 1092/145/272 2914/146/270
f 2914/146/270 1092/145/272 68/131/255 1083/129/253
f 1090/144/268 2914/146/270 1083/129/253 67/127/251
f 63/147/271 1093/53/273 2915/148/274 1092/145/272
f 1093/53/273 64/49/128 1021/51/130 2915/148/274
f 2915/148/274 1021/51/130 69/53/132 1085/133/257
f 1092/145/272 2915/148/274 1085/133/257 68/131/255
f 55/149/275 1095/150/276 2916/151/277 1094/129/278
f 1095/150/276 56/152/279 1096/143/280 2916/151/277
f 2916/151/277 1096/143/280 61/139/263 1087/136/260
f 1094/129/278 2916/151/277 1087/136/260 60/135/259
f 56/152/279 1097/153/281 2917/154/282 1096/143/280
f 1097/153/281 57/155/283 1098/133/284 2917/154/282
f 2917/154/282 1098/133/284 62/143/267 1089/141/265
f 1096/143/280 2917/154/282 1089/141/265 61/139/263
f 57/155/283 1099/156/285 2918/157/286 1098/133/284
f 1099/156/285 58/158/287 1100/159/288 2918/157/286
f 2918/157/286 1100/159/288 63/147/271 1091/145/269
f 1098/133/284 2918/157/286 1091/145/269 62/143/267
f 58/158/287 1101/52/289 2919/160/290 1100/159/288
f 1101/52/289 59/45/124 1019/47/126 2919/160/290
f 2919/160/290 1019/47/126 64/49/128 1093/53/273
f 1100/159/288 2919/160/290 1093/53/273 63/147/271
f 44/5/291 1103/161/292 2920/162/293 1102/163/294
f 1103/161/292 43/164/295 1104/165/296 2920/162/293
f 2920/162/293 1104/165/296 56/152/279 1095/150/276
f 1102/163/294 2920/162/293 1095/150/276 55/149/275
f 43/164/295 1105/166/297 2921/167/298 1104/165/296
f 1105/166/297 42/168/299 1106/169/300 2921/167/298
f 2921/167/298 1106/169/300 57/155/283 1097/153/281
f 1104/165/296 2921/167/298 1097/153/281 56/152/279
f 42/168/299 1107/170/301 2922/171/302 1106/169/300
f 1107/170/301 41/172/303 1108/173/304 2922/171/302
f 2922/171/302 1108/173/304 58/158/287 1099/156/285
f 1106/169/300 2922/171/302 1099/156/285 57/155/283
f 41/172/303 1109/15/305 2923/46/306 1108/173/304
f 1109/15/305 40/1/1 1017/43/122 2923/46/306
f 2923/46/306 1017/43/122 59/45/124 1101/52/289
f 1108/173/304 2923/46/306 1101/52/289 58/158/287
f 45/69/155 1034/72/158 2924/174/307 1110/175/308
f 1034/72/158 46/77/163 1111/176/309 2924/174/307
f 2924/174/307 1111/176/309 51/177/310 1112/178/311
f 1110/175/308 2924/174/307 1112/178/311 50/179/312
f 46/77/163 1038/79/165 2925/180/313 1111/176/309
f 1038/79/165 47/83/169 1113/83/314 2925/180/313
f 2925/180/313 1113/83/314 52/83/315 1114/181/316
f 1111/176/309 2925/180/313 1114/181/316 51/177/310
f 47/83/169 1041/85/171 2926/182/317 1113/83/314
f 1041/85/171 48/89/175 1115/183/318 2926/182/317
f 2926/182/317 1115/183/318 53/184/319 1116/185/320
f 1113/83/314 2926/182/317 1116/185/320 52/83/315
f 48/89/175 1044/91/177 2927/186/321 1115/183/318
f 1044/91/177 49/35/112 1012/38/115 2927/186/321
f 2927/186/321 1012/38/115 54/40/117 1117/186/322
f 1115/183/318 2927/186/321 1117/186/322 53/184/319
f 44/5/291 1118/6/323 2928/187/324 1103/161/292
f 1118/6/323 35/5/325 1119/5/326 2928/187/324
f 2928/187/324 1119/5/326 36/5/327 1120/188/328
f 1103/161/292 2928/187/324 1120/188/328 43/164/295
f 43/164/295 1120/188/328 2929/189/329 1105/166/297
f 1120/188/328 36/5/327 1121/6/330 2929/189/329
f 2929/189/329 1121/6/330 37/5/331 1122/190/332
f 1105/166/297 2929/189/329 1122/190/332 42/168/299
f 42/168/299 1122/190/332 2930/191/333 1107/170/301
f 1122/190/332 37/5/331 1123/6/334 2930/191/333
f 2930/191/333 1123/6/334 38/5/335 1124/16/336
f 1107/170/301 2930/191/333 1124/16/336 41/172/303
f 41/172/303 1124/16/336 2931/14/337 1109/15/305
f 1124/16/336 38/5/335 1125/6/338 2931/14/337
f 2931/14/337 1125/6/338 39/5/5 961/2/2
f 1109/15/305 2931/14/337 961/2/2 40/1/1
f 25/5/79 995/5/78 2932/6/339 1126/6/340
f 995/5/78 23/5/73 1127/6/341 2932/6/339
f 2932/6/339 1127/6/341 104/5/342 1128/6/343
f 1126/6/340 2932/6/339 1128/6/343 105/5/344
f 12/6/43 979/5/46 2933/5/345 1129/6/346
f 979/5/46 14/5/51 1130/5/347 2933/5/345
f 2933/5/345 1130/5/347 100/5/348 1131/5/349
f 1129/6/346 2933/5/345 1131/5/349 99/6/350
f 21/5/67 989/5/66 2934/6/351 1132/6/352
f 989/5/66 19/5/61 1133/6/353 2934/6/351
f 2934/6/351 1133/6/353 102/5/354 1134/6/355
f 1132/6/352 2934/6/351 1134/6/355 103/5/356
f 31/5/97 1004/5/96 2935/6/357 1135/6/358
f 1004/5/96 29/5/91 1136/6/359 2935/6/357
f 2935/6/357 1136/6/359 107/5/360 1137/6/361
f 1135/6/358 2935/6/357 1137/6/361 108/5/362
f 8/6/28 973/5/31 2936/5/363 1138/6/364
f 973/5/31 10/5/36 1139/5/365 2936/5/363
f 2936/5/363 1139/5/365 98/5/366 1140/5/367
f 1138/6/364 2936/5/363 1140/5/367 97/5/368
f 17/5/55 983/5/54 2937/5/369 1141/5/370
f 983/5/54 4/10/15 1142/5/371 2937/5/369
f 2937/5/369 1142/5/371 95/5/372 1143/5/373
f 1141/5/370 2937/5/369 1143/5/373 101/5/374
f 27/5/85 998/6/84 2938/6/375 1144/6/376
f 998/6/84 25/5/79 1126/6/340 2938/6/375
f 2938/6/375 1126/6/340 105/5/344 1145/6/377
f 1144/6/376 2938/6/375 1145/6/377 106/5/378
f 4/10/15 967/5/17 2939/6/379 1142/5/371
f 967/5/17 6/5/21 1146/5/380 2939/6/379
f 2939/6/379 1146/5/380 96/5/381 1147/5/382
f 1142/5/371 2939/6/379 1147/5/382 95/5/372
f 23/5/73 992/5/72 2940/6/383 1127/6/341
f 992/5/72 21/5/67 1132/6/352 2940/6/383
f 2940/6/383 1132/6/352 103/5/356 1148/6/384
f 1127/6/341 2940/6/383 1148/6/384 104/5/342
f 32/10/105 1015/41/118 2941/5/385 1149/5/386
f 1015/41/118 31/5/97 1135/6/358 2941/5/385
f 2941/5/385 1135/6/358 108/5/362 1150/5/387
f 1149/5/386 2941/5/385 1150/5/387 109/5/388
f 10/5/36 976/5/38 2942/5/389 1139/5/365
f 976/5/38 12/6/42 1129/6/390 2942/5/389
f 2942/5/389 1129/6/390 99/6/391 1151/5/392
f 1139/5/365 2942/5/389 1151/5/392 98/5/366
f 19/5/61 986/6/60 2943/6/393 1133/6/353
f 986/6/60 17/5/55 1141/5/370 2943/6/393
f 2943/6/393 1141/5/370 101/5/374 1152/6/394
f 1133/6/353 2943/6/393 1152/6/394 102/5/354
f 29/5/91 1001/6/90 2944/6/395 1136/6/359
f 1001/6/90 27/5/85 1144/6/376 2944/6/395
f 2944/6/395 1144/6/376 106/5/378 1153/6/396
f 1136/6/359 2944/6/395 1153/6/396 107/5/360
f 14/5/51 1006/6/101 2945/5/397 1130/5/347
f 1006/6/101 32/10/105 1149/5/386 2945/5/397
f 2945/5/397 1149/5/386 109/5/388 1154/5/398
f 1130/5/347 2945/5/397 1154/5/398 100/5/348
f 6/5/21 970/5/23 2946/5/399 1146/5/380
f 970/5/23 8/6/27 1138/6/400 2946/5/399
f 2946/5/399 1138/6/400 97/5/401 1155/6/402
f 1146/5/380 2946/5/399 1155/6/402 96/5/381
f 127/5/403 1157/6/404 2947/5/405 1156/5/406
f 1157/6/404 126/5/407 1158/6/408 2947/5/405
f 2947/5/405 1158/6/408 112/5/409 1159/5/410
f 1156/5/406 2947/5/405 1159/5/410 111/5/411
f 131/5/412 1161/6/413 2948/6/414 1160/6/415
f 1161/6/413 130/5/416 1162/6/417 2948/6/414
f 2948/6/414 1162/6/417 119/5/418 1163/6/419
f 1160/6/415 2948/6/414 1163/6/419 120/5/420
f 126/5/421 1164/5/422 2949/5/423 1158/6/424
f 1164/5/422 134/5/425 1165/5/426 2949/5/423
f 2949/5/423 1165/5/426 113/6/427 1166/6/428
f 1158/6/424 2949/5/423 1166/6/428 112/5/429
f 135/5/430 1168/6/431 2950/6/432 1167/6/433
f 1168/6/431 131/5/412 1160/6/415 2950/6/432
f 2950/6/432 1160/6/415 120/5/420 1169/6/434
f 1167/6/433 2950/6/432 1169/6/434 121/5/435
f 134/5/425 1170/5/436 2951/5/437 1165/5/426
f 1170/5/436 138/6/438 1171/6/439 2951/5/437
f 2951/5/437 1171/6/439 114/5/440 1172/6/441
f 1165/5/426 2951/5/437 1172/6/441 113/6/427
f 139/5/442 1174/6/443 2952/6/444 1173/6/445
f 1174/6/443 135/5/430 1167/6/433 2952/6/444
f 2952/6/444 1167/6/433 121/5/435 1175/6/446
f 1173/6/445 2952/6/444 1175/6/446 122/5/447
f 138/6/448 1176/5/449 2953/5/450 1171/6/451
f 1176/5/449 142/5/452 1177/5/453 2953/5/450
f 2953/5/450 1177/5/453 115/5/454 1178/5/455
f 1171/6/451 2953/5/450 1178/5/455 114/5/456
f 143/5/457 1180/6/458 2954/6/459 1179/6/460
f 1180/6/458 139/5/442 1173/6/445 2954/6/459
f 2954/6/459 1173/6/445 122/5/447 1181/6/461
f 1179/6/460 2954/6/459 1181/6/461 123/5/462
f 147/5/463 1183/6/464 2955/6/465 1182/6/466
f 1183/6/464 146/5/467 1184/6/468 2955/6/465
f 2955/6/465 1184/6/468 110/5/469 1185/6/470
f 1182/6/466 2955/6/465 1185/6/470 116/5/471
f 142/5/452 1186/6/472 2956/6/473 1177/5/453
f 1186/6/472 150/5/474 1187/6/475 2956/6/473
f 2956/6/473 1187/6/475 124/5/476 1188/6/477
f 1177/5/453 2956/6/473 1188/6/477 115/5/454
f 151/5/478 1190/6/479 2957/6/480 1189/6/481
f 1190/6/479 147/5/463 1182/6/466 2957/6/480
f 2957/6/480 1182/6/466 116/5/471 1191/6/482
f 1189/6/481 2957/6/480 1191/6/482 117/5/483
f 150/5/474 1192/6/484 2958/6/485 1187/6/475
f 1192/6/484 143/5/457 1179/6/460 2958/6/485
f 2958/6/485 1179/6/460 123/5/462 1193/6/486
f 1187/6/475 2958/6/485 1193/6/486 124/5/476
f 153/5/487 1195/6/488 2959/6/489 1194/6/490
f 1195/6/488 151/5/478 1189/6/481 2959/6/489
f 2959/6/489 1189/6/481 117/5/483 1196/6/491
f 1194/6/490 2959/6/489 1196/6/491 118/5/492
f 146/5/467 1197/5/493 2960/5/494 1184/6/468
f 1197/5/493 127/5/403 1156/5/406 2960/5/494
f 2960/5/494 1156/5/406 111/5/411 1198/5/495
f 1184/6/468 2960/5/494 1198/5/495 110/5/469
f 130/5/416 1199/6/496 2961/6/497 1162/6/417
f 1199/6/496 153/5/487 1194/6/490 2961/6/497
f 2961/6/497 1194/6/490 118/5/492 1200/6/498
f 1162/6/417 2961/6/497 1200/6/498 119/5/418
f 104/5/342 1148/6/384 2962/6/499 1201/6/500
f 1148/6/384 103/5/356 1202/6/501 2962/6/499
f 2962/6/499 1202/6/501 154/5/502 1203/6/503
f 1201/6/500 2962/6/499 1203/6/503 129/5/504
f 129/5/504 1203/6/503 2963/6/505 1204/6/506
f 1203/6/503 154/5/502 1205/6/507 2963/6/505
f 2963/6/505 1205/6/507 153/5/487 1199/6/496
f 1204/6/506 2963/6/505 1199/6/496 130/5/416
f 95/5/372 1147/5/382 2964/5/508 1206/5/509
f 1147/5/382 96/5/381 1207/6/510 2964/5/508
f 2964/5/508 1207/6/510 128/6/511 1208/5/512
f 1206/5/509 2964/5/508 1208/5/512 145/5/513
f 145/5/513 1208/5/512 2965/5/514 1209/5/515
f 1208/5/512 128/6/511 1210/6/516 2965/5/514
f 2965/5/514 1210/6/516 127/5/403 1197/5/493
f 1209/5/515 2965/5/514 1197/5/493 146/5/467
f 103/5/356 1134/6/355 2966/6/517 1202/6/501
f 1134/6/355 102/5/354 1211/6/518 2966/6/517
f 2966/6/517 1211/6/518 152/5/519 1212/6/520
f 1202/6/501 2966/6/517 1212/6/520 154/5/502
f 154/5/502 1212/6/520 2967/6/521 1205/6/507
f 1212/6/520 152/5/519 1213/6/522 2967/6/521
f 2967/6/521 1213/6/522 151/5/478 1195/6/488
f 1205/6/507 2967/6/521 1195/6/488 153/5/487
f 109/5/388 1150/5/387 2968/6/523 1214/6/524
f 1150/5/387 108/5/362 1215/6/525 2968/6/523
f 2968/6/523 1215/6/525 144/5/526 1216/6/527
f 1214/6/524 2968/6/523 1216/6/527 149/5/528
f 149/5/528 1216/6/527 2969/6/529 1217/6/530
f 1216/6/527 144/5/526 1218/6/531 2969/6/529
f 2969/6/529 1218/6/531 143/5/457 1192/6/484
f 1217/6/530 2969/6/529 1192/6/484 150/5/474
f 102/5/354 1152/6/394 2970/6/532 1211/6/518
f 1152/6/394 101/5/374 1219/6/533 2970/6/532
f 2970/6/532 1219/6/533 148/5/534 1220/6/535
f 1211/6/518 2970/6/532 1220/6/535 152/5/519
f 152/5/519 1220/6/535 2971/6/536 1213/6/522
f 1220/6/535 148/5/534 1221/6/537 2971/6/536
f 2971/6/536 1221/6/537 147/5/463 1190/6/479
f 1213/6/522 2971/6/536 1190/6/479 151/5/478
f 100/5/348 1154/5/398 2972/6/538 1222/6/539
f 1154/5/398 109/5/388 1214/6/524 2972/6/538
f 2972/6/538 1214/6/524 149/5/528 1223/6/540
f 1222/6/539 2972/6/538 1223/6/540 141/5/541
f 141/5/541 1223/6/540 2973/6/542 1224/6/543
f 1223/6/540 149/5/528 1217/6/530 2973/6/542
f 2973/6/542 1217/6/530 150/5/474 1186/6/472
f 1224/6/543 2973/6/542 1186/6/472 142/5/452
f 101/5/374 1143/5/373 2974/6/544 1219/6/533
f 1143/5/373 95/5/372 1206/5/509 2974/6/544
f 2974/6/544 1206/5/509 145/5/513 1225/6/545
f 1219/6/533 2974/6/544 1225/6/545 148/5/534
f 148/5/534 1225/6/545 2975/6/546 1221/6/537
f 1225/6/545 145/5/513 1209/5/515 2975/6/546
f 2975/6/546 1209/5/515 146/5/467 1183/6/464
f 1221/6/537 2975/6/546 1183/6/464 147/5/463
f 108/5/362 1137/6/361 2976/6/547 1215/6/525
f 1137/6/361 107/5/360 1226/6/548 2976/6/547
f 2976/6/547 1226/6/548 140/5/549 1227/6/550
f 1215/6/525 2976/6/547 1227/6/550 144/5/526
f 144/5/526 1227/6/550 2977/6/551 1218/6/531
f 1227/6/550 140/5/549 1228/6/552 2977/6/551
f 2977/6/551 1228/6/552 139/5/442 1180/6/458
f 1218/6/531 2977/6/551 1180/6/458 143/5/457
f 99/6/350 1131/5/349 2978/5/553 1229/6/554
f 1131/5/349 100/5/348 1222/6/539 2978/5/553
f 2978/5/553 1222/6/539 141/5/541 1230/5/555
f 1229/6/554 2978/5/553 1230/5/555 137/6/556
f 137/6/556 1230/5/555 2979/5/557 1231/6/558
f 1230/5/555 141/5/541 1224/6/543 2979/5/557
f 2979/5/557 1224/6/543 142/5/452 1176/5/449
f 1231/6/558 2979/5/557 1176/5/449 138/6/448
f 107/5/360 1153/6/396 2980/6/559 1226/6/548
f 1153/6/396 106/5/378 1232/6/560 2980/6/559
f 2980/6/559 1232/6/560 136/5/561 1233/6/562
f 1226/6/548 2980/6/559 1233/6/562 140/5/549
f 140/5/549 1233/6/562 2981/6/563 1228/6/552
f 1233/6/562 136/5/561 1234/6/564 2981/6/563
f 2981/6/563 1234/6/564 135/5/430 1174/6/443
f 1228/6/552 2981/6/563 1174/6/443 139/5/442
f 98/5/366 1151/5/392 2982/5/565 1235/5/566
f 1151/5/392 99/6/391 1229/6/567 2982/5/565
f 2982/5/565 1229/6/567 137/6/568 1236/5/569
f 1235/5/566 2982/5/565 1236/5/569 133/5/570
f 133/5/570 1236/5/569 2983/5/571 1237/5/572
f 1236/5/569 137/6/568 1231/6/573 2983/5/571
f 2983/5/571 1231/6/573 138/6/438 1170/5/436
f 1237/5/572 2983/5/571 1170/5/436 134/5/425
f 106/5/378 1145/6/377 2984/6/574 1232/6/560
f 1145/6/377 105/5/344 1238/6/575 2984/6/574
f 2984/6/574 1238/6/575 132/5/576 1239/6/577
f 1232/6/560 2984/6/574 1239/6/577 136/5/561
f 136/5/561 1239/6/577 2985/6/578 1234/6/564
f 1239/6/577 132/5/576 1240/6/579 2985/6/578
f 2985/6/578 1240/6/579 131/5/412 1168/6/431
f 1234/6/564 2985/6/578 1168/6/431 135/5/430
f 97/5/368 1140/5/367 2986/5/580 1241/5/581
f 1140/5/367 98/5/366 1235/5/566 2986/5/580
f 2986/5/580 1235/5/566 133/5/570 1242/5/582
f 1241/5/581 2986/5/580 1242/5/582 125/5/583
f 125/5/583 1242/5/582 2987/5/584 1243/5/585
f 1242/5/582 133/5/570 1237/5/572 2987/5/584
f 2987/5/584 1237/5/572 134/5/425 1164/5/422
f 1243/5/585 2987/5/584 1164/5/422 126/5/421
f 105/5/344 1128/6/343 2988/6/586 1238/6/575
f 1128/6/343 104/5/342 1201/6/500 2988/6/586
f 2988/6/586 1201/6/500 129/5/504 1244/6/587
f 1238/6/575 2988/6/586 1244/6/587 132/5/576
f 132/5/576 1244/6/587 2989/6/588 1240/6/579
f 1244/6/587 129/5/504 1204/6/506 2989/6/588
f 2989/6/588 1204/6/506 130/5/416 1161/6/413
f 1240/6/579 2989/6/588 1161/6/413 131/5/412
f 96/5/589 1155/6/590 2990/5/591 1207/6/592
f 1155/6/590 97/5/368 1241/5/581 2990/5/591
f 2990/5/591 1241/5/581 125/5/583 1245/5/593
f 1207/6/592 2990/5/591 1245/5/593 128/6/594
f 128/6/594 1245/5/593 2991/5/595 1210/6/596
f 1245/5/593 125/5/583 1243/5/585 2991/5/595
f 2991/5/595 1243/5/585 126/5/421 1157/6/597
f 1210/6/596 2991/5/595 1157/6/597 127/5/598
f 119/5/418 1200/6/498 2992/6/599 1246/6/600
f 1200/6/498 118/5/492 1247/6/601 2992/6/599
f 2992/6/599 1247/6/601 163/5/602 1248/6/603
f 1246/6/600 2992/6/599 1248/6/603 164/5/604
f 111/5/411 1159/5/410 2993/5/605 1249/5/606
f 1159/5/410 112/5/409 1250/5/607 2993/5/605
f 2993/5/605 1250/5/607 157/5/608 1251/5/609
f 1249/5/606 2993/5/605 1251/5/609 156/5/610
f 325/5/611 1253/6/612 2994/6/613 1252/6/614
f 1253/6/612 319/5/615 1254/6/616 2994/6/613
f 2994/6/613 1254/6/616 180/5/617 1255/6/618
f 1252/6/614 2994/6/613 1255/6/618 181/5/619
f 120/5/420 1163/6/419 2995/6/620 1256/6/621
f 1163/6/419 119/5/418 1246/6/600 2995/6/620
f 2995/6/620 1246/6/600 164/5/604 1257/6/622
f 1256/6/621 2995/6/620 1257/6/622 165/5/623
f 112/5/409 1166/6/624 2996/5/625 1250/5/607
f 1166/6/624 113/6/626 1258/5/627 2996/5/625
f 2996/5/625 1258/5/627 158/5/628 1259/5/629
f 1250/5/607 2996/5/625 1259/5/629 157/5/608
f 121/5/435 1169/6/434 2997/6/630 1260/6/631
f 1169/6/434 120/5/420 1256/6/621 2997/6/630
f 2997/6/630 1256/6/621 165/5/623 1261/6/632
f 1260/6/631 2997/6/630 1261/6/632 166/5/633
f 113/6/626 1172/6/634 2998/5/635 1258/5/627
f 1172/6/634 114/5/456 1262/5/636 2998/5/635
f 2998/5/635 1262/5/636 159/5/637 1263/5/638
f 1258/5/627 2998/5/635 1263/5/638 158/5/628
f 122/5/447 1175/6/446 2999/6/639 1264/6/640
f 1175/6/446 121/5/435 1260/6/631 2999/6/639
f 2999/6/639 1260/6/631 166/5/633 1265/6/641
f 1264/6/640 2999/6/639 1265/6/641 167/5/642
f 114/5/456 1178/5/455 3000/5/643 1262/5/636
f 1178/5/455 115/5/454 1266/5/644 3000/5/643
f 3000/5/643 1266/5/644 160/5/645 1267/5/646
f 1262/5/636 3000/5/643 1267/5/646 159/5/637
f 123/5/462 1181/6/461 3001/6/647 1268/6/648
f 1181/6/461 122/5/447 1264/6/640 3001/6/647
f 3001/6/647 1264/6/640 167/5/642 1269/6/649
f 1268/6/648 3001/6/647 1269/6/649 168/5/650
f 116/5/471 1185/6/470 3002/6/651 1270/6/652
f 1185/6/470 110/5/469 1271/6/653 3002/6/651
f 3002/6/651 1271/6/653 155/5/654 1272/6/655
f 1270/6/652 3002/6/651 1272/6/655 161/5/656
f 115/5/454 1188/6/477 3003/6/657 1266/5/644
f 1188/6/477 124/5/476 1273/6/658 3003/6/657
f 3003/6/657 1273/6/658 169/5/659 1274/6/660
f 1266/5/644 3003/6/657 1274/6/660 160/5/645
f 117/5/483 1191/6/482 3004/6/661 1275/6/662
f 1191/6/482 116/5/471 1270/6/652 3004/6/661
f 3004/6/661 1270/6/652 161/5/656 1276/6/663
f 1275/6/662 3004/6/661 1276/6/663 162/5/664
f 124/5/476 1193/6/486 3005/6/665 1273/6/658
f 1193/6/486 123/5/462 1268/6/648 3005/6/665
f 3005/6/665 1268/6/648 168/5/650 1277/6/666
f 1273/6/658 3005/6/665 1277/6/666 169/5/659
f 118/5/492 1196/6/491 3006/6/667 1247/6/601
f 1196/6/491 117/5/483 1275/6/662 3006/6/667
f 3006/6/667 1275/6/662 162/5/664 1278/6/668
f 1247/6/601 3006/6/667 1278/6/668 163/5/602
f 110/5/469 1198/5/495 3007/6/669 1271/6/653
f 1198/5/495 111/5/411 1249/5/606 3007/6/669
f 3007/6/669 1249/5/606 156/5/610 1279/6/670
f 1271/6/653 3007/6/669 1279/6/670 155/5/654
f 326/192/671 1281/193/672 3008/194/673 1280/195/674
f 1281/193/672 304/196/675 1282/197/676 3008/194/673
f 3008/194/673 1282/197/676 174/5/677 1283/5/678
f 1280/195/674 3008/194/673 1283/5/678 173/5/679
f 327/5/680 1285/6/681 3009/6/682 1284/6/683
f 1285/6/681 325/5/611 1252/6/614 3009/6/682
f 3009/6/682 1252/6/614 181/5/619 1286/6/684
f 1284/6/683 3009/6/682 1286/6/684 182/5/685
f 304/196/675 1287/198/686 3010/199/687 1282/197/676
f 1287/198/686 320/200/688 1288/201/689 3010/199/687
f 3010/199/687 1288/201/689 175/5/690 1289/5/691
f 1282/197/676 3010/199/687 1289/5/691 174/5/677
f 328/5/692 1291/6/693 3011/6/694 1290/6/695
f 1291/6/693 327/5/680 1284/6/683 3011/6/694
f 3011/6/694 1284/6/683 182/5/685 1292/6/696
f 1290/6/695 3011/6/694 1292/6/696 183/5/697
f 329/5/698 1294/6/699 3012/6/700 1293/6/701
f 1294/6/699 321/5/702 1295/6/703 3012/6/700
f 3012/6/700 1295/6/703 170/5/704 1296/6/705
f 1293/6/701 3012/6/700 1296/6/705 176/5/706
f 320/200/688 1297/201/707 3013/202/708 1288/201/689
f 1297/201/707 322/5/709 1298/5/710 3013/202/708
f 3013/202/708 1298/5/710 184/5/711 1299/5/712
f 1288/201/689 3013/202/708 1299/5/712 175/5/690
f 330/5/713 1301/6/714 3014/6/715 1300/6/716
f 1301/6/714 329/5/698 1293/6/701 3014/6/715
f 3014/6/715 1293/6/701 176/5/706 1302/6/717
f 1300/6/716 3014/6/715 1302/6/717 177/5/718
f 322/5/709 1303/6/719 3015/6/720 1298/5/710
f 1303/6/719 328/5/692 1290/6/695 3015/6/720
f 3015/6/720 1290/6/695 183/5/697 1304/6/721
f 1298/5/710 3015/6/720 1304/6/721 184/5/711
f 331/5/722 1306/6/723 3016/6/724 1305/6/725
f 1306/6/723 330/5/713 1300/6/716 3016/6/724
f 3016/6/724 1300/6/716 177/5/718 1307/6/726
f 1305/6/725 3016/6/724 1307/6/726 178/5/727
f 321/5/702 1308/6/728 3017/6/729 1295/6/703
f 1308/6/728 323/5/730 1309/6/731 3017/6/729
f 3017/6/729 1309/6/731 171/5/732 1310/6/733
f 1295/6/703 3017/6/729 1310/6/733 170/5/704
f 332/5/734 1312/6/735 3018/6/736 1311/6/737
f 1312/6/735 331/5/722 1305/6/725 3018/6/736
f 3018/6/736 1305/6/725 178/5/727 1313/6/738
f 1311/6/737 3018/6/736 1313/6/738 179/5/739
f 323/5/730 1314/6/740 3019/6/741 1309/6/731
f 1314/6/740 324/5/742 1315/6/743 3019/6/741
f 3019/6/741 1315/6/743 172/5/744 1316/6/745
f 1309/6/731 3019/6/741 1316/6/745 171/5/732
f 319/5/615 1317/6/746 3020/6/747 1254/6/616
f 1317/6/746 332/5/734 1311/6/737 3020/6/747
f 3020/6/747 1311/6/737 179/5/739 1318/6/748
f 1254/6/616 3020/6/747 1318/6/748 180/5/617
f 324/5/742 1319/203/749 3021/204/750 1315/6/743
f 1319/203/749 326/192/671 1280/195/674 3021/204/750
f 3021/204/750 1280/195/674 173/5/679 1320/5/751
f 1315/6/743 3021/204/750 1320/5/751 172/5/744
f 157/5/608 1259/5/629 3022/6/752 1321/6/753
f 1259/5/629 158/5/628 1322/6/754 3022/6/752
f 3022/6/752 1322/6/754 207/5/755 1323/6/756
f 1321/6/753 3022/6/752 1323/6/756 268/5/757
f 268/5/757 1323/6/756 3023/6/758 1324/6/759
f 1323/6/756 207/5/755 1325/6/760 3023/6/758
f 3023/6/758 1325/6/760 206/5/761 1326/6/762
f 1324/6/759 3023/6/758 1326/6/762 269/5/763
f 269/5/763 1326/6/762 3024/6/764 1327/6/765
f 1326/6/762 206/5/761 1328/6/766 3024/6/764
f 3024/6/764 1328/6/766 205/5/767 1329/6/768
f 1327/6/765 3024/6/764 1329/6/768 270/5/769
f 270/5/769 1329/6/768 3025/6/770 1330/6/771
f 1329/6/768 205/5/767 1331/6/772 3025/6/770
f 3025/6/770 1331/6/772 204/5/773 1332/6/774
f 1330/6/771 3025/6/770 1332/6/774 271/5/775
f 271/5/775 1332/6/774 3026/5/776 1333/5/777
f 1332/6/774 204/5/773 1334/5/778 3026/5/776
f 3026/5/776 1334/5/778 203/5/779 1335/5/780
f 1333/5/777 3026/5/776 1335/5/780 272/5/781
f 272/5/781 1335/5/780 3027/5/782 1336/5/783
f 1335/5/780 203/5/779 1337/6/784 3027/5/782
f 3027/5/782 1337/6/784 202/5/785 1338/201/786
f 1336/5/783 3027/5/782 1338/201/786 273/5/787
f 165/5/623 1257/6/622 3028/6/788 1339/6/789
f 1257/6/622 164/5/604 1340/6/790 3028/6/788
f 3028/6/788 1340/6/790 267/5/791 1341/6/792
f 1339/6/789 3028/6/788 1341/6/792 185/5/793
f 185/5/793 1341/6/792 3029/6/794 1342/6/795
f 1341/6/792 267/5/791 1343/6/796 3029/6/794
f 3029/6/794 1343/6/796 266/5/797 1344/6/798
f 1342/6/795 3029/6/794 1344/6/798 186/5/799
f 186/5/799 1344/6/798 3030/6/800 1345/6/801
f 1344/6/798 266/5/797 1346/6/802 3030/6/800
f 3030/6/800 1346/6/802 265/5/803 1347/6/804
f 1345/6/801 3030/6/800 1347/6/804 187/5/805
f 187/5/805 1347/6/804 3031/6/806 1348/6/807
f 1347/6/804 265/5/803 1349/6/808 3031/6/806
f 3031/6/806 1349/6/808 264/5/809 1350/6/810
f 1348/6/807 3031/6/806 1350/6/810 188/5/811
f 188/5/811 1350/6/810 3032/6/812 1351/6/813
f 1350/6/810 264/5/809 1352/6/814 3032/6/812
f 3032/6/812 1352/6/814 263/5/815 1353/6/816
f 1351/6/813 3032/6/812 1353/6/816 189/5/817
f 189/5/817 1353/6/816 3033/6/818 1354/6/819
f 1353/6/816 263/5/815 1355/6/820 3033/6/818
f 3033/6/818 1355/6/820 262/5/821 1356/6/822
f 1354/6/819 3033/6/818 1356/6/822 190/5/823
f 156/5/610 1251/5/609 3034/6/824 1357/6/825
f 1251/5/609 157/5/608 1321/6/753 3034/6/824
f 3034/6/824 1321/6/753 268/5/757 1358/6/826
f 1357/6/825 3034/6/824 1358/6/826 256/5/827
f 256/5/827 1358/6/826 3035/6/828 1359/6/829
f 1358/6/826 268/5/757 1324/6/759 3035/6/828
f 3035/6/828 1324/6/759 269/5/763 1360/6/830
f 1359/6/829 3035/6/828 1360/6/830 257/5/831
f 257/5/831 1360/6/830 3036/6/832 1361/6/833
f 1360/6/830 269/5/763 1327/6/765 3036/6/832
f 3036/6/832 1327/6/765 270/5/769 1362/6/834
f 1361/6/833 3036/6/832 1362/6/834 258/5/835
f 258/5/835 1362/6/834 3037/6/836 1363/6/837
f 1362/6/834 270/5/769 1330/6/771 3037/6/836
f 3037/6/836 1330/6/771 271/5/775 1364/6/838
f 1363/6/837 3037/6/836 1364/6/838 259/5/839
f 259/5/839 1364/6/838 3038/6/840 1365/6/841
f 1364/6/838 271/5/775 1333/5/777 3038/6/840
f 3038/6/840 1333/5/777 272/5/781 1366/6/842
f 1365/6/841 3038/6/840 1366/6/842 260/5/843
f 260/5/843 1366/6/842 3039/6/844 1367/6/845
f 1366/6/842 272/5/781 1336/5/783 3039/6/844
f 3039/6/844 1336/5/783 273/5/787 1368/6/846
f 1367/6/845 3039/6/844 1368/6/846 261/5/847
f 164/5/604 1248/6/603 3040/6/848 1340/6/790
f 1248/6/603 163/5/602 1369/6/849 3040/6/848
f 3040/6/848 1369/6/849 255/5/850 1370/6/851
f 1340/6/790 3040/6/848 1370/6/851 267/5/791
f 267/5/791 1370/6/851 3041/6/852 1343/6/796
f 1370/6/851 255/5/850 1371/6/853 3041/6/852
f 3041/6/852 1371/6/853 254/5/854 1372/6/855
f 1343/6/796 3041/6/852 1372/6/855 266/5/797
f 266/5/797 1372/6/855 3042/6/856 1346/6/802
f 1372/6/855 254/5/854 1373/6/857 3042/6/856
f 3042/6/856 1373/6/857 253/5/858 1374/6/859
f 1346/6/802 3042/6/856 1374/6/859 265/5/803
f 265/5/803 1374/6/859 3043/6/860 1349/6/808
f 1374/6/859 253/5/858 1375/6/861 3043/6/860
f 3043/6/860 1375/6/861 252/5/862 1376/6/863
f 1349/6/808 3043/6/860 1376/6/863 264/5/809
f 264/5/809 1376/6/863 3044/6/864 1352/6/814
f 1376/6/863 252/5/862 1377/6/865 3044/6/864
f 3044/6/864 1377/6/865 251/5/866 1378/6/867
f 1352/6/814 3044/6/864 1378/6/867 263/5/815
f 263/5/815 1378/6/867 3045/6/868 1355/6/820
f 1378/6/867 251/5/866 1379/6/869 3045/6/868
f 3045/6/868 1379/6/869 250/5/870 1380/6/871
f 1355/6/820 3045/6/868 1380/6/871 262/5/821
f 155/5/654 1279/6/670 3046/6/872 1381/6/873
f 1279/6/670 156/5/610 1357/6/825 3046/6/872
f 3046/6/872 1357/6/825 256/5/827 1382/6/874
f 1381/6/873 3046/6/872 1382/6/874 226/5/875
f 226/5/875 1382/6/874 3047/6/876 1383/6/877
f 1382/6/874 256/5/827 1359/6/829 3047/6/876
f 3047/6/876 1359/6/829 257/5/831 1384/6/878
f 1383/6/877 3047/6/876 1384/6/878 227/5/879
f 227/5/879 1384/6/878 3048/6/880 1385/6/881
f 1384/6/878 257/5/831 1361/6/833 3048/6/880
f 3048/6/880 1361/6/833 258/5/835 1386/6/882
f 1385/6/881 3048/6/880 1386/6/882 228/5/883
f 228/5/883 1386/6/882 3049/6/884 1387/6/885
f 1386/6/882 258/5/835 1363/6/837 3049/6/884
f 3049/6/884 1363/6/837 259/5/839 1388/6/886
f 1387/6/885 3049/6/884 1388/6/886 229/5/887
f 229/5/887 1388/6/886 3050/6/888 1389/6/889
f 1388/6/886 259/5/839 1365/6/841 3050/6/888
f 3050/6/888 1365/6/841 260/5/843 1390/6/890
f 1389/6/889 3050/6/888 1390/6/890 230/5/891
f 230/5/891 1390/6/890 3051/6/892 1391/6/893
f 1390/6/890 260/5/843 1367/6/845 3051/6/892
f 3051/6/892 1367/6/845 261/5/847 1392/6/894
f 1391/6/893 3051/6/892 1392/6/894 231/5/895
f 163/5/602 1278/6/668 3052/6/896 1369/6/849
f 1278/6/668 162/5/664 1393/6/897 3052/6/896
f 3052/6/896 1393/6/897 249/5/898 1394/6/899
f 1369/6/849 3052/6/896 1394/6/899 255/5/850
f 255/5/850 1394/6/899 3053/6/900 1371/6/853
f 1394/6/899 249/5/898 1395/6/901 3053/6/900
f 3053/6/900 1395/6/901 248/5/902 1396/6/903
f 1371/6/853 3053/6/900 1396/6/903 254/5/854
f 254/5/854 1396/6/903 3054/6/904 1373/6/857
f 1396/6/903 248/5/902 1397/6/905 3054/6/904
f 3054/6/904 1397/6/905 247/5/906 1398/6/907
f 1373/6/857 3054/6/904 1398/6/907 253/5/858
f 253/5/858 1398/6/907 3055/6/908 1375/6/861
f 1398/6/907 247/5/906 1399/6/909 3055/6/908
f 3055/6/908 1399/6/909 246/5/910 1400/6/911
f 1375/6/861 3055/6/908 1400/6/911 252/5/862
f 252/5/862 1400/6/911 3056/6/912 1377/6/865
f 1400/6/911 246/5/910 1401/6/913 3056/6/912
f 3056/6/912 1401/6/913 245/5/914 1402/6/915
f 1377/6/865 3056/6/912 1402/6/915 251/5/866
f 251/5/866 1402/6/915 3057/6/916 1379/6/869
f 1402/6/915 245/5/914 1403/6/917 3057/6/916
f 3057/6/916 1403/6/917 244/5/918 1404/6/919
f 1379/6/869 3057/6/916 1404/6/919 250/5/870
f 169/5/659 1277/6/666 3058/6/920 1405/6/921
f 1277/6/666 168/5/650 1406/6/922 3058/6/920
f 3058/6/920 1406/6/922 225/5/923 1407/6/924
f 1405/6/921 3058/6/920 1407/6/924 238/5/925
f 238/5/925 1407/6/924 3059/6/926 1408/6/927
f 1407/6/924 225/5/923 1409/6/928 3059/6/926
f 3059/6/926 1409/6/928 224/5/929 1410/6/930
f 1408/6/927 3059/6/926 1410/6/930 239/5/931
f 239/5/931 1410/6/930 3060/6/932 1411/6/933
f 1410/6/930 224/5/929 1412/6/934 3060/6/932
f 3060/6/932 1412/6/934 223/5/935 1413/6/936
f 1411/6/933 3060/6/932 1413/6/936 240/5/937
f 240/5/937 1413/6/936 3061/6/938 1414/6/939
f 1413/6/936 223/5/935 1415/6/940 3061/6/938
f 3061/6/938 1415/6/940 222/5/941 1416/6/942
f 1414/6/939 3061/6/938 1416/6/942 241/5/943
f 241/5/943 1416/6/942 3062/6/944 1417/6/945
f 1416/6/942 222/5/941 1418/6/946 3062/6/944
f 3062/6/944 1418/6/946 221/5/947 1419/6/948
f 1417/6/945 3062/6/944 1419/6/948 242/5/949
f 242/5/949 1419/6/948 3063/6/950 1420/6/951
f 1419/6/948 221/5/947 1421/6/952 3063/6/950
f 3063/6/950 1421/6/952 220/5/953 1422/6/954
f 1420/6/951 3063/6/950 1422/6/954 243/5/955
f 162/5/664 1276/6/663 3064/6/956 1393/6/897
f 1276/6/663 161/5/656 1423/6/957 3064/6/956
f 3064/6/956 1423/6/957 237/5/958 1424/6/959
f 1393/6/897 3064/6/956 1424/6/959 249/5/898
f 249/5/898 1424/6/959 3065/6/960 1395/6/901
f 1424/6/959 237/5/958 1425/6/961 3065/6/960
f 3065/6/960 1425/6/961 236/5/962 1426/6/963
f 1395/6/901 3065/6/960 1426/6/963 248/5/902
f 248/5/902 1426/6/963 3066/6/964 1397/6/905
f 1426/6/963 236/5/962 1427/6/965 3066/6/964
f 3066/6/964 1427/6/965 235/5/966 1428/6/967
f 1397/6/905 3066/6/964 1428/6/967 247/5/906
f 247/5/906 1428/6/967 3067/6/968 1399/6/909
f 1428/6/967 235/5/966 1429/6/969 3067/6/968
f 3067/6/968 1429/6/969 234/5/970 1430/6/971
f 1399/6/909 3067/6/968 1430/6/971 246/5/910
f 246/5/910 1430/6/971 3068/6/972 1401/6/913
f 1430/6/971 234/5/970 1431/6/973 3068/6/972
f 3068/6/972 1431/6/973 233/5/974 1432/6/975
f 1401/6/913 3068/6/972 1432/6/975 245/5/914
f 245/5/914 1432/6/975 3069/6/976 1403/6/917
f 1432/6/975 233/5/974 1433/6/977 3069/6/976
f 3069/6/976 1433/6/977 232/5/978 1434/6/979
f 1403/6/917 3069/6/976 1434/6/979 244/5/918
f 160/5/645 1274/6/660 3070/6/980 1435/6/981
f 1274/6/660 169/5/659 1405/6/921 3070/6/980
f 3070/6/980 1405/6/921 238/5/925 1436/6/982
f 1435/6/981 3070/6/980 1436/6/982 214/5/983
f 214/5/983 1436/6/982 3071/6/984 1437/6/985
f 1436/6/982 238/5/925 1408/6/927 3071/6/984
f 3071/6/984 1408/6/927 239/5/931 1438/6/986
f 1437/6/985 3071/6/984 1438/6/986 215/5/987
f 215/5/987 1438/6/986 3072/6/988 1439/6/989
f 1438/6/986 239/5/931 1411/6/933 3072/6/988
f 3072/6/988 1411/6/933 240/5/937 1440/6/990
f 1439/6/989 3072/6/988 1440/6/990 216/5/991
f 216/5/991 1440/6/990 3073/6/992 1441/6/993
f 1440/6/990 240/5/937 1414/6/939 3073/6/992
f 3073/6/992 1414/6/939 241/5/943 1442/6/994
f 1441/6/993 3073/6/992 1442/6/994 217/5/995
f 217/5/995 1442/6/994 3074/204/996 1443/205/997
f 1442/6/994 241/5/943 1417/6/945 3074/204/996
f 3074/204/996 1417/6/945 242/5/949 1444/195/998
f 1443/205/997 3074/204/996 1444/195/998 218/206/999
f 218/206/999 1444/195/998 3075/207/1000 1445/208/1001
f 1444/195/998 242/5/949 1420/6/951 3075/207/1000
f 3075/207/1000 1420/6/951 243/5/955 1446/197/1002
f 1445/208/1001 3075/207/1000 1446/197/1002 219/196/1003
f 161/5/656 1272/6/655 3076/6/1004 1423/6/957
f 1272/6/655 155/5/654 1381/6/873 3076/6/1004
f 3076/6/1004 1381/6/873 226/5/875 1447/6/1005
f 1423/6/957 3076/6/1004 1447/6/1005 237/5/958
f 237/5/958 1447/6/1005 3077/6/1006 1425/6/961
f 1447/6/1005 226/5/875 1383/6/877 3077/6/1006
f 3077/6/1006 1383/6/877 227/5/879 1448/6/1007
f 1425/6/961 3077/6/1006 1448/6/1007 236/5/962
f 236/5/962 1448/6/1007 3078/6/1008 1427/6/965
f 1448/6/1007 227/5/879 1385/6/881 3078/6/1008
f 3078/6/1008 1385/6/881 228/5/883 1449/6/1009
f 1427/6/965 3078/6/1008 1449/6/1009 235/5/966
f 235/5/966 1449/6/1009 3079/6/1010 1429/6/969
f 1449/6/1009 228/5/883 1387/6/885 3079/6/1010
f 3079/6/1010 1387/6/885 229/5/887 1450/6/1011
f 1429/6/969 3079/6/1010 1450/6/1011 234/5/970
f 234/5/970 1450/6/1011 3080/6/1012 1431/6/973
f 1450/6/1011 229/5/887 1389/6/889 3080/6/1012
f 3080/6/1012 1389/6/889 230/5/891 1451/6/1013
f 1431/6/973 3080/6/1012 1451/6/1013 233/5/974
f 233/5/974 1451/6/1013 3081/6/1014 1433/6/977
f 1451/6/1013 230/5/891 1391/6/893 3081/6/1014
f 3081/6/1014 1391/6/893 231/5/895 1452/6/1015
f 1433/6/977 3081/6/1014 1452/6/1015 232/5/978
f 168/5/650 1269/6/649 3082/6/1016 1406/6/922
f 1269/6/649 167/5/642 1453/6/1017 3082/6/1016
f 3082/6/1016 1453/6/1017 213/5/1018 1454/6/1019
f 1406/6/922 3082/6/1016 1454/6/1019 225/5/923
f 225/5/923 1454/6/1019 3083/6/1020 1409/6/928
f 1454/6/1019 213/5/1018 1455/6/1021 3083/6/1020
f 3083/6/1020 1455/6/1021 212/5/1022 1456/6/1023
f 1409/6/928 3083/6/1020 1456/6/1023 224/5/929
f 224/5/929 1456/6/1023 3084/6/1024 1412/6/934
f 1456/6/1023 212/5/1022 1457/6/1025 3084/6/1024
f 3084/6/1024 1457/6/1025 211/5/1026 1458/6/1027
f 1412/6/934 3084/6/1024 1458/6/1027 223/5/935
f 223/5/935 1458/6/1027 3085/6/1028 1415/6/940
f 1458/6/1027 211/5/1026 1459/6/1029 3085/6/1028
f 3085/6/1028 1459/6/1029 210/5/1030 1460/6/1031
f 1415/6/940 3085/6/1028 1460/6/1031 222/5/941
f 222/5/941 1460/6/1031 3086/6/1032 1418/6/946
f 1460/6/1031 210/5/1030 1461/6/1033 3086/6/1032
f 3086/6/1032 1461/6/1033 209/5/1034 1462/6/1035
f 1418/6/946 3086/6/1032 1462/6/1035 221/5/947
f 221/5/947 1462/6/1035 3087/6/1036 1421/6/952
f 1462/6/1035 209/5/1034 1463/6/1037 3087/6/1036
f 3087/6/1036 1463/6/1037 208/5/1038 1464/6/1039
f 1421/6/952 3087/6/1036 1464/6/1039 220/5/953
f 159/5/637 1267/5/646 3088/6/1040 1465/6/1041
f 1267/5/646 160/5/645 1435/6/981 3088/6/1040
f 3088/6/1040 1435/6/981 214/5/983 1466/6/1042
f 1465/6/1041 3088/6/1040 1466/6/1042 197/5/1043
f 197/5/1043 1466/6/1042 3089/6/1044 1467/6/1045
f 1466/6/1042 214/5/983 1437/6/985 3089/6/1044
f 3089/6/1044 1437/6/985 215/5/987 1468/6/1046
f 1467/6/1045 3089/6/1044 1468/6/1046 198/5/1047
f 198/5/1047 1468/6/1046 3090/6/1048 1469/6/1049
f 1468/6/1046 215/5/987 1439/6/989 3090/6/1048
f 3090/6/1048 1439/6/989 216/5/991 1470/6/1050
f 1469/6/1049 3090/6/1048 1470/6/1050 199/5/1051
f 199/5/1051 1470/6/1050 3091/6/1052 1471/6/1053
f 1470/6/1050 216/5/991 1441/6/993 3091/6/1052
f 3091/6/1052 1441/6/993 217/5/995 1472/6/1054
f 1471/6/1053 3091/6/1052 1472/6/1054 200/5/1055
f 200/5/1055 1472/6/1054 3092/209/1056 1473/201/1057
f 1472/6/1054 217/5/995 1443/205/997 3092/209/1056
f 3092/209/1056 1443/205/997 218/206/999 1474/210/1058
f 1473/201/1057 3092/209/1056 1474/210/1058 201/5/1059
f 167/5/642 1265/6/641 3093/6/1060 1453/6/1017
f 1265/6/641 166/5/633 1475/6/1061 3093/6/1060
f 3093/6/1060 1475/6/1061 196/5/1062 1476/6/1063
f 1453/6/1017 3093/6/1060 1476/6/1063 213/5/1018
f 213/5/1018 1476/6/1063 3094/6/1064 1455/6/1021
f 1476/6/1063 196/5/1062 1477/6/1065 3094/6/1064
f 3094/6/1064 1477/6/1065 195/5/1066 1478/6/1067
f 1455/6/1021 3094/6/1064 1478/6/1067 212/5/1022
f 212/5/1022 1478/6/1067 3095/6/1068 1457/6/1025
f 1478/6/1067 195/5/1066 1479/6/1069 3095/6/1068
f 3095/6/1068 1479/6/1069 194/5/1070 1480/6/1071
f 1457/6/1025 3095/6/1068 1480/6/1071 211/5/1026
f 211/5/1026 1480/6/1071 3096/6/1072 1459/6/1029
f 1480/6/1071 194/5/1070 1481/6/1073 3096/6/1072
f 3096/6/1072 1481/6/1073 193/5/1074 1482/6/1075
f 1459/6/1029 3096/6/1072 1482/6/1075 210/5/1030
f 210/5/1030 1482/6/1075 3097/6/1076 1461/6/1033
f 1482/6/1075 193/5/1074 1483/6/1077 3097/6/1076
f 3097/6/1076 1483/6/1077 192/5/1078 1484/6/1079
f 1461/6/1033 3097/6/1076 1484/6/1079 209/5/1034
f 209/5/1034 1484/6/1079 3098/6/1080 1463/6/1037
f 1484/6/1079 192/5/1078 1485/6/1081 3098/6/1080
f 3098/6/1080 1485/6/1081 191/5/1082 1486/6/1083
f 1463/6/1037 3098/6/1080 1486/6/1083 208/5/1038
f 158/5/628 1263/5/638 3099/6/1084 1322/6/754
f 1263/5/638 159/5/637 1465/6/1041 3099/6/1084
f 3099/6/1084 1465/6/1041 197/5/1043 1487/6/1085
f 1322/6/754 3099/6/1084 1487/6/1085 207/5/755
f 207/5/755 1487/6/1085 3100/6/1086 1325/6/760
f 1487/6/1085 197/5/1043 1467/6/1045 3100/6/1086
f 3100/6/1086 1467/6/1045 198/5/1047 1488/6/1087
f 1325/6/760 3100/6/1086 1488/6/1087 206/5/761
f 206/5/761 1488/6/1087 3101/6/1088 1328/6/766
f 1488/6/1087 198/5/1047 1469/6/1049 3101/6/1088
f 3101/6/1088 1469/6/1049 199/5/1051 1489/6/1089
f 1328/6/766 3101/6/1088 1489/6/1089 205/5/767
f 205/5/767 1489/6/1089 3102/6/1090 1331/6/772
f 1489/6/1089 199/5/1051 1471/6/1053 3102/6/1090
f 3102/6/1090 1471/6/1053 200/5/1055 1490/6/1091
f 1331/6/772 3102/6/1090 1490/6/1091 204/5/773
f 204/5/773 1490/6/1091 3103/5/1092 1334/5/778
f 1490/6/1091 200/5/1055 1473/201/1057 3103/5/1092
f 3103/5/1092 1473/201/1057 201/5/1059 1491/6/1093
f 1334/5/778 3103/5/1092 1491/6/1093 203/5/779
f 166/5/633 1261/6/632 3104/6/1094 1475/6/1061
f 1261/6/632 165/5/623 1339/6/789 3104/6/1094
f 3104/6/1094 1339/6/789 185/5/793 1492/6/1095
f 1475/6/1061 3104/6/1094 1492/6/1095 196/5/1062
f 196/5/1062 1492/6/1095 3105/6/1096 1477/6/1065
f 1492/6/1095 185/5/793 1342/6/795 3105/6/1096
f 3105/6/1096 1342/6/795 186/5/799 1493/6/1097
f 1477/6/1065 3105/6/1096 1493/6/1097 195/5/1066
f 195/5/1066 1493/6/1097 3106/6/1098 1479/6/1069
f 1493/6/1097 186/5/799 1345/6/801 3106/6/1098
f 3106/6/1098 1345/6/801 187/5/805 1494/6/1099
f 1479/6/1069 3106/6/1098 1494/6/1099 194/5/1070
f 194/5/1070 1494/6/1099 3107/6/1100 1481/6/1073
f 1494/6/1099 187/5/805 1348/6/807 3107/6/1100
f 3107/6/1100 1348/6/807 188/5/811 1495/6/1101
f 1481/6/1073 3107/6/1100 1495/6/1101 193/5/1074
f 193/5/1074 1495/6/1101 3108/6/1102 1483/6/1077
f 1495/6/1101 188/5/811 1351/6/813 3108/6/1102
f 3108/6/1102 1351/6/813 189/5/817 1496/6/1103
f 1483/6/1077 3108/6/1102 1496/6/1103 192/5/1078
f 192/5/1078 1496/6/1103 3109/6/1104 1485/6/1081
f 1496/6/1103 189/5/817 1354/6/819 3109/6/1104
f 3109/6/1104 1354/6/819 190/5/823 1497/6/1105
f 1485/6/1081 3109/6/1104 1497/6/1105 191/5/1082
f 180/5/617 1318/6/748 3110/6/1106 1498/6/1107
f 1318/6/748 179/5/739 1499/6/1108 3110/6/1106
f 3110/6/1106 1499/6/1108 283/5/1109 1500/6/1110
f 1498/6/1107 3110/6/1106 1500/6/1110 284/5/1111
f 172/5/744 1320/5/751 3111/6/1112 1501/6/1113
f 1320/5/751 173/5/679 1502/6/1114 3111/6/1112
f 3111/6/1112 1502/6/1114 277/5/1115 1503/6/1116
f 1501/6/1113 3111/6/1112 1503/6/1116 276/5/1117
f 181/5/619 1255/6/618 3112/6/1118 1504/6/1119
f 1255/6/618 180/5/617 1498/6/1107 3112/6/1118
f 3112/6/1118 1498/6/1107 284/5/1111 1505/6/1120
f 1504/6/1119 3112/6/1118 1505/6/1120 285/5/1121
f 173/5/679 1283/5/678 3113/6/1122 1502/6/1114
f 1283/5/678 174/5/677 1506/6/1123 3113/6/1122
f 3113/6/1122 1506/6/1123 278/5/1124 1507/6/1125
f 1502/6/1114 3113/6/1122 1507/6/1125 277/5/1115
f 182/5/685 1286/6/684 3114/6/1126 1508/6/1127
f 1286/6/684 181/5/619 1504/6/1119 3114/6/1126
f 3114/6/1126 1504/6/1119 285/5/1121 1509/6/1128
f 1508/6/1127 3114/6/1126 1509/6/1128 286/5/1129
f 174/5/677 1289/5/691 3115/6/1130 1506/6/1123
f 1289/5/691 175/5/690 1510/6/1131 3115/6/1130
f 3115/6/1130 1510/6/1131 279/5/1132 1511/6/1133
f 1506/6/1123 3115/6/1130 1511/6/1133 278/5/1124
f 183/5/697 1292/6/696 3116/6/1134 1512/6/1135
f 1292/6/696 182/5/685 1508/6/1127 3116/6/1134
f 3116/6/1134 1508/6/1127 286/5/1129 1513/6/1136
f 1512/6/1135 3116/6/1134 1513/6/1136 287/5/1137
f 170/5/704 1310/6/733 3117/6/1138 1514/6/1139
f 1310/6/733 171/5/732 1515/6/1140 3117/6/1138
f 3117/6/1138 1515/6/1140 275/5/1141 1516/6/1142
f 1514/6/1139 3117/6/1138 1516/6/1142 274/5/1143
f 176/5/706 1296/6/705 3118/6/1144 1517/6/1145
f 1296/6/705 170/5/704 1514/6/1139 3118/6/1144
f 3118/6/1144 1514/6/1139 274/5/1143 1518/6/1146
f 1517/6/1145 3118/6/1144 1518/6/1146 280/5/1147
f 175/5/690 1299/5/712 3119/6/1148 1510/6/1131
f 1299/5/712 184/5/711 1519/6/1149 3119/6/1148
f 3119/6/1148 1519/6/1149 288/5/1150 1520/6/1151
f 1510/6/1131 3119/6/1148 1520/6/1151 279/5/1132
f 177/5/718 1302/6/717 3120/6/1152 1521/6/1153
f 1302/6/717 176/5/706 1517/6/1145 3120/6/1152
f 3120/6/1152 1517/6/1145 280/5/1147 1522/6/1154
f 1521/6/1153 3120/6/1152 1522/6/1154 281/5/1155
f 184/5/711 1304/6/721 3121/6/1156 1519/6/1149
f 1304/6/721 183/5/697 1512/6/1135 3121/6/1156
f 3121/6/1156 1512/6/1135 287/5/1137 1523/6/1157
f 1519/6/1149 3121/6/1156 1523/6/1157 288/5/1150
f 178/5/727 1307/6/726 3122/6/1158 1524/6/1159
f 1307/6/726 177/5/718 1521/6/1153 3122/6/1158
f 3122/6/1158 1521/6/1153 281/5/1155 1525/6/1160
f 1524/6/1159 3122/6/1158 1525/6/1160 282/5/1161
f 171/5/732 1316/6/745 3123/6/1162 1515/6/1140
f 1316/6/745 172/5/744 1501/6/1113 3123/6/1162
f 3123/6/1162 1501/6/1113 276/5/1117 1526/6/1163
f 1515/6/1140 3123/6/1162 1526/6/1163 275/5/1141
f 179/5/739 1313/6/738 3124/6/1164 1499/6/1108
f 1313/6/738 178/5/727 1524/6/1159 3124/6/1164
f 3124/6/1164 1524/6/1159 282/5/1161 1527/6/1165
f 1499/6/1108 3124/6/1164 1527/6/1165 283/5/1109
f 281/5/1155 1522/6/1154 3125/6/1166 1528/6/1167
f 1522/6/1154 280/5/1147 1529/6/1168 3125/6/1166
f 3125/6/1166 1529/6/1168 295/5/1169 1530/6/1170
f 1528/6/1167 3125/6/1166 1530/6/1170 296/5/1171
f 288/5/1150 1523/6/1157 3126/6/1172 1531/6/1173
f 1523/6/1157 287/5/1137 1532/6/1174 3126/6/1172
f 3126/6/1172 1532/6/1174 302/5/1175 1533/6/1176
f 1531/6/1173 3126/6/1172 1533/6/1176 303/5/1177
f 282/5/1161 1525/6/1160 3127/6/1178 1534/6/1179
f 1525/6/1160 281/5/1155 1528/6/1167 3127/6/1178
f 3127/6/1178 1528/6/1167 296/5/1171 1535/6/1180
f 1534/6/1179 3127/6/1178 1535/6/1180 297/5/1181
f 275/5/1141 1526/6/1163 3128/6/1182 1536/6/1183
f 1526/6/1163 276/5/1117 1537/6/1184 3128/6/1182
f 3128/6/1182 1537/6/1184 291/5/1185 1538/6/1186
f 1536/6/1183 3128/6/1182 1538/6/1186 290/5/1187
f 283/5/1109 1527/6/1165 3129/6/1188 1539/6/1189
f 1527/6/1165 282/5/1161 1534/6/1179 3129/6/1188
f 3129/6/1188 1534/6/1179 297/5/1181 1540/6/1190
f 1539/6/1189 3129/6/1188 1540/6/1190 298/5/1191
f 274/5/1143 1516/6/1142 3130/6/1192 1541/6/1193
f 1516/6/1142 275/5/1141 1536/6/1183 3130/6/1192
f 3130/6/1192 1536/6/1183 290/5/1187 1542/6/1194
f 1541/6/1193 3130/6/1192 1542/6/1194 289/5/1195
f 284/5/1111 1500/6/1110 3131/6/1196 1543/6/1197
f 1500/6/1110 283/5/1109 1539/6/1189 3131/6/1196
f 3131/6/1196 1539/6/1189 298/5/1191 1544/6/1198
f 1543/6/1197 3131/6/1196 1544/6/1198 299/5/1199
f 276/5/1117 1503/6/1116 3132/6/1200 1537/6/1184
f 1503/6/1116 277/5/1115 1545/6/1201 3132/6/1200
f 3132/6/1200 1545/6/1201 292/5/1202 1546/6/1203
f 1537/6/1184 3132/6/1200 1546/6/1203 291/5/1185
f 285/5/1121 1505/6/1120 3133/6/1204 1547/6/1205
f 1505/6/1120 284/5/1111 1543/6/1197 3133/6/1204
f 3133/6/1204 1543/6/1197 299/5/1199 1548/6/1206
f 1547/6/1205 3133/6/1204 1548/6/1206 300/5/1207
f 277/5/1115 1507/6/1125 3134/6/1208 1545/6/1201
f 1507/6/1125 278/5/1124 1549/6/1209 3134/6/1208
f 3134/6/1208 1549/6/1209 293/5/1210 1550/6/1211
f 1545/6/1201 3134/6/1208 1550/6/1211 292/5/1202
f 286/5/1129 1509/6/1128 3135/6/1212 1551/6/1213
f 1509/6/1128 285/5/1121 1547/6/1205 3135/6/1212
f 3135/6/1212 1547/6/1205 300/5/1207 1552/6/1214
f 1551/6/1213 3135/6/1212 1552/6/1214 301/5/1215
f 278/5/1124 1511/6/1133 3136/6/1216 1549/6/1209
f 1511/6/1133 279/5/1132 1553/6/1217 3136/6/1216
f 3136/6/1216 1553/6/1217 294/5/1218 1554/6/1219
f 1549/6/1209 3136/6/1216 1554/6/1219 293/5/1210
f 287/5/1137 1513/6/1136 3137/6/1220 1532/6/1174
f 1513/6/1136 286/5/1129 1551/6/1213 3137/6/1220
f 3137/6/1220 1551/6/1213 301/5/1215 1555/6/1221
f 1532/6/1174 3137/6/1220 1555/6/1221 302/5/1175
f 280/5/1147 1518/6/1146 3138/6/1222 1529/6/1168
f 1518/6/1146 274/5/1143 1541/6/1193 3138/6/1222
f 3138/6/1222 1541/6/1193 289/5/1195 1556/6/1223
f 1529/6/1168 3138/6/1222 1556/6/1223 295/5/1169
f 279/5/1132 1520/6/1151 3139/6/1224 1553/6/1217
f 1520/6/1151 288/5/1150 1531/6/1173 3139/6/1224
f 3139/6/1224 1531/6/1173 303/5/1177 1557/6/1225
f 1553/6/1217 3139/6/1224 1557/6/1225 294/5/1218
f 294/5/1218 1557/6/1225 3140/6/1226 1558/6/1227
f 1557/6/1225 303/5/1177 1559/6/1228 3140/6/1226
f 3140/6/1226 1559/6/1228 318/5/1229 1560/6/1230
f 1558/6/1227 3140/6/1226 1560/6/1230 310/5/1231
f 273/5/787 1338/201/786 3141/211/1232 1561/5/1233
f 1338/201/786 202/5/785 1562/212/1234 3141/211/1232
f 3141/211/1232 1562/212/1234 326/192/671 1319/203/749
f 1561/5/1233 3141/211/1232 1319/203/749 324/5/742
f 296/5/1171 1530/6/1170 3142/6/1235 1563/6/1236
f 1530/6/1170 295/5/1169 1564/6/1237 3142/6/1235
f 3142/6/1235 1564/6/1237 311/5/1238 1565/6/1239
f 1563/6/1236 3142/6/1235 1565/6/1239 312/5/1240
f 303/5/1177 1533/6/1176 3143/6/1241 1559/6/1228
f 1533/6/1176 302/5/1175 1566/6/1242 3143/6/1241
f 3143/6/1241 1566/6/1242 317/5/1243 1567/6/1244
f 1559/6/1228 3143/6/1241 1567/6/1244 318/5/1229
f 297/5/1181 1535/6/1180 3144/6/1245 1568/6/1246
f 1535/6/1180 296/5/1171 1563/6/1236 3144/6/1245
f 3144/6/1245 1563/6/1236 312/5/1240 1569/6/1247
f 1568/6/1246 3144/6/1245 1569/6/1247 313/5/1248
f 290/5/1187 1538/6/1186 3145/6/1249 1570/6/1250
f 1538/6/1186 291/5/1185 1571/6/1251 3145/6/1249
f 3145/6/1249 1571/6/1251 307/5/1252 1572/6/1253
f 1570/6/1250 3145/6/1249 1572/6/1253 306/5/1254
f 298/5/1191 1540/6/1190 3146/6/1255 1573/6/1256
f 1540/6/1190 297/5/1181 1568/6/1246 3146/6/1255
f 3146/6/1255 1568/6/1246 313/5/1248 1574/6/1257
f 1573/6/1256 3146/6/1255 1574/6/1257 333/5/1258
f 289/5/1195 1542/6/1194 3147/6/1259 1575/6/1260
f 1542/6/1194 290/5/1187 1570/6/1250 3147/6/1259
f 3147/6/1259 1570/6/1250 306/5/1254 1576/6/1261
f 1575/6/1260 3147/6/1259 1576/6/1261 305/5/1262
f 190/5/823 1356/6/822 3148/6/1263 1577/6/1264
f 1356/6/822 262/5/821 1578/6/1265 3148/6/1263
f 3148/6/1263 1578/6/1265 332/5/734 1317/6/746
f 1577/6/1264 3148/6/1263 1317/6/746 319/5/615
f 299/5/1199 1544/6/1198 3149/6/1266 1579/6/1267
f 1544/6/1198 298/5/1191 1573/6/1256 3149/6/1266
f 3149/6/1266 1573/6/1256 333/5/1258 1580/6/1268
f 1579/6/1267 3149/6/1266 1580/6/1268 314/5/1269
f 291/5/1185 1546/6/1203 3150/6/1270 1571/6/1251
f 1546/6/1203 292/5/1202 1581/6/1271 3150/6/1270
f 3150/6/1270 1581/6/1271 308/5/1272 1582/6/1273
f 1571/6/1251 3150/6/1270 1582/6/1273 307/5/1252
f 300/5/1207 1548/6/1206 3151/6/1274 1583/6/1275
f 1548/6/1206 299/5/1199 1579/6/1267 3151/6/1274
f 3151/6/1274 1579/6/1267 314/5/1269 1584/6/1276
f 1583/6/1275 3151/6/1274 1584/6/1276 315/5/1277
f 292/5/1202 1550/6/1211 3152/6/1278 1581/6/1271
f 1550/6/1211 293/5/1210 1585/6/1279 3152/6/1278
f 3152/6/1278 1585/6/1279 309/5/1280 1586/6/1281
f 1581/6/1271 3152/6/1278 1586/6/1281 308/5/1272
f 301/5/1215 1552/6/1214 3153/6/1282 1587/6/1283
f 1552/6/1214 300/5/1207 1583/6/1275 3153/6/1282
f 3153/6/1282 1583/6/1275 315/5/1277 1588/6/1284
f 1587/6/1283 3153/6/1282 1588/6/1284 316/5/1285
f 293/5/1210 1554/6/1219 3154/6/1286 1585/6/1279
f 1554/6/1219 294/5/1218 1558/6/1227 3154/6/1286
f 3154/6/1286 1558/6/1227 310/5/1231 1589/6/1287
f 1585/6/1279 3154/6/1286 1589/6/1287 309/5/1280
f 302/5/1175 1555/6/1221 3155/6/1288 1566/6/1242
f 1555/6/1221 301/5/1215 1587/6/1283 3155/6/1288
f 3155/6/1288 1587/6/1283 316/5/1285 1590/6/1289
f 1566/6/1242 3155/6/1288 1590/6/1289 317/5/1243
f 295/5/1169 1556/6/1223 3156/6/1290 1564/6/1237
f 1556/6/1223 289/5/1195 1575/6/1260 3156/6/1290
f 3156/6/1290 1575/6/1260 305/5/1262 1591/6/1291
f 1564/6/1237 3156/6/1290 1591/6/1291 311/5/1238
f 261/5/847 1368/6/846 3157/6/1292 1592/6/1293
f 1368/6/846 273/5/787 1561/5/1233 3157/6/1292
f 3157/6/1292 1561/5/1233 324/5/742 1314/6/740
f 1592/6/1293 3157/6/1292 1314/6/740 323/5/730
f 262/5/821 1380/6/871 3158/6/1294 1578/6/1265
f 1380/6/871 250/5/870 1593/6/1295 3158/6/1294
f 3158/6/1294 1593/6/1295 331/5/722 1312/6/735
f 1578/6/1265 3158/6/1294 1312/6/735 332/5/734
f 231/5/895 1392/6/894 3159/6/1296 1594/6/1297
f 1392/6/894 261/5/847 1592/6/1293 3159/6/1296
f 3159/6/1296 1592/6/1293 323/5/730 1308/6/728
f 1594/6/1297 3159/6/1296 1308/6/728 321/5/702
f 250/5/870 1404/6/919 3160/6/1298 1593/6/1295
f 1404/6/919 244/5/918 1595/6/1299 3160/6/1298
f 3160/6/1298 1595/6/1299 330/5/713 1306/6/723
f 1593/6/1295 3160/6/1298 1306/6/723 331/5/722
f 243/5/955 1422/6/954 3161/6/1300 1596/6/1301
f 1422/6/954 220/5/953 1597/6/1302 3161/6/1300
f 3161/6/1300 1597/6/1302 328/5/692 1303/6/719
f 1596/6/1301 3161/6/1300 1303/6/719 322/5/709
f 244/5/918 1434/6/979 3162/6/1303 1595/6/1299
f 1434/6/979 232/5/978 1598/6/1304 3162/6/1303
f 3162/6/1303 1598/6/1304 329/5/698 1301/6/714
f 1595/6/1299 3162/6/1303 1301/6/714 330/5/713
f 219/196/1003 1446/197/1002 3163/213/1305 1599/198/1306
f 1446/197/1002 243/5/955 1596/6/1301 3163/213/1305
f 3163/213/1305 1596/6/1301 322/5/709 1297/201/707
f 1599/198/1306 3163/213/1305 1297/201/707 320/200/688
f 232/5/978 1452/6/1015 3164/6/1307 1598/6/1304
f 1452/6/1015 231/5/895 1594/6/1297 3164/6/1307
f 3164/6/1307 1594/6/1297 321/5/702 1294/6/699
f 1598/6/1304 3164/6/1307 1294/6/699 329/5/698
f 220/5/953 1464/6/1039 3165/6/1308 1597/6/1302
f 1464/6/1039 208/5/1038 1600/6/1309 3165/6/1308
f 3165/6/1308 1600/6/1309 327/5/680 1291/6/693
f 1597/6/1302 3165/6/1308 1291/6/693 328/5/692
f 208/5/1038 1486/6/1083 3166/6/1310 1600/6/1309
f 1486/6/1083 191/5/1082 1601/6/1311 3166/6/1310
f 3166/6/1310 1601/6/1311 325/5/611 1285/6/681
f 1600/6/1309 3166/6/1310 1285/6/681 327/5/680
f 191/5/1082 1497/6/1105 3167/6/1312 1601/6/1311
f 1497/6/1105 190/5/823 1577/6/1264 3167/6/1312
f 3167/6/1312 1577/6/1264 319/5/615 1253/6/612
f 1601/6/1311 3167/6/1312 1253/6/612 325/5/611
f 312/5/1240 1565/6/1239 3168/6/1313 1602/6/1314
f 1565/6/1239 311/5/1238 1603/6/1315 3168/6/1313
f 3168/6/1313 1603/6/1315 340/5/1316 1604/6/1317
f 1602/6/1314 3168/6/1313 1604/6/1317 341/5/1318
f 311/5/1238 1591/6/1291 3169/6/1319 1603/6/1315
f 1591/6/1291 305/5/1262 1605/6/1320 3169/6/1319
f 3169/6/1319 1605/6/1320 334/5/1321 1606/6/1322
f 1603/6/1315 3169/6/1319 1606/6/1322 340/5/1316
f 309/5/1280 1589/6/1287 3170/6/1323 1607/6/1324
f 1589/6/1287 310/5/1231 1608/6/1325 3170/6/1323
f 3170/6/1323 1608/6/1325 339/5/1326 1609/6/1327
f 1607/6/1324 3170/6/1323 1609/6/1327 338/5/1328
f 308/5/1272 1586/6/1281 3171/6/1329 1610/6/1330
f 1586/6/1281 309/5/1280 1607/6/1324 3171/6/1329
f 3171/6/1329 1607/6/1324 338/5/1328 1611/6/1331
f 1610/6/1330 3171/6/1329 1611/6/1331 337/5/1332
f 307/5/1252 1582/6/1273 3172/6/1333 1612/6/1334
f 1582/6/1273 308/5/1272 1610/6/1330 3172/6/1333
f 3172/6/1333 1610/6/1330 337/5/1332 1613/6/1335
f 1612/6/1334 3172/6/1333 1613/6/1335 336/5/1336
f 305/5/1262 1576/6/1261 3173/6/1337 1605/6/1320
f 1576/6/1261 306/5/1254 1614/6/1338 3173/6/1337
f 3173/6/1337 1614/6/1338 335/5/1339 1615/6/1340
f 1605/6/1320 3173/6/1337 1615/6/1340 334/5/1321
f 318/5/1229 1567/6/1244 3174/6/1341 1616/6/1342
f 1567/6/1244 317/5/1243 1617/6/1343 3174/6/1341
f 3174/6/1341 1617/6/1343 347/5/1344 1618/6/1345
f 1616/6/1342 3174/6/1341 1618/6/1345 348/5/1346
f 306/5/1254 1572/6/1253 3175/6/1347 1614/6/1338
f 1572/6/1253 307/5/1252 1612/6/1334 3175/6/1347
f 3175/6/1347 1612/6/1334 336/5/1336 1619/6/1348
f 1614/6/1338 3175/6/1347 1619/6/1348 335/5/1339
f 310/5/1231 1560/6/1230 3176/6/1349 1608/6/1325
f 1560/6/1230 318/5/1229 1616/6/1342 3176/6/1349
f 3176/6/1349 1616/6/1342 348/5/1346 1620/6/1350
f 1608/6/1325 3176/6/1349 1620/6/1350 339/5/1326
f 317/5/1243 1590/6/1289 3177/6/1351 1617/6/1343
f 1590/6/1289 316/5/1285 1621/6/1352 3177/6/1351
f 3177/6/1351 1621/6/1352 346/5/1353 1622/6/1354
f 1617/6/1343 3177/6/1351 1622/6/1354 347/5/1344
f 316/5/1285 1588/6/1284 3178/6/1355 1621/6/1352
f 1588/6/1284 315/5/1277 1623/6/1356 3178/6/1355
f 3178/6/1355 1623/6/1356 345/5/1357 1624/6/1358
f 1621/6/1352 3178/6/1355 1624/6/1358 346/5/1353
f 315/5/1277 1584/6/1276 3179/6/1359 1623/6/1356
f 1584/6/1276 314/5/1269 1625/6/1360 3179/6/1359
f 3179/6/1359 1625/6/1360 344/5/1361 1626/6/1362
f 1623/6/1356 3179/6/1359 1626/6/1362 345/5/1357
f 314/5/1269 1580/6/1268 3180/6/1363 1625/6/1360
f 1580/6/1268 333/5/1258 1627/6/1364 3180/6/1363
f 3180/6/1363 1627/6/1364 343/5/1365 1628/6/1366
f 1625/6/1360 3180/6/1363 1628/6/1366 344/5/1361
f 333/5/1258 1574/6/1257 3181/6/1367 1627/6/1364
f 1574/6/1257 313/5/1248 1629/6/1368 3181/6/1367
f 3181/6/1367 1629/6/1368 342/5/1369 1630/6/1370
f 1627/6/1364 3181/6/1367 1630/6/1370 343/5/1365
f 313/5/1248 1569/6/1247 3182/6/1371 1629/6/1368
f 1569/6/1247 312/5/1240 1602/6/1314 3182/6/1371
f 3182/6/1371 1602/6/1314 341/5/1318 1631/6/1372
f 1629/6/1368 3182/6/1371 1631/6/1372 342/5/1369
f 376/5/1373 1633/6/1374 3183/6/1375 1632/6/1376
f 1633/6/1374 407/5/1377 1634/6/1378 3183/6/1375
f 3183/6/1375 1634/6/1378 363/5/1379 1635/6/1380
f 1632/6/1376 3183/6/1375 1635/6/1380 356/5/1381
f 416/5/1382 1637/6/1383 3184/6/1384 1636/6/1385
f 1637/6/1383 383/5/1386 1638/6/1387 3184/6/1384
f 3184/6/1384 1638/6/1387 359/5/1388 1639/6/1389
f 1636/6/1385 3184/6/1384 1639/6/1389 360/5/1390
f 407/5/1377 1640/6/1391 3185/6/1392 1634/6/1378
f 1640/6/1391 384/5/1393 1641/6/1394 3185/6/1392
f 3185/6/1392 1641/6/1394 361/5/1395 1642/6/1396
f 1634/6/1378 3185/6/1392 1642/6/1396 363/5/1379
f 400/5/1397 1644/6/1398 3186/6/1399 1643/6/1400
f 1644/6/1398 375/5/1401 1645/6/1402 3186/6/1399
f 3186/6/1399 1645/6/1402 353/5/1403 1646/6/1404
f 1643/6/1400 3186/6/1399 1646/6/1404 352/5/1405
f 375/5/1401 1647/6/1406 3187/6/1407 1645/6/1402
f 1647/6/1406 388/5/1408 1648/6/1409 3187/6/1407
f 3187/6/1407 1648/6/1409 354/5/1410 1649/6/1411
f 1645/6/1402 3187/6/1407 1649/6/1411 353/5/1403
f 408/5/1412 1651/6/1413 3188/6/1414 1650/6/1415
f 1651/6/1413 400/5/1397 1643/6/1400 3188/6/1414
f 3188/6/1414 1643/6/1400 352/5/1405 1652/6/1416
f 1650/6/1415 3188/6/1414 1652/6/1416 351/5/1417
f 420/5/1418 1654/6/1419 3189/6/1420 1653/6/1421
f 1654/6/1419 412/5/1422 1655/6/1423 3189/6/1420
f 3189/6/1420 1655/6/1423 350/5/1424 1656/6/1425
f 1653/6/1421 3189/6/1420 1656/6/1425 349/5/1426
f 383/5/1386 1657/6/1427 3190/6/1428 1638/6/1387
f 1657/6/1427 371/5/1429 1658/6/1430 3190/6/1428
f 3190/6/1428 1658/6/1430 358/5/1431 1659/6/1432
f 1638/6/1387 3190/6/1428 1659/6/1432 359/5/1388
f 412/5/1422 1660/6/1433 3191/6/1434 1655/6/1423
f 1660/6/1433 408/5/1412 1650/6/1415 3191/6/1434
f 3191/6/1434 1650/6/1415 351/5/1417 1661/6/1435
f 1655/6/1423 3191/6/1434 1661/6/1435 350/5/1424
f 371/5/1429 1662/6/1436 3192/6/1437 1658/6/1430
f 1662/6/1436 367/5/1438 1663/6/1439 3192/6/1437
f 3192/6/1437 1663/6/1439 357/5/1440 1664/6/1441
f 1658/6/1430 3192/6/1437 1664/6/1441 358/5/1431
f 388/5/1408 1665/6/1442 3193/6/1443 1648/6/1409
f 1665/6/1442 392/5/1444 1666/6/1445 3193/6/1443
f 3193/6/1443 1666/6/1445 355/5/1446 1667/6/1447
f 1648/6/1409 3193/6/1443 1667/6/1447 354/5/1410
f 367/5/1438 1668/6/1448 3194/6/1449 1663/6/1439
f 1668/6/1448 399/5/1450 1669/6/1451 3194/6/1449
f 3194/6/1449 1669/6/1451 362/5/1452 1670/6/1453
f 1663/6/1439 3194/6/1449 1670/6/1453 357/5/1440
f 399/5/1450 1671/6/1454 3195/6/1455 1669/6/1451
f 1671/6/1454 420/5/1418 1653/6/1421 3195/6/1455
f 3195/6/1455 1653/6/1421 349/5/1426 1672/6/1456
f 1669/6/1451 3195/6/1455 1672/6/1456 362/5/1452
f 392/5/1444 1673/6/1457 3196/6/1458 1666/6/1445
f 1673/6/1457 376/5/1373 1632/6/1376 3196/6/1458
f 3196/6/1458 1632/6/1376 356/5/1381 1674/6/1459
f 1666/6/1445 3196/6/1458 1674/6/1459 355/5/1446
f 384/5/1393 1675/6/1460 3197/6/1461 1641/6/1394
f 1675/6/1460 416/5/1382 1636/6/1385 3197/6/1461
f 3197/6/1461 1636/6/1385 360/5/1390 1676/6/1462
f 1641/6/1394 3197/6/1461 1676/6/1462 361/5/1395
f 335/5/1339 1619/6/1348 3198/6/1463 1677/6/1464
f 1619/6/1348 336/5/1336 1678/6/1465 3198/6/1463
f 3198/6/1463 1678/6/1465 419/5/1466 1679/6/1467
f 1677/6/1464 3198/6/1463 1679/6/1467 387/5/1468
f 387/5/1468 1679/6/1467 3199/6/1469 1680/6/1470
f 1679/6/1467 419/5/1466 1681/6/1471 3199/6/1469
f 3199/6/1469 1681/6/1471 418/5/1472 1682/6/1473
f 1680/6/1470 3199/6/1469 1682/6/1473 386/5/1474
f 386/5/1474 1682/6/1473 3200/6/1475 1683/6/1476
f 1682/6/1473 418/5/1472 1684/6/1477 3200/6/1475
f 3200/6/1475 1684/6/1477 417/5/1478 1685/6/1479
f 1683/6/1476 3200/6/1475 1685/6/1479 385/5/1480
f 385/5/1480 1685/6/1479 3201/6/1481 1686/6/1482
f 1685/6/1479 417/5/1478 1687/6/1483 3201/6/1481
f 3201/6/1481 1687/6/1483 416/5/1382 1675/6/1460
f 1686/6/1482 3201/6/1481 1675/6/1460 384/5/1393
f 341/5/1318 1604/6/1317 3202/6/1484 1688/6/1485
f 1604/6/1317 340/5/1316 1689/6/1486 3202/6/1484
f 3202/6/1484 1689/6/1486 379/5/1487 1690/6/1488
f 1688/6/1485 3202/6/1484 1690/6/1488 395/5/1489
f 395/5/1489 1690/6/1488 3203/6/1490 1691/6/1491
f 1690/6/1488 379/5/1487 1692/6/1492 3203/6/1490
f 3203/6/1490 1692/6/1492 378/5/1493 1693/6/1494
f 1691/6/1491 3203/6/1490 1693/6/1494 394/5/1495
f 394/5/1495 1693/6/1494 3204/6/1496 1694/6/1497
f 1693/6/1494 378/5/1493 1695/6/1498 3204/6/1496
f 3204/6/1496 1695/6/1498 377/5/1499 1696/6/1500
f 1694/6/1497 3204/6/1496 1696/6/1500 393/5/1501
f 393/5/1501 1696/6/1500 3205/6/1502 1697/6/1503
f 1696/6/1500 377/5/1499 1698/6/1504 3205/6/1502
f 3205/6/1502 1698/6/1504 376/5/1373 1673/6/1457
f 1697/6/1503 3205/6/1502 1673/6/1457 392/5/1444
f 348/5/1346 1618/6/1345 3206/6/1505 1699/6/1506
f 1618/6/1345 347/5/1344 1700/6/1507 3206/6/1505
f 3206/6/1505 1700/6/1507 423/5/1508 1701/6/1509
f 1699/6/1506 3206/6/1505 1701/6/1509 396/5/1510
f 396/5/1510 1701/6/1509 3207/6/1511 1702/6/1512
f 1701/6/1509 423/5/1508 1703/6/1513 3207/6/1511
f 3207/6/1511 1703/6/1513 422/5/1514 1704/6/1515
f 1702/6/1512 3207/6/1511 1704/6/1515 397/5/1516
f 397/5/1516 1704/6/1515 3208/6/1517 1705/6/1518
f 1704/6/1515 422/5/1514 1706/6/1519 3208/6/1517
f 3208/6/1517 1706/6/1519 421/5/1520 1707/6/1521
f 1705/6/1518 3208/6/1517 1707/6/1521 398/5/1522
f 398/5/1522 1707/6/1521 3209/6/1523 1708/6/1524
f 1707/6/1521 421/5/1520 1709/6/1525 3209/6/1523
f 3209/6/1523 1709/6/1525 420/5/1418 1671/6/1454
f 1708/6/1524 3209/6/1523 1671/6/1454 399/5/1450
f 339/5/1326 1620/6/1350 3210/6/1526 1710/6/1527
f 1620/6/1350 348/5/1346 1699/6/1506 3210/6/1526
f 3210/6/1526 1699/6/1506 396/5/1510 1711/6/1528
f 1710/6/1527 3210/6/1526 1711/6/1528 364/5/1529
f 364/5/1529 1711/6/1528 3211/6/1530 1712/6/1531
f 1711/6/1528 396/5/1510 1702/6/1512 3211/6/1530
f 3211/6/1530 1702/6/1512 397/5/1516 1713/6/1532
f 1712/6/1531 3211/6/1530 1713/6/1532 365/5/1533
f 365/5/1533 1713/6/1532 3212/6/1534 1714/6/1535
f 1713/6/1532 397/5/1516 1705/6/1518 3212/6/1534
f 3212/6/1534 1705/6/1518 398/5/1522 1715/6/1536
f 1714/6/1535 3212/6/1534 1715/6/1536 366/5/1537
f 366/5/1537 1715/6/1536 3213/6/1538 1716/6/1539
f 1715/6/1536 398/5/1522 1708/6/1524 3213/6/1538
f 3213/6/1538 1708/6/1524 399/5/1450 1668/6/1448
f 1716/6/1539 3213/6/1538 1668/6/1448 367/5/1438
f 342/5/1369 1631/6/1372 3214/6/1540 1717/6/1541
f 1631/6/1372 341/5/1318 1688/6/1485 3214/6/1540
f 3214/6/1540 1688/6/1485 395/5/1489 1718/6/1542
f 1717/6/1541 3214/6/1540 1718/6/1542 391/5/1543
f 391/5/1543 1718/6/1542 3215/6/1544 1719/6/1545
f 1718/6/1542 395/5/1489 1691/6/1491 3215/6/1544
f 3215/6/1544 1691/6/1491 394/5/1495 1720/6/1546
f 1719/6/1545 3215/6/1544 1720/6/1546 390/5/1547
f 390/5/1547 1720/6/1546 3216/6/1548 1721/6/1549
f 1720/6/1546 394/5/1495 1694/6/1497 3216/6/1548
f 3216/6/1548 1694/6/1497 393/5/1501 1722/6/1550
f 1721/6/1549 3216/6/1548 1722/6/1550 389/5/1551
f 389/5/1551 1722/6/1550 3217/6/1552 1723/6/1553
f 1722/6/1550 393/5/1501 1697/6/1503 3217/6/1552
f 3217/6/1552 1697/6/1503 392/5/1444 1665/6/1442
f 1723/6/1553 3217/6/1552 1665/6/1442 388/5/1408
f 338/5/1328 1609/6/1327 3218/6/1554 1724/6/1555
f 1609/6/1327 339/5/1326 1710/6/1527 3218/6/1554
f 3218/6/1554 1710/6/1527 364/5/1529 1725/6/1556
f 1724/6/1555 3218/6/1554 1725/6/1556 368/5/1557
f 368/5/1557 1725/6/1556 3219/6/1558 1726/6/1559
f 1725/6/1556 364/5/1529 1712/6/1531 3219/6/1558
f 3219/6/1558 1712/6/1531 365/5/1533 1727/6/1560
f 1726/6/1559 3219/6/1558 1727/6/1560 369/5/1561
f 369/5/1561 1727/6/1560 3220/6/1562 1728/6/1563
f 1727/6/1560 365/5/1533 1714/6/1535 3220/6/1562
f 3220/6/1562 1714/6/1535 366/5/1537 1729/6/1564
f 1728/6/1563 3220/6/1562 1729/6/1564 370/5/1565
f 370/5/1565 1729/6/1564 3221/6/1566 1730/6/1567
f 1729/6/1564 366/5/1537 1716/6/1539 3221/6/1566
f 3221/6/1566 1716/6/1539 367/5/1438 1662/6/1436
f 1730/6/1567 3221/6/1566 1662/6/1436 371/5/1429
f 346/5/1353 1624/6/1358 3222/6/1568 1731/6/1569
f 1624/6/1358 345/5/1357 1732/6/1570 3222/6/1568
f 3222/6/1568 1732/6/1570 411/5/1571 1733/6/1572
f 1731/6/1569 3222/6/1568 1733/6/1572 415/5/1573
f 415/5/1573 1733/6/1572 3223/6/1574 1734/6/1575
f 1733/6/1572 411/5/1571 1735/6/1576 3223/6/1574
f 3223/6/1574 1735/6/1576 410/5/1577 1736/6/1578
f 1734/6/1575 3223/6/1574 1736/6/1578 414/5/1579
f 414/5/1579 1736/6/1578 3224/6/1580 1737/6/1581
f 1736/6/1578 410/5/1577 1738/6/1582 3224/6/1580
f 3224/6/1580 1738/6/1582 409/5/1583 1739/6/1584
f 1737/6/1581 3224/6/1580 1739/6/1584 413/5/1585
f 413/5/1585 1739/6/1584 3225/6/1586 1740/6/1587
f 1739/6/1584 409/5/1583 1741/6/1588 3225/6/1586
f 3225/6/1586 1741/6/1588 408/5/1412 1660/6/1433
f 1740/6/1587 3225/6/1586 1660/6/1433 412/5/1422
f 337/5/1332 1611/6/1331 3226/6/1589 1742/6/1590
f 1611/6/1331 338/5/1328 1724/6/1555 3226/6/1589
f 3226/6/1589 1724/6/1555 368/5/1557 1743/6/1591
f 1742/6/1590 3226/6/1589 1743/6/1591 380/5/1592
f 380/5/1592 1743/6/1591 3227/6/1593 1744/6/1594
f 1743/6/1591 368/5/1557 1726/6/1559 3227/6/1593
f 3227/6/1593 1726/6/1559 369/5/1561 1745/6/1595
f 1744/6/1594 3227/6/1593 1745/6/1595 381/5/1596
f 381/5/1596 1745/6/1595 3228/6/1597 1746/6/1598
f 1745/6/1595 369/5/1561 1728/6/1563 3228/6/1597
f 3228/6/1597 1728/6/1563 370/5/1565 1747/6/1599
f 1746/6/1598 3228/6/1597 1747/6/1599 382/5/1600
f 382/5/1600 1747/6/1599 3229/6/1601 1748/6/1602
f 1747/6/1599 370/5/1565 1730/6/1567 3229/6/1601
f 3229/6/1601 1730/6/1567 371/5/1429 1657/6/1427
f 1748/6/1602 3229/6/1601 1657/6/1427 383/5/1386
f 347/5/1344 1622/6/1354 3230/6/1603 1700/6/1507
f 1622/6/1354 346/5/1353 1731/6/1569 3230/6/1603
f 3230/6/1603 1731/6/1569 415/5/1573 1749/6/1604
f 1700/6/1507 3230/6/1603 1749/6/1604 423/5/1508
f 423/5/1508 1749/6/1604 3231/6/1605 1703/6/1513
f 1749/6/1604 415/5/1573 1734/6/1575 3231/6/1605
f 3231/6/1605 1734/6/1575 414/5/1579 1750/6/1606
f 1703/6/1513 3231/6/1605 1750/6/1606 422/5/1514
f 422/5/1514 1750/6/1606 3232/6/1607 1706/6/1519
f 1750/6/1606 414/5/1579 1737/6/1581 3232/6/1607
f 3232/6/1607 1737/6/1581 413/5/1585 1751/6/1608
f 1706/6/1519 3232/6/1607 1751/6/1608 421/5/1520
f 421/5/1520 1751/6/1608 3233/6/1609 1709/6/1525
f 1751/6/1608 413/5/1585 1740/6/1587 3233/6/1609
f 3233/6/1609 1740/6/1587 412/5/1422 1654/6/1419
f 1709/6/1525 3233/6/1609 1654/6/1419 420/5/1418
f 345/5/1357 1626/6/1362 3234/6/1610 1732/6/1570
f 1626/6/1362 344/5/1361 1752/6/1611 3234/6/1610
f 3234/6/1610 1752/6/1611 403/5/1612 1753/6/1613
f 1732/6/1570 3234/6/1610 1753/6/1613 411/5/1571
f 411/5/1571 1753/6/1613 3235/6/1614 1735/6/1576
f 1753/6/1613 403/5/1612 1754/6/1615 3235/6/1614
f 3235/6/1614 1754/6/1615 402/5/1616 1755/6/1617
f 1735/6/1576 3235/6/1614 1755/6/1617 410/5/1577
f 410/5/1577 1755/6/1617 3236/6/1618 1738/6/1582
f 1755/6/1617 402/5/1616 1756/6/1619 3236/6/1618
f 3236/6/1618 1756/6/1619 401/5/1620 1757/6/1621
f 1738/6/1582 3236/6/1618 1757/6/1621 409/5/1583
f 409/5/1583 1757/6/1621 3237/6/1622 1741/6/1588
f 1757/6/1621 401/5/1620 1758/6/1623 3237/6/1622
f 3237/6/1622 1758/6/1623 400/5/1397 1651/6/1413
f 1741/6/1588 3237/6/1622 1651/6/1413 408/5/1412
f 343/5/1365 1630/6/1370 3238/6/1624 1759/6/1625
f 1630/6/1370 342/5/1369 1717/6/1541 3238/6/1624
f 3238/6/1624 1717/6/1541 391/5/1543 1760/6/1626
f 1759/6/1625 3238/6/1624 1760/6/1626 372/5/1627
f 372/5/1627 1760/6/1626 3239/6/1628 1761/6/1629
f 1760/6/1626 391/5/1543 1719/6/1545 3239/6/1628
f 3239/6/1628 1719/6/1545 390/5/1547 1762/6/1630
f 1761/6/1629 3239/6/1628 1762/6/1630 373/5/1631
f 373/5/1631 1762/6/1630 3240/6/1632 1763/6/1633
f 1762/6/1630 390/5/1547 1721/6/1549 3240/6/1632
f 3240/6/1632 1721/6/1549 389/5/1551 1764/6/1634
f 1763/6/1633 3240/6/1632 1764/6/1634 374/5/1635
f 374/5/1635 1764/6/1634 3241/6/1636 1765/6/1637
f 1764/6/1634 389/5/1551 1723/6/1553 3241/6/1636
f 3241/6/1636 1723/6/1553 388/5/1408 1647/6/1406
f 1765/6/1637 3241/6/1636 1647/6/1406 375/5/1401
f 344/5/1361 1628/6/1366 3242/6/1638 1752/6/1611
f 1628/6/1366 343/5/1365 1759/6/1625 3242/6/1638
f 3242/6/1638 1759/6/1625 372/5/1627 1766/6/1639
f 1752/6/1611 3242/6/1638 1766/6/1639 403/5/1612
f 403/5/1612 1766/6/1639 3243/6/1640 1754/6/1615
f 1766/6/1639 372/5/1627 1761/6/1629 3243/6/1640
f 3243/6/1640 1761/6/1629 373/5/1631 1767/6/1641
f 1754/6/1615 3243/6/1640 1767/6/1641 402/5/1616
f 402/5/1616 1767/6/1641 3244/6/1642 1756/6/1619
f 1767/6/1641 373/5/1631 1763/6/1633 3244/6/1642
f 3244/6/1642 1763/6/1633 374/5/1635 1768/6/1643
f 1756/6/1619 3244/6/1642 1768/6/1643 401/5/1620
f 401/5/1620 1768/6/1643 3245/6/1644 1758/6/1623
f 1768/6/1643 374/5/1635 1765/6/1637 3245/6/1644
f 3245/6/1644 1765/6/1637 375/5/1401 1644/6/1398
f 1758/6/1623 3245/6/1644 1644/6/1398 400/5/1397
f 334/5/1321 1615/6/1340 3246/6/1645 1769/6/1646
f 1615/6/1340 335/5/1339 1677/6/1464 3246/6/1645
f 3246/6/1645 1677/6/1464 387/5/1468 1770/6/1647
f 1769/6/1646 3246/6/1645 1770/6/1647 404/5/1648
f 404/5/1648 1770/6/1647 3247/6/1649 1771/6/1650
f 1770/6/1647 387/5/1468 1680/6/1470 3247/6/1649
f 3247/6/1649 1680/6/1470 386/5/1474 1772/6/1651
f 1771/6/1650 3247/6/1649 1772/6/1651 405/5/1652
f 405/5/1652 1772/6/1651 3248/6/1653 1773/6/1654
f 1772/6/1651 386/5/1474 1683/6/1476 3248/6/1653
f 3248/6/1653 1683/6/1476 385/5/1480 1774/6/1655
f 1773/6/1654 3248/6/1653 1774/6/1655 406/5/1656
f 406/5/1656 1774/6/1655 3249/6/1657 1775/6/1658
f 1774/6/1655 385/5/1480 1686/6/1482 3249/6/1657
f 3249/6/1657 1686/6/1482 384/5/1393 1640/6/1391
f 1775/6/1658 3249/6/1657 1640/6/1391 407/5/1377
f 336/5/1336 1613/6/1335 3250/6/1659 1678/6/1465
f 1613/6/1335 337/5/1332 1742/6/1590 3250/6/1659
f 3250/6/1659 1742/6/1590 380/5/1592 1776/6/1660
f 1678/6/1465 3250/6/1659 1776/6/1660 419/5/1466
f 419/5/1466 1776/6/1660 3251/6/1661 1681/6/1471
f 1776/6/1660 380/5/1592 1744/6/1594 3251/6/1661
f 3251/6/1661 1744/6/1594 381/5/1596 1777/6/1662
f 1681/6/1471 3251/6/1661 1777/6/1662 418/5/1472
f 418/5/1472 1777/6/1662 3252/6/1663 1684/6/1477
f 1777/6/1662 381/5/1596 1746/6/1598 3252/6/1663
f 3252/6/1663 1746/6/1598 382/5/1600 1778/6/1664
f 1684/6/1477 3252/6/1663 1778/6/1664 417/5/1478
f 417/5/1478 1778/6/1664 3253/6/1665 1687/6/1483
f 1778/6/1664 382/5/1600 1748/6/1602 3253/6/1665
f 3253/6/1665 1748/6/1602 383/5/1386 1637/6/1383
f 1687/6/1483 3253/6/1665 1637/6/1383 416/5/1382
f 340/5/1316 1606/6/1322 3254/6/1666 1689/6/1486
f 1606/6/1322 334/5/1321 1769/6/1646 3254/6/1666
f 3254/6/1666 1769/6/1646 404/5/1648 1779/6/1667
f 1689/6/1486 3254/6/1666 1779/6/1667 379/5/1487
f 379/5/1487 1779/6/1667 3255/6/1668 1692/6/1492
f 1779/6/1667 404/5/1648 1771/6/1650 3255/6/1668
f 3255/6/1668 1771/6/1650 405/5/1652 1780/6/1669
f 1692/6/1492 3255/6/1668 1780/6/1669 378/5/1493
f 378/5/1493 1780/6/1669 3256/6/1670 1695/6/1498
f 1780/6/1669 405/5/1652 1773/6/1654 3256/6/1670
f 3256/6/1670 1773/6/1654 406/5/1656 1781/6/1671
f 1695/6/1498 3256/6/1670 1781/6/1671 377/5/1499
f 377/5/1499 1781/6/1671 3257/6/1672 1698/6/1504
f 1781/6/1671 406/5/1656 1775/6/1658 3257/6/1672
f 3257/6/1672 1775/6/1658 407/5/1377 1633/6/1374
f 1698/6/1504 3257/6/1672 1633/6/1374 376/5/1373
f 443/5/1673 1783/5/1674 3258/5/1675 1782/5/1676
f 1783/5/1674 442/5/1677 1784/5/1678 3258/5/1675
f 3258/5/1675 1784/5/1678 427/5/1679 1785/6/1680
f 1782/5/1676 3258/5/1675 1785/6/1680 426/5/1681
f 451/5/1682 1787/5/1683 3259/5/1684 1786/5/1685
f 1787/5/1683 450/5/1686 1788/5/1687 3259/5/1684
f 3259/5/1684 1788/5/1687 432/5/1688 1789/6/1689
f 1786/5/1685 3259/5/1684 1789/6/1689 433/5/1690
f 459/5/1691 1791/5/1692 3260/5/1693 1790/5/1694
f 1791/5/1692 458/5/1695 1792/5/1696 3260/5/1693
f 3260/5/1693 1792/5/1696 430/5/1697 1793/6/1698
f 1790/5/1694 3260/5/1693 1793/6/1698 429/5/1699
f 467/5/1700 1795/5/1701 3261/5/1702 1794/5/1703
f 1795/5/1701 466/5/1704 1796/5/1705 3261/5/1702
f 3261/5/1702 1796/5/1705 438/5/1706 1797/6/1707
f 1794/5/1703 3261/5/1702 1797/6/1707 431/5/1708
f 475/5/1709 1799/5/1710 3262/5/1711 1798/5/1712
f 1799/5/1710 474/5/1713 1800/5/1714 3262/5/1711
f 3262/5/1711 1800/5/1714 434/5/1715 1801/6/1716
f 1798/5/1712 3262/5/1711 1801/6/1716 435/5/1717
f 466/5/1704 1802/5/1718 3263/5/1719 1796/5/1705
f 1802/5/1718 482/5/1720 1803/5/1721 3263/5/1719
f 3263/5/1719 1803/5/1721 436/5/1722 1804/6/1723
f 1796/5/1705 3263/5/1719 1804/6/1723 438/5/1706
f 474/5/1713 1805/5/1724 3264/5/1725 1800/5/1714
f 1805/5/1724 451/5/1682 1786/5/1685 3264/5/1725
f 3264/5/1725 1786/5/1685 433/5/1690 1806/6/1726
f 1800/5/1714 3264/5/1725 1806/6/1726 434/5/1715
f 458/5/1695 1807/5/1727 3265/5/1728 1792/5/1696
f 1807/5/1727 467/5/1700 1794/5/1703 3265/5/1728
f 3265/5/1728 1794/5/1703 431/5/1708 1808/6/1729
f 1792/5/1696 3265/5/1728 1808/6/1729 430/5/1697
f 482/5/1720 1809/5/1730 3266/5/1731 1803/5/1721
f 1809/5/1730 475/5/1709 1798/5/1712 3266/5/1731
f 3266/5/1731 1798/5/1712 435/5/1717 1810/6/1732
f 1803/5/1721 3266/5/1731 1810/6/1732 436/5/1722
f 483/5/1733 1812/5/1734 3267/5/1735 1811/5/1736
f 1812/5/1734 459/5/1691 1790/5/1694 3267/5/1735
f 3267/5/1735 1790/5/1694 429/5/1699 1813/6/1737
f 1811/5/1736 3267/5/1735 1813/6/1737 428/5/1738
f 487/5/1739 1815/5/1740 3268/5/1741 1814/5/1742
f 1815/5/1740 443/5/1673 1782/5/1676 3268/5/1741
f 3268/5/1741 1782/5/1676 426/5/1681 1816/6/1743
f 1814/5/1742 3268/5/1741 1816/6/1743 425/5/1744
f 450/5/1686 1817/5/1745 3269/5/1746 1788/5/1687
f 1817/5/1745 494/5/1747 1818/5/1748 3269/5/1746
f 3269/5/1746 1818/5/1748 437/5/1749 1819/6/1750
f 1788/5/1687 3269/5/1746 1819/6/1750 432/5/1688
f 495/5/1751 1821/5/1752 3270/5/1753 1820/5/1754
f 1821/5/1752 487/5/1739 1814/5/1742 3270/5/1753
f 3270/5/1753 1814/5/1742 425/5/1744 1822/6/1755
f 1820/5/1754 3270/5/1753 1822/6/1755 424/5/1756
f 494/5/1747 1823/5/1757 3271/5/1758 1818/5/1748
f 1823/5/1757 495/5/1751 1820/5/1754 3271/5/1758
f 3271/5/1758 1820/5/1754 424/5/1756 1824/6/1759
f 1818/5/1748 3271/5/1758 1824/6/1759 437/5/1749
f 442/5/1677 1825/5/1760 3272/5/1761 1784/5/1678
f 1825/5/1760 483/5/1733 1811/5/1736 3272/5/1761
f 3272/5/1761 1811/5/1736 428/5/1738 1826/6/1762
f 1784/5/1678 3272/5/1761 1826/6/1762 427/5/1679
f 352/5/1405 1646/6/1404 3273/6/1763 1827/6/1764
f 1646/6/1404 353/5/1403 1828/6/1765 3273/6/1763
f 3273/6/1763 1828/6/1765 486/5/1766 1829/6/1767
f 1827/6/1764 3273/6/1763 1829/6/1767 439/5/1768
f 439/5/1768 1829/6/1767 3274/6/1769 1830/6/1770
f 1829/6/1767 486/5/1766 1831/6/1771 3274/6/1769
f 3274/6/1769 1831/6/1771 485/5/1772 1832/6/1773
f 1830/6/1770 3274/6/1769 1832/6/1773 440/5/1774
f 440/5/1774 1832/6/1773 3275/6/1775 1833/6/1776
f 1832/6/1773 485/5/1772 1834/6/1777 3275/6/1775
f 3275/6/1775 1834/6/1777 484/5/1778 1835/6/1779
f 1833/6/1776 3275/6/1775 1835/6/1779 441/5/1780
f 441/5/1780 1835/6/1779 3276/6/1781 1836/6/1782
f 1835/6/1779 484/5/1778 1837/6/1783 3276/6/1781
f 3276/6/1781 1837/6/1783 483/5/1733 1825/5/1760
f 1836/6/1782 3276/6/1781 1825/5/1760 442/5/1677
f 362/5/1452 1672/6/1456 3277/6/1784 1838/6/1785
f 1672/6/1456 349/5/1426 1839/6/1786 3277/6/1784
f 3277/6/1784 1839/6/1786 498/5/1787 1840/6/1788
f 1838/6/1785 3277/6/1784 1840/6/1788 491/5/1789
f 491/5/1789 1840/6/1788 3278/6/1790 1841/6/1791
f 1840/6/1788 498/5/1787 1842/6/1792 3278/6/1790
f 3278/6/1790 1842/6/1792 497/5/1793 1843/6/1794
f 1841/6/1791 3278/6/1790 1843/6/1794 492/5/1795
f 492/5/1795 1843/6/1794 3279/6/1796 1844/6/1797
f 1843/6/1794 497/5/1793 1845/6/1798 3279/6/1796
f 3279/6/1796 1845/6/1798 496/5/1799 1846/6/1800
f 1844/6/1797 3279/6/1796 1846/6/1800 493/5/1801
f 493/5/1801 1846/6/1800 3280/6/1802 1847/6/1803
f 1846/6/1800 496/5/1799 1848/6/1804 3280/6/1802
f 3280/6/1802 1848/6/1804 495/5/1751 1823/5/1757
f 1847/6/1803 3280/6/1802 1823/5/1757 494/5/1747
f 349/5/1426 1656/6/1425 3281/6/1805 1839/6/1786
f 1656/6/1425 350/5/1424 1849/6/1806 3281/6/1805
f 3281/6/1805 1849/6/1806 490/5/1807 1850/6/1808
f 1839/6/1786 3281/6/1805 1850/6/1808 498/5/1787
f 498/5/1787 1850/6/1808 3282/6/1809 1842/6/1792
f 1850/6/1808 490/5/1807 1851/6/1810 3282/6/1809
f 3282/6/1809 1851/6/1810 489/5/1811 1852/6/1812
f 1842/6/1792 3282/6/1809 1852/6/1812 497/5/1793
f 497/5/1793 1852/6/1812 3283/6/1813 1845/6/1798
f 1852/6/1812 489/5/1811 1853/6/1814 3283/6/1813
f 3283/6/1813 1853/6/1814 488/5/1815 1854/6/1816
f 1845/6/1798 3283/6/1813 1854/6/1816 496/5/1799
f 496/5/1799 1854/6/1816 3284/6/1817 1848/6/1804
f 1854/6/1816 488/5/1815 1855/6/1818 3284/6/1817
f 3284/6/1817 1855/6/1818 487/5/1739 1821/5/1752
f 1848/6/1804 3284/6/1817 1821/5/1752 495/5/1751
f 357/5/1440 1670/6/1453 3285/6/1819 1856/6/1820
f 1670/6/1453 362/5/1452 1838/6/1785 3285/6/1819
f 3285/6/1819 1838/6/1785 491/5/1789 1857/6/1821
f 1856/6/1820 3285/6/1819 1857/6/1821 447/5/1822
f 447/5/1822 1857/6/1821 3286/6/1823 1858/6/1824
f 1857/6/1821 491/5/1789 1841/6/1791 3286/6/1823
f 3286/6/1823 1841/6/1791 492/5/1795 1859/6/1825
f 1858/6/1824 3286/6/1823 1859/6/1825 448/5/1826
f 448/5/1826 1859/6/1825 3287/6/1827 1860/6/1828
f 1859/6/1825 492/5/1795 1844/6/1797 3287/6/1827
f 3287/6/1827 1844/6/1797 493/5/1801 1861/6/1829
f 1860/6/1828 3287/6/1827 1861/6/1829 449/5/1830
f 449/5/1830 1861/6/1829 3288/6/1831 1862/6/1832
f 1861/6/1829 493/5/1801 1847/6/1803 3288/6/1831
f 3288/6/1831 1847/6/1803 494/5/1747 1817/5/1745
f 1862/6/1832 3288/6/1831 1817/5/1745 450/5/1686
f 350/5/1424 1661/6/1435 3289/6/1833 1849/6/1806
f 1661/6/1435 351/5/1417 1863/6/1834 3289/6/1833
f 3289/6/1833 1863/6/1834 446/5/1835 1864/6/1836
f 1849/6/1806 3289/6/1833 1864/6/1836 490/5/1807
f 490/5/1807 1864/6/1836 3290/6/1837 1851/6/1810
f 1864/6/1836 446/5/1835 1865/6/1838 3290/6/1837
f 3290/6/1837 1865/6/1838 445/5/1839 1866/6/1840
f 1851/6/1810 3290/6/1837 1866/6/1840 489/5/1811
f 489/5/1811 1866/6/1840 3291/6/1841 1853/6/1814
f 1866/6/1840 445/5/1839 1867/6/1842 3291/6/1841
f 3291/6/1841 1867/6/1842 444/5/1843 1868/6/1844
f 1853/6/1814 3291/6/1841 1868/6/1844 488/5/1815
f 488/5/1815 1868/6/1844 3292/6/1845 1855/6/1818
f 1868/6/1844 444/5/1843 1869/6/1846 3292/6/1845
f 3292/6/1845 1869/6/1846 443/5/1673 1815/5/1740
f 1855/6/1818 3292/6/1845 1815/5/1740 487/5/1739
f 353/5/1403 1649/6/1411 3293/6/1847 1828/6/1765
f 1649/6/1411 354/5/1410 1870/6/1848 3293/6/1847
f 3293/6/1847 1870/6/1848 462/5/1849 1871/6/1850
f 1828/6/1765 3293/6/1847 1871/6/1850 486/5/1766
f 486/5/1766 1871/6/1850 3294/6/1851 1831/6/1771
f 1871/6/1850 462/5/1849 1872/6/1852 3294/6/1851
f 3294/6/1851 1872/6/1852 461/5/1853 1873/6/1854
f 1831/6/1771 3294/6/1851 1873/6/1854 485/5/1772
f 485/5/1772 1873/6/1854 3295/6/1855 1834/6/1777
f 1873/6/1854 461/5/1853 1874/6/1856 3295/6/1855
f 3295/6/1855 1874/6/1856 460/5/1857 1875/6/1858
f 1834/6/1777 3295/6/1855 1875/6/1858 484/5/1778
f 484/5/1778 1875/6/1858 3296/6/1859 1837/6/1783
f 1875/6/1858 460/5/1857 1876/6/1860 3296/6/1859
f 3296/6/1859 1876/6/1860 459/5/1691 1812/5/1734
f 1837/6/1783 3296/6/1859 1812/5/1734 483/5/1733
f 361/5/1395 1676/6/1462 3297/6/1861 1877/6/1862
f 1676/6/1462 360/5/1390 1878/6/1863 3297/6/1861
f 3297/6/1861 1878/6/1863 478/5/1864 1879/6/1865
f 1877/6/1862 3297/6/1861 1879/6/1865 479/5/1866
f 479/5/1866 1879/6/1865 3298/6/1867 1880/6/1868
f 1879/6/1865 478/5/1864 1881/6/1869 3298/6/1867
f 3298/6/1867 1881/6/1869 477/5/1870 1882/6/1871
f 1880/6/1868 3298/6/1867 1882/6/1871 480/5/1872
f 480/5/1872 1882/6/1871 3299/6/1873 1883/6/1874
f 1882/6/1871 477/5/1870 1884/6/1875 3299/6/1873
f 3299/6/1873 1884/6/1875 476/5/1876 1885/6/1877
f 1883/6/1874 3299/6/1873 1885/6/1877 481/5/1878
f 481/5/1878 1885/6/1877 3300/6/1879 1886/6/1880
f 1885/6/1877 476/5/1876 1887/6/1881 3300/6/1879
f 3300/6/1879 1887/6/1881 475/5/1709 1809/5/1730
f 1886/6/1880 3300/6/1879 1809/5/1730 482/5/1720
f 355/5/1446 1674/6/1459 3301/6/1882 1888/6/1883
f 1674/6/1459 356/5/1381 1889/6/1884 3301/6/1882
f 3301/6/1882 1889/6/1884 470/5/1885 1890/6/1886
f 1888/6/1883 3301/6/1882 1890/6/1886 455/5/1887
f 455/5/1887 1890/6/1886 3302/6/1888 1891/6/1889
f 1890/6/1886 470/5/1885 1892/6/1890 3302/6/1888
f 3302/6/1888 1892/6/1890 469/5/1891 1893/6/1892
f 1891/6/1889 3302/6/1888 1893/6/1892 456/5/1893
f 456/5/1893 1893/6/1892 3303/6/1894 1894/6/1895
f 1893/6/1892 469/5/1891 1895/6/1896 3303/6/1894
f 3303/6/1894 1895/6/1896 468/5/1897 1896/6/1898
f 1894/6/1895 3303/6/1894 1896/6/1898 457/5/1899
f 457/5/1899 1896/6/1898 3304/6/1900 1897/6/1901
f 1896/6/1898 468/5/1897 1898/6/1902 3304/6/1900
f 3304/6/1900 1898/6/1902 467/5/1700 1807/5/1727
f 1897/6/1901 3304/6/1900 1807/5/1727 458/5/1695
f 359/5/1388 1659/6/1432 3305/6/1903 1899/6/1904
f 1659/6/1432 358/5/1431 1900/6/1905 3305/6/1903
f 3305/6/1903 1900/6/1905 454/5/1906 1901/6/1907
f 1899/6/1904 3305/6/1903 1901/6/1907 471/5/1908
f 471/5/1908 1901/6/1907 3306/6/1909 1902/6/1910
f 1901/6/1907 454/5/1906 1903/6/1911 3306/6/1909
f 3306/6/1909 1903/6/1911 453/5/1912 1904/6/1913
f 1902/6/1910 3306/6/1909 1904/6/1913 472/5/1914
f 472/5/1914 1904/6/1913 3307/6/1915 1905/6/1916
f 1904/6/1913 453/5/1912 1906/6/1917 3307/6/1915
f 3307/6/1915 1906/6/1917 452/5/1918 1907/6/1919
f 1905/6/1916 3307/6/1915 1907/6/1919 473/5/1920
f 473/5/1920 1907/6/1919 3308/6/1921 1908/6/1922
f 1907/6/1919 452/5/1918 1909/6/1923 3308/6/1921
f 3308/6/1921 1909/6/1923 451/5/1682 1805/5/1724
f 1908/6/1922 3308/6/1921 1805/5/1724 474/5/1713
f 363/5/1379 1642/6/1396 3309/6/1924 1910/6/1925
f 1642/6/1396 361/5/1395 1877/6/1862 3309/6/1924
f 3309/6/1924 1877/6/1862 479/5/1866 1911/6/1926
f 1910/6/1925 3309/6/1924 1911/6/1926 463/5/1927
f 463/5/1927 1911/6/1926 3310/6/1928 1912/6/1929
f 1911/6/1926 479/5/1866 1880/6/1868 3310/6/1928
f 3310/6/1928 1880/6/1868 480/5/1872 1913/6/1930
f 1912/6/1929 3310/6/1928 1913/6/1930 464/5/1931
f 464/5/1931 1913/6/1930 3311/6/1932 1914/6/1933
f 1913/6/1930 480/5/1872 1883/6/1874 3311/6/1932
f 3311/6/1932 1883/6/1874 481/5/1878 1915/6/1934
f 1914/6/1933 3311/6/1932 1915/6/1934 465/5/1935
f 465/5/1935 1915/6/1934 3312/6/1936 1916/6/1937
f 1915/6/1934 481/5/1878 1886/6/1880 3312/6/1936
f 3312/6/1936 1886/6/1880 482/5/1720 1802/5/1718
f 1916/6/1937 3312/6/1936 1802/5/1718 466/5/1704
f 360/5/1390 1639/6/1389 3313/6/1938 1878/6/1863
f 1639/6/1389 359/5/1388 1899/6/1904 3313/6/1938
f 3313/6/1938 1899/6/1904 471/5/1908 1917/6/1939
f 1878/6/1863 3313/6/1938 1917/6/1939 478/5/1864
f 478/5/1864 1917/6/1939 3314/6/1940 1881/6/1869
f 1917/6/1939 471/5/1908 1902/6/1910 3314/6/1940
f 3314/6/1940 1902/6/1910 472/5/1914 1918/6/1941
f 1881/6/1869 3314/6/1940 1918/6/1941 477/5/1870
f 477/5/1870 1918/6/1941 3315/6/1942 1884/6/1875
f 1918/6/1941 472/5/1914 1905/6/1916 3315/6/1942
f 3315/6/1942 1905/6/1916 473/5/1920 1919/6/1943
f 1884/6/1875 3315/6/1942 1919/6/1943 476/5/1876
f 476/5/1876 1919/6/1943 3316/6/1944 1887/6/1881
f 1919/6/1943 473/5/1920 1908/6/1922 3316/6/1944
f 3316/6/1944 1908/6/1922 474/5/1713 1799/5/1710
f 1887/6/1881 3316/6/1944 1799/5/1710 475/5/1709
f 356/5/1381 1635/6/1380 3317/6/1945 1889/6/1884
f 1635/6/1380 363/5/1379 1910/6/1925 3317/6/1945
f 3317/6/1945 1910/6/1925 463/5/1927 1920/6/1946
f 1889/6/1884 3317/6/1945 1920/6/1946 470/5/1885
f 470/5/1885 1920/6/1946 3318/6/1947 1892/6/1890
f 1920/6/1946 463/5/1927 1912/6/1929 3318/6/1947
f 3318/6/1947 1912/6/1929 464/5/1931 1921/6/1948
f 1892/6/1890 3318/6/1947 1921/6/1948 469/5/1891
f 469/5/1891 1921/6/1948 3319/6/1949 1895/6/1896
f 1921/6/1948 464/5/1931 1914/6/1933 3319/6/1949
f 3319/6/1949 1914/6/1933 465/5/1935 1922/6/1950
f 1895/6/1896 3319/6/1949 1922/6/1950 468/5/1897
f 468/5/1897 1922/6/1950 3320/6/1951 1898/6/1902
f 1922/6/1950 465/5/1935 1916/6/1937 3320/6/1951
f 3320/6/1951 1916/6/1937 466/5/1704 1795/5/1701
f 1898/6/1902 3320/6/1951 1795/5/1701 467/5/1700
f 354/5/1410 1667/6/1447 3321/6/1952 1870/6/1848
f 1667/6/1447 355/5/1446 1888/6/1883 3321/6/1952
f 3321/6/1952 1888/6/1883 455/5/1887 1923/6/1953
f 1870/6/1848 3321/6/1952 1923/6/1953 462/5/1849
f 462/5/1849 1923/6/1953 3322/6/1954 1872/6/1852
f 1923/6/1953 455/5/1887 1891/6/1889 3322/6/1954
f 3322/6/1954 1891/6/1889 456/5/1893 1924/6/1955
f 1872/6/1852 3322/6/1954 1924/6/1955 461/5/1853
f 461/5/1853 1924/6/1955 3323/6/1956 1874/6/1856
f 1924/6/1955 456/5/1893 1894/6/1895 3323/6/1956
f 3323/6/1956 1894/6/1895 457/5/1899 1925/6/1957
f 1874/6/1856 3323/6/1956 1925/6/1957 460/5/1857
f 460/5/1857 1925/6/1957 3324/6/1958 1876/6/1860
f 1925/6/1957 457/5/1899 1897/6/1901 3324/6/1958
f 3324/6/1958 1897/6/1901 458/5/1695 1791/5/1692
f 1876/6/1860 3324/6/1958 1791/5/1692 459/5/1691
f 358/5/1431 1664/6/1441 3325/6/1959 1900/6/1905
f 1664/6/1441 357/5/1440 1856/6/1820 3325/6/1959
f 3325/6/1959 1856/6/1820 447/5/1822 1926/6/1960
f 1900/6/1905 3325/6/1959 1926/6/1960 454/5/1906
f 454/5/1906 1926/6/1960 3326/6/1961 1903/6/1911
f 1926/6/1960 447/5/1822 1858/6/1824 3326/6/1961
f 3326/6/1961 1858/6/1824 448/5/1826 1927/6/1962
f 1903/6/1911 3326/6/1961 1927/6/1962 453/5/1912
f 453/5/1912 1927/6/1962 3327/6/1963 1906/6/1917
f 1927/6/1962 448/5/1826 1860/6/1828 3327/6/1963
f 3327/6/1963 1860/6/1828 449/5/1830 1928/6/1964
f 1906/6/1917 3327/6/1963 1928/6/1964 452/5/1918
f 452/5/1918 1928/6/1964 3328/6/1965 1909/6/1923
f 1928/6/1964 449/5/1830 1862/6/1832 3328/6/1965
f 3328/6/1965 1862/6/1832 450/5/1686 1787/5/1683
f 1909/6/1923 3328/6/1965 1787/5/1683 451/5/1682
f 351/5/1417 1652/6/1416 3329/6/1966 1863/6/1834
f 1652/6/1416 352/5/1405 1827/6/1764 3329/6/1966
f 3329/6/1966 1827/6/1764 439/5/1768 1929/6/1967
f 1863/6/1834 3329/6/1966 1929/6/1967 446/5/1835
f 446/5/1835 1929/6/1967 3330/6/1968 1865/6/1838
f 1929/6/1967 439/5/1768 1830/6/1770 3330/6/1968
f 3330/6/1968 1830/6/1770 440/5/1774 1930/6/1969
f 1865/6/1838 3330/6/1968 1930/6/1969 445/5/1839
f 445/5/1839 1930/6/1969 3331/6/1970 1867/6/1842
f 1930/6/1969 440/5/1774 1833/6/1776 3331/6/1970
f 3331/6/1970 1833/6/1776 441/5/1780 1931/6/1971
f 1867/6/1842 3331/6/1970 1931/6/1971 444/5/1843
f 444/5/1843 1931/6/1971 3332/6/1972 1869/6/1846
f 1931/6/1971 441/5/1780 1836/6/1782 3332/6/1972
f 3332/6/1972 1836/6/1782 442/5/1677 1783/5/1674
f 1869/6/1846 3332/6/1972 1783/5/1674 443/5/1673
f 218/206/999 1445/208/1001 3333/214/1973 1932/215/1974
f 219/196/1003 1599/198/1306 3333/214/1973 1445/208/1001
f 320/200/688 1287/198/686 3333/214/1973 1599/198/1306
f 304/196/675 1281/193/672 3333/214/1973 1287/198/686
f 326/192/671 1933/216/1975 3333/214/1973 1281/193/672
f 203/217/779 1932/215/1974 3333/214/1973 1933/216/1975
f 326/192/671 1562/212/1234 3334/218/1976 1933/216/1975
f 202/5/785 1337/219/784 3334/218/1976 1562/212/1234
f 203/217/779 1933/216/1975 3334/218/1976 1337/219/784
f 218/206/999 1932/215/1974 3335/218/1977 1474/210/1058
f 203/217/779 1491/219/1093 3335/218/1977 1932/215/1974
f 201/5/1059 1474/210/1058 3335/218/1977 1491/219/1093
f 521/1/1978 1935/220/1979 3336/3/1980 1934/2/1981
f 1935/220/1979 499/8/1982 1936/7/1983 3336/3/1980
f 3336/3/1980 1936/7/1983 1/5/7 962/6/6
f 1934/2/1981 3336/3/1980 962/6/6 39/5/5
f 499/8/1982 1937/221/1984 3337/9/1985 1936/7/1983
f 1937/221/1984 500/10/1986 1938/5/1987 3337/9/1985
f 3337/9/1985 1938/5/1987 3/5/13 965/5/12
f 1936/7/1983 3337/9/1985 965/5/12 1/5/7
f 500/10/1986 1939/5/1988 3338/5/1989 1938/5/1987
f 1939/5/1988 501/5/1990 1940/5/1991 3338/5/1989
f 3338/5/1989 1940/5/1991 5/5/19 968/5/18
f 1938/5/1987 3338/5/1989 968/5/18 3/5/13
f 501/5/1990 1941/5/1992 3339/5/1993 1940/5/1991
f 1941/5/1992 8/6/1994 972/6/1995 3339/5/1993
f 3339/5/1993 972/6/1995 7/5/25 971/5/24
f 1940/5/1991 3339/5/1993 971/5/24 5/5/19
f 12/6/1996 1942/5/1997 3340/5/1998 978/6/1999
f 1942/5/1997 502/5/2000 1943/5/2001 3340/5/1998
f 3340/5/1998 1943/5/2001 13/5/49 980/5/48
f 978/6/1999 3340/5/1998 980/5/48 11/6/47
f 499/8/1982 1944/222/2002 3341/11/2003 1937/221/1984
f 1944/222/2002 503/1/2004 1945/13/2005 3341/11/2003
f 3341/11/2003 1945/13/2005 504/5/2006 1946/5/2007
f 1937/221/1984 3341/11/2003 1946/5/2007 500/10/1986
f 503/1/2004 1947/15/2008 3342/14/2009 1945/13/2005
f 1947/15/2008 505/17/2010 1948/223/2011 3342/14/2009
f 3342/14/2009 1948/223/2011 506/5/2012 1949/6/2013
f 1945/13/2005 3342/14/2009 1949/6/2013 504/5/2006
f 505/17/2010 1950/224/2014 3343/225/2015 1948/223/2011
f 1950/224/2014 507/226/2016 1951/227/2017 3343/225/2015
f 3343/225/2015 1951/227/2017 508/5/2018 1952/6/2019
f 1948/223/2011 3343/225/2015 1952/6/2019 506/5/2012
f 507/226/2016 1953/228/2020 3344/229/2021 1951/227/2017
f 1953/228/2020 509/230/2022 1954/231/2023 3344/229/2021
f 3344/229/2021 1954/231/2023 510/5/2024 1955/6/2025
f 1951/227/2017 3344/229/2021 1955/6/2025 508/5/2018
f 509/230/2022 1956/232/2026 3345/233/2027 1954/231/2023
f 1956/232/2026 511/25/2028 1957/234/2029 3345/233/2027
f 3345/233/2027 1957/234/2029 512/5/2030 1958/6/2031
f 1954/231/2023 3345/233/2027 1958/6/2031 510/5/2024
f 511/25/2028 1959/27/2032 3346/235/2033 1957/234/2029
f 1959/27/2032 513/25/2034 1960/234/2035 3346/235/2033
f 3346/235/2033 1960/234/2035 514/5/2036 1961/6/2037
f 1957/234/2029 3346/235/2033 1961/6/2037 512/5/2030
f 513/25/2034 1962/27/2038 3347/235/2039 1960/234/2035
f 1962/27/2038 515/25/2040 1963/234/2041 3347/235/2039
f 3347/235/2039 1963/234/2041 516/5/2042 1964/6/2043
f 1960/234/2035 3347/235/2039 1964/6/2043 514/5/2036
f 515/25/2040 1965/236/2044 3348/237/2045 1963/234/2041
f 1965/236/2044 517/238/2046 1966/239/2047 3348/237/2045
f 3348/237/2045 1966/239/2047 518/5/2048 1967/6/2049
f 1963/234/2041 3348/237/2045 1967/6/2049 516/5/2042
f 502/5/2000 1968/41/2050 3349/5/2051 1943/5/2001
f 1968/41/2050 519/10/2052 1969/5/2053 3349/5/2051
f 3349/5/2051 1969/5/2053 15/5/103 1007/5/102
f 1943/5/2001 3349/5/2051 1007/5/102 13/5/49
f 519/10/2052 1970/240/2054 3350/241/2055 1969/5/2053
f 1970/240/2054 520/242/2056 1971/243/2057 3350/241/2055
f 3350/241/2055 1971/243/2057 33/33/109 1010/32/108
f 1969/5/2053 3350/241/2055 1010/32/108 15/5/103
f 530/244/2058 1973/245/2059 3351/246/2060 1972/247/2061
f 1973/245/2059 54/40/117 1014/39/116 3351/246/2060
f 3351/246/2060 1014/39/116 33/33/109 1971/243/2057
f 1972/247/2061 3351/246/2060 1971/243/2057 520/242/2056
f 518/5/2048 1966/239/2047 3352/248/2062 1974/6/2063
f 1966/239/2047 517/238/2046 1975/249/2064 3352/248/2062
f 3352/248/2062 1975/249/2064 520/242/2056 1970/240/2054
f 1974/6/2063 3352/248/2062 1970/240/2054 519/10/2052
f 521/1/1978 1976/44/2065 3353/42/2066 1935/220/1979
f 1976/44/2065 535/250/2067 1977/43/2068 3353/42/2066
f 3353/42/2066 1977/43/2068 503/1/2004 1944/222/2002
f 1935/220/1979 3353/42/2066 1944/222/2002 499/8/1982
f 535/250/2067 1978/52/2069 3354/46/2070 1977/43/2068
f 1978/52/2069 540/49/2071 1979/48/2072 3354/46/2070
f 3354/46/2070 1979/48/2072 505/17/2010 1947/15/2008
f 1977/43/2068 3354/46/2070 1947/15/2008 503/1/2004
f 540/49/2071 1980/251/2073 3355/252/2074 1979/48/2072
f 1980/251/2073 545/253/2075 1981/254/2076 3355/252/2074
f 3355/252/2074 1981/254/2076 507/226/2016 1950/224/2014
f 1979/48/2072 3355/252/2074 1950/224/2014 505/17/2010
f 545/253/2075 1982/255/2077 3356/256/2078 1981/254/2076
f 1982/255/2077 550/257/2079 1983/258/2080 3356/256/2078
f 3356/256/2078 1983/258/2080 509/230/2022 1953/228/2020
f 1981/254/2076 3356/256/2078 1953/228/2020 507/226/2016
f 550/257/2079 1984/259/2081 3357/260/2082 1983/258/2080
f 1984/259/2081 555/63/2083 1985/261/2084 3357/260/2082
f 3357/260/2082 1985/261/2084 511/25/2028 1956/232/2026
f 1983/258/2080 3357/260/2082 1956/232/2026 509/230/2022
f 555/63/2083 1986/61/2085 3358/262/2086 1985/261/2084
f 1986/61/2085 560/63/2087 1987/261/2088 3358/262/2086
f 3358/262/2086 1987/261/2088 513/25/2034 1959/27/2032
f 1985/261/2084 3358/262/2086 1959/27/2032 511/25/2028
f 560/63/2087 1988/61/2089 3359/262/2090 1987/261/2088
f 1988/61/2089 565/63/2091 1989/261/2092 3359/262/2090
f 3359/262/2090 1989/261/2092 515/25/2040 1962/27/2038
f 1987/261/2088 3359/262/2090 1962/27/2038 513/25/2034
f 565/63/2091 1990/263/2093 3360/264/2094 1989/261/2092
f 1990/263/2093 570/265/2095 1991/266/2096 3360/264/2094
f 3360/264/2094 1991/266/2096 517/238/2046 1965/236/2044
f 1989/261/2092 3360/264/2094 1965/236/2044 515/25/2040
f 530/244/2058 1972/247/2061 3361/267/2097 1992/268/2098
f 1972/247/2061 520/242/2056 1975/249/2064 3361/267/2097
f 3361/267/2097 1975/249/2064 517/238/2046 1991/266/2096
f 1992/268/2098 3361/267/2097 1991/266/2096 570/265/2095
f 526/179/2099 1994/269/2100 3362/270/2101 1993/70/2102
f 1994/269/2100 527/271/2103 1995/272/2104 3362/270/2101
f 3362/270/2101 1995/272/2104 567/273/2105 1996/274/2106
f 1993/70/2102 3362/270/2101 1996/274/2106 566/93/2107
f 527/271/2103 1997/275/2108 3363/276/2109 1995/272/2104
f 1997/275/2108 528/277/2110 1998/278/2111 3363/276/2109
f 3363/276/2109 1998/278/2111 568/279/2112 1999/280/2113
f 1995/272/2104 3363/276/2109 1999/280/2113 567/273/2105
f 528/277/2110 2000/281/2114 3364/84/2115 1998/278/2111
f 2000/281/2114 529/282/2116 2001/283/2117 3364/84/2115
f 3364/84/2115 2001/283/2117 569/284/2118 2002/285/2119
f 1998/278/2111 3364/84/2115 2002/285/2119 568/279/2112
f 529/282/2116 2003/286/2120 3365/287/2121 2001/283/2117
f 2003/286/2120 530/244/2058 1992/268/2098 3365/287/2121
f 3365/287/2121 1992/268/2098 570/265/2095 2004/288/2122
f 2001/283/2117 3365/287/2121 2004/288/2122 569/284/2118
f 561/93/2123 2006/96/2124 3366/289/2125 2005/290/2126
f 2006/96/2124 566/93/2107 1996/274/2106 3366/289/2125
f 3366/289/2125 1996/274/2106 567/273/2105 2007/291/2127
f 2005/290/2126 3366/289/2125 2007/291/2127 562/292/2128
f 562/292/2128 2007/291/2127 3367/293/2129 2008/100/2130
f 2007/291/2127 567/273/2105 1999/280/2113 3367/293/2129
f 3367/293/2129 1999/280/2113 568/279/2112 2009/294/2131
f 2008/100/2130 3367/293/2129 2009/294/2131 563/101/2132
f 563/101/2132 2009/294/2131 3368/295/2133 2010/111/2134
f 2009/294/2131 568/279/2112 2002/285/2119 3368/295/2133
f 3368/295/2133 2002/285/2119 569/284/2118 2011/296/2135
f 2010/111/2134 3368/295/2133 2011/296/2135 564/297/2136
f 564/297/2136 2011/296/2135 3369/298/2137 2012/92/2138
f 2011/296/2135 569/284/2118 2004/288/2122 3369/298/2137
f 3369/298/2137 2004/288/2122 570/265/2095 1990/263/2093
f 2012/92/2138 3369/298/2137 1990/263/2093 565/63/2091
f 556/93/2139 2014/96/2140 3370/299/2141 2013/290/2142
f 2014/96/2140 561/93/2123 2005/290/2126 3370/299/2141
f 3370/299/2141 2005/290/2126 562/292/2128 2015/292/2143
f 2013/290/2142 3370/299/2141 2015/292/2143 557/292/2144
f 557/292/2144 2015/292/2143 3371/300/2145 2016/100/2146
f 2015/292/2143 562/292/2128 2008/100/2130 3371/300/2145
f 3371/300/2145 2008/100/2130 563/101/2132 2017/109/2147
f 2016/100/2146 3371/300/2145 2017/109/2147 558/101/2148
f 558/101/2148 2017/109/2147 3372/111/2149 2018/111/2150
f 2017/109/2147 563/101/2132 2010/111/2134 3372/111/2149
f 3372/111/2149 2010/111/2134 564/297/2136 2019/301/2151
f 2018/111/2150 3372/111/2149 2019/301/2151 559/297/2152
f 559/297/2152 2019/301/2151 3373/302/2153 2020/92/2154
f 2019/301/2151 564/297/2136 2012/92/2138 3373/302/2153
f 3373/302/2153 2012/92/2138 565/63/2091 1988/61/2089
f 2020/92/2154 3373/302/2153 1988/61/2089 560/63/2087
f 551/93/2155 2022/96/2156 3374/299/2157 2021/290/2158
f 2022/96/2156 556/93/2139 2013/290/2142 3374/299/2157
f 3374/299/2157 2013/290/2142 557/292/2144 2023/292/2159
f 2021/290/2158 3374/299/2157 2023/292/2159 552/292/2160
f 552/292/2160 2023/292/2159 3375/300/2161 2024/100/2162
f 2023/292/2159 557/292/2144 2016/100/2146 3375/300/2161
f 3375/300/2161 2016/100/2146 558/101/2148 2025/109/2163
f 2024/100/2162 3375/300/2161 2025/109/2163 553/101/2164
f 553/101/2164 2025/109/2163 3376/111/2165 2026/111/2166
f 2025/109/2163 558/101/2148 2018/111/2150 3376/111/2165
f 3376/111/2165 2018/111/2150 559/297/2152 2027/301/2167
f 2026/111/2166 3376/111/2165 2027/301/2167 554/297/2168
f 554/297/2168 2027/301/2167 3377/302/2169 2028/92/2170
f 2027/301/2167 559/297/2152 2020/92/2154 3377/302/2169
f 3377/302/2169 2020/92/2154 560/63/2087 1986/61/2085
f 2028/92/2170 3377/302/2169 1986/61/2085 555/63/2083
f 546/93/2171 2030/96/2172 3378/303/2173 2029/304/2174
f 2030/96/2172 551/93/2155 2021/290/2158 3378/303/2173
f 3378/303/2173 2021/290/2158 552/292/2160 2031/305/2175
f 2029/304/2174 3378/303/2173 2031/305/2175 547/306/2176
f 547/306/2176 2031/305/2175 3379/307/2177 2032/308/2178
f 2031/305/2175 552/292/2160 2024/100/2162 3379/307/2177
f 3379/307/2177 2024/100/2162 553/101/2164 2033/309/2179
f 2032/308/2178 3379/307/2177 2033/309/2179 548/310/2180
f 548/310/2180 2033/309/2179 3380/311/2181 2034/312/2182
f 2033/309/2179 553/101/2164 2026/111/2166 3380/311/2181
f 3380/311/2181 2026/111/2166 554/297/2168 2035/313/2183
f 2034/312/2182 3380/311/2181 2035/313/2183 549/314/2184
f 549/314/2184 2035/313/2183 3381/315/2185 2036/316/2186
f 2035/313/2183 554/297/2168 2028/92/2170 3381/315/2185
f 3381/315/2185 2028/92/2170 555/63/2083 1984/259/2081
f 2036/316/2186 3381/315/2185 1984/259/2081 550/257/2079
f 541/317/2187 2038/318/2188 3382/319/2189 2037/320/2190
f 2038/318/2188 546/93/2171 2029/304/2174 3382/319/2189
f 3382/319/2189 2029/304/2174 547/306/2176 2039/321/2191
f 2037/320/2190 3382/319/2189 2039/321/2191 542/322/2192
f 542/322/2192 2039/321/2191 3383/323/2193 2040/324/2194
f 2039/321/2191 547/306/2176 2032/308/2178 3383/323/2193
f 3383/323/2193 2032/308/2178 548/310/2180 2041/325/2195
f 2040/324/2194 3383/323/2193 2041/325/2195 543/326/2196
f 543/326/2196 2041/325/2195 3384/327/2197 2042/328/2198
f 2041/325/2195 548/310/2180 2034/312/2182 3384/327/2197
f 3384/327/2197 2034/312/2182 549/314/2184 2043/329/2199
f 2042/328/2198 3384/327/2197 2043/329/2199 544/330/2200
f 544/330/2200 2043/329/2199 3385/331/2201 2044/332/2202
f 2043/329/2199 549/314/2184 2036/316/2186 3385/331/2201
f 3385/331/2201 2036/316/2186 550/257/2079 1982/255/2077
f 2044/332/2202 3385/331/2201 1982/255/2077 545/253/2075
f 536/135/2203 2046/138/2204 3386/333/2205 2045/136/2206
f 2046/138/2204 541/317/2187 2037/320/2190 3386/333/2205
f 3386/333/2205 2037/320/2190 542/322/2192 2047/334/2207
f 2045/136/2206 3386/333/2205 2047/334/2207 537/335/2208
f 537/335/2208 2047/334/2207 3387/336/2209 2048/337/2210
f 2047/334/2207 542/322/2192 2040/324/2194 3387/336/2209
f 3387/336/2209 2040/324/2194 543/326/2196 2049/338/2211
f 2048/337/2210 3387/336/2209 2049/338/2211 538/131/2212
f 538/131/2212 2049/338/2211 3388/339/2213 2050/340/2214
f 2049/338/2211 543/326/2196 2042/328/2198 3388/339/2213
f 3388/339/2213 2042/328/2198 544/330/2200 2051/341/2215
f 2050/340/2214 3388/339/2213 2051/341/2215 539/342/2216
f 539/342/2216 2051/341/2215 3389/343/2217 2052/344/2218
f 2051/341/2215 544/330/2200 2044/332/2202 3389/343/2217
f 3389/343/2217 2044/332/2202 545/253/2075 1980/251/2073
f 2052/344/2218 3389/343/2217 1980/251/2073 540/49/2071
f 531/149/2219 2054/129/2220 3390/345/2221 2053/150/2222
f 2054/129/2220 536/135/2203 2045/136/2206 3390/345/2221
f 3390/345/2221 2045/136/2206 537/335/2208 2055/131/2223
f 2053/150/2222 3390/345/2221 2055/131/2223 532/147/2224
f 532/147/2224 2055/131/2223 3391/346/2225 2056/347/2226
f 2055/131/2223 537/335/2208 2048/337/2210 3391/346/2225
f 3391/346/2225 2048/337/2210 538/131/2212 2057/348/2227
f 2056/347/2226 3391/346/2225 2057/348/2227 533/349/2228
f 533/349/2228 2057/348/2227 3392/350/2229 2058/156/2230
f 2057/348/2227 538/131/2212 2050/340/2214 3392/350/2229
f 3392/350/2229 2050/340/2214 539/342/2216 2059/159/2231
f 2058/156/2230 3392/350/2229 2059/159/2231 534/158/2232
f 534/158/2232 2059/159/2231 3393/351/2233 2060/352/2234
f 2059/159/2231 539/342/2216 2052/344/2218 3393/351/2233
f 3393/351/2233 2052/344/2218 540/49/2071 1978/52/2069
f 2060/352/2234 3393/351/2233 1978/52/2069 535/250/2067
f 525/5/2235 2062/163/2236 3394/162/2237 2061/161/2238
f 2062/163/2236 531/149/2219 2053/150/2222 3394/162/2237
f 3394/162/2237 2053/150/2222 532/147/2224 2063/165/2239
f 2061/161/2238 3394/162/2237 2063/165/2239 524/353/2240
f 524/353/2240 2063/165/2239 3395/167/2241 2064/354/2242
f 2063/165/2239 532/147/2224 2056/347/2226 3395/167/2241
f 3395/167/2241 2056/347/2226 533/349/2228 2065/355/2243
f 2064/354/2242 3395/167/2241 2065/355/2243 523/168/2244
f 523/168/2244 2065/355/2243 3396/356/2245 2066/357/2246
f 2065/355/2243 533/349/2228 2058/156/2230 3396/356/2245
f 3396/356/2245 2058/156/2230 534/158/2232 2067/173/2247
f 2066/357/2246 3396/356/2245 2067/173/2247 522/172/2248
f 522/172/2248 2067/173/2247 3397/46/2249 2068/358/2250
f 2067/173/2247 534/158/2232 2060/352/2234 3397/46/2249
f 3397/46/2249 2060/352/2234 535/250/2067 1976/44/2065
f 2068/358/2250 3397/46/2249 1976/44/2065 521/1/1978
f 526/179/2099 2069/175/2251 3398/359/2252 1994/269/2100
f 2069/175/2251 50/179/312 1112/178/311 3398/359/2252
f 3398/359/2252 1112/178/311 51/177/310 2070/360/2253
f 1994/269/2100 3398/359/2252 2070/360/2253 527/271/2103
f 527/271/2103 2070/360/2253 3399/361/2254 1997/275/2108
f 2070/360/2253 51/177/310 1114/181/316 3399/361/2254
f 3399/361/2254 1114/181/316 52/83/315 2071/362/2255
f 1997/275/2108 3399/361/2254 2071/362/2255 528/277/2110
f 528/277/2110 2071/362/2255 3400/363/2256 2000/281/2114
f 2071/362/2255 52/83/315 1116/185/320 3400/363/2256
f 3400/363/2256 1116/185/320 53/184/319 2072/364/2257
f 2000/281/2114 3400/363/2256 2072/364/2257 529/282/2116
f 529/282/2116 2072/364/2257 3401/365/2258 2003/286/2120
f 2072/364/2257 53/184/319 1117/186/322 3401/365/2258
f 3401/365/2258 1117/186/322 54/40/117 1973/245/2059
f 2003/286/2120 3401/365/2258 1973/245/2059 530/244/2058
f 525/5/2235 2061/161/2238 3402/187/2259 2073/6/2260
f 2061/161/2238 524/353/2240 2074/188/2261 3402/187/2259
f 3402/187/2259 2074/188/2261 36/5/327 1119/5/326
f 2073/6/2260 3402/187/2259 1119/5/326 35/5/325
f 524/353/2240 2064/354/2242 3403/366/2262 2074/188/2261
f 2064/354/2242 523/168/2244 2075/367/2263 3403/366/2262
f 3403/366/2262 2075/367/2263 37/5/331 1121/6/330
f 2074/188/2261 3403/366/2262 1121/6/330 36/5/327
f 523/168/2244 2066/357/2246 3404/191/2264 2075/367/2263
f 2066/357/2246 522/172/2248 2076/223/2265 3404/191/2264
f 3404/191/2264 2076/223/2265 38/5/335 1123/6/334
f 2075/367/2263 3404/191/2264 1123/6/334 37/5/331
f 522/172/2248 2068/358/2250 3405/14/2266 2076/223/2265
f 2068/358/2250 521/1/1978 1934/2/1981 3405/14/2266
f 3405/14/2266 1934/2/1981 39/5/5 1125/6/338
f 2076/223/2265 3405/14/2266 1125/6/338 38/5/335
f 512/5/2030 2077/6/2267 3406/6/2268 1958/6/2031
f 2077/6/2267 577/5/2269 2078/6/2270 3406/6/2268
f 3406/6/2268 2078/6/2270 576/5/2271 2079/6/2272
f 1958/6/2031 3406/6/2268 2079/6/2272 510/5/2024
f 12/6/1996 1129/6/2273 3407/5/2274 1942/5/1997
f 1129/6/2273 99/6/2275 2080/5/2276 3407/5/2274
f 3407/5/2274 2080/5/2276 572/5/2277 2081/5/2278
f 1942/5/1997 3407/5/2274 2081/5/2278 502/5/2000
f 508/5/2018 2082/6/2279 3408/6/2280 1952/6/2019
f 2082/6/2279 575/5/2281 2083/6/2282 3408/6/2280
f 3408/6/2280 2083/6/2282 574/5/2283 2084/6/2284
f 1952/6/2019 3408/6/2280 2084/6/2284 506/5/2012
f 518/5/2048 2085/6/2285 3409/6/2286 1967/6/2049
f 2085/6/2285 580/5/2287 2086/6/2288 3409/6/2286
f 3409/6/2286 2086/6/2288 579/5/2289 2087/6/2290
f 1967/6/2049 3409/6/2286 2087/6/2290 516/5/2042
f 504/5/2006 2088/5/2291 3410/5/2292 1946/5/2007
f 2088/5/2291 573/5/2293 2089/5/2294 3410/5/2292
f 3410/5/2292 2089/5/2294 571/5/2295 2090/5/2296
f 1946/5/2007 3410/5/2292 2090/5/2296 500/10/1986
f 514/5/2036 2091/6/2297 3411/6/2298 1961/6/2037
f 2091/6/2297 578/5/2299 2092/6/2300 3411/6/2298
f 3411/6/2298 2092/6/2300 577/5/2269 2077/6/2267
f 1961/6/2037 3411/6/2298 2077/6/2267 512/5/2030
f 500/10/1986 2090/5/2296 3412/6/2301 1939/5/1988
f 2090/5/2296 571/5/2295 2093/5/2302 3412/6/2301
f 3412/6/2301 2093/5/2302 96/5/2303 2094/5/2304
f 1939/5/1988 3412/6/2301 2094/5/2304 501/5/1990
f 510/5/2024 2079/6/2272 3413/6/2305 1955/6/2025
f 2079/6/2272 576/5/2271 2095/6/2306 3413/6/2305
f 3413/6/2305 2095/6/2306 575/5/2281 2082/6/2279
f 1955/6/2025 3413/6/2305 2082/6/2279 508/5/2018
f 519/10/2052 2096/5/2307 3414/5/2308 1974/6/2063
f 2096/5/2307 581/5/2309 2097/5/2310 3414/5/2308
f 3414/5/2308 2097/5/2310 580/5/2287 2085/6/2285
f 1974/6/2063 3414/5/2308 2085/6/2285 518/5/2048
f 506/5/2012 2084/6/2284 3415/6/2311 1949/6/2013
f 2084/6/2284 574/5/2283 2098/6/2312 3415/6/2311
f 3415/6/2311 2098/6/2312 573/5/2293 2088/5/2291
f 1949/6/2013 3415/6/2311 2088/5/2291 504/5/2006
f 516/5/2042 2087/6/2290 3416/6/2313 1964/6/2043
f 2087/6/2290 579/5/2289 2099/6/2314 3416/6/2313
f 3416/6/2313 2099/6/2314 578/5/2299 2091/6/2297
f 1964/6/2043 3416/6/2313 2091/6/2297 514/5/2036
f 502/5/2000 2081/5/2278 3417/5/2315 1968/41/2050
f 2081/5/2278 572/5/2277 2100/5/2316 3417/5/2315
f 3417/5/2315 2100/5/2316 581/5/2309 2096/5/2307
f 1968/41/2050 3417/5/2315 2096/5/2307 519/10/2052
f 501/5/1990 2094/5/2304 3418/5/2317 1941/5/1992
f 2094/5/2304 96/5/2303 1155/6/2318 3418/5/2317
f 3418/5/2317 1155/6/2318 97/5/2319 1138/6/2320
f 1941/5/1992 3418/5/2317 1138/6/2320 8/6/1994
f 127/5/2321 2101/5/2322 3419/5/2323 1157/6/2324
f 2101/5/2322 583/5/2325 2102/5/2326 3419/5/2323
f 3419/5/2323 2102/5/2326 112/5/2327 1158/6/2328
f 1157/6/2324 3419/5/2323 1158/6/2328 126/5/2329
f 596/5/2330 2104/6/2331 3420/6/2332 2103/6/2333
f 2104/6/2331 589/5/2334 2105/6/2335 3420/6/2332
f 3420/6/2332 2105/6/2335 588/5/2336 2106/6/2337
f 2103/6/2333 3420/6/2332 2106/6/2337 595/5/2338
f 598/5/2339 2108/6/2340 3421/6/2341 2107/6/2342
f 2108/6/2340 590/5/2343 2109/6/2344 3421/6/2341
f 3421/6/2341 2109/6/2344 589/5/2334 2104/6/2331
f 2107/6/2342 3421/6/2341 2104/6/2331 596/5/2330
f 600/5/2345 2111/6/2346 3422/6/2347 2110/6/2348
f 2111/6/2346 591/5/2349 2112/6/2350 3422/6/2347
f 3422/6/2347 2112/6/2350 590/5/2343 2108/6/2340
f 2110/6/2348 3422/6/2347 2108/6/2340 598/5/2339
f 138/6/2351 1171/6/2352 3423/5/2353 2113/5/2354
f 1171/6/2352 114/5/2355 2114/5/2356 3423/5/2353
f 3423/5/2353 2114/5/2356 584/5/2357 2115/5/2358
f 2113/5/2354 3423/5/2353 2115/5/2358 603/5/2359
f 604/5/2360 2117/6/2361 3424/6/2362 2116/6/2363
f 2117/6/2361 592/5/2364 2118/6/2365 3424/6/2362
f 3424/6/2362 2118/6/2365 591/5/2349 2111/6/2346
f 2116/6/2363 3424/6/2362 2111/6/2346 600/5/2345
f 608/5/2366 2120/6/2367 3425/6/2368 2119/6/2369
f 2120/6/2367 585/5/2370 2121/6/2371 3425/6/2368
f 3425/6/2368 2121/6/2371 582/5/2372 2122/6/2373
f 2119/6/2369 3425/6/2368 2122/6/2373 607/5/2374
f 603/5/2359 2115/5/2358 3426/6/2375 2123/6/2376
f 2115/5/2358 584/5/2357 2124/6/2377 3426/6/2375
f 3426/6/2375 2124/6/2377 593/5/2378 2125/6/2379
f 2123/6/2376 3426/6/2375 2125/6/2379 611/5/2380
f 612/5/2381 2127/6/2382 3427/6/2383 2126/6/2384
f 2127/6/2382 586/5/2385 2128/6/2386 3427/6/2383
f 3427/6/2383 2128/6/2386 585/5/2370 2120/6/2367
f 2126/6/2384 3427/6/2383 2120/6/2367 608/5/2366
f 611/5/2380 2125/6/2379 3428/6/2387 2129/6/2388
f 2125/6/2379 593/5/2378 2130/6/2389 3428/6/2387
f 3428/6/2387 2130/6/2389 592/5/2364 2117/6/2361
f 2129/6/2388 3428/6/2387 2117/6/2361 604/5/2360
f 614/5/2390 2132/6/2391 3429/6/2392 2131/6/2393
f 2132/6/2391 587/5/2394 2133/6/2395 3429/6/2392
f 3429/6/2392 2133/6/2395 586/5/2385 2127/6/2382
f 2131/6/2393 3429/6/2392 2127/6/2382 612/5/2381
f 607/5/2374 2122/6/2373 3430/5/2396 2134/5/2397
f 2122/6/2373 582/5/2372 2135/5/2398 3430/5/2396
f 3430/5/2396 2135/5/2398 583/5/2325 2101/5/2322
f 2134/5/2397 3430/5/2396 2101/5/2322 127/5/2321
f 595/5/2338 2106/6/2337 3431/6/2399 2136/6/2400
f 2106/6/2337 588/5/2336 2137/6/2401 3431/6/2399
f 3431/6/2399 2137/6/2401 587/5/2394 2132/6/2391
f 2136/6/2400 3431/6/2399 2132/6/2391 614/5/2390
f 576/5/2271 2138/6/2402 3432/6/2403 2095/6/2306
f 2138/6/2402 594/5/2404 2139/6/2405 3432/6/2403
f 3432/6/2403 2139/6/2405 615/5/2406 2140/6/2407
f 2095/6/2306 3432/6/2403 2140/6/2407 575/5/2281
f 594/5/2404 2141/6/2408 3433/6/2409 2139/6/2405
f 2141/6/2408 595/5/2338 2136/6/2400 3433/6/2409
f 3433/6/2409 2136/6/2400 614/5/2390 2142/6/2410
f 2139/6/2405 3433/6/2409 2142/6/2410 615/5/2406
f 571/5/2295 2143/5/2411 3434/5/2412 2093/5/2302
f 2143/5/2411 606/5/2413 2144/5/2414 3434/5/2412
f 3434/5/2412 2144/5/2414 128/6/2415 1207/6/2416
f 2093/5/2302 3434/5/2412 1207/6/2416 96/5/2303
f 606/5/2413 2145/5/2417 3435/5/2418 2144/5/2414
f 2145/5/2417 607/5/2374 2134/5/2397 3435/5/2418
f 3435/5/2418 2134/5/2397 127/5/2321 1210/6/2419
f 2144/5/2414 3435/5/2418 1210/6/2419 128/6/2415
f 575/5/2281 2140/6/2407 3436/6/2420 2083/6/2282
f 2140/6/2407 615/5/2406 2146/6/2421 3436/6/2420
f 3436/6/2420 2146/6/2421 613/5/2422 2147/6/2423
f 2083/6/2282 3436/6/2420 2147/6/2423 574/5/2283
f 615/5/2406 2142/6/2410 3437/6/2424 2146/6/2421
f 2142/6/2410 614/5/2390 2131/6/2393 3437/6/2424
f 3437/6/2424 2131/6/2393 612/5/2381 2148/6/2425
f 2146/6/2421 3437/6/2424 2148/6/2425 613/5/2422
f 581/5/2309 2149/6/2426 3438/6/2427 2097/5/2310
f 2149/6/2426 610/5/2428 2150/6/2429 3438/6/2427
f 3438/6/2427 2150/6/2429 605/5/2430 2151/6/2431
f 2097/5/2310 3438/6/2427 2151/6/2431 580/5/2287
f 610/5/2428 2152/6/2432 3439/6/2433 2150/6/2429
f 2152/6/2432 611/5/2380 2129/6/2388 3439/6/2433
f 3439/6/2433 2129/6/2388 604/5/2360 2153/6/2434
f 2150/6/2429 3439/6/2433 2153/6/2434 605/5/2430
f 574/5/2283 2147/6/2423 3440/6/2435 2098/6/2312
f 2147/6/2423 613/5/2422 2154/6/2436 3440/6/2435
f 3440/6/2435 2154/6/2436 609/5/2437 2155/6/2438
f 2098/6/2312 3440/6/2435 2155/6/2438 573/5/2293
f 613/5/2422 2148/6/2425 3441/6/2439 2154/6/2436
f 2148/6/2425 612/5/2381 2126/6/2384 3441/6/2439
f 3441/6/2439 2126/6/2384 608/5/2366 2156/6/2440
f 2154/6/2436 3441/6/2439 2156/6/2440 609/5/2437
f 572/5/2277 2157/6/2441 3442/6/2442 2100/5/2316
f 2157/6/2441 602/5/2443 2158/6/2444 3442/6/2442
f 3442/6/2442 2158/6/2444 610/5/2428 2149/6/2426
f 2100/5/2316 3442/6/2442 2149/6/2426 581/5/2309
f 602/5/2443 2159/6/2445 3443/6/2446 2158/6/2444
f 2159/6/2445 603/5/2359 2123/6/2376 3443/6/2446
f 3443/6/2446 2123/6/2376 611/5/2380 2152/6/2432
f 2158/6/2444 3443/6/2446 2152/6/2432 610/5/2428
f 573/5/2293 2155/6/2438 3444/6/2447 2089/5/2294
f 2155/6/2438 609/5/2437 2160/6/2448 3444/6/2447
f 3444/6/2447 2160/6/2448 606/5/2413 2143/5/2411
f 2089/5/2294 3444/6/2447 2143/5/2411 571/5/2295
f 609/5/2437 2156/6/2440 3445/6/2449 2160/6/2448
f 2156/6/2440 608/5/2366 2119/6/2369 3445/6/2449
f 3445/6/2449 2119/6/2369 607/5/2374 2145/5/2417
f 2160/6/2448 3445/6/2449 2145/5/2417 606/5/2413
f 580/5/2287 2151/6/2431 3446/6/2450 2086/6/2288
f 2151/6/2431 605/5/2430 2161/6/2451 3446/6/2450
f 3446/6/2450 2161/6/2451 601/5/2452 2162/6/2453
f 2086/6/2288 3446/6/2450 2162/6/2453 579/5/2289
f 605/5/2430 2153/6/2434 3447/6/2454 2161/6/2451
f 2153/6/2434 604/5/2360 2116/6/2363 3447/6/2454
f 3447/6/2454 2116/6/2363 600/5/2345 2163/6/2455
f 2161/6/2451 3447/6/2454 2163/6/2455 601/5/2452
f 99/6/2275 1229/6/2456 3448/5/2457 2080/5/2276
f 1229/6/2456 137/6/2458 2164/5/2459 3448/5/2457
f 3448/5/2457 2164/5/2459 602/5/2443 2157/6/2441
f 2080/5/2276 3448/5/2457 2157/6/2441 572/5/2277
f 137/6/2458 1231/6/2460 3449/5/2461 2164/5/2459
f 1231/6/2460 138/6/2351 2113/5/2354 3449/5/2461
f 3449/5/2461 2113/5/2354 603/5/2359 2159/6/2445
f 2164/5/2459 3449/5/2461 2159/6/2445 602/5/2443
f 579/5/2289 2162/6/2453 3450/6/2462 2099/6/2314
f 2162/6/2453 601/5/2452 2165/6/2463 3450/6/2462
f 3450/6/2462 2165/6/2463 599/5/2464 2166/6/2465
f 2099/6/2314 3450/6/2462 2166/6/2465 578/5/2299
f 601/5/2452 2163/6/2455 3451/6/2466 2165/6/2463
f 2163/6/2455 600/5/2345 2110/6/2348 3451/6/2466
f 3451/6/2466 2110/6/2348 598/5/2339 2167/6/2467
f 2165/6/2463 3451/6/2466 2167/6/2467 599/5/2464
f 578/5/2299 2166/6/2465 3452/6/2468 2092/6/2300
f 2166/6/2465 599/5/2464 2168/6/2469 3452/6/2468
f 3452/6/2468 2168/6/2469 597/5/2470 2169/6/2471
f 2092/6/2300 3452/6/2468 2169/6/2471 577/5/2269
f 599/5/2464 2167/6/2467 3453/6/2472 2168/6/2469
f 2167/6/2467 598/5/2339 2107/6/2342 3453/6/2472
f 3453/6/2472 2107/6/2342 596/5/2330 2170/6/2473
f 2168/6/2469 3453/6/2472 2170/6/2473 597/5/2470
f 577/5/2269 2169/6/2471 3454/6/2474 2078/6/2270
f 2169/6/2471 597/5/2470 2171/6/2475 3454/6/2474
f 3454/6/2474 2171/6/2475 594/5/2404 2138/6/2402
f 2078/6/2270 3454/6/2474 2138/6/2402 576/5/2271
f 597/5/2470 2170/6/2473 3455/6/2476 2171/6/2475
f 2170/6/2473 596/5/2330 2103/6/2333 3455/6/2476
f 3455/6/2476 2103/6/2333 595/5/2338 2141/6/2408
f 2171/6/2475 3455/6/2476 2141/6/2408 594/5/2404
f 588/5/2336 2172/6/2477 3456/6/2478 2137/6/2401
f 2172/6/2477 625/5/2479 2173/6/2480 3456/6/2478
f 3456/6/2478 2173/6/2480 624/5/2481 2174/6/2482
f 2137/6/2401 3456/6/2478 2174/6/2482 587/5/2394
f 583/5/2325 2175/5/2483 3457/5/2484 2102/5/2326
f 2175/5/2483 617/5/2485 2176/5/2486 3457/5/2484
f 3457/5/2484 2176/5/2486 618/5/2487 2177/5/2488
f 2102/5/2326 3457/5/2484 2177/5/2488 112/5/2327
f 786/5/2489 2179/6/2490 3458/6/2491 2178/6/2492
f 2179/6/2490 642/5/2493 2180/6/2494 3458/6/2491
f 3458/6/2491 2180/6/2494 641/5/2495 2181/6/2496
f 2178/6/2492 3458/6/2491 2181/6/2496 780/5/2497
f 589/5/2334 2182/6/2498 3459/6/2499 2105/6/2335
f 2182/6/2498 626/5/2500 2183/6/2501 3459/6/2499
f 3459/6/2499 2183/6/2501 625/5/2479 2172/6/2477
f 2105/6/2335 3459/6/2499 2172/6/2477 588/5/2336
f 112/5/2327 2177/5/2488 3460/5/2502 1166/6/2503
f 2177/5/2488 618/5/2487 2184/5/2504 3460/5/2502
f 3460/5/2502 2184/5/2504 619/5/2505 2185/5/2506
f 1166/6/2503 3460/5/2502 2185/5/2506 113/6/2507
f 590/5/2343 2186/6/2508 3461/6/2509 2109/6/2344
f 2186/6/2508 627/5/2510 2187/6/2511 3461/6/2509
f 3461/6/2509 2187/6/2511 626/5/2500 2182/6/2498
f 2109/6/2344 3461/6/2509 2182/6/2498 589/5/2334
f 113/6/2507 2185/5/2506 3462/5/2512 1172/6/2513
f 2185/5/2506 619/5/2505 2188/5/2514 3462/5/2512
f 3462/5/2512 2188/5/2514 620/5/2515 2189/5/2516
f 1172/6/2513 3462/5/2512 2189/5/2516 114/5/2355
f 591/5/2349 2190/6/2517 3463/6/2518 2112/6/2350
f 2190/6/2517 628/5/2519 2191/6/2520 3463/6/2518
f 3463/6/2518 2191/6/2520 627/5/2510 2186/6/2508
f 2112/6/2350 3463/6/2518 2186/6/2508 590/5/2343
f 114/5/2355 2189/5/2516 3464/5/2521 2114/5/2356
f 2189/5/2516 620/5/2515 2192/5/2522 3464/5/2521
f 3464/5/2521 2192/5/2522 621/5/2523 2193/5/2524
f 2114/5/2356 3464/5/2521 2193/5/2524 584/5/2357
f 592/5/2364 2194/6/2525 3465/6/2526 2118/6/2365
f 2194/6/2525 629/5/2527 2195/6/2528 3465/6/2526
f 3465/6/2526 2195/6/2528 628/5/2519 2190/6/2517
f 2118/6/2365 3465/6/2526 2190/6/2517 591/5/2349
f 585/5/2370 2196/6/2529 3466/6/2530 2121/6/2371
f 2196/6/2529 622/5/2531 2197/6/2532 3466/6/2530
f 3466/6/2530 2197/6/2532 616/5/2533 2198/6/2534
f 2121/6/2371 3466/6/2530 2198/6/2534 582/5/2372
f 584/5/2357 2193/5/2524 3467/6/2535 2124/6/2377
f 2193/5/2524 621/5/2523 2199/6/2536 3467/6/2535
f 3467/6/2535 2199/6/2536 630/5/2537 2200/6/2538
f 2124/6/2377 3467/6/2535 2200/6/2538 593/5/2378
f 586/5/2385 2201/6/2539 3468/6/2540 2128/6/2386
f 2201/6/2539 623/5/2541 2202/6/2542 3468/6/2540
f 3468/6/2540 2202/6/2542 622/5/2531 2196/6/2529
f 2128/6/2386 3468/6/2540 2196/6/2529 585/5/2370
f 593/5/2378 2200/6/2538 3469/6/2543 2130/6/2389
f 2200/6/2538 630/5/2537 2203/6/2544 3469/6/2543
f 3469/6/2543 2203/6/2544 629/5/2527 2194/6/2525
f 2130/6/2389 3469/6/2543 2194/6/2525 592/5/2364
f 587/5/2394 2174/6/2482 3470/6/2545 2133/6/2395
f 2174/6/2482 624/5/2481 2204/6/2546 3470/6/2545
f 3470/6/2545 2204/6/2546 623/5/2541 2201/6/2539
f 2133/6/2395 3470/6/2545 2201/6/2539 586/5/2385
f 582/5/2372 2198/6/2534 3471/6/2547 2135/5/2398
f 2198/6/2534 616/5/2533 2205/6/2548 3471/6/2547
f 3471/6/2547 2205/6/2548 617/5/2485 2175/5/2483
f 2135/5/2398 3471/6/2547 2175/5/2483 583/5/2325
f 787/206/2549 2207/195/2550 3472/207/2551 2206/208/2552
f 2207/195/2550 634/5/2553 2208/5/2554 3472/207/2551
f 3472/207/2551 2208/5/2554 635/5/2555 2209/197/2556
f 2206/208/2552 3472/207/2551 2209/197/2556 765/196/2557
f 788/5/2558 2211/6/2559 3473/6/2560 2210/6/2561
f 2211/6/2559 643/5/2562 2212/6/2563 3473/6/2560
f 3473/6/2560 2212/6/2563 642/5/2493 2179/6/2490
f 2210/6/2561 3473/6/2560 2179/6/2490 786/5/2489
f 765/196/2557 2209/197/2556 3474/213/2564 2213/198/2565
f 2209/197/2556 635/5/2555 2214/5/2566 3474/213/2564
f 3474/213/2564 2214/5/2566 636/5/2567 2215/201/2568
f 2213/198/2565 3474/213/2564 2215/201/2568 781/200/2569
f 789/5/2570 2217/6/2571 3475/6/2572 2216/6/2573
f 2217/6/2571 644/5/2574 2218/6/2575 3475/6/2572
f 3475/6/2572 2218/6/2575 643/5/2562 2211/6/2559
f 2216/6/2573 3475/6/2572 2211/6/2559 788/5/2558
f 790/5/2576 2220/6/2577 3476/6/2578 2219/6/2579
f 2220/6/2577 637/5/2580 2221/6/2581 3476/6/2578
f 3476/6/2578 2221/6/2581 631/5/2582 2222/6/2583
f 2219/6/2579 3476/6/2578 2222/6/2583 782/5/2584
f 781/200/2569 2215/201/2568 3477/202/2585 2223/201/2586
f 2215/201/2568 636/5/2567 2224/5/2587 3477/202/2585
f 3477/202/2585 2224/5/2587 645/5/2588 2225/5/2589
f 2223/201/2586 3477/202/2585 2225/5/2589 783/5/2590
f 791/5/2591 2227/6/2592 3478/6/2593 2226/6/2594
f 2227/6/2592 638/5/2595 2228/6/2596 3478/6/2593
f 3478/6/2593 2228/6/2596 637/5/2580 2220/6/2577
f 2226/6/2594 3478/6/2593 2220/6/2577 790/5/2576
f 783/5/2590 2225/5/2589 3479/6/2597 2229/6/2598
f 2225/5/2589 645/5/2588 2230/6/2599 3479/6/2597
f 3479/6/2597 2230/6/2599 644/5/2574 2217/6/2571
f 2229/6/2598 3479/6/2597 2217/6/2571 789/5/2570
f 792/5/2600 2232/6/2601 3480/6/2602 2231/6/2603
f 2232/6/2601 639/5/2604 2233/6/2605 3480/6/2602
f 3480/6/2602 2233/6/2605 638/5/2595 2227/6/2592
f 2231/6/2603 3480/6/2602 2227/6/2592 791/5/2591
f 782/5/2584 2222/6/2583 3481/6/2606 2234/6/2607
f 2222/6/2583 631/5/2582 2235/6/2608 3481/6/2606
f 3481/6/2606 2235/6/2608 632/5/2609 2236/6/2610
f 2234/6/2607 3481/6/2606 2236/6/2610 784/5/2611
f 793/5/2612 2238/6/2613 3482/6/2614 2237/6/2615
f 2238/6/2613 640/5/2616 2239/6/2617 3482/6/2614
f 3482/6/2614 2239/6/2617 639/5/2604 2232/6/2601
f 2237/6/2615 3482/6/2614 2232/6/2601 792/5/2600
f 784/5/2611 2236/6/2610 3483/6/2618 2240/6/2619
f 2236/6/2610 632/5/2609 2241/6/2620 3483/6/2618
f 3483/6/2618 2241/6/2620 633/5/2621 2242/6/2622
f 2240/6/2619 3483/6/2618 2242/6/2622 785/5/2623
f 780/5/2497 2181/6/2496 3484/6/2624 2243/6/2625
f 2181/6/2496 641/5/2495 2244/6/2626 3484/6/2624
f 3484/6/2624 2244/6/2626 640/5/2616 2238/6/2613
f 2243/6/2625 3484/6/2624 2238/6/2613 793/5/2612
f 785/5/2623 2242/6/2622 3485/204/2627 2245/205/2628
f 2242/6/2622 633/5/2621 2246/5/2629 3485/204/2627
f 3485/204/2627 2246/5/2629 634/5/2553 2207/195/2550
f 2245/205/2628 3485/204/2627 2207/195/2550 787/206/2549
f 618/5/2487 2247/6/2630 3486/6/2631 2184/5/2504
f 2247/6/2630 729/5/2632 2248/6/2633 3486/6/2631
f 3486/6/2631 2248/6/2633 668/5/2634 2249/6/2635
f 2184/5/2504 3486/6/2631 2249/6/2635 619/5/2505
f 729/5/2632 2250/6/2636 3487/6/2637 2248/6/2633
f 2250/6/2636 730/5/2638 2251/6/2639 3487/6/2637
f 3487/6/2637 2251/6/2639 667/5/2640 2252/6/2641
f 2248/6/2633 3487/6/2637 2252/6/2641 668/5/2634
f 730/5/2638 2253/6/2642 3488/6/2643 2251/6/2639
f 2253/6/2642 731/5/2644 2254/6/2645 3488/6/2643
f 3488/6/2643 2254/6/2645 666/5/2646 2255/6/2647
f 2251/6/2639 3488/6/2643 2255/6/2647 667/5/2640
f 731/5/2644 2256/6/2648 3489/6/2649 2254/6/2645
f 2256/6/2648 732/5/2650 2257/6/2651 3489/6/2649
f 3489/6/2649 2257/6/2651 665/5/2652 2258/6/2653
f 2254/6/2645 3489/6/2649 2258/6/2653 666/5/2646
f 732/5/2650 2259/5/2654 3490/5/2655 2257/6/2651
f 2259/5/2654 733/5/2656 2260/5/2657 3490/5/2655
f 3490/5/2655 2260/5/2657 664/5/2658 2261/5/2659
f 2257/6/2651 3490/5/2655 2261/5/2659 665/5/2652
f 733/5/2656 2262/5/2660 3491/5/2661 2260/5/2657
f 2262/5/2660 734/5/2662 2263/201/2663 3491/5/2661
f 3491/5/2661 2263/201/2663 663/5/2664 2264/6/2665
f 2260/5/2657 3491/5/2661 2264/6/2665 664/5/2658
f 626/5/2500 2265/6/2666 3492/6/2667 2183/6/2501
f 2265/6/2666 646/5/2668 2266/6/2669 3492/6/2667
f 3492/6/2667 2266/6/2669 728/5/2670 2267/6/2671
f 2183/6/2501 3492/6/2667 2267/6/2671 625/5/2479
f 646/5/2668 2268/6/2672 3493/6/2673 2266/6/2669
f 2268/6/2672 647/5/2674 2269/6/2675 3493/6/2673
f 3493/6/2673 2269/6/2675 727/5/2676 2270/6/2677
f 2266/6/2669 3493/6/2673 2270/6/2677 728/5/2670
f 647/5/2674 2271/6/2678 3494/6/2679 2269/6/2675
f 2271/6/2678 648/5/2680 2272/6/2681 3494/6/2679
f 3494/6/2679 2272/6/2681 726/5/2682 2273/6/2683
f 2269/6/2675 3494/6/2679 2273/6/2683 727/5/2676
f 648/5/2680 2274/6/2684 3495/6/2685 2272/6/2681
f 2274/6/2684 649/5/2686 2275/6/2687 3495/6/2685
f 3495/6/2685 2275/6/2687 725/5/2688 2276/6/2689
f 2272/6/2681 3495/6/2685 2276/6/2689 726/5/2682
f 649/5/2686 2277/6/2690 3496/6/2691 2275/6/2687
f 2277/6/2690 650/5/2692 2278/6/2693 3496/6/2691
f 3496/6/2691 2278/6/2693 724/5/2694 2279/6/2695
f 2275/6/2687 3496/6/2691 2279/6/2695 725/5/2688
f 650/5/2692 2280/6/2696 3497/6/2697 2278/6/2693
f 2280/6/2696 651/5/2698 2281/6/2699 3497/6/2697
f 3497/6/2697 2281/6/2699 723/5/2700 2282/6/2701
f 2278/6/2693 3497/6/2697 2282/6/2701 724/5/2694
f 617/5/2485 2283/6/2702 3498/6/2703 2176/5/2486
f 2283/6/2702 717/5/2704 2284/6/2705 3498/6/2703
f 3498/6/2703 2284/6/2705 729/5/2632 2247/6/2630
f 2176/5/2486 3498/6/2703 2247/6/2630 618/5/2487
f 717/5/2704 2285/6/2706 3499/6/2707 2284/6/2705
f 2285/6/2706 718/5/2708 2286/6/2709 3499/6/2707
f 3499/6/2707 2286/6/2709 730/5/2638 2250/6/2636
f 2284/6/2705 3499/6/2707 2250/6/2636 729/5/2632
f 718/5/2708 2287/6/2710 3500/6/2711 2286/6/2709
f 2287/6/2710 719/5/2712 2288/6/2713 3500/6/2711
f 3500/6/2711 2288/6/2713 731/5/2644 2253/6/2642
f 2286/6/2709 3500/6/2711 2253/6/2642 730/5/2638
f 719/5/2712 2289/6/2714 3501/6/2715 2288/6/2713
f 2289/6/2714 720/5/2716 2290/6/2717 3501/6/2715
f 3501/6/2715 2290/6/2717 732/5/2650 2256/6/2648
f 2288/6/2713 3501/6/2715 2256/6/2648 731/5/2644
f 720/5/2716 2291/6/2718 3502/6/2719 2290/6/2717
f 2291/6/2718 721/5/2720 2292/6/2721 3502/6/2719
f 3502/6/2719 2292/6/2721 733/5/2656 2259/5/2654
f 2290/6/2717 3502/6/2719 2259/5/2654 732/5/2650
f 721/5/2720 2293/6/2722 3503/6/2723 2292/6/2721
f 2293/6/2722 722/5/2724 2294/6/2725 3503/6/2723
f 3503/6/2723 2294/6/2725 734/5/2662 2262/5/2660
f 2292/6/2721 3503/6/2723 2262/5/2660 733/5/2656
f 625/5/2479 2267/6/2671 3504/6/2726 2173/6/2480
f 2267/6/2671 728/5/2670 2295/6/2727 3504/6/2726
f 3504/6/2726 2295/6/2727 716/5/2728 2296/6/2729
f 2173/6/2480 3504/6/2726 2296/6/2729 624/5/2481
f 728/5/2670 2270/6/2677 3505/6/2730 2295/6/2727
f 2270/6/2677 727/5/2676 2297/6/2731 3505/6/2730
f 3505/6/2730 2297/6/2731 715/5/2732 2298/6/2733
f 2295/6/2727 3505/6/2730 2298/6/2733 716/5/2728
f 727/5/2676 2273/6/2683 3506/6/2734 2297/6/2731
f 2273/6/2683 726/5/2682 2299/6/2735 3506/6/2734
f 3506/6/2734 2299/6/2735 714/5/2736 2300/6/2737
f 2297/6/2731 3506/6/2734 2300/6/2737 715/5/2732
f 726/5/2682 2276/6/2689 3507/6/2738 2299/6/2735
f 2276/6/2689 725/5/2688 2301/6/2739 3507/6/2738
f 3507/6/2738 2301/6/2739 713/5/2740 2302/6/2741
f 2299/6/2735 3507/6/2738 2302/6/2741 714/5/2736
f 725/5/2688 2279/6/2695 3508/6/2742 2301/6/2739
f 2279/6/2695 724/5/2694 2303/6/2743 3508/6/2742
f 3508/6/2742 2303/6/2743 712/5/2744 2304/6/2745
f 2301/6/2739 3508/6/2742 2304/6/2745 713/5/2740
f 724/5/2694 2282/6/2701 3509/6/2746 2303/6/2743
f 2282/6/2701 723/5/2700 2305/6/2747 3509/6/2746
f 3509/6/2746 2305/6/2747 711/5/2748 2306/6/2749
f 2303/6/2743 3509/6/2746 2306/6/2749 712/5/2744
f 616/5/2533 2307/6/2750 3510/6/2751 2205/6/2548
f 2307/6/2750 687/5/2752 2308/6/2753 3510/6/2751
f 3510/6/2751 2308/6/2753 717/5/2704 2283/6/2702
f 2205/6/2548 3510/6/2751 2283/6/2702 617/5/2485
f 687/5/2752 2309/6/2754 3511/6/2755 2308/6/2753
f 2309/6/2754 688/5/2756 2310/6/2757 3511/6/2755
f 3511/6/2755 2310/6/2757 718/5/2708 2285/6/2706
f 2308/6/2753 3511/6/2755 2285/6/2706 717/5/2704
f 688/5/2756 2311/6/2758 3512/6/2759 2310/6/2757
f 2311/6/2758 689/5/2760 2312/6/2761 3512/6/2759
f 3512/6/2759 2312/6/2761 719/5/2712 2287/6/2710
f 2310/6/2757 3512/6/2759 2287/6/2710 718/5/2708
f 689/5/2760 2313/6/2762 3513/6/2763 2312/6/2761
f 2313/6/2762 690/5/2764 2314/6/2765 3513/6/2763
f 3513/6/2763 2314/6/2765 720/5/2716 2289/6/2714
f 2312/6/2761 3513/6/2763 2289/6/2714 719/5/2712
f 690/5/2764 2315/6/2766 3514/6/2767 2314/6/2765
f 2315/6/2766 691/5/2768 2316/6/2769 3514/6/2767
f 3514/6/2767 2316/6/2769 721/5/2720 2291/6/2718
f 2314/6/2765 3514/6/2767 2291/6/2718 720/5/2716
f 691/5/2768 2317/6/2770 3515/6/2771 2316/6/2769
f 2317/6/2770 692/5/2772 2318/6/2773 3515/6/2771
f 3515/6/2771 2318/6/2773 722/5/2724 2293/6/2722
f 2316/6/2769 3515/6/2771 2293/6/2722 721/5/2720
f 624/5/2481 2296/6/2729 3516/6/2774 2204/6/2546
f 2296/6/2729 716/5/2728 2319/6/2775 3516/6/2774
f 3516/6/2774 2319/6/2775 710/5/2776 2320/6/2777
f 2204/6/2546 3516/6/2774 2320/6/2777 623/5/2541
f 716/5/2728 2298/6/2733 3517/6/2778 2319/6/2775
f 2298/6/2733 715/5/2732 2321/6/2779 3517/6/2778
f 3517/6/2778 2321/6/2779 709/5/2780 2322/6/2781
f 2319/6/2775 3517/6/2778 2322/6/2781 710/5/2776
f 715/5/2732 2300/6/2737 3518/6/2782 2321/6/2779
f 2300/6/2737 714/5/2736 2323/6/2783 3518/6/2782
f 3518/6/2782 2323/6/2783 708/5/2784 2324/6/2785
f 2321/6/2779 3518/6/2782 2324/6/2785 709/5/2780
f 714/5/2736 2302/6/2741 3519/6/2786 2323/6/2783
f 2302/6/2741 713/5/2740 2325/6/2787 3519/6/2786
f 3519/6/2786 2325/6/2787 707/5/2788 2326/6/2789
f 2323/6/2783 3519/6/2786 2326/6/2789 708/5/2784
f 713/5/2740 2304/6/2745 3520/6/2790 2325/6/2787
f 2304/6/2745 712/5/2744 2327/6/2791 3520/6/2790
f 3520/6/2790 2327/6/2791 706/5/2792 2328/6/2793
f 2325/6/2787 3520/6/2790 2328/6/2793 707/5/2788
f 712/5/2744 2306/6/2749 3521/6/2794 2327/6/2791
f 2306/6/2749 711/5/2748 2329/6/2795 3521/6/2794
f 3521/6/2794 2329/6/2795 705/5/2796 2330/6/2797
f 2327/6/2791 3521/6/2794 2330/6/2797 706/5/2792
f 630/5/2537 2331/6/2798 3522/6/2799 2203/6/2544
f 2331/6/2798 699/5/2800 2332/6/2801 3522/6/2799
f 3522/6/2799 2332/6/2801 686/5/2802 2333/6/2803
f 2203/6/2544 3522/6/2799 2333/6/2803 629/5/2527
f 699/5/2800 2334/6/2804 3523/6/2805 2332/6/2801
f 2334/6/2804 700/5/2806 2335/6/2807 3523/6/2805
f 3523/6/2805 2335/6/2807 685/5/2808 2336/6/2809
f 2332/6/2801 3523/6/2805 2336/6/2809 686/5/2802
f 700/5/2806 2337/6/2810 3524/6/2811 2335/6/2807
f 2337/6/2810 701/5/2812 2338/6/2813 3524/6/2811
f 3524/6/2811 2338/6/2813 684/5/2814 2339/6/2815
f 2335/6/2807 3524/6/2811 2339/6/2815 685/5/2808
f 701/5/2812 2340/6/2816 3525/6/2817 2338/6/2813
f 2340/6/2816 702/5/2818 2341/6/2819 3525/6/2817
f 3525/6/2817 2341/6/2819 683/5/2820 2342/6/2821
f 2338/6/2813 3525/6/2817 2342/6/2821 684/5/2814
f 702/5/2818 2343/6/2822 3526/6/2823 2341/6/2819
f 2343/6/2822 703/5/2824 2344/6/2825 3526/6/2823
f 3526/6/2823 2344/6/2825 682/5/2826 2345/6/2827
f 2341/6/2819 3526/6/2823 2345/6/2827 683/5/2820
f 703/5/2824 2346/6/2828 3527/6/2829 2344/6/2825
f 2346/6/2828 704/5/2830 2347/6/2831 3527/6/2829
f 3527/6/2829 2347/6/2831 681/5/2832 2348/6/2833
f 2344/6/2825 3527/6/2829 2348/6/2833 682/5/2826
f 623/5/2541 2320/6/2777 3528/6/2834 2202/6/2542
f 2320/6/2777 710/5/2776 2349/6/2835 3528/6/2834
f 3528/6/2834 2349/6/2835 698/5/2836 2350/6/2837
f 2202/6/2542 3528/6/2834 2350/6/2837 622/5/2531
f 710/5/2776 2322/6/2781 3529/6/2838 2349/6/2835
f 2322/6/2781 709/5/2780 2351/6/2839 3529/6/2838
f 3529/6/2838 2351/6/2839 697/5/2840 2352/6/2841
f 2349/6/2835 3529/6/2838 2352/6/2841 698/5/2836
f 709/5/2780 2324/6/2785 3530/6/2842 2351/6/2839
f 2324/6/2785 708/5/2784 2353/6/2843 3530/6/2842
f 3530/6/2842 2353/6/2843 696/5/2844 2354/6/2845
f 2351/6/2839 3530/6/2842 2354/6/2845 697/5/2840
f 708/5/2784 2326/6/2789 3531/6/2846 2353/6/2843
f 2326/6/2789 707/5/2788 2355/6/2847 3531/6/2846
f 3531/6/2846 2355/6/2847 695/5/2848 2356/6/2849
f 2353/6/2843 3531/6/2846 2356/6/2849 696/5/2844
f 707/5/2788 2328/6/2793 3532/6/2850 2355/6/2847
f 2328/6/2793 706/5/2792 2357/6/2851 3532/6/2850
f 3532/6/2850 2357/6/2851 694/5/2852 2358/6/2853
f 2355/6/2847 3532/6/2850 2358/6/2853 695/5/2848
f 706/5/2792 2330/6/2797 3533/6/2854 2357/6/2851
f 2330/6/2797 705/5/2796 2359/6/2855 3533/6/2854
f 3533/6/2854 2359/6/2855 693/5/2856 2360/6/2857
f 2357/6/2851 3533/6/2854 2360/6/2857 694/5/2852
f 621/5/2523 2361/6/2858 3534/6/2859 2199/6/2536
f 2361/6/2858 675/5/2860 2362/6/2861 3534/6/2859
f 3534/6/2859 2362/6/2861 699/5/2800 2331/6/2798
f 2199/6/2536 3534/6/2859 2331/6/2798 630/5/2537
f 675/5/2860 2363/6/2862 3535/6/2863 2362/6/2861
f 2363/6/2862 676/5/2864 2364/6/2865 3535/6/2863
f 3535/6/2863 2364/6/2865 700/5/2806 2334/6/2804
f 2362/6/2861 3535/6/2863 2334/6/2804 699/5/2800
f 676/5/2864 2365/6/2866 3536/6/2867 2364/6/2865
f 2365/6/2866 677/5/2868 2366/6/2869 3536/6/2867
f 3536/6/2867 2366/6/2869 701/5/2812 2337/6/2810
f 2364/6/2865 3536/6/2867 2337/6/2810 700/5/2806
f 677/5/2868 2367/6/2870 3537/6/2871 2366/6/2869
f 2367/6/2870 678/5/2872 2368/6/2873 3537/6/2871
f 3537/6/2871 2368/6/2873 702/5/2818 2340/6/2816
f 2366/6/2869 3537/6/2871 2340/6/2816 701/5/2812
f 678/5/2872 2369/203/2874 3538/204/2875 2368/6/2873
f 2369/203/2874 679/206/2876 2370/195/2877 3538/204/2875
f 3538/204/2875 2370/195/2877 703/5/2824 2343/6/2822
f 2368/6/2873 3538/204/2875 2343/6/2822 702/5/2818
f 679/206/2876 2371/368/2878 3539/194/2879 2370/195/2877
f 2371/368/2878 680/196/2880 2372/197/2881 3539/194/2879
f 3539/194/2879 2372/197/2881 704/5/2830 2346/6/2828
f 2370/195/2877 3539/194/2879 2346/6/2828 703/5/2824
f 622/5/2531 2350/6/2837 3540/6/2882 2197/6/2532
f 2350/6/2837 698/5/2836 2373/6/2883 3540/6/2882
f 3540/6/2882 2373/6/2883 687/5/2752 2307/6/2750
f 2197/6/2532 3540/6/2882 2307/6/2750 616/5/2533
f 698/5/2836 2352/6/2841 3541/6/2884 2373/6/2883
f 2352/6/2841 697/5/2840 2374/6/2885 3541/6/2884
f 3541/6/2884 2374/6/2885 688/5/2756 2309/6/2754
f 2373/6/2883 3541/6/2884 2309/6/2754 687/5/2752
f 697/5/2840 2354/6/2845 3542/6/2886 2374/6/2885
f 2354/6/2845 696/5/2844 2375/6/2887 3542/6/2886
f 3542/6/2886 2375/6/2887 689/5/2760 2311/6/2758
f 2374/6/2885 3542/6/2886 2311/6/2758 688/5/2756
f 696/5/2844 2356/6/2849 3543/6/2888 2375/6/2887
f 2356/6/2849 695/5/2848 2376/6/2889 3543/6/2888
f 3543/6/2888 2376/6/2889 690/5/2764 2313/6/2762
f 2375/6/2887 3543/6/2888 2313/6/2762 689/5/2760
f 695/5/2848 2358/6/2853 3544/6/2890 2376/6/2889
f 2358/6/2853 694/5/2852 2377/6/2891 3544/6/2890
f 3544/6/2890 2377/6/2891 691/5/2768 2315/6/2766
f 2376/6/2889 3544/6/2890 2315/6/2766 690/5/2764
f 694/5/2852 2360/6/2857 3545/6/2892 2377/6/2891
f 2360/6/2857 693/5/2856 2378/6/2893 3545/6/2892
f 3545/6/2892 2378/6/2893 692/5/2772 2317/6/2770
f 2377/6/2891 3545/6/2892 2317/6/2770 691/5/2768
f 629/5/2527 2333/6/2803 3546/6/2894 2195/6/2528
f 2333/6/2803 686/5/2802 2379/6/2895 3546/6/2894
f 3546/6/2894 2379/6/2895 674/5/2896 2380/6/2897
f 2195/6/2528 3546/6/2894 2380/6/2897 628/5/2519
f 686/5/2802 2336/6/2809 3547/6/2898 2379/6/2895
f 2336/6/2809 685/5/2808 2381/6/2899 3547/6/2898
f 3547/6/2898 2381/6/2899 673/5/2900 2382/6/2901
f 2379/6/2895 3547/6/2898 2382/6/2901 674/5/2896
f 685/5/2808 2339/6/2815 3548/6/2902 2381/6/2899
f 2339/6/2815 684/5/2814 2383/6/2903 3548/6/2902
f 3548/6/2902 2383/6/2903 672/5/2904 2384/6/2905
f 2381/6/2899 3548/6/2902 2384/6/2905 673/5/2900
f 684/5/2814 2342/6/2821 3549/6/2906 2383/6/2903
f 2342/6/2821 683/5/2820 2385/6/2907 3549/6/2906
f 3549/6/2906 2385/6/2907 671/5/2908 2386/6/2909
f 2383/6/2903 3549/6/2906 2386/6/2909 672/5/2904
f 683/5/2820 2345/6/2827 3550/6/2910 2385/6/2907
f 2345/6/2827 682/5/2826 2387/6/2911 3550/6/2910
f 3550/6/2910 2387/6/2911 670/5/2912 2388/6/2913
f 2385/6/2907 3550/6/2910 2388/6/2913 671/5/2908
f 682/5/2826 2348/6/2833 3551/6/2914 2387/6/2911
f 2348/6/2833 681/5/2832 2389/6/2915 3551/6/2914
f 3551/6/2914 2389/6/2915 669/5/2916 2390/6/2917
f 2387/6/2911 3551/6/2914 2390/6/2917 670/5/2912
f 620/5/2515 2391/6/2918 3552/6/2919 2192/5/2522
f 2391/6/2918 658/5/2920 2392/6/2921 3552/6/2919
f 3552/6/2919 2392/6/2921 675/5/2860 2361/6/2858
f 2192/5/2522 3552/6/2919 2361/6/2858 621/5/2523
f 658/5/2920 2393/6/2922 3553/6/2923 2392/6/2921
f 2393/6/2922 659/5/2924 2394/6/2925 3553/6/2923
f 3553/6/2923 2394/6/2925 676/5/2864 2363/6/2862
f 2392/6/2921 3553/6/2923 2363/6/2862 675/5/2860
f 659/5/2924 2395/6/2926 3554/6/2927 2394/6/2925
f 2395/6/2926 660/5/2928 2396/6/2929 3554/6/2927
f 3554/6/2927 2396/6/2929 677/5/2868 2365/6/2866
f 2394/6/2925 3554/6/2927 2365/6/2866 676/5/2864
f 660/5/2928 2397/6/2930 3555/6/2931 2396/6/2929
f 2397/6/2930 661/5/2932 2398/6/2933 3555/6/2931
f 3555/6/2931 2398/6/2933 678/5/2872 2367/6/2870
f 2396/6/2929 3555/6/2931 2367/6/2870 677/5/2868
f 661/5/2932 2399/201/2934 3556/211/2935 2398/6/2933
f 2399/201/2934 662/5/2936 2400/212/2937 3556/211/2935
f 3556/211/2935 2400/212/2937 679/206/2876 2369/203/2874
f 2398/6/2933 3556/211/2935 2369/203/2874 678/5/2872
f 628/5/2519 2380/6/2897 3557/6/2938 2191/6/2520
f 2380/6/2897 674/5/2896 2401/6/2939 3557/6/2938
f 3557/6/2938 2401/6/2939 657/5/2940 2402/6/2941
f 2191/6/2520 3557/6/2938 2402/6/2941 627/5/2510
f 674/5/2896 2382/6/2901 3558/6/2942 2401/6/2939
f 2382/6/2901 673/5/2900 2403/6/2943 3558/6/2942
f 3558/6/2942 2403/6/2943 656/5/2944 2404/6/2945
f 2401/6/2939 3558/6/2942 2404/6/2945 657/5/2940
f 673/5/2900 2384/6/2905 3559/6/2946 2403/6/2943
f 2384/6/2905 672/5/2904 2405/6/2947 3559/6/2946
f 3559/6/2946 2405/6/2947 655/5/2948 2406/6/2949
f 2403/6/2943 3559/6/2946 2406/6/2949 656/5/2944
f 672/5/2904 2386/6/2909 3560/6/2950 2405/6/2947
f 2386/6/2909 671/5/2908 2407/6/2951 3560/6/2950
f 3560/6/2950 2407/6/2951 654/5/2952 2408/6/2953
f 2405/6/2947 3560/6/2950 2408/6/2953 655/5/2948
f 671/5/2908 2388/6/2913 3561/6/2954 2407/6/2951
f 2388/6/2913 670/5/2912 2409/6/2955 3561/6/2954
f 3561/6/2954 2409/6/2955 653/5/2956 2410/6/2957
f 2407/6/2951 3561/6/2954 2410/6/2957 654/5/2952
f 670/5/2912 2390/6/2917 3562/6/2958 2409/6/2955
f 2390/6/2917 669/5/2916 2411/6/2959 3562/6/2958
f 3562/6/2958 2411/6/2959 652/5/2960 2412/6/2961
f 2409/6/2955 3562/6/2958 2412/6/2961 653/5/2956
f 619/5/2505 2249/6/2635 3563/6/2962 2188/5/2514
f 2249/6/2635 668/5/2634 2413/6/2963 3563/6/2962
f 3563/6/2962 2413/6/2963 658/5/2920 2391/6/2918
f 2188/5/2514 3563/6/2962 2391/6/2918 620/5/2515
f 668/5/2634 2252/6/2641 3564/6/2964 2413/6/2963
f 2252/6/2641 667/5/2640 2414/6/2965 3564/6/2964
f 3564/6/2964 2414/6/2965 659/5/2924 2393/6/2922
f 2413/6/2963 3564/6/2964 2393/6/2922 658/5/2920
f 667/5/2640 2255/6/2647 3565/6/2966 2414/6/2965
f 2255/6/2647 666/5/2646 2415/6/2967 3565/6/2966
f 3565/6/2966 2415/6/2967 660/5/2928 2395/6/2926
f 2414/6/2965 3565/6/2966 2395/6/2926 659/5/2924
f 666/5/2646 2258/6/2653 3566/6/2968 2415/6/2967
f 2258/6/2653 665/5/2652 2416/6/2969 3566/6/2968
f 3566/6/2968 2416/6/2969 661/5/2932 2397/6/2930
f 2415/6/2967 3566/6/2968 2397/6/2930 660/5/2928
f 665/5/2652 2261/5/2659 3567/5/2970 2416/6/2969
f 2261/5/2659 664/5/2658 2417/6/2971 3567/5/2970
f 3567/5/2970 2417/6/2971 662/5/2936 2399/201/2934
f 2416/6/2969 3567/5/2970 2399/201/2934 661/5/2932
f 627/5/2510 2402/6/2941 3568/6/2972 2187/6/2511
f 2402/6/2941 657/5/2940 2418/6/2973 3568/6/2972
f 3568/6/2972 2418/6/2973 646/5/2668 2265/6/2666
f 2187/6/2511 3568/6/2972 2265/6/2666 626/5/2500
f 657/5/2940 2404/6/2945 3569/6/2974 2418/6/2973
f 2404/6/2945 656/5/2944 2419/6/2975 3569/6/2974
f 3569/6/2974 2419/6/2975 647/5/2674 2268/6/2672
f 2418/6/2973 3569/6/2974 2268/6/2672 646/5/2668
f 656/5/2944 2406/6/2949 3570/6/2976 2419/6/2975
f 2406/6/2949 655/5/2948 2420/6/2977 3570/6/2976
f 3570/6/2976 2420/6/2977 648/5/2680 2271/6/2678
f 2419/6/2975 3570/6/2976 2271/6/2678 647/5/2674
f 655/5/2948 2408/6/2953 3571/6/2978 2420/6/2977
f 2408/6/2953 654/5/2952 2421/6/2979 3571/6/2978
f 3571/6/2978 2421/6/2979 649/5/2686 2274/6/2684
f 2420/6/2977 3571/6/2978 2274/6/2684 648/5/2680
f 654/5/2952 2410/6/2957 3572/6/2980 2421/6/2979
f 2410/6/2957 653/5/2956 2422/6/2981 3572/6/2980
f 3572/6/2980 2422/6/2981 650/5/2692 2277/6/2690
f 2421/6/2979 3572/6/2980 2277/6/2690 649/5/2686
f 653/5/2956 2412/6/2961 3573/6/2982 2422/6/2981
f 2412/6/2961 652/5/2960 2423/6/2983 3573/6/2982
f 3573/6/2982 2423/6/2983 651/5/2698 2280/6/2696
f 2422/6/2981 3573/6/2982 2280/6/2696 650/5/2692
f 641/5/2495 2424/6/2984 3574/6/2985 2244/6/2626
f 2424/6/2984 745/5/2986 2425/6/2987 3574/6/2985
f 3574/6/2985 2425/6/2987 744/5/2988 2426/6/2989
f 2244/6/2626 3574/6/2985 2426/6/2989 640/5/2616
f 633/5/2621 2427/6/2990 3575/6/2991 2246/5/2629
f 2427/6/2990 737/5/2992 2428/6/2993 3575/6/2991
f 3575/6/2991 2428/6/2993 738/5/2994 2429/6/2995
f 2246/5/2629 3575/6/2991 2429/6/2995 634/5/2553
f 642/5/2493 2430/6/2996 3576/6/2997 2180/6/2494
f 2430/6/2996 746/5/2998 2431/6/2999 3576/6/2997
f 3576/6/2997 2431/6/2999 745/5/2986 2424/6/2984
f 2180/6/2494 3576/6/2997 2424/6/2984 641/5/2495
f 634/5/2553 2429/6/2995 3577/6/3000 2208/5/2554
f 2429/6/2995 738/5/2994 2432/6/3001 3577/6/3000
f 3577/6/3000 2432/6/3001 739/5/3002 2433/6/3003
f 2208/5/2554 3577/6/3000 2433/6/3003 635/5/2555
f 643/5/2562 2434/6/3004 3578/6/3005 2212/6/2563
f 2434/6/3004 747/5/3006 2435/6/3007 3578/6/3005
f 3578/6/3005 2435/6/3007 746/5/2998 2430/6/2996
f 2212/6/2563 3578/6/3005 2430/6/2996 642/5/2493
f 635/5/2555 2433/6/3003 3579/6/3008 2214/5/2566
f 2433/6/3003 739/5/3002 2436/6/3009 3579/6/3008
f 3579/6/3008 2436/6/3009 740/5/3010 2437/6/3011
f 2214/5/2566 3579/6/3008 2437/6/3011 636/5/2567
f 644/5/2574 2438/6/3012 3580/6/3013 2218/6/2575
f 2438/6/3012 748/5/3014 2439/6/3015 3580/6/3013
f 3580/6/3013 2439/6/3015 747/5/3006 2434/6/3004
f 2218/6/2575 3580/6/3013 2434/6/3004 643/5/2562
f 631/5/2582 2440/6/3016 3581/6/3017 2235/6/2608
f 2440/6/3016 735/5/3018 2441/6/3019 3581/6/3017
f 3581/6/3017 2441/6/3019 736/5/3020 2442/6/3021
f 2235/6/2608 3581/6/3017 2442/6/3021 632/5/2609
f 637/5/2580 2443/6/3022 3582/6/3023 2221/6/2581
f 2443/6/3022 741/5/3024 2444/6/3025 3582/6/3023
f 3582/6/3023 2444/6/3025 735/5/3018 2440/6/3016
f 2221/6/2581 3582/6/3023 2440/6/3016 631/5/2582
f 636/5/2567 2437/6/3011 3583/6/3026 2224/5/2587
f 2437/6/3011 740/5/3010 2445/6/3027 3583/6/3026
f 3583/6/3026 2445/6/3027 749/5/3028 2446/6/3029
f 2224/5/2587 3583/6/3026 2446/6/3029 645/5/2588
f 638/5/2595 2447/6/3030 3584/6/3031 2228/6/2596
f 2447/6/3030 742/5/3032 2448/6/3033 3584/6/3031
f 3584/6/3031 2448/6/3033 741/5/3024 2443/6/3022
f 2228/6/2596 3584/6/3031 2443/6/3022 637/5/2580
f 645/5/2588 2446/6/3029 3585/6/3034 2230/6/2599
f 2446/6/3029 749/5/3028 2449/6/3035 3585/6/3034
f 3585/6/3034 2449/6/3035 748/5/3014 2438/6/3012
f 2230/6/2599 3585/6/3034 2438/6/3012 644/5/2574
f 639/5/2604 2450/6/3036 3586/6/3037 2233/6/2605
f 2450/6/3036 743/5/3038 2451/6/3039 3586/6/3037
f 3586/6/3037 2451/6/3039 742/5/3032 2447/6/3030
f 2233/6/2605 3586/6/3037 2447/6/3030 638/5/2595
f 632/5/2609 2442/6/3021 3587/6/3040 2241/6/2620
f 2442/6/3021 736/5/3020 2452/6/3041 3587/6/3040
f 3587/6/3040 2452/6/3041 737/5/2992 2427/6/2990
f 2241/6/2620 3587/6/3040 2427/6/2990 633/5/2621
f 640/5/2616 2426/6/2989 3588/6/3042 2239/6/2617
f 2426/6/2989 744/5/2988 2453/6/3043 3588/6/3042
f 3588/6/3042 2453/6/3043 743/5/3038 2450/6/3036
f 2239/6/2617 3588/6/3042 2450/6/3036 639/5/2604
f 742/5/3032 2454/6/3044 3589/6/3045 2448/6/3033
f 2454/6/3044 757/5/3046 2455/6/3047 3589/6/3045
f 3589/6/3045 2455/6/3047 756/5/3048 2456/6/3049
f 2448/6/3033 3589/6/3045 2456/6/3049 741/5/3024
f 749/5/3028 2457/6/3050 3590/6/3051 2449/6/3035
f 2457/6/3050 764/5/3052 2458/6/3053 3590/6/3051
f 3590/6/3051 2458/6/3053 763/5/3054 2459/6/3055
f 2449/6/3035 3590/6/3051 2459/6/3055 748/5/3014
f 743/5/3038 2460/6/3056 3591/6/3057 2451/6/3039
f 2460/6/3056 758/5/3058 2461/6/3059 3591/6/3057
f 3591/6/3057 2461/6/3059 757/5/3046 2454/6/3044
f 2451/6/3039 3591/6/3057 2454/6/3044 742/5/3032
f 736/5/3020 2462/6/3060 3592/6/3061 2452/6/3041
f 2462/6/3060 751/5/3062 2463/6/3063 3592/6/3061
f 3592/6/3061 2463/6/3063 752/5/3064 2464/6/3065
f 2452/6/3041 3592/6/3061 2464/6/3065 737/5/2992
f 744/5/2988 2465/6/3066 3593/6/3067 2453/6/3043
f 2465/6/3066 759/5/3068 2466/6/3069 3593/6/3067
f 3593/6/3067 2466/6/3069 758/5/3058 2460/6/3056
f 2453/6/3043 3593/6/3067 2460/6/3056 743/5/3038
f 735/5/3018 2467/6/3070 3594/6/3071 2441/6/3019
f 2467/6/3070 750/5/3072 2468/6/3073 3594/6/3071
f 3594/6/3071 2468/6/3073 751/5/3062 2462/6/3060
f 2441/6/3019 3594/6/3071 2462/6/3060 736/5/3020
f 745/5/2986 2469/6/3074 3595/6/3075 2425/6/2987
f 2469/6/3074 760/5/3076 2470/6/3077 3595/6/3075
f 3595/6/3075 2470/6/3077 759/5/3068 2465/6/3066
f 2425/6/2987 3595/6/3075 2465/6/3066 744/5/2988
f 737/5/2992 2464/6/3065 3596/6/3078 2428/6/2993
f 2464/6/3065 752/5/3064 2471/6/3079 3596/6/3078
f 3596/6/3078 2471/6/3079 753/5/3080 2472/6/3081
f 2428/6/2993 3596/6/3078 2472/6/3081 738/5/2994
f 746/5/2998 2473/6/3082 3597/6/3083 2431/6/2999
f 2473/6/3082 761/5/3084 2474/6/3085 3597/6/3083
f 3597/6/3083 2474/6/3085 760/5/3076 2469/6/3074
f 2431/6/2999 3597/6/3083 2469/6/3074 745/5/2986
f 738/5/2994 2472/6/3081 3598/6/3086 2432/6/3001
f 2472/6/3081 753/5/3080 2475/6/3087 3598/6/3086
f 3598/6/3086 2475/6/3087 754/5/3088 2476/6/3089
f 2432/6/3001 3598/6/3086 2476/6/3089 739/5/3002
f 747/5/3006 2477/6/3090 3599/6/3091 2435/6/3007
f 2477/6/3090 762/5/3092 2478/6/3093 3599/6/3091
f 3599/6/3091 2478/6/3093 761/5/3084 2473/6/3082
f 2435/6/3007 3599/6/3091 2473/6/3082 746/5/2998
f 739/5/3002 2476/6/3089 3600/6/3094 2436/6/3009
f 2476/6/3089 754/5/3088 2479/6/3095 3600/6/3094
f 3600/6/3094 2479/6/3095 755/5/3096 2480/6/3097
f 2436/6/3009 3600/6/3094 2480/6/3097 740/5/3010
f 748/5/3014 2459/6/3055 3601/6/3098 2439/6/3015
f 2459/6/3055 763/5/3054 2481/6/3099 3601/6/3098
f 3601/6/3098 2481/6/3099 762/5/3092 2477/6/3090
f 2439/6/3015 3601/6/3098 2477/6/3090 747/5/3006
f 741/5/3024 2456/6/3049 3602/6/3100 2444/6/3025
f 2456/6/3049 756/5/3048 2482/6/3101 3602/6/3100
f 3602/6/3100 2482/6/3101 750/5/3072 2467/6/3070
f 2444/6/3025 3602/6/3100 2467/6/3070 735/5/3018
f 740/5/3010 2480/6/3097 3603/6/3102 2445/6/3027
f 2480/6/3097 755/5/3096 2483/6/3103 3603/6/3102
f 3603/6/3102 2483/6/3103 764/5/3052 2457/6/3050
f 2445/6/3027 3603/6/3102 2457/6/3050 749/5/3028
f 755/5/3096 2484/6/3104 3604/6/3105 2483/6/3103
f 2484/6/3104 771/5/3106 2485/6/3107 3604/6/3105
f 3604/6/3105 2485/6/3107 779/5/3108 2486/6/3109
f 2483/6/3103 3604/6/3105 2486/6/3109 764/5/3052
f 734/5/2662 2487/5/3110 3605/209/3111 2263/201/2663
f 2487/5/3110 785/5/2623 2245/205/2628 3605/209/3111
f 3605/209/3111 2245/205/2628 787/206/2549 2488/210/3112
f 2263/201/2663 3605/209/3111 2488/210/3112 663/5/2664
f 757/5/3046 2489/6/3113 3606/6/3114 2455/6/3047
f 2489/6/3113 773/5/3115 2490/6/3116 3606/6/3114
f 3606/6/3114 2490/6/3116 772/5/3117 2491/6/3118
f 2455/6/3047 3606/6/3114 2491/6/3118 756/5/3048
f 764/5/3052 2486/6/3109 3607/6/3119 2458/6/3053
f 2486/6/3109 779/5/3108 2492/6/3120 3607/6/3119
f 3607/6/3119 2492/6/3120 778/5/3121 2493/6/3122
f 2458/6/3053 3607/6/3119 2493/6/3122 763/5/3054
f 758/5/3058 2494/6/3123 3608/6/3124 2461/6/3059
f 2494/6/3123 774/5/3125 2495/6/3126 3608/6/3124
f 3608/6/3124 2495/6/3126 773/5/3115 2489/6/3113
f 2461/6/3059 3608/6/3124 2489/6/3113 757/5/3046
f 751/5/3062 2496/6/3127 3609/6/3128 2463/6/3063
f 2496/6/3127 767/5/3129 2497/6/3130 3609/6/3128
f 3609/6/3128 2497/6/3130 768/5/3131 2498/6/3132
f 2463/6/3063 3609/6/3128 2498/6/3132 752/5/3064
f 759/5/3068 2499/6/3133 3610/6/3134 2466/6/3069
f 2499/6/3133 794/5/3135 2500/6/3136 3610/6/3134
f 3610/6/3134 2500/6/3136 774/5/3125 2494/6/3123
f 2466/6/3069 3610/6/3134 2494/6/3123 758/5/3058
f 750/5/3072 2501/6/3137 3611/6/3138 2468/6/3073
f 2501/6/3137 766/5/3139 2502/6/3140 3611/6/3138
f 3611/6/3138 2502/6/3140 767/5/3129 2496/6/3127
f 2468/6/3073 3611/6/3138 2496/6/3127 751/5/3062
f 651/5/2698 2503/6/3141 3612/6/3142 2281/6/2699
f 2503/6/3141 780/5/2497 2243/6/2625 3612/6/3142
f 3612/6/3142 2243/6/2625 793/5/2612 2504/6/3143
f 2281/6/2699 3612/6/3142 2504/6/3143 723/5/2700
f 760/5/3076 2505/6/3144 3613/6/3145 2470/6/3077
f 2505/6/3144 775/5/3146 2506/6/3147 3613/6/3145
f 3613/6/3145 2506/6/3147 794/5/3135 2499/6/3133
f 2470/6/3077 3613/6/3145 2499/6/3133 759/5/3068
f 752/5/3064 2498/6/3132 3614/6/3148 2471/6/3079
f 2498/6/3132 768/5/3131 2507/6/3149 3614/6/3148
f 3614/6/3148 2507/6/3149 769/5/3150 2508/6/3151
f 2471/6/3079 3614/6/3148 2508/6/3151 753/5/3080
f 761/5/3084 2509/6/3152 3615/6/3153 2474/6/3085
f 2509/6/3152 776/5/3154 2510/6/3155 3615/6/3153
f 3615/6/3153 2510/6/3155 775/5/3146 2505/6/3144
f 2474/6/3085 3615/6/3153 2505/6/3144 760/5/3076
f 753/5/3080 2508/6/3151 3616/6/3156 2475/6/3087
f 2508/6/3151 769/5/3150 2511/6/3157 3616/6/3156
f 3616/6/3156 2511/6/3157 770/5/3158 2512/6/3159
f 2475/6/3087 3616/6/3156 2512/6/3159 754/5/3088
f 762/5/3092 2513/6/3160 3617/6/3161 2478/6/3093
f 2513/6/3160 777/5/3162 2514/6/3163 3617/6/3161
f 3617/6/3161 2514/6/3163 776/5/3154 2509/6/3152
f 2478/6/3093 3617/6/3161 2509/6/3152 761/5/3084
f 754/5/3088 2512/6/3159 3618/6/3164 2479/6/3095
f 2512/6/3159 770/5/3158 2515/6/3165 3618/6/3164
f 3618/6/3164 2515/6/3165 771/5/3106 2484/6/3104
f 2479/6/3095 3618/6/3164 2484/6/3104 755/5/3096
f 763/5/3054 2493/6/3122 3619/6/3166 2481/6/3099
f 2493/6/3122 778/5/3121 2516/6/3167 3619/6/3166
f 3619/6/3166 2516/6/3167 777/5/3162 2513/6/3160
f 2481/6/3099 3619/6/3166 2513/6/3160 762/5/3092
f 756/5/3048 2491/6/3118 3620/6/3168 2482/6/3101
f 2491/6/3118 772/5/3117 2517/6/3169 3620/6/3168
f 3620/6/3168 2517/6/3169 766/5/3139 2501/6/3137
f 2482/6/3101 3620/6/3168 2501/6/3137 750/5/3072
f 722/5/2724 2518/6/3170 3621/6/3171 2294/6/2725
f 2518/6/3170 784/5/2611 2240/6/2619 3621/6/3171
f 3621/6/3171 2240/6/2619 785/5/2623 2487/5/3110
f 2294/6/2725 3621/6/3171 2487/5/3110 734/5/2662
f 723/5/2700 2504/6/3143 3622/6/3172 2305/6/2747
f 2504/6/3143 793/5/2612 2237/6/2615 3622/6/3172
f 3622/6/3172 2237/6/2615 792/5/2600 2519/6/3173
f 2305/6/2747 3622/6/3172 2519/6/3173 711/5/2748
f 692/5/2772 2520/6/3174 3623/6/3175 2318/6/2773
f 2520/6/3174 782/5/2584 2234/6/2607 3623/6/3175
f 3623/6/3175 2234/6/2607 784/5/2611 2518/6/3170
f 2318/6/2773 3623/6/3175 2518/6/3170 722/5/2724
f 711/5/2748 2519/6/3173 3624/6/3176 2329/6/2795
f 2519/6/3173 792/5/2600 2231/6/2603 3624/6/3176
f 3624/6/3176 2231/6/2603 791/5/2591 2521/6/3177
f 2329/6/2795 3624/6/3176 2521/6/3177 705/5/2796
f 704/5/2830 2522/6/3178 3625/6/3179 2347/6/2831
f 2522/6/3178 783/5/2590 2229/6/2598 3625/6/3179
f 3625/6/3179 2229/6/2598 789/5/2570 2523/6/3180
f 2347/6/2831 3625/6/3179 2523/6/3180 681/5/2832
f 705/5/2796 2521/6/3177 3626/6/3181 2359/6/2855
f 2521/6/3177 791/5/2591 2226/6/2594 3626/6/3181
f 3626/6/3181 2226/6/2594 790/5/2576 2524/6/3182
f 2359/6/2855 3626/6/3181 2524/6/3182 693/5/2856
f 680/196/2880 2525/198/3183 3627/199/3184 2372/197/2881
f 2525/198/3183 781/200/2569 2223/201/2586 3627/199/3184
f 3627/199/3184 2223/201/2586 783/5/2590 2522/6/3178
f 2372/197/2881 3627/199/3184 2522/6/3178 704/5/2830
f 693/5/2856 2524/6/3182 3628/6/3185 2378/6/2893
f 2524/6/3182 790/5/2576 2219/6/2579 3628/6/3185
f 3628/6/3185 2219/6/2579 782/5/2584 2520/6/3174
f 2378/6/2893 3628/6/3185 2520/6/3174 692/5/2772
f 681/5/2832 2523/6/3180 3629/6/3186 2389/6/2915
f 2523/6/3180 789/5/2570 2216/6/2573 3629/6/3186
f 3629/6/3186 2216/6/2573 788/5/2558 2526/6/3187
f 2389/6/2915 3629/6/3186 2526/6/3187 669/5/2916
f 669/5/2916 2526/6/3187 3630/6/3188 2411/6/2959
f 2526/6/3187 788/5/2558 2210/6/2561 3630/6/3188
f 3630/6/3188 2210/6/2561 786/5/2489 2527/6/3189
f 2411/6/2959 3630/6/3188 2527/6/3189 652/5/2960
f 652/5/2960 2527/6/3189 3631/6/3190 2423/6/2983
f 2527/6/3189 786/5/2489 2178/6/2492 3631/6/3190
f 3631/6/3190 2178/6/2492 780/5/2497 2503/6/3141
f 2423/6/2983 3631/6/3190 2503/6/3141 651/5/2698
f 773/5/3115 2528/6/3191 3632/6/3192 2490/6/3116
f 2528/6/3191 802/5/3193 2529/6/3194 3632/6/3192
f 3632/6/3192 2529/6/3194 801/5/3195 2530/6/3196
f 2490/6/3116 3632/6/3192 2530/6/3196 772/5/3117
f 772/5/3117 2530/6/3196 3633/6/3197 2517/6/3169
f 2530/6/3196 801/5/3195 2531/6/3198 3633/6/3197
f 3633/6/3197 2531/6/3198 795/5/3199 2532/6/3200
f 2517/6/3169 3633/6/3197 2532/6/3200 766/5/3139
f 770/5/3158 2533/6/3201 3634/6/3202 2515/6/3165
f 2533/6/3201 799/5/3203 2534/6/3204 3634/6/3202
f 3634/6/3202 2534/6/3204 800/5/3205 2535/6/3206
f 2515/6/3165 3634/6/3202 2535/6/3206 771/5/3106
f 769/5/3150 2536/6/3207 3635/6/3208 2511/6/3157
f 2536/6/3207 798/5/3209 2537/6/3210 3635/6/3208
f 3635/6/3208 2537/6/3210 799/5/3203 2533/6/3201
f 2511/6/3157 3635/6/3208 2533/6/3201 770/5/3158
f 768/5/3131 2538/6/3211 3636/6/3212 2507/6/3149
f 2538/6/3211 797/5/3213 2539/6/3214 3636/6/3212
f 3636/6/3212 2539/6/3214 798/5/3209 2536/6/3207
f 2507/6/3149 3636/6/3212 2536/6/3207 769/5/3150
f 766/5/3139 2532/6/3200 3637/6/3215 2502/6/3140
f 2532/6/3200 795/5/3199 2540/6/3216 3637/6/3215
f 3637/6/3215 2540/6/3216 796/5/3217 2541/6/3218
f 2502/6/3140 3637/6/3215 2541/6/3218 767/5/3129
f 779/5/3108 2542/6/3219 3638/6/3220 2492/6/3120
f 2542/6/3219 809/5/3221 2543/6/3222 3638/6/3220
f 3638/6/3220 2543/6/3222 808/5/3223 2544/6/3224
f 2492/6/3120 3638/6/3220 2544/6/3224 778/5/3121
f 767/5/3129 2541/6/3218 3639/6/3225 2497/6/3130
f 2541/6/3218 796/5/3217 2545/6/3226 3639/6/3225
f 3639/6/3225 2545/6/3226 797/5/3213 2538/6/3211
f 2497/6/3130 3639/6/3225 2538/6/3211 768/5/3131
f 771/5/3106 2535/6/3206 3640/6/3227 2485/6/3107
f 2535/6/3206 800/5/3205 2546/6/3228 3640/6/3227
f 3640/6/3227 2546/6/3228 809/5/3221 2542/6/3219
f 2485/6/3107 3640/6/3227 2542/6/3219 779/5/3108
f 778/5/3121 2544/6/3224 3641/6/3229 2516/6/3167
f 2544/6/3224 808/5/3223 2547/6/3230 3641/6/3229
f 3641/6/3229 2547/6/3230 807/5/3231 2548/6/3232
f 2516/6/3167 3641/6/3229 2548/6/3232 777/5/3162
f 777/5/3162 2548/6/3232 3642/6/3233 2514/6/3163
f 2548/6/3232 807/5/3231 2549/6/3234 3642/6/3233
f 3642/6/3233 2549/6/3234 806/5/3235 2550/6/3236
f 2514/6/3163 3642/6/3233 2550/6/3236 776/5/3154
f 776/5/3154 2550/6/3236 3643/6/3237 2510/6/3155
f 2550/6/3236 806/5/3235 2551/6/3238 3643/6/3237
f 3643/6/3237 2551/6/3238 805/5/3239 2552/6/3240
f 2510/6/3155 3643/6/3237 2552/6/3240 775/5/3146
f 775/5/3146 2552/6/3240 3644/6/3241 2506/6/3147
f 2552/6/3240 805/5/3239 2553/6/3242 3644/6/3241
f 3644/6/3241 2553/6/3242 804/5/3243 2554/6/3244
f 2506/6/3147 3644/6/3241 2554/6/3244 794/5/3135
f 794/5/3135 2554/6/3244 3645/6/3245 2500/6/3136
f 2554/6/3244 804/5/3243 2555/6/3246 3645/6/3245
f 3645/6/3245 2555/6/3246 803/5/3247 2556/6/3248
f 2500/6/3136 3645/6/3245 2556/6/3248 774/5/3125
f 774/5/3125 2556/6/3248 3646/6/3249 2495/6/3126
f 2556/6/3248 803/5/3247 2557/6/3250 3646/6/3249
f 3646/6/3249 2557/6/3250 802/5/3193 2528/6/3191
f 2495/6/3126 3646/6/3249 2528/6/3191 773/5/3115
f 837/5/3251 2559/6/3252 3647/6/3253 2558/6/3254
f 2559/6/3252 817/5/3255 2560/6/3256 3647/6/3253
f 3647/6/3253 2560/6/3256 824/5/3257 2561/6/3258
f 2558/6/3254 3647/6/3253 2561/6/3258 868/5/3259
f 877/5/3260 2563/6/3261 3648/6/3262 2562/6/3263
f 2563/6/3261 821/5/3264 2564/6/3265 3648/6/3262
f 3648/6/3262 2564/6/3265 820/5/3266 2565/6/3267
f 2562/6/3263 3648/6/3262 2565/6/3267 844/5/3268
f 868/5/3259 2561/6/3258 3649/6/3269 2566/6/3270
f 2561/6/3258 824/5/3257 2567/6/3271 3649/6/3269
f 3649/6/3269 2567/6/3271 822/5/3272 2568/6/3273
f 2566/6/3270 3649/6/3269 2568/6/3273 845/5/3274
f 861/5/3275 2570/6/3276 3650/6/3277 2569/6/3278
f 2570/6/3276 813/5/3279 2571/6/3280 3650/6/3277
f 3650/6/3277 2571/6/3280 814/5/3281 2572/6/3282
f 2569/6/3278 3650/6/3277 2572/6/3282 836/5/3283
f 836/5/3283 2572/6/3282 3651/6/3284 2573/6/3285
f 2572/6/3282 814/5/3281 2574/6/3286 3651/6/3284
f 3651/6/3284 2574/6/3286 815/5/3287 2575/6/3288
f 2573/6/3285 3651/6/3284 2575/6/3288 849/5/3289
f 869/5/3290 2577/6/3291 3652/6/3292 2576/6/3293
f 2577/6/3291 812/5/3294 2578/6/3295 3652/6/3292
f 3652/6/3292 2578/6/3295 813/5/3279 2570/6/3276
f 2576/6/3293 3652/6/3292 2570/6/3276 861/5/3275
f 881/5/3296 2580/6/3297 3653/6/3298 2579/6/3299
f 2580/6/3297 810/5/3300 2581/6/3301 3653/6/3298
f 3653/6/3298 2581/6/3301 811/5/3302 2582/6/3303
f 2579/6/3299 3653/6/3298 2582/6/3303 873/5/3304
f 844/5/3268 2565/6/3267 3654/6/3305 2583/6/3306
f 2565/6/3267 820/5/3266 2584/6/3307 3654/6/3305
f 3654/6/3305 2584/6/3307 819/5/3308 2585/6/3309
f 2583/6/3306 3654/6/3305 2585/6/3309 832/5/3310
f 873/5/3304 2582/6/3303 3655/6/3311 2586/6/3312
f 2582/6/3303 811/5/3302 2587/6/3313 3655/6/3311
f 3655/6/3311 2587/6/3313 812/5/3294 2577/6/3291
f 2586/6/3312 3655/6/3311 2577/6/3291 869/5/3290
f 832/5/3310 2585/6/3309 3656/6/3314 2588/6/3315
f 2585/6/3309 819/5/3308 2589/6/3316 3656/6/3314
f 3656/6/3314 2589/6/3316 818/5/3317 2590/6/3318
f 2588/6/3315 3656/6/3314 2590/6/3318 828/5/3319
f 849/5/3289 2575/6/3288 3657/6/3320 2591/6/3321
f 2575/6/3288 815/5/3287 2592/6/3322 3657/6/3320
f 3657/6/3320 2592/6/3322 816/5/3323 2593/6/3324
f 2591/6/3321 3657/6/3320 2593/6/3324 853/5/3325
f 828/5/3319 2590/6/3318 3658/6/3326 2594/6/3327
f 2590/6/3318 818/5/3317 2595/6/3328 3658/6/3326
f 3658/6/3326 2595/6/3328 823/5/3329 2596/6/3330
f 2594/6/3327 3658/6/3326 2596/6/3330 860/5/3331
f 860/5/3331 2596/6/3330 3659/6/3332 2597/6/3333
f 2596/6/3330 823/5/3329 2598/6/3334 3659/6/3332
f 3659/6/3332 2598/6/3334 810/5/3300 2580/6/3297
f 2597/6/3333 3659/6/3332 2580/6/3297 881/5/3296
f 853/5/3325 2593/6/3324 3660/6/3335 2599/6/3336
f 2593/6/3324 816/5/3323 2600/6/3337 3660/6/3335
f 3660/6/3335 2600/6/3337 817/5/3255 2559/6/3252
f 2599/6/3336 3660/6/3335 2559/6/3252 837/5/3251
f 845/5/3274 2568/6/3273 3661/6/3338 2601/6/3339
f 2568/6/3273 822/5/3272 2602/6/3340 3661/6/3338
f 3661/6/3338 2602/6/3340 821/5/3264 2563/6/3261
f 2601/6/3339 3661/6/3338 2563/6/3261 877/5/3260
f 796/5/3217 2603/6/3341 3662/6/3342 2545/6/3226
f 2603/6/3341 848/5/3343 2604/6/3344 3662/6/3342
f 3662/6/3342 2604/6/3344 880/5/3345 2605/6/3346
f 2545/6/3226 3662/6/3342 2605/6/3346 797/5/3213
f 848/5/3343 2606/6/3347 3663/6/3348 2604/6/3344
f 2606/6/3347 847/5/3349 2607/6/3350 3663/6/3348
f 3663/6/3348 2607/6/3350 879/5/3351 2608/6/3352
f 2604/6/3344 3663/6/3348 2608/6/3352 880/5/3345
f 847/5/3349 2609/6/3353 3664/6/3354 2607/6/3350
f 2609/6/3353 846/5/3355 2610/6/3356 3664/6/3354
f 3664/6/3354 2610/6/3356 878/5/3357 2611/6/3358
f 2607/6/3350 3664/6/3354 2611/6/3358 879/5/3351
f 846/5/3355 2612/6/3359 3665/6/3360 2610/6/3356
f 2612/6/3359 845/5/3274 2601/6/3339 3665/6/3360
f 3665/6/3360 2601/6/3339 877/5/3260 2613/6/3361
f 2610/6/3356 3665/6/3360 2613/6/3361 878/5/3357
f 802/5/3193 2614/6/3362 3666/6/3363 2529/6/3194
f 2614/6/3362 856/5/3364 2615/6/3365 3666/6/3363
f 3666/6/3363 2615/6/3365 840/5/3366 2616/6/3367
f 2529/6/3194 3666/6/3363 2616/6/3367 801/5/3195
f 856/5/3364 2617/6/3368 3667/6/3369 2615/6/3365
f 2617/6/3368 855/5/3370 2618/6/3371 3667/6/3369
f 3667/6/3369 2618/6/3371 839/5/3372 2619/6/3373
f 2615/6/3365 3667/6/3369 2619/6/3373 840/5/3366
f 855/5/3370 2620/6/3374 3668/6/3375 2618/6/3371
f 2620/6/3374 854/5/3376 2621/6/3377 3668/6/3375
f 3668/6/3375 2621/6/3377 838/5/3378 2622/6/3379
f 2618/6/3371 3668/6/3375 2622/6/3379 839/5/3372
f 854/5/3376 2623/6/3380 3669/6/3381 2621/6/3377
f 2623/6/3380 853/5/3325 2599/6/3336 3669/6/3381
f 3669/6/3381 2599/6/3336 837/5/3251 2624/6/3382
f 2621/6/3377 3669/6/3381 2624/6/3382 838/5/3378
f 809/5/3221 2625/6/3383 3670/6/3384 2543/6/3222
f 2625/6/3383 857/5/3385 2626/6/3386 3670/6/3384
f 3670/6/3384 2626/6/3386 884/5/3387 2627/6/3388
f 2543/6/3222 3670/6/3384 2627/6/3388 808/5/3223
f 857/5/3385 2628/6/3389 3671/6/3390 2626/6/3386
f 2628/6/3389 858/5/3391 2629/6/3392 3671/6/3390
f 3671/6/3390 2629/6/3392 883/5/3393 2630/6/3394
f 2626/6/3386 3671/6/3390 2630/6/3394 884/5/3387
f 858/5/3391 2631/6/3395 3672/6/3396 2629/6/3392
f 2631/6/3395 859/5/3397 2632/6/3398 3672/6/3396
f 3672/6/3396 2632/6/3398 882/5/3399 2633/6/3400
f 2629/6/3392 3672/6/3396 2633/6/3400 883/5/3393
f 859/5/3397 2634/6/3401 3673/6/3402 2632/6/3398
f 2634/6/3401 860/5/3331 2597/6/3333 3673/6/3402
f 3673/6/3402 2597/6/3333 881/5/3296 2635/6/3403
f 2632/6/3398 3673/6/3402 2635/6/3403 882/5/3399
f 800/5/3205 2636/6/3404 3674/6/3405 2546/6/3228
f 2636/6/3404 825/5/3406 2637/6/3407 3674/6/3405
f 3674/6/3405 2637/6/3407 857/5/3385 2625/6/3383
f 2546/6/3228 3674/6/3405 2625/6/3383 809/5/3221
f 825/5/3406 2638/6/3408 3675/6/3409 2637/6/3407
f 2638/6/3408 826/5/3410 2639/6/3411 3675/6/3409
f 3675/6/3409 2639/6/3411 858/5/3391 2628/6/3389
f 2637/6/3407 3675/6/3409 2628/6/3389 857/5/3385
f 826/5/3410 2640/6/3412 3676/6/3413 2639/6/3411
f 2640/6/3412 827/5/3414 2641/6/3415 3676/6/3413
f 3676/6/3413 2641/6/3415 859/5/3397 2631/6/3395
f 2639/6/3411 3676/6/3413 2631/6/3395 858/5/3391
f 827/5/3414 2642/6/3416 3677/6/3417 2641/6/3415
f 2642/6/3416 828/5/3319 2594/6/3327 3677/6/3417
f 3677/6/3417 2594/6/3327 860/5/3331 2634/6/3401
f 2641/6/3415 3677/6/3417 2634/6/3401 859/5/3397
f 803/5/3247 2643/6/3418 3678/6/3419 2557/6/3250
f 2643/6/3418 852/5/3420 2644/6/3421 3678/6/3419
f 3678/6/3419 2644/6/3421 856/5/3364 2614/6/3362
f 2557/6/3250 3678/6/3419 2614/6/3362 802/5/3193
f 852/5/3420 2645/6/3422 3679/6/3423 2644/6/3421
f 2645/6/3422 851/5/3424 2646/6/3425 3679/6/3423
f 3679/6/3423 2646/6/3425 855/5/3370 2617/6/3368
f 2644/6/3421 3679/6/3423 2617/6/3368 856/5/3364
f 851/5/3424 2647/6/3426 3680/6/3427 2646/6/3425
f 2647/6/3426 850/5/3428 2648/6/3429 3680/6/3427
f 3680/6/3427 2648/6/3429 854/5/3376 2620/6/3374
f 2646/6/3425 3680/6/3427 2620/6/3374 855/5/3370
f 850/5/3428 2649/6/3430 3681/6/3431 2648/6/3429
f 2649/6/3430 849/5/3289 2591/6/3321 3681/6/3431
f 3681/6/3431 2591/6/3321 853/5/3325 2623/6/3380
f 2648/6/3429 3681/6/3431 2623/6/3380 854/5/3376
f 799/5/3203 2650/6/3432 3682/6/3433 2534/6/3204
f 2650/6/3432 829/5/3434 2651/6/3435 3682/6/3433
f 3682/6/3433 2651/6/3435 825/5/3406 2636/6/3404
f 2534/6/3204 3682/6/3433 2636/6/3404 800/5/3205
f 829/5/3434 2652/6/3436 3683/6/3437 2651/6/3435
f 2652/6/3436 830/5/3438 2653/6/3439 3683/6/3437
f 3683/6/3437 2653/6/3439 826/5/3410 2638/6/3408
f 2651/6/3435 3683/6/3437 2638/6/3408 825/5/3406
f 830/5/3438 2654/6/3440 3684/6/3441 2653/6/3439
f 2654/6/3440 831/5/3442 2655/6/3443 3684/6/3441
f 3684/6/3441 2655/6/3443 827/5/3414 2640/6/3412
f 2653/6/3439 3684/6/3441 2640/6/3412 826/5/3410
f 831/5/3442 2656/6/3444 3685/6/3445 2655/6/3443
f 2656/6/3444 832/5/3310 2588/6/3315 3685/6/3445
f 3685/6/3445 2588/6/3315 828/5/3319 2642/6/3416
f 2655/6/3443 3685/6/3445 2642/6/3416 827/5/3414
f 807/5/3231 2657/6/3446 3686/6/3447 2549/6/3234
f 2657/6/3446 876/5/3448 2658/6/3449 3686/6/3447
f 3686/6/3447 2658/6/3449 872/5/3450 2659/6/3451
f 2549/6/3234 3686/6/3447 2659/6/3451 806/5/3235
f 876/5/3448 2660/6/3452 3687/6/3453 2658/6/3449
f 2660/6/3452 875/5/3454 2661/6/3455 3687/6/3453
f 3687/6/3453 2661/6/3455 871/5/3456 2662/6/3457
f 2658/6/3449 3687/6/3453 2662/6/3457 872/5/3450
f 875/5/3454 2663/6/3458 3688/6/3459 2661/6/3455
f 2663/6/3458 874/5/3460 2664/6/3461 3688/6/3459
f 3688/6/3459 2664/6/3461 870/5/3462 2665/6/3463
f 2661/6/3455 3688/6/3459 2665/6/3463 871/5/3456
f 874/5/3460 2666/6/3464 3689/6/3465 2664/6/3461
f 2666/6/3464 873/5/3304 2586/6/3312 3689/6/3465
f 3689/6/3465 2586/6/3312 869/5/3290 2667/6/3466
f 2664/6/3461 3689/6/3465 2667/6/3466 870/5/3462
f 798/5/3209 2668/6/3467 3690/6/3468 2537/6/3210
f 2668/6/3467 841/5/3469 2669/6/3470 3690/6/3468
f 3690/6/3468 2669/6/3470 829/5/3434 2650/6/3432
f 2537/6/3210 3690/6/3468 2650/6/3432 799/5/3203
f 841/5/3469 2670/6/3471 3691/6/3472 2669/6/3470
f 2670/6/3471 842/5/3473 2671/6/3474 3691/6/3472
f 3691/6/3472 2671/6/3474 830/5/3438 2652/6/3436
f 2669/6/3470 3691/6/3472 2652/6/3436 829/5/3434
f 842/5/3473 2672/6/3475 3692/6/3476 2671/6/3474
f 2672/6/3475 843/5/3477 2673/6/3478 3692/6/3476
f 3692/6/3476 2673/6/3478 831/5/3442 2654/6/3440
f 2671/6/3474 3692/6/3476 2654/6/3440 830/5/3438
f 843/5/3477 2674/6/3479 3693/6/3480 2673/6/3478
f 2674/6/3479 844/5/3268 2583/6/3306 3693/6/3480
f 3693/6/3480 2583/6/3306 832/5/3310 2656/6/3444
f 2673/6/3478 3693/6/3480 2656/6/3444 831/5/3442
f 808/5/3223 2627/6/3388 3694/6/3481 2547/6/3230
f 2627/6/3388 884/5/3387 2675/6/3482 3694/6/3481
f 3694/6/3481 2675/6/3482 876/5/3448 2657/6/3446
f 2547/6/3230 3694/6/3481 2657/6/3446 807/5/3231
f 884/5/3387 2630/6/3394 3695/6/3483 2675/6/3482
f 2630/6/3394 883/5/3393 2676/6/3484 3695/6/3483
f 3695/6/3483 2676/6/3484 875/5/3454 2660/6/3452
f 2675/6/3482 3695/6/3483 2660/6/3452 876/5/3448
f 883/5/3393 2633/6/3400 3696/6/3485 2676/6/3484
f 2633/6/3400 882/5/3399 2677/6/3486 3696/6/3485
f 3696/6/3485 2677/6/3486 874/5/3460 2663/6/3458
f 2676/6/3484 3696/6/3485 2663/6/3458 875/5/3454
f 882/5/3399 2635/6/3403 3697/6/3487 2677/6/3486
f 2635/6/3403 881/5/3296 2579/6/3299 3697/6/3487
f 3697/6/3487 2579/6/3299 873/5/3304 2666/6/3464
f 2677/6/3486 3697/6/3487 2666/6/3464 874/5/3460
f 806/5/3235 2659/6/3451 3698/6/3488 2551/6/3238
f 2659/6/3451 872/5/3450 2678/6/3489 3698/6/3488
f 3698/6/3488 2678/6/3489 864/5/3490 2679/6/3491
f 2551/6/3238 3698/6/3488 2679/6/3491 805/5/3239
f 872/5/3450 2662/6/3457 3699/6/3492 2678/6/3489
f 2662/6/3457 871/5/3456 2680/6/3493 3699/6/3492
f 3699/6/3492 2680/6/3493 863/5/3494 2681/6/3495
f 2678/6/3489 3699/6/3492 2681/6/3495 864/5/3490
f 871/5/3456 2665/6/3463 3700/6/3496 2680/6/3493
f 2665/6/3463 870/5/3462 2682/6/3497 3700/6/3496
f 3700/6/3496 2682/6/3497 862/5/3498 2683/6/3499
f 2680/6/3493 3700/6/3496 2683/6/3499 863/5/3494
f 870/5/3462 2667/6/3466 3701/6/3500 2682/6/3497
f 2667/6/3466 869/5/3290 2576/6/3293 3701/6/3500
f 3701/6/3500 2576/6/3293 861/5/3275 2684/6/3501
f 2682/6/3497 3701/6/3500 2684/6/3501 862/5/3498
f 804/5/3243 2685/6/3502 3702/6/3503 2555/6/3246
f 2685/6/3502 833/5/3504 2686/6/3505 3702/6/3503
f 3702/6/3503 2686/6/3505 852/5/3420 2643/6/3418
f 2555/6/3246 3702/6/3503 2643/6/3418 803/5/3247
f 833/5/3504 2687/6/3506 3703/6/3507 2686/6/3505
f 2687/6/3506 834/5/3508 2688/6/3509 3703/6/3507
f 3703/6/3507 2688/6/3509 851/5/3424 2645/6/3422
f 2686/6/3505 3703/6/3507 2645/6/3422 852/5/3420
f 834/5/3508 2689/6/3510 3704/6/3511 2688/6/3509
f 2689/6/3510 835/5/3512 2690/6/3513 3704/6/3511
f 3704/6/3511 2690/6/3513 850/5/3428 2647/6/3426
f 2688/6/3509 3704/6/3511 2647/6/3426 851/5/3424
f 835/5/3512 2691/6/3514 3705/6/3515 2690/6/3513
f 2691/6/3514 836/5/3283 2573/6/3285 3705/6/3515
f 3705/6/3515 2573/6/3285 849/5/3289 2649/6/3430
f 2690/6/3513 3705/6/3515 2649/6/3430 850/5/3428
f 805/5/3239 2679/6/3491 3706/6/3516 2553/6/3242
f 2679/6/3491 864/5/3490 2692/6/3517 3706/6/3516
f 3706/6/3516 2692/6/3517 833/5/3504 2685/6/3502
f 2553/6/3242 3706/6/3516 2685/6/3502 804/5/3243
f 864/5/3490 2681/6/3495 3707/6/3518 2692/6/3517
f 2681/6/3495 863/5/3494 2693/6/3519 3707/6/3518
f 3707/6/3518 2693/6/3519 834/5/3508 2687/6/3506
f 2692/6/3517 3707/6/3518 2687/6/3506 833/5/3504
f 863/5/3494 2683/6/3499 3708/6/3520 2693/6/3519
f 2683/6/3499 862/5/3498 2694/6/3521 3708/6/3520
f 3708/6/3520 2694/6/3521 835/5/3512 2689/6/3510
f 2693/6/3519 3708/6/3520 2689/6/3510 834/5/3508
f 862/5/3498 2684/6/3501 3709/6/3522 2694/6/3521
f 2684/6/3501 861/5/3275 2569/6/3278 3709/6/3522
f 3709/6/3522 2569/6/3278 836/5/3283 2691/6/3514
f 2694/6/3521 3709/6/3522 2691/6/3514 835/5/3512
f 795/5/3199 2695/6/3523 3710/6/3524 2540/6/3216
f 2695/6/3523 865/5/3525 2696/6/3526 3710/6/3524
f 3710/6/3524 2696/6/3526 848/5/3343 2603/6/3341
f 2540/6/3216 3710/6/3524 2603/6/3341 796/5/3217
f 865/5/3525 2697/6/3527 3711/6/3528 2696/6/3526
f 2697/6/3527 866/5/3529 2698/6/3530 3711/6/3528
f 3711/6/3528 2698/6/3530 847/5/3349 2606/6/3347
f 2696/6/3526 3711/6/3528 2606/6/3347 848/5/3343
f 866/5/3529 2699/6/3531 3712/6/3532 2698/6/3530
f 2699/6/3531 867/5/3533 2700/6/3534 3712/6/3532
f 3712/6/3532 2700/6/3534 846/5/3355 2609/6/3353
f 2698/6/3530 3712/6/3532 2609/6/3353 847/5/3349
f 867/5/3533 2701/6/3535 3713/6/3536 2700/6/3534
f 2701/6/3535 868/5/3259 2566/6/3270 3713/6/3536
f 3713/6/3536 2566/6/3270 845/5/3274 2612/6/3359
f 2700/6/3534 3713/6/3536 2612/6/3359 846/5/3355
f 797/5/3213 2605/6/3346 3714/6/3537 2539/6/3214
f 2605/6/3346 880/5/3345 2702/6/3538 3714/6/3537
f 3714/6/3537 2702/6/3538 841/5/3469 2668/6/3467
f 2539/6/3214 3714/6/3537 2668/6/3467 798/5/3209
f 880/5/3345 2608/6/3352 3715/6/3539 2702/6/3538
f 2608/6/3352 879/5/3351 2703/6/3540 3715/6/3539
f 3715/6/3539 2703/6/3540 842/5/3473 2670/6/3471
f 2702/6/3538 3715/6/3539 2670/6/3471 841/5/3469
f 879/5/3351 2611/6/3358 3716/6/3541 2703/6/3540
f 2611/6/3358 878/5/3357 2704/6/3542 3716/6/3541
f 3716/6/3541 2704/6/3542 843/5/3477 2672/6/3475
f 2703/6/3540 3716/6/3541 2672/6/3475 842/5/3473
f 878/5/3357 2613/6/3361 3717/6/3543 2704/6/3542
f 2613/6/3361 877/5/3260 2562/6/3263 3717/6/3543
f 3717/6/3543 2562/6/3263 844/5/3268 2674/6/3479
f 2704/6/3542 3717/6/3543 2674/6/3479 843/5/3477
f 801/5/3195 2616/6/3367 3718/6/3544 2531/6/3198
f 2616/6/3367 840/5/3366 2705/6/3545 3718/6/3544
f 3718/6/3544 2705/6/3545 865/5/3525 2695/6/3523
f 2531/6/3198 3718/6/3544 2695/6/3523 795/5/3199
f 840/5/3366 2619/6/3373 3719/6/3546 2705/6/3545
f 2619/6/3373 839/5/3372 2706/6/3547 3719/6/3546
f 3719/6/3546 2706/6/3547 866/5/3529 2697/6/3527
f 2705/6/3545 3719/6/3546 2697/6/3527 865/5/3525
f 839/5/3372 2622/6/3379 3720/6/3548 2706/6/3547
f 2622/6/3379 838/5/3378 2707/6/3549 3720/6/3548
f 3720/6/3548 2707/6/3549 867/5/3533 2699/6/3531
f 2706/6/3547 3720/6/3548 2699/6/3531 866/5/3529
f 838/5/3378 2624/6/3382 3721/6/3550 2707/6/3549
f 2624/6/3382 837/5/3251 2558/6/3254 3721/6/3550
f 3721/6/3550 2558/6/3254 868/5/3259 2701/6/3535
f 2707/6/3549 3721/6/3550 2701/6/3535 867/5/3533
f 904/5/3551 2709/5/3552 3722/5/3553 2708/5/3554
f 2709/5/3552 887/5/3555 2710/6/3556 3722/5/3553
f 3722/5/3553 2710/6/3556 888/5/3557 2711/5/3558
f 2708/5/3554 3722/5/3553 2711/5/3558 903/5/3559
f 912/5/3560 2713/5/3561 3723/5/3562 2712/5/3563
f 2713/5/3561 894/5/3564 2714/6/3565 3723/5/3562
f 3723/5/3562 2714/6/3565 893/5/3566 2715/5/3567
f 2712/5/3563 3723/5/3562 2715/5/3567 911/5/3568
f 920/5/3569 2717/5/3570 3724/5/3571 2716/5/3572
f 2717/5/3570 890/5/3573 2718/6/3574 3724/5/3571
f 3724/5/3571 2718/6/3574 891/5/3575 2719/5/3576
f 2716/5/3572 3724/5/3571 2719/5/3576 919/5/3577
f 928/5/3578 2721/5/3579 3725/5/3580 2720/5/3581
f 2721/5/3579 892/5/3582 2722/6/3583 3725/5/3580
f 3725/5/3580 2722/6/3583 899/5/3584 2723/5/3585
f 2720/5/3581 3725/5/3580 2723/5/3585 927/5/3586
f 936/5/3587 2725/5/3588 3726/5/3589 2724/5/3590
f 2725/5/3588 896/5/3591 2726/6/3592 3726/5/3589
f 3726/5/3589 2726/6/3592 895/5/3593 2727/5/3594
f 2724/5/3590 3726/5/3589 2727/5/3594 935/5/3595
f 927/5/3586 2723/5/3585 3727/5/3596 2728/5/3597
f 2723/5/3585 899/5/3584 2729/6/3598 3727/5/3596
f 3727/5/3596 2729/6/3598 897/5/3599 2730/5/3600
f 2728/5/3597 3727/5/3596 2730/5/3600 943/5/3601
f 935/5/3595 2727/5/3594 3728/5/3602 2731/5/3603
f 2727/5/3594 895/5/3593 2732/6/3604 3728/5/3602
f 3728/5/3602 2732/6/3604 894/5/3564 2713/5/3561
f 2731/5/3603 3728/5/3602 2713/5/3561 912/5/3560
f 919/5/3577 2719/5/3576 3729/5/3605 2733/5/3606
f 2719/5/3576 891/5/3575 2734/6/3607 3729/5/3605
f 3729/5/3605 2734/6/3607 892/5/3582 2721/5/3579
f 2733/5/3606 3729/5/3605 2721/5/3579 928/5/3578
f 943/5/3601 2730/5/3600 3730/5/3608 2735/5/3609
f 2730/5/3600 897/5/3599 2736/6/3610 3730/5/3608
f 3730/5/3608 2736/6/3610 896/5/3591 2725/5/3588
f 2735/5/3609 3730/5/3608 2725/5/3588 936/5/3587
f 944/5/3611 2738/5/3612 3731/5/3613 2737/5/3614
f 2738/5/3612 889/5/3615 2739/6/3616 3731/5/3613
f 3731/5/3613 2739/6/3616 890/5/3573 2717/5/3570
f 2737/5/3614 3731/5/3613 2717/5/3570 920/5/3569
f 948/5/3617 2741/5/3618 3732/5/3619 2740/5/3620
f 2741/5/3618 886/5/3621 2742/6/3622 3732/5/3619
f 3732/5/3619 2742/6/3622 887/5/3555 2709/5/3552
f 2740/5/3620 3732/5/3619 2709/5/3552 904/5/3551
f 911/5/3568 2715/5/3567 3733/5/3623 2743/5/3624
f 2715/5/3567 893/5/3566 2744/6/3625 3733/5/3623
f 3733/5/3623 2744/6/3625 898/5/3626 2745/5/3627
f 2743/5/3624 3733/5/3623 2745/5/3627 955/5/3628
f 956/5/3629 2747/5/3630 3734/5/3631 2746/5/3632
f 2747/5/3630 885/5/3633 2748/6/3634 3734/5/3631
f 3734/5/3631 2748/6/3634 886/5/3621 2741/5/3618
f 2746/5/3632 3734/5/3631 2741/5/3618 948/5/3617
f 955/5/3628 2745/5/3627 3735/5/3635 2749/5/3636
f 2745/5/3627 898/5/3626 2750/6/3637 3735/5/3635
f 3735/5/3635 2750/6/3637 885/5/3633 2747/5/3630
f 2749/5/3636 3735/5/3635 2747/5/3630 956/5/3629
f 903/5/3559 2711/5/3558 3736/5/3638 2751/5/3639
f 2711/5/3558 888/5/3557 2752/6/3640 3736/5/3638
f 3736/5/3638 2752/6/3640 889/5/3615 2738/5/3612
f 2751/5/3639 3736/5/3638 2738/5/3612 944/5/3611
f 813/5/3279 2753/6/3641 3737/6/3642 2571/6/3280
f 2753/6/3641 900/5/3643 2754/6/3644 3737/6/3642
f 3737/6/3642 2754/6/3644 947/5/3645 2755/6/3646
f 2571/6/3280 3737/6/3642 2755/6/3646 814/5/3281
f 900/5/3643 2756/6/3647 3738/6/3648 2754/6/3644
f 2756/6/3647 901/5/3649 2757/6/3650 3738/6/3648
f 3738/6/3648 2757/6/3650 946/5/3651 2758/6/3652
f 2754/6/3644 3738/6/3648 2758/6/3652 947/5/3645
f 901/5/3649 2759/6/3653 3739/6/3654 2757/6/3650
f 2759/6/3653 902/5/3655 2760/6/3656 3739/6/3654
f 3739/6/3654 2760/6/3656 945/5/3657 2761/6/3658
f 2757/6/3650 3739/6/3654 2761/6/3658 946/5/3651
f 902/5/3655 2762/6/3659 3740/6/3660 2760/6/3656
f 2762/6/3659 903/5/3559 2751/5/3639 3740/6/3660
f 3740/6/3660 2751/5/3639 944/5/3611 2763/6/3661
f 2760/6/3656 3740/6/3660 2763/6/3661 945/5/3657
f 823/5/3329 2764/6/3662 3741/6/3663 2598/6/3334
f 2764/6/3662 952/5/3664 2765/6/3665 3741/6/3663
f 3741/6/3663 2765/6/3665 959/5/3666 2766/6/3667
f 2598/6/3334 3741/6/3663 2766/6/3667 810/5/3300
f 952/5/3664 2767/6/3668 3742/6/3669 2765/6/3665
f 2767/6/3668 953/5/3670 2768/6/3671 3742/6/3669
f 3742/6/3669 2768/6/3671 958/5/3672 2769/6/3673
f 2765/6/3665 3742/6/3669 2769/6/3673 959/5/3666
f 953/5/3670 2770/6/3674 3743/6/3675 2768/6/3671
f 2770/6/3674 954/5/3676 2771/6/3677 3743/6/3675
f 3743/6/3675 2771/6/3677 957/5/3678 2772/6/3679
f 2768/6/3671 3743/6/3675 2772/6/3679 958/5/3672
f 954/5/3676 2773/6/3680 3744/6/3681 2771/6/3677
f 2773/6/3680 955/5/3628 2749/5/3636 3744/6/3681
f 3744/6/3681 2749/5/3636 956/5/3629 2774/6/3682
f 2771/6/3677 3744/6/3681 2774/6/3682 957/5/3678
f 810/5/3300 2766/6/3667 3745/6/3683 2581/6/3301
f 2766/6/3667 959/5/3666 2775/6/3684 3745/6/3683
f 3745/6/3683 2775/6/3684 951/5/3685 2776/6/3686
f 2581/6/3301 3745/6/3683 2776/6/3686 811/5/3302
f 959/5/3666 2769/6/3673 3746/6/3687 2775/6/3684
f 2769/6/3673 958/5/3672 2777/6/3688 3746/6/3687
f 3746/6/3687 2777/6/3688 950/5/3689 2778/6/3690
f 2775/6/3684 3746/6/3687 2778/6/3690 951/5/3685
f 958/5/3672 2772/6/3679 3747/6/3691 2777/6/3688
f 2772/6/3679 957/5/3678 2779/6/3692 3747/6/3691
f 3747/6/3691 2779/6/3692 949/5/3693 2780/6/3694
f 2777/6/3688 3747/6/3691 2780/6/3694 950/5/3689
f 957/5/3678 2774/6/3682 3748/6/3695 2779/6/3692
f 2774/6/3682 956/5/3629 2746/5/3632 3748/6/3695
f 3748/6/3695 2746/5/3632 948/5/3617 2781/6/3696
f 2779/6/3692 3748/6/3695 2781/6/3696 949/5/3693
f 818/5/3317 2782/6/3697 3749/6/3698 2595/6/3328
f 2782/6/3697 908/5/3699 2783/6/3700 3749/6/3698
f 3749/6/3698 2783/6/3700 952/5/3664 2764/6/3662
f 2595/6/3328 3749/6/3698 2764/6/3662 823/5/3329
f 908/5/3699 2784/6/3701 3750/6/3702 2783/6/3700
f 2784/6/3701 909/5/3703 2785/6/3704 3750/6/3702
f 3750/6/3702 2785/6/3704 953/5/3670 2767/6/3668
f 2783/6/3700 3750/6/3702 2767/6/3668 952/5/3664
f 909/5/3703 2786/6/3705 3751/6/3706 2785/6/3704
f 2786/6/3705 910/5/3707 2787/6/3708 3751/6/3706
f 3751/6/3706 2787/6/3708 954/5/3676 2770/6/3674
f 2785/6/3704 3751/6/3706 2770/6/3674 953/5/3670
f 910/5/3707 2788/6/3709 3752/6/3710 2787/6/3708
f 2788/6/3709 911/5/3568 2743/5/3624 3752/6/3710
f 3752/6/3710 2743/5/3624 955/5/3628 2773/6/3680
f 2787/6/3708 3752/6/3710 2773/6/3680 954/5/3676
f 811/5/3302 2776/6/3686 3753/6/3711 2587/6/3313
f 2776/6/3686 951/5/3685 2789/6/3712 3753/6/3711
f 3753/6/3711 2789/6/3712 907/5/3713 2790/6/3714
f 2587/6/3313 3753/6/3711 2790/6/3714 812/5/3294
f 951/5/3685 2778/6/3690 3754/6/3715 2789/6/3712
f 2778/6/3690 950/5/3689 2791/6/3716 3754/6/3715
f 3754/6/3715 2791/6/3716 906/5/3717 2792/6/3718
f 2789/6/3712 3754/6/3715 2792/6/3718 907/5/3713
f 950/5/3689 2780/6/3694 3755/6/3719 2791/6/3716
f 2780/6/3694 949/5/3693 2793/6/3720 3755/6/3719
f 3755/6/3719 2793/6/3720 905/5/3721 2794/6/3722
f 2791/6/3716 3755/6/3719 2794/6/3722 906/5/3717
f 949/5/3693 2781/6/3696 3756/6/3723 2793/6/3720
f 2781/6/3696 948/5/3617 2740/5/3620 3756/6/3723
f 3756/6/3723 2740/5/3620 904/5/3551 2795/6/3724
f 2793/6/3720 3756/6/3723 2795/6/3724 905/5/3721
f 814/5/3281 2755/6/3646 3757/6/3725 2574/6/3286
f 2755/6/3646 947/5/3645 2796/6/3726 3757/6/3725
f 3757/6/3725 2796/6/3726 923/5/3727 2797/6/3728
f 2574/6/3286 3757/6/3725 2797/6/3728 815/5/3287
f 947/5/3645 2758/6/3652 3758/6/3729 2796/6/3726
f 2758/6/3652 946/5/3651 2798/6/3730 3758/6/3729
f 3758/6/3729 2798/6/3730 922/5/3731 2799/6/3732
f 2796/6/3726 3758/6/3729 2799/6/3732 923/5/3727
f 946/5/3651 2761/6/3658 3759/6/3733 2798/6/3730
f 2761/6/3658 945/5/3657 2800/6/3734 3759/6/3733
f 3759/6/3733 2800/6/3734 921/5/3735 2801/6/3736
f 2798/6/3730 3759/6/3733 2801/6/3736 922/5/3731
f 945/5/3657 2763/6/3661 3760/6/3737 2800/6/3734
f 2763/6/3661 944/5/3611 2737/5/3614 3760/6/3737
f 3760/6/3737 2737/5/3614 920/5/3569 2802/6/3738
f 2800/6/3734 3760/6/3737 2802/6/3738 921/5/3735
f 822/5/3272 2803/6/3739 3761/6/3740 2602/6/3340
f 2803/6/3739 940/5/3741 2804/6/3742 3761/6/3740
f 3761/6/3740 2804/6/3742 939/5/3743 2805/6/3744
f 2602/6/3340 3761/6/3740 2805/6/3744 821/5/3264
f 940/5/3741 2806/6/3745 3762/6/3746 2804/6/3742
f 2806/6/3745 941/5/3747 2807/6/3748 3762/6/3746
f 3762/6/3746 2807/6/3748 938/5/3749 2808/6/3750
f 2804/6/3742 3762/6/3746 2808/6/3750 939/5/3743
f 941/5/3747 2809/6/3751 3763/6/3752 2807/6/3748
f 2809/6/3751 942/5/3753 2810/6/3754 3763/6/3752
f 3763/6/3752 2810/6/3754 937/5/3755 2811/6/3756
f 2807/6/3748 3763/6/3752 2811/6/3756 938/5/3749
f 942/5/3753 2812/6/3757 3764/6/3758 2810/6/3754
f 2812/6/3757 943/5/3601 2735/5/3609 3764/6/3758
f 3764/6/3758 2735/5/3609 936/5/3587 2813/6/3759
f 2810/6/3754 3764/6/3758 2813/6/3759 937/5/3755
f 816/5/3323 2814/6/3760 3765/6/3761 2600/6/3337
f 2814/6/3760 916/5/3762 2815/6/3763 3765/6/3761
f 3765/6/3761 2815/6/3763 931/5/3764 2816/6/3765
f 2600/6/3337 3765/6/3761 2816/6/3765 817/5/3255
f 916/5/3762 2817/6/3766 3766/6/3767 2815/6/3763
f 2817/6/3766 917/5/3768 2818/6/3769 3766/6/3767
f 3766/6/3767 2818/6/3769 930/5/3770 2819/6/3771
f 2815/6/3763 3766/6/3767 2819/6/3771 931/5/3764
f 917/5/3768 2820/6/3772 3767/6/3773 2818/6/3769
f 2820/6/3772 918/5/3774 2821/6/3775 3767/6/3773
f 3767/6/3773 2821/6/3775 929/5/3776 2822/6/3777
f 2818/6/3769 3767/6/3773 2822/6/3777 930/5/3770
f 918/5/3774 2823/6/3778 3768/6/3779 2821/6/3775
f 2823/6/3778 919/5/3577 2733/5/3606 3768/6/3779
f 3768/6/3779 2733/5/3606 928/5/3578 2824/6/3780
f 2821/6/3775 3768/6/3779 2824/6/3780 929/5/3776
f 820/5/3266 2825/6/3781 3769/6/3782 2584/6/3307
f 2825/6/3781 932/5/3783 2826/6/3784 3769/6/3782
f 3769/6/3782 2826/6/3784 915/5/3785 2827/6/3786
f 2584/6/3307 3769/6/3782 2827/6/3786 819/5/3308
f 932/5/3783 2828/6/3787 3770/6/3788 2826/6/3784
f 2828/6/3787 933/5/3789 2829/6/3790 3770/6/3788
f 3770/6/3788 2829/6/3790 914/5/3791 2830/6/3792
f 2826/6/3784 3770/6/3788 2830/6/3792 915/5/3785
f 933/5/3789 2831/6/3793 3771/6/3794 2829/6/3790
f 2831/6/3793 934/5/3795 2832/6/3796 3771/6/3794
f 3771/6/3794 2832/6/3796 913/5/3797 2833/6/3798
f 2829/6/3790 3771/6/3794 2833/6/3798 914/5/3791
f 934/5/3795 2834/6/3799 3772/6/3800 2832/6/3796
f 2834/6/3799 935/5/3595 2731/5/3603 3772/6/3800
f 3772/6/3800 2731/5/3603 912/5/3560 2835/6/3801
f 2832/6/3796 3772/6/3800 2835/6/3801 913/5/3797
f 824/5/3257 2836/6/3802 3773/6/3803 2567/6/3271
f 2836/6/3802 924/5/3804 2837/6/3805 3773/6/3803
f 3773/6/3803 2837/6/3805 940/5/3741 2803/6/3739
f 2567/6/3271 3773/6/3803 2803/6/3739 822/5/3272
f 924/5/3804 2838/6/3806 3774/6/3807 2837/6/3805
f 2838/6/3806 925/5/3808 2839/6/3809 3774/6/3807
f 3774/6/3807 2839/6/3809 941/5/3747 2806/6/3745
f 2837/6/3805 3774/6/3807 2806/6/3745 940/5/3741
f 925/5/3808 2840/6/3810 3775/6/3811 2839/6/3809
f 2840/6/3810 926/5/3812 2841/6/3813 3775/6/3811
f 3775/6/3811 2841/6/3813 942/5/3753 2809/6/3751
f 2839/6/3809 3775/6/3811 2809/6/3751 941/5/3747
f 926/5/3812 2842/6/3814 3776/6/3815 2841/6/3813
f 2842/6/3814 927/5/3586 2728/5/3597 3776/6/3815
f 3776/6/3815 2728/5/3597 943/5/3601 2812/6/3757
f 2841/6/3813 3776/6/3815 2812/6/3757 942/5/3753
f 821/5/3264 2805/6/3744 3777/6/3816 2564/6/3265
f 2805/6/3744 939/5/3743 2843/6/3817 3777/6/3816
f 3777/6/3816 2843/6/3817 932/5/3783 2825/6/3781
f 2564/6/3265 3777/6/3816 2825/6/3781 820/5/3266
f 939/5/3743 2808/6/3750 3778/6/3818 2843/6/3817
f 2808/6/3750 938/5/3749 2844/6/3819 3778/6/3818
f 3778/6/3818 2844/6/3819 933/5/3789 2828/6/3787
f 2843/6/3817 3778/6/3818 2828/6/3787 932/5/3783
f 938/5/3749 2811/6/3756 3779/6/3820 2844/6/3819
f 2811/6/3756 937/5/3755 2845/6/3821 3779/6/3820
f 3779/6/3820 2845/6/3821 934/5/3795 2831/6/3793
f 2844/6/3819 3779/6/3820 2831/6/3793 933/5/3789
f 937/5/3755 2813/6/3759 3780/6/3822 2845/6/3821
f 2813/6/3759 936/5/3587 2724/5/3590 3780/6/3822
f 3780/6/3822 2724/5/3590 935/5/3595 2834/6/3799
f 2845/6/3821 3780/6/3822 2834/6/3799 934/5/3795
f 817/5/3255 2816/6/3765 3781/6/3823 2560/6/3256
f 2816/6/3765 931/5/3764 2846/6/3824 3781/6/3823
f 3781/6/3823 2846/6/3824 924/5/3804 2836/6/3802
f 2560/6/3256 3781/6/3823 2836/6/3802 824/5/3257
f 931/5/3764 2819/6/3771 3782/6/3825 2846/6/3824
f 2819/6/3771 930/5/3770 2847/6/3826 3782/6/3825
f 3782/6/3825 2847/6/3826 925/5/3808 2838/6/3806
f 2846/6/3824 3782/6/3825 2838/6/3806 924/5/3804
f 930/5/3770 2822/6/3777 3783/6/3827 2847/6/3826
f 2822/6/3777 929/5/3776 2848/6/3828 3783/6/3827
f 3783/6/3827 2848/6/3828 926/5/3812 2840/6/3810
f 2847/6/3826 3783/6/3827 2840/6/3810 925/5/3808
f 929/5/3776 2824/6/3780 3784/6/3829 2848/6/3828
f 2824/6/3780 928/5/3578 2720/5/3581 3784/6/3829
f 3784/6/3829 2720/5/3581 927/5/3586 2842/6/3814
f 2848/6/3828 3784/6/3829 2842/6/3814 926/5/3812
f 815/5/3287 2797/6/3728 3785/6/3830 2592/6/3322
f 2797/6/3728 923/5/3727 2849/6/3831 3785/6/3830
f 3785/6/3830 2849/6/3831 916/5/3762 2814/6/3760
f 2592/6/3322 3785/6/3830 2814/6/3760 816/5/3323
f 923/5/3727 2799/6/3732 3786/6/3832 2849/6/3831
f 2799/6/3732 922/5/3731 2850/6/3833 3786/6/3832
f 3786/6/3832 2850/6/3833 917/5/3768 2817/6/3766
f 2849/6/3831 3786/6/3832 2817/6/3766 916/5/3762
f 922/5/3731 2801/6/3736 3787/6/3834 2850/6/3833
f 2801/6/3736 921/5/3735 2851/6/3835 3787/6/3834
f 3787/6/3834 2851/6/3835 918/5/3774 2820/6/3772
f 2850/6/3833 3787/6/3834 2820/6/3772 917/5/3768
f 921/5/3735 2802/6/3738 3788/6/3836 2851/6/3835
f 2802/6/3738 920/5/3569 2716/5/3572 3788/6/3836
f 3788/6/3836 2716/5/3572 919/5/3577 2823/6/3778
f 2851/6/3835 3788/6/3836 2823/6/3778 918/5/3774
f 819/5/3308 2827/6/3786 3789/6/3837 2589/6/3316
f 2827/6/3786 915/5/3785 2852/6/3838 3789/6/3837
f 3789/6/3837 2852/6/3838 908/5/3699 2782/6/3697
f 2589/6/3316 3789/6/3837 2782/6/3697 818/5/3317
f 915/5/3785 2830/6/3792 3790/6/3839 2852/6/3838
f 2830/6/3792 914/5/3791 2853/6/3840 3790/6/3839
f 3790/6/3839 2853/6/3840 909/5/3703 2784/6/3701
f 2852/6/3838 3790/6/3839 2784/6/3701 908/5/3699
f 914/5/3791 2833/6/3798 3791/6/3841 2853/6/3840
f 2833/6/3798 913/5/3797 2854/6/3842 3791/6/3841
f 3791/6/3841 2854/6/3842 910/5/3707 2786/6/3705
f 2853/6/3840 3791/6/3841 2786/6/3705 909/5/3703
f 913/5/3797 2835/6/3801 3792/6/3843 2854/6/3842
f 2835/6/3801 912/5/3560 2712/5/3563 3792/6/3843
f 3792/6/3843 2712/5/3563 911/5/3568 2788/6/3709
f 2854/6/3842 3792/6/3843 2788/6/3709 910/5/3707
f 812/5/3294 2790/6/3714 3793/6/3844 2578/6/3295
f 2790/6/3714 907/5/3713 2855/6/3845 3793/6/3844
f 3793/6/3844 2855/6/3845 900/5/3643 2753/6/3641
f 2578/6/3295 3793/6/3844 2753/6/3641 813/5/3279
f 907/5/3713 2792/6/3718 3794/6/3846 2855/6/3845
f 2792/6/3718 906/5/3717 2856/6/3847 3794/6/3846
f 3794/6/3846 2856/6/3847 901/5/3649 2756/6/3647
f 2855/6/3845 3794/6/3846 2756/6/3647 900/5/3643
f 906/5/3717 2794/6/3722 3795/6/3848 2856/6/3847
f 2794/6/3722 905/5/3721 2857/6/3849 3795/6/3848
f 3795/6/3848 2857/6/3849 902/5/3655 2759/6/3653
f 2856/6/3847 3795/6/3848 2759/6/3653 901/5/3649
f 905/5/3721 2795/6/3724 3796/6/3850 2857/6/3849
f 2795/6/3724 904/5/3551 2708/5/3554 3796/6/3850
f 3796/6/3850 2708/5/3554 903/5/3559 2762/6/3659
f 2857/6/3849 3796/6/3850 2762/6/3659 902/5/3655
f 679/206/2876 2858/216/3851 3797/369/3852 2371/368/2878
f 664/217/2658 2859/216/3853 3797/369/3852 2858/216/3851
f 787/206/2549 2206/208/2552 3797/369/3852 2859/216/3853
f 765/196/2557 2213/198/2565 3797/369/3852 2206/208/2552
f 781/200/2569 2525/198/3183 3797/369/3852 2213/198/2565
f 680/196/2880 2371/368/2878 3797/369/3852 2525/198/3183
f 787/206/2549 2859/216/3853 3798/370/3854 2488/210/3112
f 664/217/2658 2264/219/2665 3798/370/3854 2859/216/3853
f 663/5/2664 2488/210/3112 3798/370/3854 2264/219/2665
f 679/206/2876 2400/212/2937 3799/218/3855 2858/216/3851
f 662/5/2936 2417/219/2971 3799/218/3855 2400/212/2937
f 664/217/2658 2858/216/3851 3799/218/3855 2417/219/2971
