# Blender 4.4.3
# www.blender.org
o L
v 0.002870 4.211242 0.335595
v -0.014586 4.211566 0.337429
v 0.004329 4.170531 0.329370
v -0.014586 4.170691 0.335138
v 0.028636 4.208765 0.314724
v 0.026653 4.172256 0.316724
v 0.053875 4.192461 0.264565
v 0.053875 4.181946 0.264212
v 0.003928 4.159299 0.333452
v -0.014586 4.160219 0.342635
v 0.028399 4.157403 0.322114
v 0.061709 4.168942 0.275224
v 0.037234 4.240003 0.293504
v 0.060156 4.216132 0.277278
v 0.054827 4.300091 0.329369
v 0.066755 4.223742 0.286467
v 0.085427 4.280022 0.313420
v 0.083097 4.233272 0.287544
v 0.118315 4.281155 0.284569
v 0.100589 4.232373 0.286543
v 0.151273 4.276077 0.253294
v 0.116319 4.230509 0.275133
v 0.172321 4.253022 0.220373
v 0.125777 4.221458 0.269010
v 0.185066 4.226625 0.199229
v 0.135566 4.207784 0.253351
v 0.140373 4.476533 0.238330
v 0.184116 4.431635 0.200302
v 0.175597 4.171286 0.205371
v 0.139018 4.180789 0.250807
v 0.157319 4.133095 0.239332
v 0.131967 4.165641 0.259926
v 0.117821 4.116788 0.262361
v 0.107349 4.154694 0.269079
v 0.081543 4.119093 0.289552
v 0.088055 4.154279 0.279881
v 0.049838 4.131263 0.296664
v 0.076116 4.156388 0.283145
v 0.037514 4.173480 0.279834
v 0.038498 4.201259 0.280735
v 0.042243 4.159713 0.295789
v 0.043903 4.228810 0.291843
v 0.058260 4.260401 0.299429
v 0.084154 4.266896 0.294441
v 0.111067 4.265175 0.280904
v 0.140691 4.262300 0.259062
v 0.156071 4.238261 0.236121
v 0.167278 4.216390 0.224865
v 0.166778 4.335051 0.236442
v 0.166485 4.176751 0.223691
v 0.149994 4.145380 0.250722
v 0.114052 4.131529 0.267178
v 0.084720 4.134065 0.287044
v 0.062526 4.143747 0.292719
v 0.046445 4.179073 0.271498
v 0.052937 4.163927 0.281632
v 0.046418 4.194270 0.274387
v 0.051122 4.222369 0.288222
v 0.061932 4.240411 0.295057
v 0.083105 4.247670 0.294261
v 0.106039 4.247631 0.284929
v 0.125650 4.244736 0.266100
v 0.139915 4.228645 0.253313
v 0.152257 4.211543 0.241429
v 0.197834 4.291113 0.185071
v 0.154701 4.180352 0.239363
v 0.142196 4.155205 0.257345
v 0.111536 4.142967 0.269638
v 0.086735 4.143678 0.285155
v 0.068795 4.149655 0.287447
v 0.053130 4.189221 0.255686
v 0.054408 4.178751 0.254873
v 0.064429 4.164072 0.264911
v 0.060067 4.215947 0.267988
v 0.067901 4.222785 0.277017
v 0.082739 4.231275 0.277626
v 0.098397 4.230048 0.276804
v 0.111268 4.226929 0.270292
v 0.120923 4.219862 0.258677
v 0.130820 4.208296 0.245827
v 0.213698 4.342612 0.135598
v 0.136229 4.178164 0.240168
v 0.127055 4.155741 0.247268
v 0.104276 4.149206 0.259236
v 0.085696 4.154494 0.271265
v 0.074982 4.155705 0.271733
v 0.069289 4.069772 0.299251
v 0.003334 4.144877 0.354040
v -0.014586 4.146072 0.362155
v 0.034464 4.138371 0.331227
v 0.140944 4.019295 0.149273
v 0.036640 4.105068 0.344820
v 0.034212 4.089166 0.356985
v -0.014586 4.098287 0.380184
v 0.001322 4.098338 0.368147
v 0.003957 4.122374 0.378230
v -0.014586 4.123333 0.384991
v 0.058966 4.366224 0.332597
v 0.084407 4.075283 0.280034
v 0.059013 4.096801 0.312352
v 0.036668 4.087564 0.347904
v -0.002520 4.081389 0.369581
v -0.014586 4.080630 0.371368
v -0.002204 4.073055 0.362399
v -0.014586 4.073623 0.366938
v 0.005359 4.081693 0.356691
v -0.002898 4.069899 0.360054
v -0.014586 4.070594 0.361153
v 0.005702 4.080885 0.352726
v -0.002319 4.067872 0.357201
v -0.014586 4.068117 0.354702
v 0.005535 4.077741 0.350736
v 0.111983 4.028148 0.237447
v 0.016135 4.082169 0.355714
v 0.036571 4.064837 0.333873
v -0.002881 4.063709 0.351725
v -0.014586 4.063067 0.347206
v 0.036414 4.051090 0.334013
v 0.001824 4.052643 0.348253
v -0.014586 4.052204 0.346785
v 0.036355 4.049084 0.333408
v 0.004364 4.049315 0.344967
v -0.014586 4.047198 0.340456
v 0.036569 4.045878 0.333491
v 0.007355 4.044930 0.345517
v -0.014586 4.041501 0.342546
v 0.036174 4.036018 0.330727
v 0.009576 4.035425 0.338526
v -0.014586 4.034427 0.338306
v 0.035882 4.026019 0.314086
v 0.009286 4.023040 0.315163
v -0.014586 4.022875 0.311850
v 0.036401 4.016969 0.318216
v 0.010070 4.013744 0.318126
v -0.014586 4.012768 0.317823
v 0.036828 4.003010 0.309758
v 0.010748 3.996798 0.309434
v -0.014586 3.993638 0.308583
v 0.059221 4.047769 0.313375
v 0.058995 4.044030 0.315600
v 0.058717 4.041342 0.316412
v 0.058240 4.035093 0.315183
v 0.057647 4.026906 0.305222
v 0.058127 4.023005 0.305402
v 0.058245 4.014723 0.301668
v 0.080552 4.031641 0.288201
v 0.079533 4.030975 0.289305
v 0.078308 4.030364 0.295179
v 0.036457 3.999760 0.287759
v 0.079020 4.029784 0.290678
v 0.077798 4.028419 0.294209
v 0.079052 4.026545 0.288918
v 0.010898 3.992251 0.289073
v -0.014586 3.988704 0.289768
v 0.057582 4.010308 0.284671
v 0.080118 4.028044 0.288361
v -0.014586 4.017030 0.312846
v 0.010224 4.017457 0.311216
v 0.036063 4.020974 0.312198
v 0.057212 4.024366 0.303912
v 0.077360 4.028638 0.297512
v 0.058400 4.057847 0.308329
v 0.081458 4.036498 0.283070
v 0.081084 4.021458 0.281158
v 0.057295 4.007701 0.281164
v 0.036478 3.995244 0.285487
v 0.011098 3.986251 0.290451
v -0.014586 3.983826 0.289815
v 0.090619 4.032155 0.269003
v 0.089902 4.024400 0.267373
v 0.069589 3.996381 0.260770
v 0.040013 3.984712 0.259662
v 0.012069 3.976275 0.278798
v -0.014586 3.957671 0.278136
v 0.068281 4.112123 0.301653
v 0.067170 4.073219 0.308617
v 0.017497 4.171021 0.323157
v 0.018243 4.210259 0.330522
v 0.017976 4.158472 0.326227
v 0.018488 4.143630 0.340051
v 0.017109 4.119287 0.355834
v 0.011838 4.098829 0.363765
v 0.007818 4.083370 0.360313
v 0.119063 4.077427 0.256548
v 0.119649 4.098098 0.260642
v 0.163287 4.116725 0.225536
v 0.182528 4.167069 0.186836
v 0.223314 4.281686 0.100553
v 0.200481 4.239470 0.174103
v 0.186879 4.270819 0.200170
v 0.159405 4.307783 0.246303
v 0.125994 4.314667 0.283883
v 0.090350 4.314084 0.313611
v 0.034900 4.298933 0.343734
v 0.164029 4.095454 0.207048
v 0.188603 4.158844 0.163100
v 0.210275 4.251943 0.149348
v 0.131267 4.352548 0.281375
v 0.094007 4.361149 0.315832
v 0.037019 4.368745 0.345949
v 0.006431 4.371105 0.350711
v 0.004444 4.298329 0.352131
v -0.014586 4.372488 0.356965
v -0.014586 4.298038 0.356116
v 0.080946 4.099735 0.285734
v 0.151468 4.043499 0.167202
v 0.193406 4.125178 0.116475
v 0.093785 4.506701 0.274787
v 0.060230 4.520951 0.290997
v 0.037863 4.528427 0.302917
v 0.010228 4.531655 0.306374
v -0.014586 4.534793 0.310572
v 0.184890 4.095641 0.080303
v 0.229183 4.300915 0.065441
v 0.223873 4.378955 0.090043
v 0.189211 4.477215 0.124406
v 0.142919 4.538201 0.149682
v 0.090411 4.571671 0.166801
v 0.057891 4.585240 0.173653
v 0.037444 4.591777 0.174663
v 0.010297 4.595374 0.178129
v -0.014586 4.598027 0.179200
v 0.173351 4.367050 0.226566
v 0.208581 4.313534 0.163228
v 0.088503 4.053161 0.274517
v 0.217171 4.266998 0.124858
v 0.136936 4.407579 0.269458
v 0.158164 4.072065 0.188209
v 0.191443 4.144705 0.140021
v 0.094121 4.426255 0.309131
v 0.058817 4.436712 0.323939
v 0.038614 4.441875 0.334705
v 0.009687 4.443252 0.341148
v -0.014586 4.444704 0.346345
v 0.116118 4.053600 0.247590
v 0.082280 3.982507 0.213047
v 0.121541 4.006863 0.123323
v -0.014586 3.974254 0.287573
v 0.012014 3.961095 0.267802
v 0.099916 4.003017 0.226610
v 0.163307 4.073381 0.062617
v 0.074329 3.972935 0.193268
v 0.011806 3.948260 0.244776
v 0.106287 4.005242 0.077999
v -0.014586 3.940567 0.229651
v 0.118848 4.045966 0.021393
v 0.059303 3.963062 0.162041
v 0.008693 3.944741 0.217959
v -0.014586 3.944118 0.257244
v 0.051050 3.980016 0.107847
v -0.014586 3.940367 0.211435
v 0.046255 3.961674 0.138970
v 0.007564 3.944542 0.199658
v 0.190062 4.133502 0.054075
v -0.014586 3.940626 0.197088
v 0.007358 3.945950 0.178863
v -0.014586 3.945683 0.167030
v 0.012694 3.945949 0.164386
v -0.014586 3.942428 0.155797
v 0.013537 3.958523 0.133590
v 0.213494 4.245471 0.043279
v 0.170465 4.094863 0.043206
v 0.159636 4.079801 0.014147
v 0.204886 4.187829 0.051449
v 0.226537 4.313483 0.027850
v 0.218512 4.266989 0.024426
v 0.220243 4.288524 -0.052578
v 0.207486 4.259218 -0.038149
v 0.219725 4.243076 -0.086889
v 0.203641 4.221959 -0.062155
v 0.202754 4.179256 -0.088713
v 0.196424 4.182096 -0.064315
v 0.185507 4.127351 -0.071139
v 0.183985 4.136846 -0.051150
v 0.169395 4.088698 -0.032490
v 0.170468 4.098153 -0.018635
v 0.218334 4.269205 -0.005246
v 0.224452 4.390335 0.029590
v 0.188359 4.499431 0.032516
v 0.132820 4.558414 0.033788
v 0.084974 4.589638 0.034430
v 0.055423 4.600119 0.035357
v 0.037496 4.604509 0.034644
v 0.010271 4.611110 0.035241
v -0.014586 4.613721 0.035118
v 0.216316 4.343370 -0.092388
v 0.179298 4.404840 -0.133276
v 0.127823 4.438700 -0.157087
v 0.084576 4.453683 -0.167915
v 0.058053 4.461200 -0.174180
v 0.037339 4.464894 -0.177779
v 0.010141 4.469381 -0.180743
v -0.014586 4.471579 -0.182172
v 0.209810 4.276227 -0.126380
v 0.175704 4.314851 -0.174175
v 0.126593 4.336051 -0.196950
v 0.084084 4.347023 -0.205671
v 0.056426 4.352573 -0.212139
v 0.035307 4.356242 -0.216485
v 0.010054 4.358819 -0.219812
v -0.014586 4.360682 -0.221250
v 0.196490 4.183867 -0.121230
v 0.169431 4.192433 -0.163060
v 0.130006 4.203695 -0.183041
v 0.088586 4.212737 -0.191222
v 0.060857 4.216928 -0.200035
v 0.035306 4.221815 -0.201800
v 0.006990 4.223536 -0.204720
v -0.014586 4.226061 -0.204901
v 0.175594 4.123246 -0.093343
v 0.154664 4.121555 -0.113645
v 0.124184 4.120343 -0.123623
v 0.085978 4.119794 -0.132948
v 0.057324 4.118874 -0.136306
v 0.035432 4.118091 -0.139645
v 0.007043 4.117321 -0.143828
v -0.014586 4.117194 -0.146562
v 0.150969 4.081450 -0.052832
v 0.138103 4.077329 -0.063732
v 0.113574 4.074671 -0.073515
v 0.085195 4.073534 -0.083249
v 0.057392 4.072594 -0.089314
v 0.034679 4.071718 -0.093678
v 0.007890 4.070863 -0.099530
v -0.014586 4.070719 -0.101906
v 0.090079 4.043231 -0.011319
v 0.082294 4.044872 -0.021875
v 0.080434 4.045646 -0.034211
v 0.074207 4.046417 -0.040770
v 0.057836 4.047956 -0.047572
v 0.035517 4.048310 -0.051261
v 0.007883 4.049257 -0.053103
v -0.014586 4.048636 -0.055202
v 0.098043 3.971825 0.078517
v 0.123425 3.982559 0.020433
v 0.057751 3.953137 0.109026
v -0.014586 3.924398 0.154404
v 0.017995 3.938638 0.134784
v 0.106607 3.981482 -0.031164
v 0.098391 3.979291 -0.044281
v 0.091002 3.978781 -0.054694
v 0.079201 3.980346 -0.060057
v 0.058234 3.983327 -0.071016
v 0.037471 3.983255 -0.076389
v 0.012982 3.984531 -0.078893
v -0.014586 3.984509 -0.081610
v 0.094010 3.856576 -0.090641
v 0.045023 3.842582 -0.116921
v 0.064310 3.844265 -0.105268
v 0.111123 3.867854 -0.077132
v 0.132582 3.889901 -0.051387
v 0.136420 3.893856 -0.022463
v 0.015254 3.840788 0.131097
v -0.014586 3.833330 0.148435
v 0.052262 3.851350 0.108207
v 0.142022 3.898378 0.031897
v 0.106193 3.872236 0.076039
v 0.098267 3.926654 0.077787
v 0.124993 3.935337 0.021473
v 0.059225 3.914578 0.108761
v -0.014586 3.890483 0.153444
v 0.018057 3.900095 0.132874
v 0.111319 3.935015 -0.031604
v 0.098522 3.936296 -0.047235
v 0.091263 3.936723 -0.057373
v 0.080687 3.935810 -0.071165
v 0.059472 3.934437 -0.083555
v 0.039054 3.935046 -0.090021
v 0.013202 3.936270 -0.093760
v -0.014586 3.937441 -0.096696
v 0.103923 3.890053 0.075556
v 0.128684 3.907935 0.027302
v 0.055267 3.870169 0.110292
v -0.014586 3.846590 0.152302
v 0.017926 3.858727 0.132290
v 0.113957 3.910730 -0.026469
v 0.105875 3.910079 -0.049026
v 0.096488 3.905418 -0.066508
v 0.081321 3.898377 -0.086505
v 0.063920 3.893410 -0.095459
v 0.042984 3.888611 -0.105002
v 0.015166 3.887333 -0.113138
v -0.014586 3.886552 -0.117109
v 0.015176 3.838492 -0.127582
v -0.014586 3.837244 -0.138468
v 0.011215 3.817644 0.153133
v -0.014586 3.809347 0.163191
v 0.052011 3.831266 0.146877
v 0.135327 3.864098 0.098940
v 0.134549 3.845507 0.147371
v 0.224308 3.865101 0.084155
v 0.224680 3.851397 0.121939
v 0.227545 3.873917 0.054615
v 0.235358 3.883818 0.021269
v 0.237358 3.882857 -0.021875
v 0.233901 3.878348 -0.045109
v 0.225429 3.863032 -0.069881
v 0.220893 3.853166 -0.084846
v 0.219607 3.842169 -0.100808
v 0.154962 3.892009 -0.022047
v 0.116486 3.847381 -0.100430
v 0.150772 3.887173 -0.047906
v 0.144962 3.876814 0.063491
v 0.143554 3.872434 -0.074144
v 0.154892 3.891671 0.027791
v 0.128675 3.856962 -0.087460
v 0.307462 3.859331 0.079227
v 0.311743 3.847417 0.112252
v 0.304430 3.865995 0.049237
v 0.303601 3.866849 0.017259
v 0.299769 3.865427 -0.022096
v 0.298699 3.864304 -0.039664
v 0.295447 3.859613 -0.062558
v 0.292157 3.852491 -0.079814
v 0.289403 3.838812 -0.100675
v 0.007102 3.803772 0.175390
v -0.014586 3.794670 0.186395
v 0.049705 3.812839 0.174572
v 0.136617 3.825138 0.175897
v 0.229092 3.836363 0.158105
v 0.315085 3.829988 0.144985
v 0.013541 3.780915 0.204743
v -0.014586 3.771244 0.213361
v 0.056159 3.794598 0.199899
v 0.143595 3.804065 0.193918
v 0.234339 3.805007 0.183531
v 0.317689 3.795230 0.176378
v 0.024037 3.744460 0.229570
v -0.014586 3.733360 0.238353
v 0.075070 3.746479 0.229832
v 0.156667 3.748139 0.220752
v 0.250253 3.741364 0.208801
v 0.310590 3.734937 0.203057
v 0.124586 3.655670 0.311157
v 0.100063 3.704027 0.257535
v 0.174000 3.538478 0.419412
v 0.191245 3.595195 0.375318
v 0.200794 3.650389 0.302775
v 0.180047 3.703191 0.251194
v 0.199309 3.523491 0.420620
v 0.244476 3.565040 0.374827
v 0.279868 3.621260 0.274897
v 0.277641 3.650096 0.222844
v 0.216081 3.502505 0.422451
v 0.281312 3.523422 0.374827
v 0.326200 3.522330 0.276666
v 0.323659 3.514690 0.196604
v 0.223709 3.470093 0.426108
v 0.295277 3.464459 0.379379
v 0.337813 3.459325 0.276710
v 0.313802 3.449110 0.200793
v 0.219047 3.439564 0.435380
v 0.289200 3.410384 0.385941
v 0.333041 3.377036 0.291648
v 0.318578 3.374327 0.223624
v 0.205349 3.414761 0.439013
v 0.259373 3.360072 0.397466
v 0.297404 3.327053 0.319500
v 0.284569 3.329230 0.263755
v 0.183113 3.399143 0.447259
v 0.218230 3.329307 0.408320
v 0.236964 3.283506 0.344590
v 0.242287 3.278902 0.294931
v 0.155732 3.393622 0.449893
v 0.160099 3.320640 0.424622
v 0.170882 3.273341 0.362750
v 0.169793 3.270841 0.308173
v 0.152926 3.471961 0.451730
v 0.120612 3.402045 0.452703
v 0.100434 3.335086 0.422703
v 0.085944 3.289975 0.361805
v 0.087350 3.286139 0.333090
v 0.094331 3.417966 0.448940
v 0.049674 3.368387 0.417199
v 0.020259 3.322073 0.350288
v 0.021754 3.335181 0.336762
v 0.077712 3.441425 0.443454
v 0.023140 3.406669 0.407554
v -0.014586 3.373650 0.336552
v -0.014586 3.382985 0.330910
v 0.074062 3.472502 0.437467
v 0.010692 3.468194 0.397484
v -0.014586 3.460208 0.337882
v -0.014586 3.455645 0.320696
v 0.078863 3.497335 0.431067
v 0.020939 3.515481 0.387651
v -0.014586 3.520096 0.329117
v -0.014586 3.518469 0.321227
v 0.095129 3.520472 0.425830
v 0.051284 3.558157 0.379691
v 0.003062 3.583456 0.323889
v -0.005550 3.591933 0.311273
v 0.117853 3.534967 0.422648
v 0.087658 3.584661 0.369618
v 0.057577 3.627767 0.317952
v 0.029769 3.683307 0.274025
v 0.145490 3.541810 0.419901
v 0.133338 3.601351 0.377955
v -0.014586 3.362203 0.342267
v -0.014586 3.388959 0.319687
v -0.014586 3.456279 0.310142
v -0.014586 3.514741 0.315828
v -0.014586 3.589856 0.313840
v -0.014586 3.680986 0.275742
v 0.041194 3.814081 -0.152634
v 0.061046 3.816963 -0.145130
v 0.011936 3.813038 -0.156261
v -0.014586 3.811136 -0.157871
v 0.216050 3.806136 -0.131760
v 0.097909 3.818083 -0.139483
v 0.276410 3.791245 -0.135705
v 0.040548 3.776704 -0.172165
v 0.062235 3.778301 -0.169089
v 0.010443 3.778463 -0.174996
v -0.014586 3.777106 -0.176091
v 0.212915 3.768862 -0.151385
v 0.092227 3.779888 -0.163659
v 0.273284 3.749626 -0.153460
v 0.039238 3.697447 -0.193320
v 0.064600 3.699436 -0.187667
v 0.009906 3.697886 -0.194024
v -0.014586 3.696193 -0.194527
v 0.208027 3.707103 -0.167808
v 0.092001 3.702997 -0.177497
v 0.274057 3.709633 -0.158897
v 0.040120 3.601491 -0.195070
v 0.064191 3.602981 -0.193136
v 0.010409 3.602383 -0.195670
v -0.014586 3.600911 -0.195685
v 0.222028 3.640261 -0.163507
v 0.095240 3.604736 -0.182329
v 0.273763 3.660146 -0.156728
v 0.044217 3.496526 -0.180002
v 0.066374 3.496348 -0.172253
v 0.012754 3.496656 -0.185544
v -0.014586 3.497002 -0.187448
v 0.250642 3.578866 -0.148990
v 0.207021 3.496840 -0.164778
v 0.280711 3.609959 -0.134631
v 0.326162 3.637050 0.193539
v 0.330324 3.575892 0.147815
v 0.325006 3.585476 0.143361
v 0.333846 3.541693 0.085698
v 0.332513 3.556978 0.090017
v 0.334453 3.521647 0.011964
v 0.319197 3.514034 0.011693
v 0.304015 3.533099 -0.093543
v 0.314377 3.552016 -0.078198
v 0.334468 3.511107 0.162786
v 0.324484 3.508463 0.092103
v 0.333172 3.504381 0.011224
v 0.296515 3.499129 -0.095329
v 0.045631 3.434217 -0.158598
v 0.068023 3.434152 -0.154216
v 0.015101 3.433854 -0.162406
v -0.014586 3.433828 -0.164295
v 0.200819 3.435579 -0.138548
v 0.330305 3.451017 0.181790
v 0.330466 3.449978 0.108367
v 0.331739 3.447721 0.016274
v 0.297308 3.441098 -0.084435
v 0.043744 3.369568 -0.115839
v 0.066963 3.370374 -0.112370
v 0.013456 3.368634 -0.121940
v -0.014586 3.368222 -0.123521
v 0.198594 3.371466 -0.104617
v 0.320738 3.383169 0.207552
v 0.320174 3.383100 0.128466
v 0.317427 3.381380 0.027471
v 0.280916 3.374779 -0.064638
v 0.038549 3.327538 -0.087117
v 0.062768 3.328612 -0.085265
v 0.010487 3.326810 -0.085089
v -0.014586 3.326853 -0.082856
v 0.194241 3.329105 -0.075699
v 0.297505 3.337425 0.238646
v 0.312435 3.340010 0.159582
v 0.305262 3.338627 0.044038
v 0.284586 3.333192 -0.030258
v 0.034396 3.290463 -0.065941
v 0.060132 3.291702 -0.068230
v 0.009164 3.290243 -0.068966
v -0.014586 3.290631 -0.066564
v 0.193665 3.294149 -0.060995
v 0.273515 3.297474 0.278484
v 0.313709 3.303790 0.183700
v 0.302230 3.302842 0.055931
v 0.280460 3.298318 -0.022015
v -0.014586 3.067541 0.322662
v 0.183213 3.305081 0.336349
v 0.098973 3.317500 0.346620
v 0.039713 3.325336 0.350799
v -0.014586 3.347468 0.348283
v 0.082997 3.068601 0.329609
v 0.158497 3.069214 0.326192
v 0.215493 3.072900 0.316940
v 0.207916 3.078697 -0.051856
v 0.305913 3.073883 0.052501
v 0.327735 3.080284 0.171628
v 0.281363 3.078042 0.278085
v -0.014586 3.076657 -0.066219
v 0.021810 3.075351 -0.066831
v 0.067929 3.078901 -0.066647
v 0.042453 3.077756 -0.066600
v -0.014586 3.133472 -0.057057
v 0.266046 3.133831 0.288197
v 0.211771 3.132945 -0.045927
v -0.014586 3.127824 0.325598
v 0.087253 3.128995 0.332475
v 0.321852 3.134514 0.183261
v 0.019825 3.133694 -0.057354
v 0.042719 3.133868 -0.057587
v 0.068629 3.133597 -0.057869
v 0.274348 3.131040 -0.013918
v 0.151188 3.129481 0.331409
v 0.209074 3.131008 0.325913
v 0.303828 3.131537 0.054361
v -0.014586 3.176995 -0.052407
v -0.014586 3.226067 -0.052224
v -0.014586 3.266002 -0.054295
v 0.263838 3.179517 0.288144
v 0.258060 3.230307 0.289997
v 0.256736 3.278986 0.292387
v 0.017139 3.177185 -0.052643
v 0.012938 3.226186 -0.052358
v 0.011090 3.266140 -0.054384
v 0.276624 3.175609 -0.010869
v 0.275700 3.225240 -0.014003
v 0.277764 3.270295 -0.017485
v 0.139269 3.173814 0.338540
v 0.123045 3.226226 0.348578
v 0.096588 3.281828 0.350822
v 0.304012 3.176539 0.056074
v 0.302222 3.227721 0.057831
v 0.301380 3.273471 0.057360
v 0.197694 3.268303 -0.052468
v 0.205414 3.225046 -0.043841
v 0.209689 3.177006 -0.043258
v -0.014586 3.279175 0.352173
v -0.014586 3.224329 0.344142
v -0.014586 3.171607 0.332231
v 0.054826 3.280111 0.347277
v 0.071456 3.225830 0.344975
v 0.083728 3.173071 0.339241
v 0.310921 3.275772 0.186424
v 0.314504 3.230136 0.185414
v 0.319495 3.179271 0.183818
v 0.034127 3.266621 -0.054555
v 0.036278 3.225964 -0.052482
v 0.040658 3.177364 -0.052849
v 0.058539 3.266793 -0.058092
v 0.062047 3.225136 -0.052605
v 0.066518 3.177282 -0.053068
v 0.172893 3.280213 0.353053
v 0.189093 3.227695 0.343174
v 0.201483 3.176325 0.333005
v 0.274687 3.071087 -0.017992
v 0.360267 3.844478 0.072083
v 0.364095 3.833443 0.103915
v 0.356349 3.850689 0.043135
v 0.354107 3.851217 0.013908
v 0.349420 3.850102 -0.020100
v 0.349304 3.849123 -0.033964
v 0.346975 3.845061 -0.055440
v 0.343841 3.837878 -0.073588
v 0.339108 3.825287 -0.094062
v 0.365452 3.818207 0.134595
v 0.364988 3.787586 0.164510
v 0.361504 3.732615 0.191702
v 0.323219 3.781357 -0.127557
v 0.317167 3.743371 -0.144422
v 0.312704 3.705666 -0.150307
v 0.306310 3.658304 -0.148607
v 0.301771 3.604667 -0.126488
v 0.350785 3.659243 0.187694
v 0.336327 3.594182 0.142703
v 0.327030 3.559542 0.096862
v 0.311244 3.557350 -0.074070
v 0.363216 3.440793 0.017980
v 0.459179 3.761894 0.075270
v 0.462981 3.750017 0.110169
v 0.454792 3.768387 0.044530
v 0.451427 3.768816 0.013267
v 0.445481 3.767419 -0.023772
v 0.444671 3.766486 -0.038459
v 0.441350 3.762342 -0.061371
v 0.437070 3.755233 -0.080310
v 0.429817 3.742809 -0.102658
v 0.462648 3.734309 0.144320
v 0.458377 3.702346 0.177160
v 0.443731 3.641468 0.209224
v 0.409671 3.696697 -0.138746
v 0.400238 3.655783 -0.157702
v 0.394054 3.615630 -0.164050
v 0.381895 3.563239 -0.161415
v 0.369456 3.505887 -0.132300
v 0.418796 3.562335 0.203187
v 0.393583 3.498344 0.151755
v 0.382408 3.462618 0.100006
v 0.374888 3.459279 -0.072934
v 0.455966 3.357024 0.015795
v 0.545026 3.631263 0.064805
v 0.546389 3.620878 0.094098
v 0.542753 3.636929 0.038734
v 0.540373 3.637842 0.012569
v 0.536372 3.636858 -0.017833
v 0.535901 3.636155 -0.030221
v 0.533480 3.632377 -0.050101
v 0.529825 3.626091 -0.066681
v 0.523604 3.614728 -0.086255
v 0.544866 3.606606 0.122602
v 0.538409 3.579030 0.150573
v 0.522513 3.527098 0.178172
v 0.506312 3.576544 -0.116062
v 0.498168 3.542594 -0.131928
v 0.491650 3.508458 -0.137947
v 0.479940 3.463863 -0.136573
v 0.466577 3.414074 -0.112950
v 0.497085 3.458713 0.174031
v 0.477367 3.404384 0.131355
v 0.469065 3.374140 0.085923
v 0.467893 3.373006 -0.061953
v 0.601565 3.268144 0.014513
v 0.697102 3.494092 0.057029
v 0.695624 3.485573 0.081078
v 0.697352 3.499032 0.034974
v 0.697059 3.499909 0.013067
v 0.695328 3.499597 -0.011291
v 0.695314 3.499059 -0.021833
v 0.693501 3.496173 -0.039098
v 0.690164 3.490964 -0.053934
v 0.684093 3.481200 -0.071258
v 0.691476 3.473680 0.105271
v 0.682610 3.450572 0.128783
v 0.666217 3.408339 0.150281
v 0.666288 3.450698 -0.096519
v 0.655412 3.422863 -0.109498
v 0.646234 3.394914 -0.113978
v 0.633437 3.359622 -0.112388
v 0.616493 3.316291 -0.093271
v 0.643297 3.352488 0.145777
v 0.622315 3.305557 0.110304
v 0.612938 3.281080 0.072421
v 0.611409 3.281176 -0.050216
v 0.739804 3.151608 0.014785
v 0.825921 3.381429 0.060533
v 0.824041 3.372593 0.085455
v 0.826662 3.386609 0.037565
v 0.826945 3.387636 0.014671
v 0.825955 3.387385 -0.010868
v 0.826287 3.386933 -0.022011
v 0.824967 3.384118 -0.039935
v 0.821982 3.378838 -0.055405
v 0.816171 3.368770 -0.073509
v 0.819341 3.360184 0.110576
v 0.810283 3.336206 0.134512
v 0.794309 3.292516 0.155973
v 0.798814 3.337209 -0.099805
v 0.788158 3.308181 -0.113317
v 0.779802 3.279549 -0.117606
v 0.767549 3.243306 -0.115671
v 0.754624 3.201946 -0.096409
v 0.774308 3.235476 0.150207
v 0.758389 3.190021 0.113488
v 0.750771 3.164724 0.074569
v 0.742013 3.173279 -0.062032
v 0.931389 3.027169 0.014508
v 0.989962 3.238971 0.064465
v 0.985856 3.229367 0.087298
v 0.994232 3.245578 0.041606
v 0.998641 3.248221 0.018682
v 1.002704 3.250206 -0.006847
v 1.005270 3.250566 -0.018051
v 1.007253 3.249173 -0.036146
v 1.006796 3.245024 -0.051597
v 1.003502 3.236199 -0.069428
v 0.981818 3.217393 0.108184
v 0.976864 3.195500 0.125537
v 0.971089 3.157176 0.138552
v 0.988002 3.206413 -0.095061
v 0.978248 3.178590 -0.108117
v 0.970512 3.151086 -0.112471
v 0.958870 3.116055 -0.110908
v 0.946284 3.075807 -0.092586
v 0.961489 3.106082 0.131923
v 0.949675 3.064144 0.104983
v 0.941954 3.039847 0.072107
v 0.942211 3.039964 -0.049848
v 1.208024 2.970181 -0.072630
v 1.212806 2.989272 -0.067810
v 1.218391 3.012252 -0.052639
v 1.204352 2.961905 0.099138
v 1.205872 2.987957 0.087049
v 1.206748 3.002837 0.075475
v 1.221775 3.026314 -0.032539
v 1.220927 3.029874 -0.021399
v 1.219672 3.031365 -0.012175
v 1.217463 3.031357 -0.001553
v 1.215560 3.030601 0.004966
v 1.211878 3.028432 0.022347
v 1.208704 3.025621 0.038318
v 1.207124 3.012031 0.063206
v 1.207441 3.019825 0.050851
v 1.178837 2.884139 0.016422
v -0.014586 2.550171 0.237905
v 0.023229 2.550822 0.247411
v -0.014586 2.470640 0.212135
v 0.019525 2.486177 0.234949
v -0.014586 2.409993 0.160941
v 0.007748 2.417176 0.174354
v -0.014586 2.393384 0.091687
v -0.006797 2.405348 0.104793
v -0.014586 2.391945 0.025390
v 0.008521 2.414182 0.033164
v -0.014586 2.389807 -0.043996
v 0.010467 2.410518 -0.038824
v -0.014586 2.402290 -0.128189
v 0.007294 2.405503 -0.120911
v -0.014586 2.435566 -0.192491
v 0.113215 2.613519 0.266497
v 0.126701 2.549987 0.255301
v 0.239552 2.701554 0.262863
v 0.252650 2.645071 0.272779
v 0.353541 2.772562 0.193757
v 0.360175 2.721833 0.182551
v 0.399820 2.825932 0.077702
v 0.410048 2.776094 0.066112
v 0.373532 2.834680 -0.033799
v 0.393229 2.788891 -0.045630
v 0.322966 2.796563 -0.196313
v 0.335583 2.734555 -0.203040
v 0.216719 2.721888 -0.271177
v 0.225150 2.652262 -0.279878
v 0.111819 2.625064 -0.269411
v 0.117051 2.551936 -0.267597
v 0.016554 2.440094 -0.188746
v -0.014586 2.514324 -0.255153
v 0.022167 2.515271 -0.253878
v -0.014586 2.999241 0.307741
v -0.014586 2.918483 0.293985
v -0.014586 2.827558 0.281125
v -0.014586 2.735322 0.272435
v -0.014586 2.642610 0.253755
v 0.021724 2.643358 0.262496
v 0.028251 2.741804 0.269282
v 0.039038 2.827683 0.289026
v 0.051400 2.919097 0.301856
v 0.071894 3.001557 0.314784
v 0.018260 3.019248 -0.080024
v 0.011119 2.938993 -0.122164
v 0.009324 2.846802 -0.184585
v 0.014624 2.740073 -0.222973
v 0.016242 2.639093 -0.235881
v -0.014586 3.018294 -0.081547
v -0.014586 2.937608 -0.126045
v -0.014586 2.840853 -0.192708
v -0.014586 2.739828 -0.228109
v -0.014586 2.639124 -0.242591
v 0.150808 3.016104 0.314362
v 0.135431 2.933957 0.302626
v 0.125276 2.851323 0.291091
v 0.112326 2.768731 0.279913
v 0.106575 2.690029 0.268087
v 0.222125 3.030993 0.308632
v 0.225884 2.963912 0.295608
v 0.231539 2.895977 0.283088
v 0.232279 2.827155 0.271140
v 0.230556 2.761516 0.260177
v 0.293247 3.049954 0.267444
v 0.307886 2.996254 0.250336
v 0.324106 2.941021 0.233812
v 0.335725 2.884600 0.218065
v 0.345261 2.829399 0.202473
v 0.329501 3.053391 0.165577
v 0.345534 3.018031 0.142943
v 0.360822 2.967444 0.126294
v 0.375077 2.921353 0.110026
v 0.390801 2.879102 0.093590
v 0.306003 3.052380 0.047474
v 0.316861 3.019887 0.030074
v 0.325258 2.975702 0.001093
v 0.334801 2.926817 -0.014858
v 0.355492 2.887000 -0.024538
v 0.260953 3.050358 -0.032284
v 0.262663 3.011409 -0.061930
v 0.266223 2.970146 -0.091378
v 0.285171 2.916355 -0.128311
v 0.306502 2.852201 -0.171189
v 0.195333 3.046771 -0.069307
v 0.175505 3.002227 -0.109213
v 0.181730 2.944482 -0.145809
v 0.193807 2.871357 -0.207501
v 0.205579 2.792822 -0.248229
v 0.057776 3.030080 -0.083703
v 0.072470 2.970177 -0.126971
v 0.075960 2.892836 -0.181497
v 0.095159 2.804867 -0.238882
v 0.112720 2.720971 -0.261271
v 0.045287 2.421291 0.207445
v -0.005248 2.409308 0.141121
v -0.014586 2.411714 0.084845
v -0.014586 2.411974 0.032557
v -0.014586 2.409932 -0.022587
v -0.006393 2.411619 -0.087783
v 0.129414 2.479156 0.255500
v 0.260862 2.575370 0.283336
v 0.371950 2.643336 0.187504
v 0.430050 2.692348 0.068367
v 0.414654 2.693487 -0.050842
v 0.343276 2.648002 -0.207449
v 0.235759 2.590684 -0.275419
v 0.117931 2.494975 -0.259691
v 0.015328 2.416663 -0.162052
v 0.046519 2.338618 0.206591
v -0.003586 2.334215 0.147285
v -0.014586 2.329753 0.088942
v -0.014586 2.328768 0.034440
v -0.014586 2.329370 -0.022631
v -0.005549 2.329873 -0.093776
v 0.127093 2.340198 0.255688
v 0.262064 2.352853 0.296400
v 0.388279 2.361823 0.201653
v 0.472478 2.373291 0.077788
v 0.461841 2.374845 -0.050499
v 0.376165 2.363670 -0.156401
v 0.273908 2.352507 -0.190277
v 0.139086 2.339168 -0.187592
v 0.039791 2.327828 -0.154315
v -0.014586 2.385647 0.087773
v -0.014586 2.374168 0.088367
v -0.002662 2.377053 0.146657
v -0.002502 2.390462 0.146450
v 0.452491 2.584474 0.068410
v 0.469489 2.474559 0.070656
v 0.454554 2.469512 -0.048127
v 0.437667 2.583024 -0.052061
v -0.014586 2.383929 0.033368
v -0.014586 2.372006 0.033664
v 0.377819 2.449220 -0.164325
v 0.357756 2.539891 -0.190862
v -0.014586 2.383718 -0.023133
v -0.014586 2.372454 -0.023140
v 0.267765 2.424415 -0.197580
v 0.247072 2.496665 -0.239378
v -0.007130 2.384500 -0.091861
v -0.005646 2.373852 -0.093905
v 0.141583 2.392537 -0.194650
v 0.123572 2.436210 -0.227733
v 0.043992 2.407448 0.206126
v 0.045183 2.387447 0.206228
v 0.128269 2.404343 0.254492
v 0.125735 2.440315 0.254526
v 0.035301 2.389778 -0.163279
v 0.044217 2.377156 -0.159508
v 0.262691 2.429200 0.295474
v 0.265998 2.506855 0.290415
v 0.393383 2.458490 0.204550
v 0.385269 2.557550 0.198382
v 0.051796 2.207985 0.200768
v 0.006072 2.209095 0.142529
v -0.012744 2.208067 0.085846
v -0.013677 2.208071 0.033069
v -0.010677 2.208671 -0.026160
v 0.000605 2.209396 -0.090460
v 0.121442 2.207774 0.241143
v 0.253586 2.210975 0.289036
v 0.378564 2.213265 0.197491
v 0.465960 2.218909 0.077092
v 0.453772 2.218705 -0.052624
v 0.360994 2.210326 -0.152667
v 0.265313 2.207104 -0.187858
v 0.140722 2.207347 -0.185214
v 0.046540 2.210837 -0.150412
v 0.073442 1.416376 0.074764
v 0.050981 1.416735 0.022879
v 0.040718 1.416756 -0.010863
v 0.039159 1.417885 -0.043994
v 0.040285 1.418852 -0.079405
v 0.047408 1.421596 -0.129771
v 0.112781 1.417488 0.103726
v 0.196828 1.418635 0.134607
v 0.284765 1.419617 0.069043
v 0.336856 1.421865 -0.025575
v 0.320131 1.426763 -0.119594
v 0.264367 1.430595 -0.177859
v 0.197505 1.434017 -0.201730
v 0.135493 1.432851 -0.199766
v 0.074199 1.426906 -0.170765
v 0.434690 2.094173 -0.056716
v 0.409025 1.980824 -0.061054
v 0.381659 1.858144 -0.066780
v 0.365474 1.751209 -0.079023
v 0.348289 1.639789 -0.092317
v 0.341717 1.547526 -0.103632
v 0.269621 1.556982 -0.167166
v 0.279871 1.647692 -0.155796
v 0.292913 1.759302 -0.156514
v 0.303544 1.867174 -0.154560
v 0.321807 1.982672 -0.152661
v 0.339627 2.095781 -0.151331
v 0.003347 2.094602 -0.029271
v 0.009723 1.981990 -0.032895
v 0.019172 1.865692 -0.034345
v 0.026030 1.758699 -0.045747
v 0.031020 1.648235 -0.057589
v 0.024865 1.553919 -0.068287
v 0.023155 1.553053 -0.028090
v 0.029111 1.647377 -0.016982
v 0.024012 1.757800 -0.002579
v 0.017183 1.864916 0.011848
v 0.007737 1.981289 0.018400
v 0.001536 2.093891 0.026422
v 0.201019 1.558363 -0.186066
v 0.206253 1.649473 -0.176224
v 0.214258 1.760809 -0.178471
v 0.219127 1.869386 -0.178001
v 0.228787 1.985123 -0.178383
v 0.245796 2.097859 -0.183255
v 0.014580 2.095582 -0.090570
v 0.020285 1.982987 -0.089212
v 0.028666 1.866842 -0.084729
v 0.035198 1.759968 -0.093207
v 0.039998 1.649467 -0.103267
v 0.033685 1.555592 -0.113936
v 0.134692 1.558705 -0.183911
v 0.139609 1.650155 -0.174106
v 0.143657 1.761311 -0.176295
v 0.143609 1.869782 -0.175654
v 0.145117 1.985580 -0.175842
v 0.148316 2.098187 -0.180665
v 0.061512 2.092600 0.185574
v 0.061607 1.979166 0.165375
v 0.065384 1.862004 0.145469
v 0.068543 1.754409 0.122974
v 0.068262 1.643400 0.102204
v 0.065504 1.550054 0.090684
v 0.107687 1.548379 0.120283
v 0.110370 1.641171 0.138334
v 0.113072 1.752839 0.160586
v 0.112882 1.860604 0.184722
v 0.114308 1.978290 0.207772
v 0.118799 2.092466 0.224011
v 0.058731 2.097091 -0.147638
v 0.061374 1.984615 -0.144533
v 0.066705 1.868762 -0.146469
v 0.071368 1.761132 -0.148732
v 0.071560 1.650353 -0.148085
v 0.067809 1.557758 -0.158429
v 0.200311 1.546888 0.153885
v 0.204942 1.639039 0.172452
v 0.213837 1.750784 0.196739
v 0.219593 1.858722 0.223327
v 0.230958 1.976428 0.250223
v 0.243312 2.091216 0.269555
v 0.285903 1.546916 0.089797
v 0.291193 1.639103 0.101499
v 0.304550 1.750628 0.122073
v 0.316396 1.858192 0.144262
v 0.336967 1.974656 0.163694
v 0.357227 2.089470 0.183050
v 0.021148 2.093868 0.130189
v 0.025335 1.980873 0.114668
v 0.032949 1.863909 0.099647
v 0.038387 1.756359 0.079769
v 0.042424 1.645816 0.060898
v 0.036486 1.551970 0.048825
v 0.354022 1.548034 0.000138
v 0.359999 1.640313 0.011600
v 0.377355 1.751726 0.027187
v 0.394039 1.858739 0.043340
v 0.420741 1.974600 0.057727
v 0.445176 2.089609 0.071888
v 0.003641 2.093523 0.076143
v 0.009427 1.980837 0.064372
v 0.018600 1.864248 0.053670
v 0.025199 1.756951 0.036575
v 0.030165 1.646586 0.019990
v 0.024352 1.552269 0.008581
v 0.086052 1.350031 0.054017
v 0.064500 1.351451 0.003826
v 0.054171 1.351722 -0.029672
v 0.052545 1.352748 -0.062464
v 0.053461 1.353934 -0.097676
v 0.060115 1.358002 -0.147936
v 0.122249 1.350188 0.090689
v 0.196565 1.352514 0.122876
v 0.293608 1.357576 0.056917
v 0.345235 1.364103 -0.044636
v 0.328108 1.368893 -0.128704
v 0.272760 1.373262 -0.193927
v 0.206984 1.374776 -0.216967
v 0.145525 1.372304 -0.215619
v 0.086974 1.365746 -0.188919
v 0.096335 1.309010 0.049012
v 0.073537 1.311920 -0.002269
v 0.063182 1.312386 -0.035599
v 0.061475 1.313687 -0.068747
v 0.062398 1.315187 -0.117236
v 0.069597 1.320102 -0.168056
v 0.132844 1.306467 0.077146
v 0.201146 1.307954 0.108789
v 0.302396 1.314660 0.044473
v 0.349802 1.322350 -0.053807
v 0.335584 1.326419 -0.139467
v 0.275934 1.334207 -0.215096
v 0.215136 1.332588 -0.232962
v 0.156072 1.330946 -0.231625
v 0.098005 1.327440 -0.208835
v 0.030314 1.485492 -0.073920
v 0.093324 1.222861 0.019941
v 0.071119 1.225734 -0.030424
v 0.060943 1.226607 -0.063484
v 0.059423 1.227863 -0.095558
v 0.060376 1.228976 -0.154058
v 0.067679 1.232166 -0.203903
v 0.130878 1.219616 0.048873
v 0.220737 1.220642 0.078725
v 0.319975 1.226346 0.021478
v 0.352882 1.236562 -0.170265
v 0.294829 1.240592 -0.253464
v 0.222889 1.239067 -0.269183
v 0.152256 1.238526 -0.267255
v 0.095341 1.236522 -0.244259
v 0.334538 1.483944 -0.111655
v 0.038435 1.487775 -0.122267
v 0.067580 1.483988 0.083437
v 0.069110 1.491502 -0.164976
v 0.041384 1.484218 0.035885
v 0.030233 1.483891 -0.001248
v 0.266386 1.491207 -0.174003
v 0.028893 1.484651 -0.036090
v 0.199613 1.494840 -0.194100
v 0.135580 1.494904 -0.192055
v 0.111237 1.484082 0.112683
v 0.198981 1.483341 0.144289
v 0.284733 1.482480 0.079417
v 0.348956 1.482486 -0.013044
v 0.154040 1.264354 -0.001821
v 0.128067 1.263953 -0.071580
v 0.127042 1.263732 -0.098747
v 0.127880 1.263741 -0.155650
v 0.132860 1.263763 -0.196605
v 0.366147 1.232028 -0.074154
v 0.149519 1.263887 -0.222896
v 0.093375 1.151587 0.005749
v 0.071186 1.153526 -0.044713
v 0.060906 1.153769 -0.078324
v 0.059422 1.154182 -0.110304
v 0.060363 1.154653 -0.168838
v 0.067794 1.155455 -0.219565
v 0.131245 1.149967 0.035178
v 0.230120 1.152407 0.064880
v 0.326597 1.154531 0.007215
v 0.376701 1.157980 -0.088934
v 0.364083 1.159840 -0.185285
v 0.305570 1.160467 -0.267651
v 0.222480 1.158648 -0.285290
v 0.151452 1.157878 -0.283123
v 0.095503 1.156580 -0.260279
v 0.155189 0.714315 -0.249483
v 0.215554 0.713681 -0.258780
v 0.288394 0.713281 -0.234315
v 0.333080 0.712411 -0.178116
v 0.343684 0.713032 -0.095101
v 0.299179 0.715031 -0.015115
v 0.212476 0.716242 0.042617
v 0.138473 0.716602 0.005683
v 0.084243 0.715535 -0.198331
v 0.077639 0.716416 -0.162399
v 0.076993 0.716588 -0.114522
v 0.078991 0.716997 -0.088316
v 0.089078 0.717743 -0.061063
v 0.108728 0.714671 -0.230169
v 0.110056 0.716764 -0.019924
v 0.066104 1.066145 -0.217109
v 0.069672 0.977749 -0.214800
v 0.078071 0.890237 -0.211906
v 0.081250 0.803067 -0.208831
v 0.058675 1.066501 -0.167373
v 0.062205 0.978037 -0.166636
v 0.065753 0.890115 -0.165896
v 0.074251 0.803204 -0.164105
v 0.382955 1.069452 -0.089140
v 0.386738 0.979578 -0.090371
v 0.378031 0.889097 -0.091933
v 0.364284 0.799382 -0.093630
v 0.135002 0.803918 0.013224
v 0.134172 0.891249 0.018866
v 0.133607 0.978496 0.024633
v 0.132777 1.065220 0.030204
v 0.057781 1.066363 -0.111029
v 0.061282 0.978178 -0.111809
v 0.064812 0.890005 -0.112624
v 0.073400 0.802900 -0.113477
v 0.083826 0.804324 -0.055808
v 0.081318 0.891488 -0.051483
v 0.078381 0.978392 -0.048246
v 0.069662 1.066326 -0.046391
v 0.317743 0.801017 -0.010405
v 0.329363 0.890002 -0.005568
v 0.332724 0.979618 -0.000788
v 0.330620 1.068121 0.003587
v 0.215429 0.802870 0.046851
v 0.224988 0.889753 0.055778
v 0.233041 0.979188 0.056982
v 0.231198 1.068858 0.058900
v 0.098663 1.065678 -0.256808
v 0.101346 0.978075 -0.252920
v 0.103451 0.890396 -0.248581
v 0.106153 0.802391 -0.240699
v 0.353823 0.799335 -0.178606
v 0.367371 0.888967 -0.179791
v 0.375766 0.979576 -0.181234
v 0.371416 1.069800 -0.183069
v 0.096361 1.065386 0.002023
v 0.098520 0.977993 -0.002862
v 0.100626 0.891111 -0.007779
v 0.103062 0.803969 -0.012298
v 0.307809 0.800987 -0.244571
v 0.319661 0.889979 -0.252593
v 0.327035 0.979753 -0.256278
v 0.320884 1.069458 -0.260665
v 0.216208 0.801875 -0.270079
v 0.217046 0.890009 -0.278755
v 0.218255 0.978523 -0.288792
v 0.220315 1.067372 -0.290458
v 0.074928 0.803204 -0.084590
v 0.066720 0.890299 -0.081201
v 0.063249 0.977962 -0.079370
v 0.059424 1.066162 -0.079112
v 0.153692 0.802211 -0.260494
v 0.152375 0.890394 -0.268992
v 0.150912 0.978498 -0.273461
v 0.150746 1.066432 -0.278273
v 0.168367 0.310971 -0.204662
v 0.208187 0.310904 -0.208739
v 0.262655 0.309999 -0.195165
v 0.297122 0.308113 -0.138558
v 0.306375 0.308780 -0.079307
v 0.278157 0.312722 -0.018656
v 0.205417 0.317806 0.027560
v 0.155928 0.317887 0.000588
v 0.120385 0.309825 -0.151807
v 0.119802 0.310652 -0.115794
v 0.123346 0.311988 -0.085201
v 0.125654 0.312237 -0.066764
v 0.130853 0.312974 -0.049959
v 0.135257 0.310534 -0.184559
v 0.138278 0.315166 -0.019865
v 0.326407 0.633277 -0.161103
v 0.318723 0.551712 -0.159139
v 0.311635 0.470488 -0.144699
v 0.304332 0.389808 -0.142009
v 0.267474 0.390876 -0.197232
v 0.272453 0.470495 -0.203055
v 0.277476 0.551346 -0.215048
v 0.283163 0.632784 -0.225586
v 0.088067 0.633913 -0.186685
v 0.092506 0.552307 -0.177326
v 0.096651 0.471101 -0.166702
v 0.109639 0.391587 -0.156335
v 0.108445 0.392614 -0.122291
v 0.095525 0.470872 -0.131934
v 0.088655 0.552420 -0.145066
v 0.082184 0.634745 -0.146541
v 0.213704 0.635964 0.036883
v 0.210711 0.554604 0.032593
v 0.208722 0.473768 0.029595
v 0.207526 0.392886 0.028225
v 0.276861 0.392029 -0.018319
v 0.282433 0.473329 -0.019643
v 0.288349 0.554487 -0.019853
v 0.294249 0.635469 -0.018970
v 0.125860 0.634446 -0.032486
v 0.129559 0.554139 -0.024851
v 0.137840 0.473316 -0.025884
v 0.134352 0.394543 -0.020220
v 0.151507 0.394147 -0.000835
v 0.154683 0.474066 -0.004427
v 0.149673 0.554862 -0.002414
v 0.148677 0.634796 -0.006049
v 0.084894 0.634474 -0.104474
v 0.094604 0.551675 -0.105096
v 0.105518 0.470481 -0.096112
v 0.113256 0.393740 -0.088283
v 0.116389 0.394148 -0.068707
v 0.112232 0.470980 -0.074932
v 0.100600 0.551966 -0.082662
v 0.090811 0.634549 -0.082546
v 0.105256 0.634980 -0.059444
v 0.112834 0.553283 -0.056400
v 0.123662 0.472482 -0.049601
v 0.123504 0.394774 -0.046985
v 0.312075 0.390331 -0.079549
v 0.320036 0.471707 -0.083342
v 0.328101 0.553108 -0.089814
v 0.336170 0.634297 -0.096652
v 0.208777 0.391246 -0.211960
v 0.210568 0.470475 -0.218271
v 0.212437 0.550876 -0.230659
v 0.214208 0.632206 -0.242075
v 0.111534 0.633013 -0.221155
v 0.114542 0.551193 -0.210336
v 0.117607 0.470591 -0.198648
v 0.126710 0.391271 -0.189424
v 0.163730 0.391304 -0.209148
v 0.160471 0.470454 -0.216740
v 0.159387 0.550862 -0.229070
v 0.157569 0.632590 -0.240319
v 0.171575 0.232344 -0.184113
v 0.204413 0.232437 -0.185944
v 0.243831 0.232674 -0.178006
v 0.271971 0.231661 -0.129393
v 0.293449 0.231907 -0.089603
v 0.272350 0.233611 -0.005129
v 0.207382 0.234367 0.033407
v 0.170266 0.233749 0.013529
v 0.139394 0.231683 -0.156365
v 0.135541 0.231440 -0.121676
v 0.133287 0.233506 -0.092991
v 0.133334 0.233526 -0.078087
v 0.139978 0.231707 -0.061697
v 0.148489 0.232095 -0.173153
v 0.146367 0.232791 0.001806
v 0.169349 0.172539 -0.199203
v 0.203645 0.172632 -0.200068
v 0.243782 0.172905 -0.191656
v 0.267246 0.172003 -0.141874
v 0.284700 0.172177 -0.088067
v 0.134456 0.171755 -0.173325
v 0.129049 0.171510 -0.139257
v 0.123223 0.170360 -0.098698
v 0.123838 0.170428 -0.082888
v 0.135294 0.175845 -0.065298
v 0.144648 0.172220 -0.189355
v 0.169361 0.110909 -0.205759
v 0.203654 0.110975 -0.206617
v 0.243694 0.111506 -0.198265
v 0.267120 0.111300 -0.148438
v 0.272963 0.111311 -0.085064
v 0.134205 0.110846 -0.179930
v 0.128047 0.109584 -0.146386
v 0.123118 0.111415 -0.100934
v 0.123756 0.111558 -0.085325
v 0.131429 0.109080 -0.065769
v 0.144502 0.110833 -0.195944
v 0.169440 0.049437 -0.184528
v 0.203649 0.049474 -0.185356
v 0.243643 0.049984 -0.176945
v 0.266684 0.049530 -0.127983
v 0.272319 0.049291 -0.084819
v 0.134300 0.049846 -0.149299
v 0.131201 0.047382 -0.123933
v 0.130729 0.047270 -0.093041
v 0.131478 0.047093 -0.077678
v 0.136259 0.047228 -0.062879
v 0.144463 0.049520 -0.174649
v 0.186643 0.074942 0.343212
v 0.186643 0.074640 0.372207
v 0.197185 0.074702 0.343060
v 0.197096 0.074406 0.367771
v 0.207066 0.048078 0.336236
v 0.210382 0.054709 0.368570
v 0.186643 0.036386 0.336045
v 0.186643 0.036855 0.369730
v 0.166217 0.048084 0.336228
v 0.162904 0.054709 0.368570
v 0.176101 0.074702 0.343060
v 0.176190 0.074406 0.367771
v 0.186660 0.087106 0.308685
v 0.206137 0.085676 0.308663
v 0.207210 0.060970 0.307603
v 0.186680 0.049099 0.307082
v 0.166136 0.060700 0.308005
v 0.167265 0.085705 0.309067
v 0.186786 0.090661 0.267670
v 0.212305 0.088788 0.269139
v 0.212966 0.057556 0.269045
v 0.186807 0.042766 0.267951
v 0.167561 0.050464 0.274488
v 0.167350 0.089010 0.268932
v 0.186656 0.074407 0.339568
v 0.206351 0.072928 0.337351
v 0.206131 0.072297 0.372727
v 0.186643 0.072504 0.383699
v 0.167155 0.072297 0.372727
v 0.166929 0.072921 0.337340
v 0.228450 0.074772 0.330986
v 0.228451 0.074193 0.355570
v 0.237671 0.074518 0.330801
v 0.237580 0.073983 0.351715
v 0.246869 0.049995 0.323996
v 0.249783 0.055897 0.352676
v 0.228449 0.039455 0.323801
v 0.228451 0.039915 0.353744
v 0.210033 0.049999 0.323978
v 0.207119 0.055897 0.352676
v 0.219232 0.074518 0.330801
v 0.219322 0.073983 0.351715
v 0.228527 0.085093 0.300013
v 0.245939 0.083711 0.299948
v 0.247004 0.061323 0.298889
v 0.228530 0.050612 0.298414
v 0.209957 0.061041 0.299237
v 0.211024 0.083697 0.300323
v 0.228757 0.088234 0.263860
v 0.251179 0.086547 0.265028
v 0.251876 0.058342 0.264984
v 0.228663 0.045046 0.264143
v 0.210239 0.057437 0.266445
v 0.213650 0.086869 0.266979
v 0.228469 0.074073 0.327827
v 0.246130 0.072540 0.325105
v 0.245928 0.071886 0.356398
v 0.228451 0.072057 0.366231
v 0.210974 0.071886 0.356398
v 0.210764 0.072530 0.325090
v 0.265802 0.074847 0.314708
v 0.265804 0.073850 0.335693
v 0.274020 0.074549 0.314484
v 0.273920 0.073657 0.332284
v 0.282682 0.051470 0.307495
v 0.285287 0.056811 0.333366
v 0.265801 0.041814 0.307298
v 0.265804 0.042265 0.334363
v 0.248928 0.051474 0.307471
v 0.246322 0.056811 0.333366
v 0.257589 0.074549 0.314485
v 0.257688 0.073657 0.332284
v 0.265884 0.083557 0.286215
v 0.281750 0.082203 0.286152
v 0.282805 0.061584 0.285118
v 0.265928 0.051767 0.284711
v 0.248853 0.061269 0.285568
v 0.249940 0.082198 0.286601
v 0.266126 0.086375 0.253788
v 0.286436 0.084755 0.255031
v 0.287143 0.058829 0.255230
v 0.266145 0.046811 0.254173
v 0.249061 0.058760 0.256554
v 0.252054 0.084728 0.256048
v 0.265829 0.073910 0.311854
v 0.281921 0.072248 0.308596
v 0.281737 0.071569 0.336755
v 0.265804 0.071713 0.345712
v 0.249872 0.071569 0.336755
v 0.249677 0.072235 0.308579
v 0.297041 0.076709 0.294598
v 0.297006 0.073098 0.307203
v 0.303119 0.076412 0.294581
v 0.303003 0.072926 0.304761
v 0.310676 0.054860 0.286212
v 0.312589 0.058957 0.305994
v 0.297022 0.046921 0.286064
v 0.297028 0.047342 0.306896
v 0.283441 0.054677 0.286243
v 0.281508 0.058791 0.306064
v 0.290849 0.075927 0.294250
v 0.291033 0.072941 0.304761
v 0.297215 0.080243 0.270829
v 0.309628 0.078922 0.270783
v 0.310701 0.062307 0.269919
v 0.297231 0.054291 0.269382
v 0.283370 0.061807 0.270302
v 0.284467 0.078935 0.271311
v 0.297434 0.082329 0.246727
v 0.312781 0.081078 0.246714
v 0.313737 0.060100 0.246709
v 0.297477 0.050610 0.247023
v 0.284461 0.059310 0.249348
v 0.287871 0.080953 0.249306
v 0.297267 0.073922 0.291705
v 0.309908 0.071338 0.287282
v 0.309657 0.070738 0.308745
v 0.297025 0.070985 0.315794
v 0.284396 0.070873 0.308738
v 0.284241 0.071617 0.287288
v 0.139342 0.075327 0.345141
v 0.139345 0.075623 0.383202
v 0.152537 0.075129 0.344926
v 0.152527 0.075318 0.377504
v 0.167953 0.042120 0.337448
v 0.168279 0.052086 0.378150
v 0.139333 0.025647 0.337434
v 0.139328 0.030232 0.379482
v 0.110688 0.042202 0.337496
v 0.110332 0.052188 0.378070
v 0.126125 0.075126 0.344884
v 0.126147 0.075312 0.377505
v 0.139321 0.091380 0.302655
v 0.163160 0.089882 0.302858
v 0.164458 0.060185 0.301630
v 0.139283 0.045779 0.300303
v 0.114363 0.060219 0.300652
v 0.115385 0.089923 0.302289
v 0.163341 0.101921 0.240743
v 0.162610 0.050018 0.240397
v 0.186675 0.025774 0.222961
v 0.209068 0.048627 0.221474
v 0.209384 0.099128 0.221759
v 0.187237 0.101918 0.223749
v 0.139324 0.077942 0.339440
v 0.167165 0.076361 0.337946
v 0.163016 0.073254 0.383263
v 0.139331 0.073485 0.396509
v 0.115653 0.073175 0.383278
v 0.111561 0.076371 0.338130
v 0.164000 0.045574 0.324085
v 0.163592 0.075344 0.325894
v 0.115183 0.075324 0.326192
v 0.114721 0.045461 0.324171
v 0.139293 0.076931 0.326785
v 0.139323 0.031606 0.323639
v 0.228938 0.097783 0.219813
v 0.248750 0.095491 0.214884
v 0.248430 0.049741 0.214487
v 0.228633 0.029743 0.219210
v 0.266507 0.094518 0.209870
v 0.284676 0.090417 0.206357
v 0.284043 0.051288 0.205842
v 0.266149 0.032778 0.209125
v 0.297546 0.087481 0.203060
v 0.310353 0.086271 0.203781
v 0.313806 0.054414 0.201619
v 0.297754 0.039332 0.202061
v 0.139179 0.103653 0.257530
v 0.138897 0.031087 0.257137
v 0.114238 0.054545 0.256619
v 0.114642 0.096464 0.256017
v 0.190046 0.118751 0.169241
v 0.186597 0.027628 0.167544
v 0.226879 0.114223 0.169152
v 0.259175 0.110730 0.169008
v 0.266825 0.036417 0.167044
v 0.229217 0.032565 0.167500
v 0.148830 0.120606 0.169121
v 0.286257 0.106640 0.170740
v 0.310140 0.100541 0.169508
v 0.313736 0.063036 0.166903
v 0.299686 0.045146 0.166485
v 0.147180 0.120430 0.168686
v 0.137247 0.034984 0.167242
v 0.124271 0.064988 0.171439
v 0.121451 0.107152 0.169654
v 0.186426 0.178542 0.086140
v 0.190642 0.036487 0.082363
v 0.217672 0.172738 0.083112
v 0.243423 0.165309 0.084764
v 0.260411 0.045157 0.082015
v 0.227403 0.037916 0.082301
v 0.164029 0.180683 0.085075
v 0.259723 0.159558 0.086746
v 0.281262 0.146396 0.087718
v 0.297972 0.082743 0.081003
v 0.278163 0.062453 0.081255
v 0.145796 0.168093 0.081957
v 0.147698 0.041941 0.082368
v 0.137181 0.080565 0.077518
v 0.142366 0.152373 0.077497
v 0.179803 0.208514 0.053929
v 0.190642 0.036481 0.049846
v 0.210172 0.204256 0.055422
v 0.245655 0.192784 0.054835
v 0.260786 0.045322 0.049581
v 0.227384 0.037910 0.049778
v 0.154355 0.193941 0.045741
v 0.316391 0.079837 0.166114
v 0.273455 0.170887 0.054913
v 0.294012 0.097322 0.047013
v 0.284408 0.065026 0.046606
v 0.154772 0.195100 0.044404
v 0.147718 0.041909 0.050128
v 0.133846 0.082992 0.046486
v 0.140712 0.165638 0.047197
v 0.260485 0.045400 -0.002466
v 0.144262 0.043066 0.001750
v 0.299040 0.176645 -0.011340
v 0.282928 0.114731 -0.007717
v 0.138055 0.173420 0.003069
v 0.133477 0.119213 0.002334
v 0.319118 0.066772 0.199337
v 0.292689 0.128295 0.051054
v 0.311602 0.063698 0.307584
v 0.316950 0.068891 0.245572
v 0.311212 0.069434 0.270265
v 0.299599 0.108053 0.080609
v 0.311200 0.063519 0.286575
v 0.111309 0.077715 0.256027
v 0.133996 0.118077 0.076305
v 0.111298 0.071748 0.300635
v 0.110084 0.059523 0.337685
v 0.116616 0.085379 0.169269
v 0.133920 0.135944 0.047761
v 0.111337 0.060997 0.324700
v 0.111811 0.058929 0.380169
v 0.281507 0.092056 -0.006855
v 0.274927 0.066336 -0.002392
v 0.228236 0.039455 -0.003215
v 0.192010 0.037523 -0.001970
v 0.171592 0.035272 -0.172828
v 0.200925 0.035310 -0.173502
v 0.234982 0.035754 -0.166612
v 0.252830 0.036406 -0.125255
v 0.245404 0.036234 -0.040423
v 0.142097 0.035134 -0.143148
v 0.139792 0.033153 -0.115002
v 0.137715 0.034419 -0.096313
v 0.139152 0.035688 -0.081419
v 0.167039 0.033388 -0.030530
v 0.150391 0.035253 -0.164540
v 0.212952 0.030125 -0.070218
v 0.222577 0.031194 -0.150581
v 0.150083 0.031215 -0.070540
v 0.180085 0.028639 -0.101339
v 0.166294 0.028890 -0.120667
v 0.151706 0.031995 -0.134440
v 1.609970 2.633516 0.093777
v 1.456342 2.769850 0.109315
v 1.614959 2.631860 0.085131
v 1.464900 2.773978 0.084055
v 1.609639 2.633041 0.076783
v 1.459766 2.766032 0.060750
v 1.597086 2.619401 0.072846
v 1.437343 2.743918 0.061320
v 1.590381 2.619100 0.086245
v 1.427682 2.735316 0.086250
v 1.597713 2.620105 0.099160
v 1.437535 2.747354 0.110917
v 1.575345 2.661428 0.104072
v 1.527156 2.703706 0.105293
v 1.533664 2.705900 0.084905
v 1.581605 2.662940 0.084943
v 1.526237 2.702666 0.065347
v 1.574473 2.660461 0.066562
v 1.511058 2.684340 0.065847
v 1.560320 2.643007 0.067048
v 1.503945 2.675872 0.086558
v 1.553951 2.634876 0.086481
v 1.511996 2.685374 0.106436
v 1.561184 2.644001 0.105142
v 1.608811 2.617766 0.085976
v 1.604771 2.617842 0.086030
v 1.491451 2.737234 0.104383
v 1.499243 2.740366 0.084955
v 1.490381 2.736020 0.066315
v 1.472863 2.714836 0.066797
v 1.464762 2.704917 0.086528
v 1.473942 2.716051 0.105475
v 1.543332 2.690357 0.102084
v 1.550021 2.692221 0.085022
v 1.542393 2.689294 0.068655
v 1.526865 2.670499 0.068962
v 1.519694 2.661816 0.086422
v 1.527819 2.671558 0.103184
v 1.590407 2.654890 0.084928
v 1.586086 2.650609 0.072602
v 1.567209 2.637717 0.067015
v 1.560524 2.630529 0.086477
v 1.568086 2.638716 0.105193
v 1.586580 2.651299 0.097841
v 1.529681 2.709893 0.084895
v 1.521831 2.706709 0.064920
v 1.506417 2.688071 0.065454
v 1.499323 2.679298 0.086577
v 1.507361 2.689135 0.106847
v 1.522782 2.707760 0.105710
v 1.578654 2.665683 0.084933
v 1.571348 2.663406 0.066468
v 1.556840 2.645816 0.066907
v 1.550429 2.637640 0.086484
v 1.557711 2.646811 0.105294
v 1.572232 2.664379 0.104151
v 1.615753 2.622460 0.085157
v 1.609273 2.626146 0.098842
v 1.608629 2.625456 0.072013
v 1.582058 2.654475 0.066547
v 1.582934 2.655461 0.104043
v 1.590914 2.651263 0.084954
v 1.628035 2.628774 0.042054
v 1.461669 2.782661 0.059667
v 1.633492 2.627008 0.032628
v 1.467637 2.784453 0.031168
v 1.627676 2.628257 0.023539
v 1.461417 2.779393 0.008269
v 1.614167 2.613847 0.019318
v 1.441707 2.746907 0.004142
v 1.606859 2.613597 0.033831
v 1.426953 2.742429 0.033737
v 1.614844 2.614608 0.047815
v 1.441186 2.746344 0.056232
v 1.589873 2.659767 0.053191
v 1.536477 2.706591 0.054558
v 1.543584 2.708870 0.032383
v 1.596672 2.661297 0.032424
v 1.535477 2.705460 0.011109
v 1.588927 2.658716 0.012467
v 1.519027 2.685576 0.011680
v 1.573576 2.639801 0.013015
v 1.511314 2.676370 0.034176
v 1.566651 2.631002 0.034089
v 1.520047 2.686700 0.055769
v 1.574514 2.640876 0.054331
v 1.626975 2.612139 0.033532
v 1.622588 2.612230 0.033593
v 1.497264 2.743672 0.053409
v 1.505478 2.747020 0.032358
v 1.495966 2.742385 0.012261
v 1.476846 2.719201 0.012759
v 1.467976 2.708489 0.034082
v 1.478091 2.720463 0.054676
v 1.554399 2.691791 0.051010
v 1.561700 2.693718 0.032514
v 1.553378 2.690635 0.014767
v 1.536541 2.670236 0.015132
v 1.528760 2.660801 0.034025
v 1.537579 2.671386 0.052165
v 1.606208 2.652656 0.032412
v 1.601495 2.647856 0.018899
v 1.581181 2.634000 0.012953
v 1.573897 2.626208 0.034087
v 1.582134 2.635084 0.054409
v 1.602037 2.648611 0.046562
v 1.539169 2.713295 0.032371
v 1.530619 2.709928 0.010641
v 1.513903 2.689692 0.011248
v 1.506197 2.680162 0.034198
v 1.514928 2.690848 0.056220
v 1.531654 2.711069 0.055014
v 1.593379 2.664356 0.032413
v 1.585443 2.661944 0.012338
v 1.569762 2.642913 0.012844
v 1.562769 2.634050 0.034095
v 1.570709 2.643991 0.054512
v 1.586404 2.663000 0.053309
v 1.634355 2.617065 0.032656
v 1.627285 2.621023 0.047449
v 1.626592 2.620277 0.018447
v 1.597234 2.652103 0.012416
v 1.598185 2.653174 0.053199
v 1.606798 2.648583 0.032431
v 1.609730 2.632912 -0.016144
v 1.459956 2.767886 -0.004161
v 1.614778 2.631242 -0.024889
v 1.461761 2.775257 -0.025614
v 1.609396 2.632432 -0.033331
v 1.456569 2.770586 -0.047815
v 1.596721 2.618693 -0.037304
v 1.437670 2.737703 -0.047371
v 1.589939 2.618400 -0.023763
v 1.424274 2.736384 -0.023073
v 1.597355 2.619405 -0.010713
v 1.434187 2.744044 -0.000903
v 1.574655 2.661217 -0.005741
v 1.525803 2.704073 -0.004502
v 1.532387 2.706279 -0.025117
v 1.580984 2.662731 -0.025079
v 1.524874 2.703021 -0.044893
v 1.573773 2.660239 -0.043660
v 1.509532 2.684497 -0.044385
v 1.559468 2.642599 -0.043166
v 1.502343 2.675935 -0.023446
v 1.553028 2.634383 -0.023524
v 1.510481 2.685542 -0.003350
v 1.560341 2.643603 -0.004662
v 1.608584 2.617049 -0.024036
v 1.604500 2.617127 -0.023981
v 1.489685 2.738033 -0.005450
v 1.497491 2.741220 -0.025054
v 1.488794 2.736841 -0.043797
v 1.470996 2.715237 -0.043408
v 1.462646 2.705363 -0.023410
v 1.471918 2.716564 -0.004352
v 1.542201 2.690540 -0.007753
v 1.548968 2.692412 -0.024998
v 1.541252 2.689465 -0.041541
v 1.525557 2.670466 -0.041227
v 1.518309 2.661687 -0.023584
v 1.526522 2.671535 -0.006646
v 1.589878 2.654607 -0.025093
v 1.585508 2.650259 -0.037570
v 1.566448 2.637244 -0.043203
v 1.559687 2.629979 -0.023528
v 1.567335 2.638254 -0.004607
v 1.586008 2.650958 -0.012023
v 1.528351 2.710325 -0.025125
v 1.520410 2.707119 -0.045326
v 1.504829 2.688280 -0.044783
v 1.497659 2.679408 -0.023428
v 1.505785 2.689353 -0.002934
v 1.521370 2.708181 -0.004079
v 1.577989 2.665514 -0.025088
v 1.570602 2.663220 -0.043758
v 1.555946 2.645446 -0.043312
v 1.549460 2.637183 -0.023521
v 1.556826 2.646452 -0.004507
v 1.571497 2.664203 -0.005657
v 1.615582 2.621773 -0.024862
v 1.609026 2.625494 -0.011036
v 1.608377 2.624796 -0.038142
v 1.581450 2.654173 -0.043680
v 1.582336 2.655169 -0.005765
v 1.590395 2.650923 -0.025068
v 1.587720 2.638364 -0.066316
v 1.455444 2.756320 -0.053700
v 1.592231 2.636819 -0.074167
v 1.457291 2.763317 -0.074622
v 1.587417 2.637933 -0.081757
v 1.448681 2.758361 -0.096520
v 1.575844 2.625077 -0.085404
v 1.431731 2.737983 -0.095845
v 1.569754 2.624726 -0.073142
v 1.423787 2.728522 -0.072650
v 1.576420 2.625723 -0.061320
v 1.433773 2.736051 -0.051480
v 1.556709 2.663121 -0.056878
v 1.513845 2.700759 -0.055812
v 1.519741 2.702865 -0.074372
v 1.562423 2.664617 -0.074337
v 1.513009 2.699810 -0.092175
v 1.555911 2.662241 -0.091111
v 1.499126 2.683076 -0.091748
v 1.542991 2.646287 -0.090687
v 1.492630 2.675362 -0.072862
v 1.537188 2.638834 -0.072929
v 1.499982 2.684018 -0.054737
v 1.543777 2.647197 -0.055881
v 1.586463 2.623517 -0.073381
v 1.582777 2.623578 -0.073334
v 1.482058 2.730615 -0.056626
v 1.489087 2.733559 -0.074327
v 1.481055 2.729529 -0.091317
v 1.465101 2.710253 -0.090909
v 1.457725 2.701236 -0.072883
v 1.466084 2.711332 -0.055598
v 1.528234 2.688891 -0.058672
v 1.534299 2.690691 -0.074269
v 1.527380 2.687923 -0.089227
v 1.513190 2.670768 -0.088979
v 1.506644 2.662853 -0.072983
v 1.514060 2.671733 -0.057629
v 1.570491 2.657155 -0.074357
v 1.566566 2.653402 -0.085472
v 1.549145 2.641516 -0.090689
v 1.543071 2.634946 -0.072936
v 1.549945 2.642428 -0.055860
v 1.567010 2.654028 -0.062703
v 1.516201 2.706414 -0.074382
v 1.509065 2.703421 -0.092561
v 1.494981 2.686417 -0.092103
v 1.488511 2.678416 -0.072846
v 1.495841 2.687387 -0.054367
v 1.509929 2.704378 -0.055433
v 1.559822 2.667037 -0.074345
v 1.553156 2.664906 -0.091163
v 1.539845 2.648783 -0.090794
v 1.534034 2.641308 -0.072930
v 1.540637 2.649693 -0.055763
v 1.553964 2.665793 -0.056845
v 1.592955 2.627974 -0.074141
v 1.587077 2.631384 -0.061587
v 1.586485 2.630750 -0.086199
v 1.562763 2.656901 -0.091085
v 1.563561 2.657799 -0.056949
v 1.570911 2.653986 -0.074322
v 1.393159 2.671438 0.166255
v 1.399803 2.669709 0.156046
v 1.399752 2.672143 0.143178
v 1.385909 2.657611 0.134087
v 1.375415 2.657768 0.149435
v 1.376090 2.656796 0.163454
v 1.365407 2.702158 0.168175
v 1.341940 2.743580 0.159130
v 1.361740 2.745448 0.142004
v 1.381680 2.705830 0.150862
v 1.361477 2.746032 0.114984
v 1.383629 2.705396 0.123981
v 1.341061 2.733113 0.108469
v 1.365697 2.686610 0.119281
v 1.322191 2.722305 0.133294
v 1.348469 2.677703 0.141835
v 1.324135 2.728054 0.156439
v 1.347835 2.684350 0.164413
v 1.389287 2.653896 0.154350
v 1.385848 2.654363 0.153107
v 1.330232 2.791372 0.152002
v 1.322177 2.769348 0.101472
v 1.293430 2.756963 0.125753
v 1.293747 2.766019 0.149350
v 1.349357 2.728549 0.159542
v 1.368345 2.731356 0.145253
v 1.367177 2.733763 0.119998
v 1.346117 2.718403 0.116092
v 1.329015 2.709195 0.135740
v 1.329821 2.716536 0.155846
v 1.386381 2.697714 0.151923
v 1.388021 2.693033 0.132779
v 1.370017 2.680201 0.120454
v 1.352501 2.672253 0.143146
v 1.351927 2.677850 0.165753
v 1.376973 2.692908 0.164278
v 1.360415 2.762366 0.142377
v 1.361613 2.757432 0.117263
v 1.339071 2.738456 0.106696
v 1.319675 2.726202 0.132482
v 1.318946 2.736989 0.156333
v 1.336447 2.754120 0.159480
v 1.380001 2.709055 0.150394
v 1.381915 2.709106 0.123423
v 1.363572 2.689908 0.118494
v 1.346493 2.680893 0.141202
v 1.345619 2.687596 0.163835
v 1.363578 2.705567 0.167824
v 1.394527 2.656582 0.155343
v 1.385032 2.660491 0.166642
v 1.396528 2.660943 0.139945
v 1.387406 2.697403 0.125796
v 1.369571 2.696940 0.169599
v 1.386124 2.693326 0.151771
v 1.435567 2.795271 0.106191
v 1.444833 2.799442 0.081205
v 1.440383 2.801448 0.055579
v 1.415953 2.774956 0.056207
v 1.404447 2.746827 0.082247
v 1.413826 2.767694 0.106060
v 1.449088 2.810455 0.026232
v 1.438158 2.802254 -0.005031
v 1.413625 2.775412 -0.000864
v 1.406704 2.768353 0.030088
v 1.409858 2.824346 0.104497
v 1.440542 2.800993 -0.031610
v 1.429284 2.791497 -0.056154
v 1.407170 2.766857 -0.051909
v 1.400994 2.761995 -0.026089
v 1.425191 2.837530 0.073955
v 1.432788 2.788393 -0.077031
v 1.423129 2.783409 -0.097457
v 1.405194 2.762751 -0.095798
v 1.398009 2.753695 -0.072830
v 1.430352 2.841800 0.015593
v 1.367619 2.824564 0.012237
v 1.384923 2.792510 0.076277
v 1.420003 2.832895 -0.043925
v 1.383330 2.798370 -0.062069
v 1.359150 2.818914 -0.043492
v 1.407227 2.819799 -0.086002
v 1.395679 2.814478 -0.103627
v 1.375811 2.785097 -0.095962
v 1.338913 2.875792 0.083595
v 1.343827 2.884621 0.060470
v 1.346250 2.895644 0.011105
v 1.246447 2.843385 0.013454
v 1.242987 2.842428 0.057809
v 1.262252 2.854744 0.116938
v 1.344239 2.891639 -0.034445
v 1.254048 2.845446 -0.047161
v 1.250711 2.848390 -0.020998
v 1.339432 2.880363 -0.071947
v 1.329640 2.862358 -0.090359
v 1.272375 2.858045 -0.077793
v 1.391172 2.783946 0.125226
v 1.319577 2.833098 0.136040
v 1.290252 2.866780 0.110612
v 1.368122 2.837555 0.112909
v 1.373605 2.805616 0.136690
v 1.390754 2.751024 0.097693
v 1.274205 2.809746 0.130352
v 1.271139 2.796092 0.089655
v 1.310427 2.800286 0.068391
v 1.323897 2.820424 0.057513
v 1.320552 2.839608 -0.083812
v 1.322363 2.829117 -0.037964
v 1.326434 2.827626 0.004978
v 1.316509 2.826319 -0.058071
v 1.181628 2.892698 -0.026836
v 1.181595 2.890570 0.052369
v 1.188584 2.904460 0.077800
v 1.198836 2.933252 0.098167
v 1.189575 2.917251 -0.060808
v 1.200009 2.945565 -0.072996
v 1.286054 2.917250 0.104534
v 1.301402 2.926549 0.088379
v 1.311721 2.942522 0.024517
v 1.307465 2.937370 -0.015963
v 1.305833 2.931986 -0.051883
v 1.279217 2.921440 -0.081284
v 1.238059 2.899145 0.115104
v 1.193698 2.866423 0.010378
v 1.196052 2.872748 0.058943
v 1.203137 2.887070 -0.056871
v 1.198188 2.870608 -0.018324
v 1.229665 2.908470 -0.087983
v 1.236929 2.951515 -0.063815
v 1.253438 2.962836 -0.049857
v 1.263179 2.979574 -0.024340
v 1.230711 2.944065 0.098837
v 1.241938 2.958638 0.088118
v 1.247055 2.966244 0.075828
v 1.257516 2.988571 0.022081
v 1.255104 2.986281 0.039026
v 1.251317 2.974187 0.064142
v 1.253604 2.980203 0.051652
v 1.182873 2.882450 0.015543
v 1.187963 2.889447 -0.024596
v 1.186932 2.886763 0.056691
v 1.196769 2.900322 0.079824
v 1.214119 2.922843 0.098112
v 1.196038 2.905972 -0.055599
v 1.215398 2.931028 -0.068439
v 1.308608 2.935555 0.064287
v 1.310270 2.939064 0.052835
v 1.305020 2.931675 0.075535
v 1.312099 2.942506 0.042185
v 0.225050 4.174282 0.000429
v 0.219966 4.165979 0.007312
v 0.225758 4.158822 -0.013137
v 0.222637 4.152657 -0.010167
v 0.223117 4.184315 0.012854
v 0.218773 4.180669 0.021252
v 0.220801 4.193272 0.024832
v 0.218403 4.190986 0.031082
v 0.225673 4.205534 0.021279
v 0.218740 4.210784 0.039386
v 0.236172 4.222432 0.005782
v 0.234240 4.238922 0.019474
v 0.240765 4.222110 -0.005991
v 0.243965 4.240851 -0.003427
v 0.246594 4.216843 -0.024321
v 0.253128 4.233054 -0.032424
v 0.247410 4.199218 -0.038498
v 0.252632 4.203429 -0.051592
v 0.239343 4.169756 -0.038908
v 0.242419 4.167056 -0.050622
v 0.232360 4.150724 -0.034176
v 0.233649 4.142381 -0.045912
v 0.226268 4.137154 -0.027898
v 0.225885 4.127159 -0.036635
v 0.217174 4.124708 -0.013252
v 0.217640 4.112700 -0.025984
v 0.206655 4.116251 0.008274
v 0.201205 4.093241 0.001559
v 0.200884 4.119007 0.024761
v 0.191097 4.093161 0.027012
v 0.197691 4.123733 0.036196
v 0.187506 4.101605 0.041782
v 0.195031 4.139376 0.050302
v 0.190376 4.122272 0.049730
v 0.237534 4.207246 -0.006141
v 0.236896 4.216884 -0.000372
v 0.241187 4.211615 -0.014566
v 0.239838 4.216605 -0.007395
v 0.235381 4.197341 -0.008347
v 0.240575 4.197496 -0.022476
v 0.233137 4.179123 -0.015434
v 0.236676 4.174531 -0.028418
v 0.228249 4.157771 -0.018462
v 0.230770 4.152672 -0.029207
v 0.224696 4.149151 -0.015451
v 0.225319 4.142122 -0.022708
v 0.216959 4.136336 -0.003569
v 0.216856 4.129179 -0.009933
v 0.211476 4.131448 0.008475
v 0.207016 4.118915 0.008896
v 0.203641 4.128927 0.024483
v 0.201486 4.121272 0.024808
v 0.202198 4.137568 0.033086
v 0.198670 4.126463 0.035602
v 0.203033 4.147461 0.039042
v 0.196377 4.144310 0.049897
v 0.205382 4.155902 0.036719
v 0.202041 4.161250 0.047430
v 0.210916 4.169789 0.034886
v 0.206757 4.172884 0.043873
v 0.215738 4.180089 0.030656
v 0.211033 4.187138 0.042806
v 0.230731 4.200079 0.005475
v 0.227445 4.189786 0.005707
v 0.225577 4.204720 0.019410
v 0.222482 4.194752 0.020471
v 0.230622 4.215810 0.015855
v 0.224768 4.227754 0.035322
v 0.224300 4.175965 -0.002782
v 0.211749 4.165342 0.006593
v 0.224431 4.159910 -0.013668
v 0.222862 4.153638 -0.008932
v 0.222121 4.185284 0.009605
v 0.210817 4.181514 0.023304
v 0.221394 4.194448 0.020782
v 0.212359 4.179736 0.024204
v 0.220258 4.205065 0.015454
v 0.233947 4.220724 0.003168
v 0.237546 4.220737 -0.006280
v 0.246685 4.217420 -0.022437
v 0.247849 4.197595 -0.036213
v 0.236498 4.169833 -0.036999
v 0.228367 4.153088 -0.032551
v 0.217421 4.142354 -0.025828
v 0.211387 4.134201 -0.017139
v 0.228421 4.208300 -0.005914
v 0.233023 4.219401 0.002867
v 0.240861 4.212642 -0.016874
v 0.236071 4.222359 -0.006905
v 0.233932 4.204194 -0.010546
v 0.243397 4.195806 -0.025931
v 0.228153 4.177648 -0.008652
v 0.236577 4.172767 -0.032952
v 0.225858 4.159483 -0.015595
v 0.225424 4.153001 -0.034268
v 0.223508 4.152644 -0.012695
v 0.216865 4.141182 -0.026545
v 0.214435 4.139667 -0.006334
v 0.211493 4.133028 -0.018573
v 0.205306 4.137858 0.009243
v 0.194345 4.137709 0.019685
v 0.200196 4.146599 0.025620
v 0.196137 4.148804 0.031710
v 0.197783 4.158013 0.028168
v 0.211381 4.178391 0.021043
v 0.212918 4.180885 0.025876
v 0.224642 4.203007 -0.000521
v 0.224269 4.188240 0.005504
v 0.221013 4.207631 0.020027
v 0.215736 4.196744 0.022161
v 0.230586 4.215402 0.013378
v 0.226985 4.211617 0.005531
v 0.227723 4.206220 -0.005794
v 0.202040 4.150950 0.018554
v 0.206412 4.157565 0.011578
v 0.204198 4.136730 0.012307
v 0.207356 4.145834 0.003604
v 0.209155 4.159918 0.029843
v 0.213940 4.166430 0.023662
v 0.215739 4.178654 0.025583
v 0.203801 4.160221 0.022402
v 0.208881 4.167946 0.018903
v 0.211362 4.180365 0.020370
v 0.213139 4.134580 0.013983
v 0.209816 4.139678 0.022544
v 0.206949 4.137936 0.030138
v 0.199871 4.143044 0.009055
v 0.196930 4.145111 0.016483
v 0.193867 4.146217 0.022919
v 0.208185 4.214128 0.036480
v 0.222467 4.243152 0.015056
v 0.231940 4.245189 -0.008362
v 0.241123 4.237034 -0.037702
v 0.230390 4.170227 -0.056455
v 0.213912 4.129625 -0.042145
v 0.181634 4.142994 0.046093
v 0.200787 4.190579 0.040165
v 0.213567 4.231659 0.031613
v 0.240651 4.207032 -0.057214
v 0.221749 4.145424 -0.051611
v 0.205488 4.114810 -0.031047
v 0.189171 4.095516 -0.003629
v 0.179802 4.094978 0.022614
v 0.174334 4.105030 0.037273
v 0.177057 4.125896 0.045356
v 0.183295 4.147921 0.045694
v 0.192620 4.162739 0.045839
v 0.198145 4.174106 0.042633
v 0.189392 4.198520 0.033825
v 0.194028 4.222952 0.018887
v 0.196995 4.224464 -0.005629
v 0.203419 4.217887 -0.031598
v 0.204262 4.192881 -0.047951
v 0.199006 4.161722 -0.046833
v 0.194775 4.140202 -0.042286
v 0.190403 4.126054 -0.033375
v 0.168065 4.114810 0.013858
v 0.174036 4.097932 0.029315
v 0.176408 4.096183 0.026181
v 0.176416 4.102950 0.036642
v 0.178015 4.134777 0.043600
v 0.175554 4.120656 0.042636
v 0.178961 4.138812 0.043437
v 0.183925 4.152754 0.042694
v 0.178907 4.144696 0.044715
v 0.193479 4.212360 0.030694
v 0.205495 4.194385 0.077746
v 0.225460 4.312706 -0.008301
v 0.010278 4.564680 -0.101600
v 0.188252 4.458945 -0.049366
v 0.131193 4.516088 -0.074022
v 0.058200 4.549153 -0.095785
v 0.084859 4.540660 -0.089838
v -0.014586 4.567038 -0.101269
v 0.037566 4.556868 -0.098767
v 0.224409 4.381716 -0.025965
v -0.032043 4.211242 0.335595
v -0.033502 4.170531 0.329370
v -0.057809 4.208765 0.314724
v -0.055826 4.172256 0.316724
v -0.083048 4.192461 0.264565
v -0.083048 4.181946 0.264212
v -0.033101 4.159299 0.333452
v -0.057571 4.157403 0.322114
v -0.090882 4.168942 0.275224
v -0.066407 4.240003 0.293504
v -0.089329 4.216132 0.277278
v -0.084000 4.300091 0.329369
v -0.095928 4.223742 0.286467
v -0.114600 4.280022 0.313420
v -0.112270 4.233272 0.287544
v -0.147488 4.281155 0.284569
v -0.129762 4.232373 0.286543
v -0.180446 4.276077 0.253294
v -0.145491 4.230509 0.275133
v -0.201494 4.253022 0.220373
v -0.154949 4.221458 0.269010
v -0.214239 4.226625 0.199229
v -0.164739 4.207784 0.253351
v -0.169546 4.476533 0.238330
v -0.213289 4.431635 0.200302
v -0.204770 4.171286 0.205371
v -0.168191 4.180789 0.250807
v -0.186492 4.133095 0.239332
v -0.161140 4.165641 0.259926
v -0.146994 4.116788 0.262361
v -0.136522 4.154694 0.269079
v -0.110716 4.119093 0.289552
v -0.117228 4.154279 0.279881
v -0.079010 4.131263 0.296664
v -0.105289 4.156388 0.283145
v -0.066687 4.173480 0.279834
v -0.067671 4.201259 0.280735
v -0.071416 4.159713 0.295789
v -0.073076 4.228810 0.291843
v -0.087432 4.260401 0.299429
v -0.113326 4.266896 0.294441
v -0.140239 4.265175 0.280904
v -0.169864 4.262300 0.259062
v -0.185244 4.238261 0.236121
v -0.196450 4.216390 0.224865
v -0.195951 4.335051 0.236442
v -0.195658 4.176751 0.223691
v -0.179167 4.145380 0.250722
v -0.143225 4.131529 0.267178
v -0.113893 4.134065 0.287044
v -0.091698 4.143747 0.292719
v -0.075618 4.179073 0.271498
v -0.082110 4.163927 0.281632
v -0.075591 4.194270 0.274387
v -0.080295 4.222369 0.288222
v -0.091105 4.240411 0.295057
v -0.112278 4.247670 0.294261
v -0.135212 4.247631 0.284929
v -0.154823 4.244736 0.266100
v -0.169088 4.228645 0.253313
v -0.181430 4.211543 0.241429
v -0.227007 4.291113 0.185071
v -0.183874 4.180352 0.239363
v -0.171369 4.155205 0.257345
v -0.140709 4.142967 0.269638
v -0.115908 4.143678 0.285155
v -0.097967 4.149655 0.287447
v -0.082302 4.189221 0.255686
v -0.083581 4.178751 0.254873
v -0.093602 4.164072 0.264911
v -0.089240 4.215947 0.267988
v -0.097074 4.222785 0.277017
v -0.111912 4.231275 0.277626
v -0.127570 4.230048 0.276804
v -0.140441 4.226929 0.270292
v -0.150096 4.219862 0.258677
v -0.159993 4.208296 0.245827
v -0.242871 4.342612 0.135598
v -0.165402 4.178164 0.240168
v -0.156228 4.155741 0.247268
v -0.133449 4.149206 0.259236
v -0.114869 4.154494 0.271265
v -0.104154 4.155705 0.271733
v -0.098462 4.069772 0.299251
v -0.032507 4.144877 0.354040
v -0.063637 4.138371 0.331227
v -0.170117 4.019295 0.149273
v -0.065813 4.105068 0.344820
v -0.063385 4.089166 0.356985
v -0.030495 4.098338 0.368147
v -0.033129 4.122374 0.378230
v -0.088139 4.366224 0.332597
v -0.113580 4.075283 0.280034
v -0.088186 4.096801 0.312352
v -0.065841 4.087564 0.347904
v -0.026653 4.081389 0.369581
v -0.026969 4.073055 0.362399
v -0.034532 4.081693 0.356691
v -0.026274 4.069899 0.360054
v -0.034875 4.080885 0.352726
v -0.026854 4.067872 0.357201
v -0.034708 4.077741 0.350736
v -0.141155 4.028148 0.237447
v -0.045308 4.082169 0.355714
v -0.065744 4.064837 0.333873
v -0.026292 4.063709 0.351725
v -0.065587 4.051090 0.334013
v -0.030997 4.052643 0.348253
v -0.065528 4.049084 0.333408
v -0.033537 4.049315 0.344967
v -0.065742 4.045878 0.333491
v -0.036527 4.044930 0.345517
v -0.065347 4.036018 0.330727
v -0.038748 4.035425 0.338526
v -0.065055 4.026019 0.314086
v -0.038459 4.023040 0.315163
v -0.065574 4.016969 0.318216
v -0.039243 4.013744 0.318126
v -0.066001 4.003010 0.309758
v -0.039921 3.996798 0.309434
v -0.088394 4.047769 0.313375
v -0.088168 4.044030 0.315600
v -0.087890 4.041342 0.316412
v -0.087413 4.035093 0.315183
v -0.086820 4.026906 0.305222
v -0.087300 4.023005 0.305402
v -0.087417 4.014723 0.301668
v -0.109725 4.031641 0.288201
v -0.108706 4.030975 0.289305
v -0.107481 4.030364 0.295179
v -0.065630 3.999760 0.287759
v -0.108193 4.029784 0.290678
v -0.106970 4.028419 0.294209
v -0.108225 4.026545 0.288918
v -0.040071 3.992251 0.289073
v -0.086754 4.010308 0.284671
v -0.109291 4.028044 0.288361
v -0.039397 4.017457 0.311216
v -0.065235 4.020974 0.312198
v -0.086385 4.024366 0.303912
v -0.106532 4.028638 0.297512
v -0.087573 4.057847 0.308329
v -0.110631 4.036498 0.283070
v -0.110257 4.021458 0.281158
v -0.086468 4.007701 0.281164
v -0.065651 3.995244 0.285487
v -0.040271 3.986251 0.290451
v -0.119792 4.032155 0.269003
v -0.119074 4.024400 0.267373
v -0.098762 3.996381 0.260770
v -0.069186 3.984712 0.259662
v -0.041242 3.976275 0.278798
v -0.097454 4.112123 0.301653
v -0.096343 4.073219 0.308617
v -0.046670 4.171021 0.323157
v -0.047416 4.210259 0.330522
v -0.047149 4.158472 0.326227
v -0.047661 4.143630 0.340051
v -0.046282 4.119287 0.355834
v -0.041011 4.098829 0.363765
v -0.036991 4.083370 0.360313
v -0.148236 4.077427 0.256548
v -0.148822 4.098098 0.260642
v -0.192460 4.116725 0.225536
v -0.211701 4.167069 0.186836
v -0.252486 4.281686 0.100553
v -0.229654 4.239470 0.174103
v -0.216052 4.270819 0.200170
v -0.188578 4.307783 0.246303
v -0.155167 4.314667 0.283883
v -0.119522 4.314084 0.313611
v -0.064073 4.298933 0.343734
v -0.193202 4.095454 0.207048
v -0.217776 4.158844 0.163100
v -0.239447 4.251943 0.149348
v -0.160440 4.352548 0.281375
v -0.123180 4.361149 0.315832
v -0.066191 4.368745 0.345949
v -0.035604 4.371105 0.350711
v -0.033617 4.298329 0.352131
v -0.110119 4.099735 0.285734
v -0.180641 4.043499 0.167202
v -0.222579 4.125178 0.116475
v -0.122958 4.506701 0.274787
v -0.089403 4.520951 0.290997
v -0.067036 4.528427 0.302917
v -0.039400 4.531655 0.306374
v -0.214063 4.095641 0.080303
v -0.258355 4.300915 0.065441
v -0.253046 4.378955 0.090043
v -0.218384 4.477215 0.124406
v -0.172092 4.538201 0.149682
v -0.119584 4.571671 0.166801
v -0.087064 4.585240 0.173653
v -0.066617 4.591777 0.174663
v -0.039470 4.595374 0.178129
v -0.202524 4.367050 0.226566
v -0.237754 4.313534 0.163228
v -0.117676 4.053161 0.274517
v -0.246344 4.266998 0.124858
v -0.166109 4.407579 0.269458
v -0.187337 4.072065 0.188209
v -0.220615 4.144705 0.140021
v -0.123294 4.426255 0.309131
v -0.087990 4.436712 0.323939
v -0.067787 4.441875 0.334705
v -0.038860 4.443252 0.341148
v -0.145290 4.053600 0.247590
v -0.111453 3.982507 0.213047
v -0.150714 4.006863 0.123323
v -0.041187 3.961095 0.267802
v -0.129089 4.003017 0.226610
v -0.192479 4.073381 0.062617
v -0.103502 3.972935 0.193268
v -0.040979 3.948260 0.244776
v -0.135460 4.005242 0.077999
v -0.148021 4.045966 0.021393
v -0.088475 3.963062 0.162041
v -0.037865 3.944741 0.217959
v -0.080223 3.980016 0.107847
v -0.075428 3.961674 0.138970
v -0.036737 3.944542 0.199658
v -0.219235 4.133502 0.054075
v -0.036531 3.945950 0.178863
v -0.041867 3.945949 0.164386
v -0.042709 3.958523 0.133590
v -0.242667 4.245471 0.043279
v -0.199638 4.094863 0.043206
v -0.188809 4.079801 0.014147
v -0.234059 4.187829 0.051449
v -0.255710 4.313483 0.027850
v -0.247685 4.266989 0.024426
v -0.249416 4.288524 -0.052578
v -0.236659 4.259218 -0.038149
v -0.248898 4.243076 -0.086889
v -0.232814 4.221959 -0.062155
v -0.231927 4.179256 -0.088713
v -0.225597 4.182096 -0.064315
v -0.214680 4.127351 -0.071139
v -0.213158 4.136846 -0.051150
v -0.198568 4.088698 -0.032490
v -0.199641 4.098153 -0.018635
v -0.247507 4.269205 -0.005246
v -0.253625 4.390335 0.029590
v -0.217532 4.499431 0.032516
v -0.161993 4.558414 0.033788
v -0.114147 4.589638 0.034430
v -0.084596 4.600119 0.035357
v -0.066669 4.604509 0.034644
v -0.039444 4.611110 0.035241
v -0.245489 4.343370 -0.092388
v -0.208471 4.404840 -0.133276
v -0.156995 4.438700 -0.157087
v -0.113749 4.453683 -0.167915
v -0.087226 4.461200 -0.174180
v -0.066512 4.464894 -0.177779
v -0.039314 4.469381 -0.180743
v -0.238983 4.276227 -0.126380
v -0.204877 4.314851 -0.174175
v -0.155766 4.336051 -0.196950
v -0.113256 4.347023 -0.205671
v -0.085598 4.352573 -0.212139
v -0.064480 4.356242 -0.216485
v -0.039227 4.358819 -0.219812
v -0.225663 4.183867 -0.121230
v -0.198604 4.192433 -0.163060
v -0.159179 4.203695 -0.183041
v -0.117759 4.212737 -0.191222
v -0.090030 4.216928 -0.200035
v -0.064478 4.221815 -0.201800
v -0.036162 4.223536 -0.204720
v -0.204767 4.123246 -0.093343
v -0.183837 4.121555 -0.113645
v -0.153357 4.120343 -0.123623
v -0.115151 4.119794 -0.132948
v -0.086497 4.118874 -0.136306
v -0.064605 4.118091 -0.139645
v -0.036216 4.117321 -0.143828
v -0.180141 4.081450 -0.052832
v -0.167276 4.077329 -0.063732
v -0.142747 4.074671 -0.073515
v -0.114368 4.073534 -0.083249
v -0.086565 4.072594 -0.089314
v -0.063852 4.071718 -0.093678
v -0.037063 4.070863 -0.099530
v -0.119251 4.043231 -0.011319
v -0.111467 4.044872 -0.021875
v -0.109607 4.045646 -0.034211
v -0.103380 4.046417 -0.040770
v -0.087009 4.047956 -0.047572
v -0.064690 4.048310 -0.051261
v -0.037056 4.049257 -0.053103
v -0.127216 3.971825 0.078517
v -0.152597 3.982559 0.020433
v -0.086924 3.953137 0.109026
v -0.047168 3.938638 0.134784
v -0.135780 3.981482 -0.031164
v -0.127564 3.979291 -0.044281
v -0.120175 3.978781 -0.054694
v -0.108374 3.980346 -0.060057
v -0.087406 3.983327 -0.071016
v -0.066644 3.983255 -0.076389
v -0.042154 3.984531 -0.078893
v -0.123183 3.856576 -0.090641
v -0.074196 3.842582 -0.116921
v -0.093483 3.844265 -0.105268
v -0.140295 3.867854 -0.077132
v -0.161755 3.889901 -0.051387
v -0.165593 3.893856 -0.022463
v -0.044427 3.840788 0.131097
v -0.081435 3.851350 0.108207
v -0.171194 3.898378 0.031897
v -0.135366 3.872236 0.076039
v -0.127439 3.926654 0.077787
v -0.154166 3.935337 0.021473
v -0.088398 3.914578 0.108761
v -0.047230 3.900095 0.132874
v -0.140492 3.935015 -0.031604
v -0.127695 3.936296 -0.047235
v -0.120435 3.936723 -0.057373
v -0.109860 3.935810 -0.071165
v -0.088645 3.934437 -0.083555
v -0.068227 3.935046 -0.090021
v -0.042375 3.936270 -0.093760
v -0.133096 3.890053 0.075556
v -0.157857 3.907935 0.027302
v -0.084440 3.870169 0.110292
v -0.047099 3.858727 0.132290
v -0.143130 3.910730 -0.026469
v -0.135048 3.910079 -0.049026
v -0.125661 3.905418 -0.066508
v -0.110494 3.898377 -0.086505
v -0.093093 3.893410 -0.095459
v -0.072157 3.888611 -0.105002
v -0.044339 3.887333 -0.113138
v -0.044348 3.838492 -0.127582
v -0.040388 3.817644 0.153133
v -0.081184 3.831266 0.146877
v -0.164499 3.864098 0.098940
v -0.163722 3.845507 0.147371
v -0.253480 3.865101 0.084155
v -0.253853 3.851397 0.121939
v -0.256718 3.873917 0.054615
v -0.264531 3.883818 0.021269
v -0.266530 3.882857 -0.021875
v -0.263074 3.878348 -0.045109
v -0.254602 3.863032 -0.069881
v -0.250066 3.853166 -0.084846
v -0.248780 3.842169 -0.100808
v -0.184134 3.892009 -0.022047
v -0.145659 3.847381 -0.100430
v -0.179945 3.887173 -0.047906
v -0.174135 3.876814 0.063491
v -0.172727 3.872434 -0.074144
v -0.184065 3.891671 0.027791
v -0.157848 3.856962 -0.087460
v -0.336635 3.859331 0.079227
v -0.340916 3.847417 0.112252
v -0.333602 3.865995 0.049237
v -0.332773 3.866849 0.017259
v -0.328942 3.865427 -0.022096
v -0.327872 3.864304 -0.039664
v -0.324620 3.859613 -0.062558
v -0.321330 3.852491 -0.079814
v -0.318576 3.838812 -0.100675
v -0.036275 3.803772 0.175390
v -0.078878 3.812839 0.174572
v -0.165790 3.825138 0.175897
v -0.258265 3.836363 0.158105
v -0.344258 3.829988 0.144985
v -0.042714 3.780915 0.204743
v -0.085332 3.794598 0.199899
v -0.172768 3.804065 0.193918
v -0.263512 3.805007 0.183531
v -0.346862 3.795230 0.176378
v -0.053210 3.744460 0.229570
v -0.104243 3.746479 0.229832
v -0.185840 3.748139 0.220752
v -0.279426 3.741364 0.208801
v -0.339763 3.734937 0.203057
v -0.153759 3.655670 0.311157
v -0.129236 3.704027 0.257535
v -0.203173 3.538478 0.419412
v -0.220418 3.595195 0.375318
v -0.229966 3.650389 0.302775
v -0.209220 3.703191 0.251194
v -0.228482 3.523491 0.420620
v -0.273649 3.565040 0.374827
v -0.309041 3.621260 0.274897
v -0.306814 3.650096 0.222844
v -0.245254 3.502505 0.422451
v -0.310485 3.523422 0.374827
v -0.355373 3.522330 0.276666
v -0.352832 3.514690 0.196604
v -0.252882 3.470093 0.426108
v -0.324450 3.464459 0.379379
v -0.366986 3.459325 0.276710
v -0.342975 3.449110 0.200793
v -0.248220 3.439564 0.435380
v -0.318373 3.410384 0.385941
v -0.362214 3.377036 0.291648
v -0.347751 3.374327 0.223624
v -0.234522 3.414761 0.439013
v -0.288546 3.360072 0.397466
v -0.326577 3.327053 0.319500
v -0.313742 3.329230 0.263755
v -0.212286 3.399143 0.447259
v -0.247402 3.329307 0.408320
v -0.266136 3.283506 0.344590
v -0.271460 3.278902 0.294931
v -0.184905 3.393622 0.449893
v -0.189271 3.320640 0.424622
v -0.200055 3.273341 0.362750
v -0.198966 3.270841 0.308173
v -0.182099 3.471961 0.451730
v -0.149785 3.402045 0.452703
v -0.129606 3.335086 0.422703
v -0.115117 3.289975 0.361805
v -0.116523 3.286139 0.333090
v -0.123504 3.417966 0.448940
v -0.078847 3.368387 0.417199
v -0.049431 3.322073 0.350288
v -0.050927 3.335181 0.336762
v -0.106885 3.441425 0.443454
v -0.052313 3.406669 0.407554
v -0.103235 3.472502 0.437467
v -0.039865 3.468194 0.397484
v -0.108036 3.497335 0.431067
v -0.050112 3.515481 0.387651
v -0.124302 3.520472 0.425830
v -0.080457 3.558157 0.379691
v -0.032234 3.583456 0.323889
v -0.023623 3.591933 0.311273
v -0.147026 3.534967 0.422648
v -0.116831 3.584661 0.369618
v -0.086750 3.627767 0.317952
v -0.058942 3.683307 0.274025
v -0.174663 3.541810 0.419901
v -0.162511 3.601351 0.377955
v -0.070367 3.814081 -0.152634
v -0.090219 3.816963 -0.145130
v -0.041109 3.813038 -0.156261
v -0.245222 3.806136 -0.131760
v -0.127082 3.818083 -0.139483
v -0.305583 3.791245 -0.135705
v -0.069720 3.776704 -0.172165
v -0.091407 3.778301 -0.169089
v -0.039616 3.778463 -0.174996
v -0.242088 3.768862 -0.151385
v -0.121400 3.779888 -0.163659
v -0.302456 3.749626 -0.153460
v -0.068411 3.697447 -0.193320
v -0.093773 3.699436 -0.187667
v -0.039079 3.697886 -0.194024
v -0.237200 3.707103 -0.167808
v -0.121173 3.702997 -0.177497
v -0.303230 3.709633 -0.158897
v -0.069293 3.601491 -0.195070
v -0.093363 3.602981 -0.193136
v -0.039581 3.602383 -0.195670
v -0.251201 3.640261 -0.163507
v -0.124413 3.604736 -0.182329
v -0.302936 3.660146 -0.156728
v -0.073390 3.496526 -0.180002
v -0.095547 3.496348 -0.172253
v -0.041927 3.496656 -0.185544
v -0.279815 3.578866 -0.148990
v -0.236194 3.496840 -0.164778
v -0.309884 3.609959 -0.134631
v -0.355335 3.637050 0.193539
v -0.359496 3.575892 0.147815
v -0.354179 3.585476 0.143361
v -0.363018 3.541693 0.085698
v -0.361686 3.556978 0.090017
v -0.363626 3.521647 0.011964
v -0.348369 3.514034 0.011693
v -0.333188 3.533099 -0.093543
v -0.343549 3.552016 -0.078198
v -0.363641 3.511107 0.162786
v -0.353657 3.508463 0.092103
v -0.362345 3.504381 0.011224
v -0.325688 3.499129 -0.095329
v -0.074804 3.434217 -0.158598
v -0.097195 3.434152 -0.154216
v -0.044274 3.433854 -0.162406
v -0.229992 3.435579 -0.138548
v -0.359478 3.451017 0.181790
v -0.359639 3.449978 0.108367
v -0.360912 3.447721 0.016274
v -0.326481 3.441098 -0.084435
v -0.072917 3.369568 -0.115839
v -0.096136 3.370374 -0.112370
v -0.042629 3.368634 -0.121940
v -0.227767 3.371466 -0.104617
v -0.349911 3.383169 0.207552
v -0.349346 3.383100 0.128466
v -0.346600 3.381380 0.027471
v -0.310089 3.374779 -0.064638
v -0.067722 3.327538 -0.087117
v -0.091941 3.328612 -0.085265
v -0.039659 3.326810 -0.085089
v -0.223414 3.329105 -0.075699
v -0.326678 3.337425 0.238646
v -0.341608 3.340010 0.159582
v -0.334435 3.338627 0.044038
v -0.313759 3.333192 -0.030258
v -0.063569 3.290463 -0.065941
v -0.089305 3.291702 -0.068230
v -0.038336 3.290243 -0.068966
v -0.222838 3.294149 -0.060995
v -0.302687 3.297474 0.278484
v -0.342882 3.303790 0.183700
v -0.331403 3.302842 0.055931
v -0.309632 3.298318 -0.022015
v -0.212386 3.305081 0.336349
v -0.128146 3.317500 0.346620
v -0.068886 3.325336 0.350799
v -0.112170 3.068601 0.329609
v -0.187670 3.069214 0.326192
v -0.244666 3.072900 0.316940
v -0.237089 3.078697 -0.051856
v -0.335086 3.073883 0.052501
v -0.356908 3.080284 0.171628
v -0.310536 3.078042 0.278085
v -0.050983 3.075351 -0.066831
v -0.097101 3.078901 -0.066647
v -0.071626 3.077756 -0.066600
v -0.295219 3.133831 0.288197
v -0.240944 3.132945 -0.045927
v -0.116426 3.128995 0.332475
v -0.351025 3.134514 0.183261
v -0.048998 3.133694 -0.057354
v -0.071891 3.133868 -0.057587
v -0.097802 3.133597 -0.057869
v -0.303521 3.131040 -0.013918
v -0.180360 3.129481 0.331409
v -0.238247 3.131008 0.325913
v -0.333001 3.131537 0.054361
v -0.293011 3.179517 0.288144
v -0.287233 3.230307 0.289997
v -0.285909 3.278986 0.292387
v -0.046312 3.177185 -0.052643
v -0.042111 3.226186 -0.052358
v -0.040262 3.266140 -0.054384
v -0.305797 3.175609 -0.010869
v -0.304873 3.225240 -0.014003
v -0.306937 3.270295 -0.017485
v -0.168441 3.173814 0.338540
v -0.152218 3.226226 0.348578
v -0.125761 3.281828 0.350822
v -0.333185 3.176539 0.056074
v -0.331395 3.227721 0.057831
v -0.330552 3.273471 0.057360
v -0.226867 3.268303 -0.052468
v -0.234587 3.225046 -0.043841
v -0.238862 3.177006 -0.043258
v -0.083999 3.280111 0.347277
v -0.100628 3.225830 0.344975
v -0.112901 3.173071 0.339241
v -0.340093 3.275772 0.186424
v -0.343676 3.230136 0.185414
v -0.348668 3.179271 0.183818
v -0.063299 3.266621 -0.054555
v -0.065451 3.225964 -0.052482
v -0.069830 3.177364 -0.052849
v -0.087712 3.266793 -0.058092
v -0.091220 3.225136 -0.052605
v -0.095691 3.177282 -0.053068
v -0.202066 3.280213 0.353053
v -0.218266 3.227695 0.343174
v -0.230656 3.176325 0.333005
v -0.303860 3.071087 -0.017992
v -0.389440 3.844478 0.072083
v -0.393268 3.833443 0.103915
v -0.385522 3.850689 0.043135
v -0.383280 3.851217 0.013908
v -0.378593 3.850102 -0.020100
v -0.378477 3.849123 -0.033964
v -0.376148 3.845061 -0.055440
v -0.373014 3.837878 -0.073588
v -0.368281 3.825287 -0.094062
v -0.394625 3.818207 0.134595
v -0.394160 3.787586 0.164510
v -0.390677 3.732615 0.191702
v -0.352392 3.781357 -0.127557
v -0.346339 3.743371 -0.144422
v -0.341877 3.705666 -0.150307
v -0.335483 3.658304 -0.148607
v -0.330943 3.604667 -0.126488
v -0.379958 3.659243 0.187694
v -0.365500 3.594182 0.142703
v -0.356203 3.559542 0.096862
v -0.340417 3.557350 -0.074070
v -0.392389 3.440793 0.017980
v -0.488352 3.761894 0.075270
v -0.492154 3.750017 0.110169
v -0.483964 3.768387 0.044530
v -0.480600 3.768816 0.013267
v -0.474654 3.767419 -0.023772
v -0.473844 3.766486 -0.038459
v -0.470523 3.762342 -0.061371
v -0.466243 3.755233 -0.080310
v -0.458990 3.742809 -0.102658
v -0.491820 3.734309 0.144320
v -0.487550 3.702346 0.177160
v -0.472904 3.641468 0.209224
v -0.438844 3.696697 -0.138746
v -0.429411 3.655783 -0.157702
v -0.423227 3.615630 -0.164050
v -0.411068 3.563239 -0.161415
v -0.398629 3.505887 -0.132300
v -0.447969 3.562335 0.203187
v -0.422756 3.498344 0.151755
v -0.411581 3.462618 0.100006
v -0.404061 3.459279 -0.072934
v -0.485139 3.357024 0.015795
v -0.574199 3.631263 0.064805
v -0.575562 3.620878 0.094098
v -0.571926 3.636929 0.038734
v -0.569545 3.637842 0.012569
v -0.565544 3.636858 -0.017833
v -0.565073 3.636155 -0.030221
v -0.562653 3.632377 -0.050101
v -0.558998 3.626091 -0.066681
v -0.552777 3.614728 -0.086255
v -0.574039 3.606606 0.122602
v -0.567582 3.579030 0.150573
v -0.551686 3.527098 0.178172
v -0.535485 3.576544 -0.116062
v -0.527341 3.542594 -0.131928
v -0.520823 3.508458 -0.137947
v -0.509113 3.463863 -0.136573
v -0.495750 3.414074 -0.112950
v -0.526258 3.458713 0.174031
v -0.506540 3.404384 0.131355
v -0.498238 3.374140 0.085923
v -0.497066 3.373006 -0.061953
v -0.630738 3.268144 0.014513
v -0.726275 3.494092 0.057029
v -0.724797 3.485573 0.081078
v -0.726525 3.499032 0.034974
v -0.726232 3.499909 0.013067
v -0.724501 3.499597 -0.011291
v -0.724487 3.499059 -0.021833
v -0.722674 3.496173 -0.039098
v -0.719337 3.490964 -0.053934
v -0.713265 3.481200 -0.071258
v -0.720649 3.473680 0.105271
v -0.711783 3.450572 0.128783
v -0.695390 3.408339 0.150281
v -0.695461 3.450698 -0.096519
v -0.684585 3.422863 -0.109498
v -0.675407 3.394914 -0.113978
v -0.662610 3.359622 -0.112388
v -0.645665 3.316291 -0.093271
v -0.672469 3.352488 0.145777
v -0.651487 3.305557 0.110304
v -0.642110 3.281080 0.072421
v -0.640582 3.281176 -0.050216
v -0.768977 3.151608 0.014785
v -0.855094 3.381429 0.060533
v -0.853214 3.372593 0.085455
v -0.855835 3.386609 0.037565
v -0.856118 3.387636 0.014671
v -0.855128 3.387385 -0.010868
v -0.855460 3.386933 -0.022011
v -0.854140 3.384118 -0.039935
v -0.851155 3.378838 -0.055405
v -0.845344 3.368770 -0.073509
v -0.848514 3.360184 0.110576
v -0.839456 3.336206 0.134512
v -0.823481 3.292516 0.155973
v -0.827986 3.337209 -0.099805
v -0.817331 3.308181 -0.113317
v -0.808975 3.279549 -0.117606
v -0.796722 3.243306 -0.115671
v -0.783797 3.201946 -0.096409
v -0.803481 3.235476 0.150207
v -0.787562 3.190021 0.113488
v -0.779944 3.164724 0.074569
v -0.771186 3.173279 -0.062032
v -0.960562 3.027169 0.014508
v -1.019134 3.238971 0.064465
v -1.015029 3.229367 0.087298
v -1.023405 3.245578 0.041606
v -1.027814 3.248221 0.018682
v -1.031877 3.250206 -0.006847
v -1.034443 3.250566 -0.018051
v -1.036426 3.249173 -0.036146
v -1.035969 3.245024 -0.051597
v -1.032675 3.236199 -0.069428
v -1.010991 3.217393 0.108184
v -1.006037 3.195500 0.125537
v -1.000262 3.157176 0.138552
v -1.017174 3.206413 -0.095061
v -1.007421 3.178590 -0.108117
v -0.999685 3.151086 -0.112471
v -0.988042 3.116055 -0.110908
v -0.975457 3.075807 -0.092586
v -0.990662 3.106082 0.131923
v -0.978848 3.064144 0.104983
v -0.971127 3.039847 0.072107
v -0.971384 3.039964 -0.049848
v -1.237197 2.970181 -0.072630
v -1.241979 2.989272 -0.067810
v -1.247564 3.012252 -0.052639
v -1.233525 2.961905 0.099138
v -1.235045 2.987957 0.087049
v -1.235921 3.002837 0.075475
v -1.250948 3.026314 -0.032539
v -1.250100 3.029874 -0.021399
v -1.248845 3.031365 -0.012175
v -1.246636 3.031357 -0.001553
v -1.244733 3.030601 0.004966
v -1.241051 3.028432 0.022347
v -1.237877 3.025621 0.038318
v -1.236297 3.012031 0.063206
v -1.236614 3.019825 0.050851
v -1.208010 2.884139 0.016422
v -0.052402 2.550822 0.247411
v -0.048698 2.486177 0.234949
v -0.036920 2.417176 0.174354
v -0.022376 2.405348 0.104793
v -0.037694 2.414182 0.033164
v -0.039640 2.410518 -0.038824
v -0.036467 2.405503 -0.120911
v -0.142387 2.613519 0.266497
v -0.155874 2.549987 0.255301
v -0.268725 2.701554 0.262863
v -0.281822 2.645071 0.272779
v -0.382714 2.772562 0.193757
v -0.389347 2.721833 0.182551
v -0.428993 2.825932 0.077702
v -0.439221 2.776094 0.066112
v -0.402705 2.834680 -0.033799
v -0.422402 2.788891 -0.045630
v -0.352139 2.796563 -0.196313
v -0.364756 2.734555 -0.203040
v -0.245892 2.721888 -0.271177
v -0.254323 2.652262 -0.279878
v -0.140992 2.625064 -0.269411
v -0.146224 2.551936 -0.267597
v -0.045727 2.440094 -0.188746
v -0.051340 2.515271 -0.253878
v -0.050897 2.643358 0.262496
v -0.057424 2.741804 0.269282
v -0.068211 2.827683 0.289026
v -0.080573 2.919097 0.301856
v -0.101067 3.001557 0.314784
v -0.047433 3.019248 -0.080024
v -0.040292 2.938993 -0.122164
v -0.038497 2.846802 -0.184585
v -0.043797 2.740073 -0.222973
v -0.045415 2.639093 -0.235881
v -0.179981 3.016104 0.314362
v -0.164604 2.933957 0.302626
v -0.154449 2.851323 0.291091
v -0.141499 2.768731 0.279913
v -0.135747 2.690029 0.268087
v -0.251298 3.030993 0.308632
v -0.255057 2.963912 0.295608
v -0.260712 2.895977 0.283088
v -0.261452 2.827155 0.271140
v -0.259729 2.761516 0.260177
v -0.322420 3.049954 0.267444
v -0.337058 2.996254 0.250336
v -0.353278 2.941021 0.233812
v -0.364897 2.884600 0.218065
v -0.374433 2.829399 0.202473
v -0.358674 3.053391 0.165577
v -0.374707 3.018031 0.142943
v -0.389995 2.967444 0.126294
v -0.404250 2.921353 0.110026
v -0.419974 2.879102 0.093590
v -0.335176 3.052380 0.047474
v -0.346034 3.019887 0.030074
v -0.354431 2.975702 0.001093
v -0.363974 2.926817 -0.014858
v -0.384665 2.887000 -0.024538
v -0.290125 3.050358 -0.032284
v -0.291836 3.011409 -0.061930
v -0.295396 2.970146 -0.091378
v -0.314344 2.916355 -0.128311
v -0.335675 2.852201 -0.171189
v -0.224506 3.046771 -0.069307
v -0.204677 3.002227 -0.109213
v -0.210903 2.944482 -0.145809
v -0.222980 2.871357 -0.207501
v -0.234752 2.792822 -0.248229
v -0.086949 3.030080 -0.083703
v -0.101643 2.970177 -0.126971
v -0.105133 2.892836 -0.181497
v -0.124332 2.804867 -0.238882
v -0.141893 2.720971 -0.261271
v -0.074460 2.421291 0.207445
v -0.023925 2.409308 0.141121
v -0.022780 2.411619 -0.087783
v -0.158587 2.479156 0.255500
v -0.290035 2.575370 0.283336
v -0.401122 2.643336 0.187504
v -0.459223 2.692348 0.068367
v -0.443826 2.693487 -0.050842
v -0.372449 2.648002 -0.207449
v -0.264932 2.590684 -0.275419
v -0.147104 2.494975 -0.259691
v -0.044500 2.416663 -0.162052
v -0.075692 2.338618 0.206591
v -0.025587 2.334215 0.147285
v -0.023624 2.329873 -0.093776
v -0.156266 2.340198 0.255688
v -0.291237 2.352853 0.296400
v -0.417452 2.361823 0.201653
v -0.501651 2.373291 0.077788
v -0.491014 2.374845 -0.050499
v -0.405338 2.363670 -0.156401
v -0.303081 2.352507 -0.190277
v -0.168259 2.339168 -0.187592
v -0.068964 2.327828 -0.154315
v -0.026510 2.377053 0.146657
v -0.026671 2.390462 0.146450
v -0.481664 2.584474 0.068410
v -0.498662 2.474559 0.070656
v -0.483727 2.469512 -0.048127
v -0.466839 2.583024 -0.052061
v -0.406992 2.449220 -0.164325
v -0.386929 2.539891 -0.190862
v -0.296938 2.424415 -0.197580
v -0.276245 2.496665 -0.239378
v -0.022043 2.384500 -0.091861
v -0.023526 2.373852 -0.093905
v -0.170755 2.392537 -0.194650
v -0.152745 2.436210 -0.227733
v -0.073165 2.407448 0.206126
v -0.074355 2.387447 0.206228
v -0.157441 2.404343 0.254492
v -0.154908 2.440315 0.254526
v -0.064474 2.389778 -0.163279
v -0.073390 2.377156 -0.159508
v -0.291863 2.429200 0.295474
v -0.295171 2.506855 0.290415
v -0.422556 2.458490 0.204550
v -0.414441 2.557550 0.198382
v -0.080969 2.207985 0.200768
v -0.035245 2.209095 0.142529
v -0.016428 2.208067 0.085846
v -0.015495 2.208071 0.033069
v -0.018496 2.208671 -0.026160
v -0.029778 2.209396 -0.090460
v -0.150615 2.207774 0.241143
v -0.282759 2.210975 0.289036
v -0.407737 2.213265 0.197491
v -0.495133 2.218909 0.077092
v -0.482944 2.218705 -0.052624
v -0.390167 2.210326 -0.152667
v -0.294485 2.207104 -0.187858
v -0.169895 2.207347 -0.185214
v -0.075713 2.210837 -0.150412
v -0.102615 1.416376 0.074764
v -0.080153 1.416735 0.022879
v -0.069891 1.416756 -0.010863
v -0.068331 1.417885 -0.043994
v -0.069458 1.418852 -0.079405
v -0.076581 1.421596 -0.129771
v -0.141954 1.417488 0.103726
v -0.226001 1.418635 0.134607
v -0.313938 1.419617 0.069043
v -0.366029 1.421865 -0.025575
v -0.349304 1.426763 -0.119594
v -0.293540 1.430595 -0.177859
v -0.226678 1.434017 -0.201730
v -0.164666 1.432851 -0.199766
v -0.103372 1.426906 -0.170765
v -0.463863 2.094173 -0.056716
v -0.438197 1.980824 -0.061054
v -0.410832 1.858144 -0.066780
v -0.394647 1.751209 -0.079023
v -0.377462 1.639789 -0.092317
v -0.370889 1.547526 -0.103632
v -0.298794 1.556982 -0.167166
v -0.309044 1.647692 -0.155796
v -0.322086 1.759302 -0.156514
v -0.332717 1.867174 -0.154560
v -0.350980 1.982672 -0.152661
v -0.368800 2.095781 -0.151331
v -0.032520 2.094602 -0.029271
v -0.038896 1.981990 -0.032895
v -0.048345 1.865692 -0.034345
v -0.055203 1.758699 -0.045747
v -0.060193 1.648235 -0.057589
v -0.054038 1.553919 -0.068287
v -0.052328 1.553053 -0.028090
v -0.058283 1.647377 -0.016982
v -0.053185 1.757800 -0.002579
v -0.046355 1.864916 0.011848
v -0.036910 1.981289 0.018400
v -0.030708 2.093891 0.026422
v -0.230192 1.558363 -0.186066
v -0.235426 1.649473 -0.176224
v -0.243431 1.760809 -0.178471
v -0.248299 1.869386 -0.178001
v -0.257960 1.985123 -0.178383
v -0.274968 2.097859 -0.183255
v -0.043753 2.095582 -0.090570
v -0.049458 1.982987 -0.089212
v -0.057838 1.866842 -0.084729
v -0.064371 1.759968 -0.093207
v -0.069171 1.649467 -0.103267
v -0.062858 1.555592 -0.113936
v -0.163865 1.558705 -0.183911
v -0.168782 1.650155 -0.174106
v -0.172830 1.761311 -0.176295
v -0.172782 1.869782 -0.175654
v -0.174290 1.985580 -0.175842
v -0.177489 2.098187 -0.180665
v -0.090685 2.092600 0.185574
v -0.090780 1.979166 0.165375
v -0.094557 1.862004 0.145469
v -0.097716 1.754409 0.122974
v -0.097435 1.643400 0.102204
v -0.094677 1.550054 0.090684
v -0.136860 1.548379 0.120283
v -0.139542 1.641171 0.138334
v -0.142244 1.752839 0.160586
v -0.142055 1.860604 0.184722
v -0.143481 1.978290 0.207772
v -0.147972 2.092466 0.224011
v -0.087904 2.097091 -0.147638
v -0.090546 1.984615 -0.144533
v -0.095877 1.868762 -0.146469
v -0.100541 1.761132 -0.148732
v -0.100733 1.650353 -0.148085
v -0.096982 1.557758 -0.158429
v -0.229484 1.546888 0.153885
v -0.234115 1.639039 0.172452
v -0.243010 1.750784 0.196739
v -0.248766 1.858722 0.223327
v -0.260131 1.976428 0.250223
v -0.272485 2.091216 0.269555
v -0.315076 1.546916 0.089797
v -0.320366 1.639103 0.101499
v -0.333723 1.750628 0.122073
v -0.345568 1.858192 0.144262
v -0.366140 1.974656 0.163694
v -0.386399 2.089470 0.183050
v -0.050321 2.093868 0.130189
v -0.054507 1.980873 0.114668
v -0.062121 1.863909 0.099647
v -0.067560 1.756359 0.079769
v -0.071597 1.645816 0.060898
v -0.065659 1.551970 0.048825
v -0.383195 1.548034 0.000138
v -0.389171 1.640313 0.011600
v -0.406528 1.751726 0.027187
v -0.423212 1.858739 0.043340
v -0.449914 1.974600 0.057727
v -0.474348 2.089609 0.071888
v -0.032814 2.093523 0.076143
v -0.038600 1.980837 0.064372
v -0.047773 1.864248 0.053670
v -0.054372 1.756951 0.036575
v -0.059338 1.646586 0.019990
v -0.053525 1.552269 0.008581
v -0.115225 1.350031 0.054017
v -0.093673 1.351451 0.003826
v -0.083344 1.351722 -0.029672
v -0.081717 1.352748 -0.062464
v -0.082634 1.353934 -0.097676
v -0.089287 1.358002 -0.147936
v -0.151422 1.350188 0.090689
v -0.225738 1.352514 0.122876
v -0.322781 1.357576 0.056917
v -0.374408 1.364103 -0.044636
v -0.357281 1.368893 -0.128704
v -0.301933 1.373262 -0.193927
v -0.236157 1.374776 -0.216967
v -0.174698 1.372304 -0.215619
v -0.116147 1.365746 -0.188919
v -0.125508 1.309010 0.049012
v -0.102710 1.311920 -0.002269
v -0.092355 1.312386 -0.035599
v -0.090648 1.313687 -0.068747
v -0.091571 1.315187 -0.117236
v -0.098770 1.320102 -0.168056
v -0.162017 1.306467 0.077146
v -0.230319 1.307954 0.108789
v -0.331568 1.314660 0.044473
v -0.378975 1.322350 -0.053807
v -0.364756 1.326419 -0.139467
v -0.305107 1.334207 -0.215096
v -0.244309 1.332588 -0.232962
v -0.185244 1.330946 -0.231625
v -0.127178 1.327440 -0.208835
v -0.059486 1.485492 -0.073920
v -0.122496 1.222861 0.019941
v -0.100292 1.225734 -0.030424
v -0.090116 1.226607 -0.063484
v -0.088596 1.227863 -0.095558
v -0.089549 1.228976 -0.154058
v -0.096851 1.232166 -0.203903
v -0.160051 1.219616 0.048873
v -0.249910 1.220642 0.078725
v -0.349148 1.226346 0.021478
v -0.382055 1.236562 -0.170265
v -0.324002 1.240592 -0.253464
v -0.252062 1.239067 -0.269183
v -0.181429 1.238526 -0.267255
v -0.124514 1.236522 -0.244259
v -0.363711 1.483944 -0.111655
v -0.067608 1.487775 -0.122267
v -0.096753 1.483988 0.083437
v -0.098283 1.491502 -0.164976
v -0.070557 1.484218 0.035885
v -0.059406 1.483891 -0.001248
v -0.295559 1.491207 -0.174003
v -0.058066 1.484651 -0.036090
v -0.228786 1.494840 -0.194100
v -0.164753 1.494904 -0.192055
v -0.140410 1.484082 0.112683
v -0.228154 1.483341 0.144289
v -0.313906 1.482480 0.079417
v -0.378129 1.482486 -0.013044
v -0.183213 1.264354 -0.001821
v -0.157240 1.263953 -0.071580
v -0.156214 1.263732 -0.098747
v -0.157053 1.263741 -0.155650
v -0.162033 1.263763 -0.196605
v -0.395320 1.232028 -0.074154
v -0.178692 1.263887 -0.222896
v -0.122548 1.151587 0.005749
v -0.100359 1.153526 -0.044713
v -0.090079 1.153769 -0.078324
v -0.088595 1.154182 -0.110304
v -0.089536 1.154653 -0.168838
v -0.096967 1.155455 -0.219565
v -0.160418 1.149967 0.035178
v -0.259293 1.152407 0.064880
v -0.355770 1.154531 0.007215
v -0.405874 1.157980 -0.088934
v -0.393256 1.159840 -0.185285
v -0.334743 1.160467 -0.267651
v -0.251653 1.158648 -0.285290
v -0.180625 1.157878 -0.283123
v -0.124676 1.156580 -0.260279
v -0.184362 0.714315 -0.249483
v -0.244727 0.713681 -0.258780
v -0.317567 0.713281 -0.234315
v -0.362253 0.712411 -0.178116
v -0.372856 0.713032 -0.095101
v -0.328352 0.715031 -0.015115
v -0.241649 0.716242 0.042617
v -0.167645 0.716602 0.005683
v -0.113416 0.715535 -0.198331
v -0.106811 0.716416 -0.162399
v -0.106166 0.716588 -0.114522
v -0.108164 0.716997 -0.088316
v -0.118251 0.717743 -0.061063
v -0.137901 0.714671 -0.230169
v -0.139229 0.716764 -0.019924
v -0.095277 1.066145 -0.217109
v -0.098845 0.977749 -0.214800
v -0.107244 0.890237 -0.211906
v -0.110423 0.803067 -0.208831
v -0.087848 1.066501 -0.167373
v -0.091378 0.978037 -0.166636
v -0.094926 0.890115 -0.165896
v -0.103423 0.803204 -0.164105
v -0.412128 1.069452 -0.089140
v -0.415911 0.979578 -0.090371
v -0.407204 0.889097 -0.091933
v -0.393457 0.799382 -0.093630
v -0.164175 0.803918 0.013224
v -0.163345 0.891249 0.018866
v -0.162780 0.978496 0.024633
v -0.161950 1.065220 0.030204
v -0.086954 1.066363 -0.111029
v -0.090454 0.978178 -0.111809
v -0.093985 0.890005 -0.112624
v -0.102573 0.802900 -0.113477
v -0.112999 0.804324 -0.055808
v -0.110491 0.891488 -0.051483
v -0.107554 0.978392 -0.048246
v -0.098835 1.066326 -0.046391
v -0.346916 0.801017 -0.010405
v -0.358536 0.890002 -0.005568
v -0.361897 0.979618 -0.000788
v -0.359793 1.068121 0.003587
v -0.244602 0.802870 0.046851
v -0.254161 0.889753 0.055778
v -0.262214 0.979188 0.056982
v -0.260370 1.068858 0.058900
v -0.127835 1.065678 -0.256808
v -0.130519 0.978075 -0.252920
v -0.132624 0.890396 -0.248581
v -0.135326 0.802391 -0.240699
v -0.382995 0.799335 -0.178606
v -0.396543 0.888967 -0.179791
v -0.404938 0.979576 -0.181234
v -0.400589 1.069800 -0.183069
v -0.125534 1.065386 0.002023
v -0.127693 0.977993 -0.002862
v -0.129799 0.891111 -0.007779
v -0.132235 0.803969 -0.012298
v -0.336982 0.800987 -0.244571
v -0.348834 0.889979 -0.252593
v -0.356208 0.979753 -0.256278
v -0.350057 1.069458 -0.260665
v -0.245381 0.801875 -0.270079
v -0.246219 0.890009 -0.278755
v -0.247427 0.978523 -0.288792
v -0.249488 1.067372 -0.290458
v -0.104100 0.803204 -0.084590
v -0.095893 0.890299 -0.081201
v -0.092422 0.977962 -0.079370
v -0.088597 1.066162 -0.079112
v -0.182865 0.802211 -0.260494
v -0.181548 0.890394 -0.268992
v -0.180085 0.978498 -0.273461
v -0.179919 1.066432 -0.278273
v -0.197540 0.310971 -0.204662
v -0.237360 0.310904 -0.208739
v -0.291828 0.309999 -0.195165
v -0.326295 0.308113 -0.138558
v -0.335548 0.308780 -0.079307
v -0.307330 0.312722 -0.018656
v -0.234589 0.317806 0.027560
v -0.185100 0.317887 0.000588
v -0.149558 0.309825 -0.151807
v -0.148974 0.310652 -0.115794
v -0.152519 0.311988 -0.085201
v -0.154827 0.312237 -0.066764
v -0.160026 0.312974 -0.049959
v -0.164430 0.310534 -0.184559
v -0.167451 0.315166 -0.019865
v -0.355580 0.633277 -0.161103
v -0.347895 0.551712 -0.159139
v -0.340808 0.470488 -0.144699
v -0.333505 0.389808 -0.142009
v -0.296647 0.390876 -0.197232
v -0.301626 0.470495 -0.203055
v -0.306649 0.551346 -0.215048
v -0.312335 0.632784 -0.225586
v -0.117240 0.633913 -0.186685
v -0.121679 0.552307 -0.177326
v -0.125823 0.471101 -0.166702
v -0.138812 0.391587 -0.156335
v -0.137618 0.392614 -0.122291
v -0.124698 0.470872 -0.131934
v -0.117828 0.552420 -0.145066
v -0.111357 0.634745 -0.146541
v -0.242877 0.635964 0.036883
v -0.239884 0.554604 0.032593
v -0.237895 0.473768 0.029595
v -0.236698 0.392886 0.028225
v -0.306034 0.392029 -0.018319
v -0.311606 0.473329 -0.019643
v -0.317521 0.554487 -0.019853
v -0.323422 0.635469 -0.018970
v -0.155033 0.634446 -0.032486
v -0.158731 0.554139 -0.024851
v -0.167013 0.473316 -0.025884
v -0.163525 0.394543 -0.020220
v -0.180680 0.394147 -0.000835
v -0.183856 0.474066 -0.004427
v -0.178846 0.554862 -0.002414
v -0.177850 0.634796 -0.006049
v -0.114067 0.634474 -0.104474
v -0.123777 0.551675 -0.105096
v -0.134691 0.470481 -0.096112
v -0.142429 0.393740 -0.088283
v -0.145562 0.394148 -0.068707
v -0.141405 0.470980 -0.074932
v -0.129772 0.551966 -0.082662
v -0.119984 0.634549 -0.082546
v -0.134429 0.634980 -0.059444
v -0.142007 0.553283 -0.056400
v -0.152834 0.472482 -0.049601
v -0.152677 0.394774 -0.046985
v -0.341247 0.390331 -0.079549
v -0.349209 0.471707 -0.083342
v -0.357274 0.553108 -0.089814
v -0.365343 0.634297 -0.096652
v -0.237950 0.391246 -0.211960
v -0.239741 0.470475 -0.218271
v -0.241610 0.550876 -0.230659
v -0.243381 0.632206 -0.242075
v -0.140707 0.633013 -0.221155
v -0.143714 0.551193 -0.210336
v -0.146780 0.470591 -0.198648
v -0.155882 0.391271 -0.189424
v -0.192903 0.391304 -0.209148
v -0.189644 0.470454 -0.216740
v -0.188560 0.550862 -0.229070
v -0.186742 0.632590 -0.240319
v -0.200748 0.232344 -0.184113
v -0.233585 0.232437 -0.185944
v -0.273004 0.232674 -0.178006
v -0.301144 0.231661 -0.129393
v -0.322621 0.231907 -0.089603
v -0.301522 0.233611 -0.005129
v -0.236554 0.234367 0.033407
v -0.199439 0.233749 0.013529
v -0.168567 0.231683 -0.156365
v -0.164713 0.231440 -0.121676
v -0.162460 0.233506 -0.092991
v -0.162507 0.233526 -0.078087
v -0.169151 0.231707 -0.061697
v -0.177662 0.232095 -0.173153
v -0.175539 0.232791 0.001806
v -0.198522 0.172539 -0.199203
v -0.232818 0.172632 -0.200068
v -0.272955 0.172905 -0.191656
v -0.296419 0.172003 -0.141874
v -0.313872 0.172177 -0.088067
v -0.163629 0.171755 -0.173325
v -0.158222 0.171510 -0.139257
v -0.152396 0.170360 -0.098698
v -0.153011 0.170428 -0.082888
v -0.164467 0.175845 -0.065298
v -0.173820 0.172220 -0.189355
v -0.198534 0.110909 -0.205759
v -0.232827 0.110975 -0.206617
v -0.272866 0.111506 -0.198265
v -0.296293 0.111300 -0.148438
v -0.302136 0.111311 -0.085064
v -0.163378 0.110846 -0.179930
v -0.157220 0.109584 -0.146386
v -0.152291 0.111415 -0.100934
v -0.152929 0.111558 -0.085325
v -0.160601 0.109080 -0.065769
v -0.173675 0.110833 -0.195944
v -0.198613 0.049437 -0.184528
v -0.232822 0.049474 -0.185356
v -0.272816 0.049984 -0.176945
v -0.295857 0.049530 -0.127983
v -0.301492 0.049291 -0.084819
v -0.163473 0.049846 -0.149299
v -0.160374 0.047382 -0.123933
v -0.159902 0.047270 -0.093041
v -0.160651 0.047093 -0.077678
v -0.165432 0.047228 -0.062879
v -0.173636 0.049520 -0.174649
v -0.215815 0.074942 0.343212
v -0.215816 0.074640 0.372207
v -0.226357 0.074702 0.343060
v -0.226269 0.074406 0.367771
v -0.236239 0.048078 0.336236
v -0.239554 0.054709 0.368570
v -0.215815 0.036386 0.336045
v -0.215816 0.036855 0.369730
v -0.195390 0.048084 0.336228
v -0.192077 0.054709 0.368570
v -0.205274 0.074702 0.343060
v -0.205363 0.074406 0.367771
v -0.215832 0.087106 0.308685
v -0.235310 0.085676 0.308663
v -0.236383 0.060970 0.307603
v -0.215853 0.049099 0.307082
v -0.195309 0.060700 0.308005
v -0.196438 0.085705 0.309067
v -0.215959 0.090661 0.267670
v -0.241478 0.088788 0.269139
v -0.242139 0.057556 0.269045
v -0.215979 0.042766 0.267951
v -0.196734 0.050464 0.274488
v -0.196522 0.089010 0.268932
v -0.215829 0.074407 0.339568
v -0.235524 0.072928 0.337351
v -0.235303 0.072297 0.372727
v -0.215816 0.072504 0.383699
v -0.196328 0.072297 0.372727
v -0.196102 0.072921 0.337340
v -0.257623 0.074772 0.330986
v -0.257624 0.074193 0.355570
v -0.266844 0.074518 0.330801
v -0.266753 0.073983 0.351715
v -0.276042 0.049995 0.323996
v -0.278956 0.055897 0.352676
v -0.257622 0.039455 0.323801
v -0.257624 0.039915 0.353744
v -0.239206 0.049999 0.323978
v -0.236292 0.055897 0.352676
v -0.248405 0.074518 0.330801
v -0.248495 0.073983 0.351715
v -0.257700 0.085093 0.300013
v -0.275112 0.083711 0.299948
v -0.276177 0.061323 0.298889
v -0.257703 0.050612 0.298414
v -0.239130 0.061041 0.299237
v -0.240197 0.083697 0.300323
v -0.257929 0.088234 0.263860
v -0.280352 0.086547 0.265028
v -0.281049 0.058342 0.264984
v -0.257836 0.045046 0.264143
v -0.239412 0.057437 0.266445
v -0.242823 0.086869 0.266979
v -0.257642 0.074073 0.327827
v -0.275303 0.072540 0.325105
v -0.275101 0.071886 0.356398
v -0.257624 0.072057 0.366231
v -0.240147 0.071886 0.356398
v -0.239936 0.072530 0.325090
v -0.294975 0.074847 0.314708
v -0.294977 0.073850 0.335693
v -0.303192 0.074549 0.314484
v -0.303093 0.073657 0.332284
v -0.311854 0.051470 0.307495
v -0.314460 0.056811 0.333366
v -0.294974 0.041814 0.307298
v -0.294977 0.042265 0.334363
v -0.278100 0.051474 0.307471
v -0.275495 0.056811 0.333366
v -0.286762 0.074549 0.314485
v -0.286861 0.073657 0.332284
v -0.295057 0.083557 0.286215
v -0.310923 0.082203 0.286152
v -0.311978 0.061584 0.285118
v -0.295101 0.051767 0.284711
v -0.278025 0.061269 0.285568
v -0.279113 0.082198 0.286601
v -0.295299 0.086375 0.253788
v -0.315609 0.084755 0.255031
v -0.316315 0.058829 0.255230
v -0.295318 0.046811 0.254173
v -0.278234 0.058760 0.256554
v -0.281227 0.084728 0.256048
v -0.295002 0.073910 0.311854
v -0.311094 0.072248 0.308596
v -0.310910 0.071569 0.336755
v -0.294977 0.071713 0.345712
v -0.279045 0.071569 0.336755
v -0.278850 0.072235 0.308579
v -0.326213 0.076709 0.294598
v -0.326178 0.073098 0.307203
v -0.332292 0.076412 0.294581
v -0.332176 0.072926 0.304761
v -0.339849 0.054860 0.286212
v -0.341762 0.058957 0.305994
v -0.326195 0.046921 0.286064
v -0.326201 0.047342 0.306896
v -0.312614 0.054677 0.286243
v -0.310680 0.058791 0.306064
v -0.320021 0.075927 0.294250
v -0.320206 0.072941 0.304761
v -0.326388 0.080243 0.270829
v -0.338801 0.078922 0.270783
v -0.339874 0.062307 0.269919
v -0.326403 0.054291 0.269382
v -0.312543 0.061807 0.270302
v -0.313640 0.078935 0.271311
v -0.326607 0.082329 0.246727
v -0.341954 0.081078 0.246714
v -0.342910 0.060100 0.246709
v -0.326650 0.050610 0.247023
v -0.313634 0.059310 0.249348
v -0.317043 0.080953 0.249306
v -0.326440 0.073922 0.291705
v -0.339081 0.071338 0.287282
v -0.338830 0.070738 0.308745
v -0.326198 0.070985 0.315794
v -0.313569 0.070873 0.308738
v -0.313414 0.071617 0.287288
v -0.168515 0.075327 0.345141
v -0.168518 0.075623 0.383202
v -0.181710 0.075129 0.344926
v -0.181700 0.075318 0.377504
v -0.197126 0.042120 0.337448
v -0.197451 0.052086 0.378150
v -0.168506 0.025647 0.337434
v -0.168501 0.030232 0.379482
v -0.139861 0.042202 0.337496
v -0.139505 0.052188 0.378070
v -0.155298 0.075126 0.344884
v -0.155319 0.075312 0.377505
v -0.168493 0.091380 0.302655
v -0.192333 0.089882 0.302858
v -0.193631 0.060185 0.301630
v -0.168456 0.045779 0.300303
v -0.143536 0.060219 0.300652
v -0.144558 0.089923 0.302289
v -0.192514 0.101921 0.240743
v -0.191782 0.050018 0.240397
v -0.215848 0.025774 0.222961
v -0.238241 0.048627 0.221474
v -0.238557 0.099128 0.221759
v -0.216410 0.101918 0.223749
v -0.168497 0.077942 0.339440
v -0.196338 0.076361 0.337946
v -0.192189 0.073254 0.383263
v -0.168504 0.073485 0.396509
v -0.144826 0.073175 0.383278
v -0.140734 0.076371 0.338130
v -0.193173 0.045574 0.324085
v -0.192765 0.075344 0.325894
v -0.144356 0.075324 0.326192
v -0.143894 0.045461 0.324171
v -0.168466 0.076931 0.326785
v -0.168496 0.031606 0.323639
v -0.258111 0.097783 0.219813
v -0.277923 0.095491 0.214884
v -0.277602 0.049741 0.214487
v -0.257805 0.029743 0.219210
v -0.295680 0.094518 0.209870
v -0.313849 0.090417 0.206357
v -0.313216 0.051288 0.205842
v -0.295322 0.032778 0.209125
v -0.326719 0.087481 0.203060
v -0.339526 0.086271 0.203781
v -0.342978 0.054414 0.201619
v -0.326927 0.039332 0.202061
v -0.168352 0.103653 0.257530
v -0.168070 0.031087 0.257137
v -0.143410 0.054545 0.256619
v -0.143815 0.096464 0.256017
v -0.219219 0.118751 0.169241
v -0.215770 0.027628 0.167544
v -0.256052 0.114223 0.169152
v -0.288348 0.110730 0.169008
v -0.295998 0.036417 0.167044
v -0.258389 0.032565 0.167500
v -0.178002 0.120606 0.169121
v -0.315430 0.106640 0.170740
v -0.339313 0.100541 0.169508
v -0.342908 0.063036 0.166903
v -0.328859 0.045146 0.166485
v -0.176353 0.120430 0.168686
v -0.166420 0.034984 0.167242
v -0.153444 0.064988 0.171439
v -0.150624 0.107152 0.169654
v -0.215599 0.178542 0.086140
v -0.219815 0.036487 0.082363
v -0.246845 0.172738 0.083112
v -0.272596 0.165309 0.084764
v -0.289583 0.045157 0.082015
v -0.256576 0.037916 0.082301
v -0.193202 0.180683 0.085075
v -0.288896 0.159558 0.086746
v -0.310435 0.146396 0.087718
v -0.327145 0.082743 0.081003
v -0.307336 0.062453 0.081255
v -0.174968 0.168093 0.081957
v -0.176871 0.041941 0.082368
v -0.166354 0.080565 0.077518
v -0.171538 0.152373 0.077497
v -0.208975 0.208514 0.053929
v -0.219815 0.036481 0.049846
v -0.239345 0.204256 0.055422
v -0.274828 0.192784 0.054835
v -0.289959 0.045322 0.049581
v -0.256556 0.037910 0.049778
v -0.183528 0.193941 0.045741
v -0.345564 0.079837 0.166114
v -0.302628 0.170887 0.054913
v -0.323185 0.097322 0.047013
v -0.313581 0.065026 0.046606
v -0.183945 0.195100 0.044404
v -0.176891 0.041909 0.050128
v -0.163019 0.082992 0.046486
v -0.169885 0.165638 0.047197
v -0.289658 0.045400 -0.002466
v -0.173434 0.043066 0.001750
v -0.328213 0.176645 -0.011340
v -0.312101 0.114731 -0.007717
v -0.167228 0.173420 0.003069
v -0.162650 0.119213 0.002334
v -0.348291 0.066772 0.199337
v -0.321862 0.128295 0.051054
v -0.340774 0.063698 0.307584
v -0.346123 0.068891 0.245572
v -0.340384 0.069434 0.270265
v -0.328772 0.108053 0.080609
v -0.340373 0.063519 0.286575
v -0.140482 0.077715 0.256027
v -0.163169 0.118077 0.076305
v -0.140471 0.071748 0.300635
v -0.139257 0.059523 0.337685
v -0.145789 0.085379 0.169269
v -0.163093 0.135944 0.047761
v -0.140510 0.060997 0.324700
v -0.140984 0.058929 0.380169
v -0.310680 0.092056 -0.006855
v -0.304100 0.066336 -0.002392
v -0.257409 0.039455 -0.003215
v -0.221182 0.037523 -0.001970
v -0.200765 0.035272 -0.172828
v -0.230098 0.035310 -0.173502
v -0.264155 0.035754 -0.166612
v -0.282002 0.036406 -0.125255
v -0.274577 0.036234 -0.040423
v -0.171270 0.035134 -0.143148
v -0.168965 0.033153 -0.115002
v -0.166887 0.034419 -0.096313
v -0.168325 0.035688 -0.081419
v -0.196212 0.033388 -0.030530
v -0.179563 0.035253 -0.164540
v -0.242125 0.030125 -0.070218
v -0.251749 0.031194 -0.150581
v -0.179255 0.031215 -0.070540
v -0.209258 0.028639 -0.101339
v -0.195467 0.028890 -0.120667
v -0.180879 0.031995 -0.134440
v -1.639143 2.633516 0.093777
v -1.485514 2.769850 0.109315
v -1.644131 2.631860 0.085131
v -1.494073 2.773978 0.084055
v -1.638812 2.633041 0.076783
v -1.488939 2.766032 0.060750
v -1.626259 2.619401 0.072846
v -1.466515 2.743918 0.061320
v -1.619554 2.619100 0.086245
v -1.456855 2.735316 0.086250
v -1.626886 2.620105 0.099160
v -1.466708 2.747354 0.110917
v -1.604518 2.661428 0.104072
v -1.556329 2.703706 0.105293
v -1.562837 2.705900 0.084905
v -1.610778 2.662940 0.084943
v -1.555410 2.702666 0.065347
v -1.603646 2.660461 0.066562
v -1.540231 2.684340 0.065847
v -1.589493 2.643007 0.067048
v -1.533118 2.675872 0.086558
v -1.583124 2.634876 0.086481
v -1.541169 2.685374 0.106436
v -1.590357 2.644001 0.105142
v -1.637984 2.617766 0.085976
v -1.633944 2.617842 0.086030
v -1.520624 2.737234 0.104383
v -1.528416 2.740366 0.084955
v -1.519554 2.736020 0.066315
v -1.502036 2.714836 0.066797
v -1.493935 2.704917 0.086528
v -1.503115 2.716051 0.105475
v -1.572505 2.690357 0.102084
v -1.579194 2.692221 0.085022
v -1.571566 2.689294 0.068655
v -1.556038 2.670499 0.068962
v -1.548867 2.661816 0.086422
v -1.556992 2.671558 0.103184
v -1.619580 2.654890 0.084928
v -1.615259 2.650609 0.072602
v -1.596382 2.637717 0.067015
v -1.589697 2.630529 0.086477
v -1.597259 2.638716 0.105193
v -1.615753 2.651299 0.097841
v -1.558854 2.709893 0.084895
v -1.551004 2.706709 0.064920
v -1.535590 2.688071 0.065454
v -1.528496 2.679298 0.086577
v -1.536533 2.689135 0.106847
v -1.551955 2.707760 0.105710
v -1.607827 2.665683 0.084933
v -1.600521 2.663406 0.066468
v -1.586013 2.645816 0.066907
v -1.579602 2.637640 0.086484
v -1.586884 2.646811 0.105294
v -1.601405 2.664379 0.104151
v -1.644926 2.622460 0.085157
v -1.638446 2.626146 0.098842
v -1.637802 2.625456 0.072013
v -1.611230 2.654475 0.066547
v -1.612106 2.655461 0.104043
v -1.620087 2.651263 0.084954
v -1.657208 2.628774 0.042054
v -1.490842 2.782661 0.059667
v -1.662665 2.627008 0.032628
v -1.496810 2.784453 0.031168
v -1.656849 2.628257 0.023539
v -1.490590 2.779393 0.008269
v -1.643340 2.613847 0.019318
v -1.470880 2.746907 0.004142
v -1.636032 2.613597 0.033831
v -1.456126 2.742429 0.033737
v -1.644017 2.614608 0.047815
v -1.470359 2.746344 0.056232
v -1.619046 2.659767 0.053191
v -1.565650 2.706591 0.054558
v -1.572757 2.708870 0.032383
v -1.625845 2.661297 0.032424
v -1.564650 2.705460 0.011109
v -1.618100 2.658716 0.012467
v -1.548200 2.685576 0.011680
v -1.602749 2.639801 0.013015
v -1.540487 2.676370 0.034176
v -1.595824 2.631002 0.034089
v -1.549220 2.686700 0.055769
v -1.603687 2.640876 0.054331
v -1.656148 2.612139 0.033532
v -1.651761 2.612230 0.033593
v -1.526437 2.743672 0.053409
v -1.534651 2.747020 0.032358
v -1.525138 2.742385 0.012261
v -1.506019 2.719201 0.012759
v -1.497149 2.708489 0.034082
v -1.507264 2.720463 0.054676
v -1.583572 2.691791 0.051010
v -1.590873 2.693718 0.032514
v -1.582551 2.690635 0.014767
v -1.565714 2.670236 0.015132
v -1.557933 2.660801 0.034025
v -1.566752 2.671386 0.052165
v -1.635381 2.652656 0.032412
v -1.630668 2.647856 0.018899
v -1.610354 2.634000 0.012953
v -1.603070 2.626208 0.034087
v -1.611307 2.635084 0.054409
v -1.631210 2.648611 0.046562
v -1.568342 2.713295 0.032371
v -1.559792 2.709928 0.010641
v -1.543076 2.689692 0.011248
v -1.535370 2.680162 0.034198
v -1.544101 2.690848 0.056220
v -1.560827 2.711069 0.055014
v -1.622552 2.664356 0.032413
v -1.614616 2.661944 0.012338
v -1.598935 2.642913 0.012844
v -1.591942 2.634050 0.034095
v -1.599882 2.643991 0.054512
v -1.615577 2.663000 0.053309
v -1.663528 2.617065 0.032656
v -1.656458 2.621023 0.047449
v -1.655765 2.620277 0.018447
v -1.626407 2.652103 0.012416
v -1.627358 2.653174 0.053199
v -1.635971 2.648583 0.032431
v -1.638903 2.632912 -0.016144
v -1.489129 2.767886 -0.004161
v -1.643951 2.631242 -0.024889
v -1.490934 2.775257 -0.025614
v -1.638569 2.632432 -0.033331
v -1.485742 2.770586 -0.047815
v -1.625894 2.618693 -0.037304
v -1.466842 2.737703 -0.047371
v -1.619112 2.618400 -0.023763
v -1.453447 2.736384 -0.023073
v -1.626528 2.619405 -0.010713
v -1.463360 2.744044 -0.000903
v -1.603828 2.661217 -0.005741
v -1.554976 2.704073 -0.004502
v -1.561560 2.706279 -0.025117
v -1.610157 2.662731 -0.025079
v -1.554047 2.703021 -0.044893
v -1.602946 2.660239 -0.043660
v -1.538705 2.684497 -0.044385
v -1.588641 2.642599 -0.043166
v -1.531516 2.675935 -0.023446
v -1.582201 2.634383 -0.023524
v -1.539654 2.685542 -0.003350
v -1.589514 2.643603 -0.004662
v -1.637757 2.617049 -0.024036
v -1.633673 2.617127 -0.023981
v -1.518858 2.738033 -0.005450
v -1.526664 2.741220 -0.025054
v -1.517967 2.736841 -0.043797
v -1.500169 2.715237 -0.043408
v -1.491819 2.705363 -0.023410
v -1.501091 2.716564 -0.004352
v -1.571374 2.690540 -0.007753
v -1.578141 2.692412 -0.024998
v -1.570425 2.689465 -0.041541
v -1.554730 2.670466 -0.041227
v -1.547482 2.661687 -0.023584
v -1.555695 2.671535 -0.006646
v -1.619051 2.654607 -0.025093
v -1.614680 2.650259 -0.037570
v -1.595621 2.637244 -0.043203
v -1.588860 2.629979 -0.023528
v -1.596508 2.638254 -0.004607
v -1.615181 2.650958 -0.012023
v -1.557523 2.710325 -0.025125
v -1.549583 2.707119 -0.045326
v -1.534002 2.688280 -0.044783
v -1.526832 2.679408 -0.023428
v -1.534958 2.689353 -0.002934
v -1.550543 2.708181 -0.004079
v -1.607162 2.665514 -0.025088
v -1.599775 2.663220 -0.043758
v -1.585119 2.645446 -0.043312
v -1.578633 2.637183 -0.023521
v -1.585999 2.646452 -0.004507
v -1.600670 2.664203 -0.005657
v -1.644755 2.621773 -0.024862
v -1.638199 2.625494 -0.011036
v -1.637549 2.624796 -0.038142
v -1.610623 2.654173 -0.043680
v -1.611508 2.655169 -0.005765
v -1.619568 2.650923 -0.025068
v -1.616893 2.638364 -0.066316
v -1.484617 2.756320 -0.053700
v -1.621403 2.636819 -0.074167
v -1.486464 2.763317 -0.074622
v -1.616590 2.637933 -0.081757
v -1.477854 2.758361 -0.096520
v -1.605017 2.625077 -0.085404
v -1.460904 2.737983 -0.095845
v -1.598927 2.624726 -0.073142
v -1.452960 2.728522 -0.072650
v -1.605592 2.625723 -0.061320
v -1.462946 2.736051 -0.051480
v -1.585882 2.663121 -0.056878
v -1.543018 2.700759 -0.055812
v -1.548914 2.702865 -0.074372
v -1.591596 2.664617 -0.074337
v -1.542182 2.699810 -0.092175
v -1.585084 2.662241 -0.091111
v -1.528299 2.683076 -0.091748
v -1.572164 2.646287 -0.090687
v -1.521802 2.675362 -0.072862
v -1.566361 2.638834 -0.072929
v -1.529154 2.684018 -0.054737
v -1.572950 2.647197 -0.055881
v -1.615636 2.623517 -0.073381
v -1.611950 2.623578 -0.073334
v -1.511231 2.730615 -0.056626
v -1.518260 2.733559 -0.074327
v -1.510228 2.729529 -0.091317
v -1.494274 2.710253 -0.090909
v -1.486897 2.701236 -0.072883
v -1.495257 2.711332 -0.055598
v -1.557407 2.688891 -0.058672
v -1.563472 2.690691 -0.074269
v -1.556553 2.687923 -0.089227
v -1.542363 2.670768 -0.088979
v -1.535817 2.662853 -0.072983
v -1.543233 2.671733 -0.057629
v -1.599664 2.657155 -0.074357
v -1.595739 2.653402 -0.085472
v -1.578318 2.641516 -0.090689
v -1.572244 2.634946 -0.072936
v -1.579118 2.642428 -0.055860
v -1.596183 2.654028 -0.062703
v -1.545374 2.706414 -0.074382
v -1.538238 2.703421 -0.092561
v -1.524154 2.686417 -0.092103
v -1.517684 2.678416 -0.072846
v -1.525014 2.687387 -0.054367
v -1.539102 2.704378 -0.055433
v -1.588995 2.667037 -0.074345
v -1.582329 2.664906 -0.091163
v -1.569018 2.648783 -0.090794
v -1.563207 2.641308 -0.072930
v -1.569810 2.649693 -0.055763
v -1.583137 2.665793 -0.056845
v -1.622128 2.627974 -0.074141
v -1.616250 2.631384 -0.061587
v -1.615658 2.630750 -0.086199
v -1.591936 2.656901 -0.091085
v -1.592734 2.657799 -0.056949
v -1.600083 2.653986 -0.074322
v -1.422332 2.671438 0.166255
v -1.428976 2.669709 0.156046
v -1.428925 2.672143 0.143178
v -1.415082 2.657611 0.134087
v -1.404588 2.657768 0.149435
v -1.405262 2.656796 0.163454
v -1.394580 2.702158 0.168175
v -1.371113 2.743580 0.159130
v -1.390913 2.745448 0.142004
v -1.410853 2.705830 0.150862
v -1.390650 2.746032 0.114984
v -1.412802 2.705396 0.123981
v -1.370234 2.733113 0.108469
v -1.394870 2.686610 0.119281
v -1.351364 2.722305 0.133294
v -1.377641 2.677703 0.141835
v -1.353308 2.728054 0.156439
v -1.377008 2.684350 0.164413
v -1.418460 2.653896 0.154350
v -1.415021 2.654363 0.153107
v -1.359405 2.791372 0.152002
v -1.351350 2.769348 0.101472
v -1.322603 2.756963 0.125753
v -1.322920 2.766019 0.149350
v -1.378530 2.728549 0.159542
v -1.397518 2.731356 0.145253
v -1.396350 2.733763 0.119998
v -1.375290 2.718403 0.116092
v -1.358187 2.709195 0.135740
v -1.358994 2.716536 0.155846
v -1.415554 2.697714 0.151923
v -1.417194 2.693033 0.132779
v -1.399189 2.680201 0.120454
v -1.381674 2.672253 0.143146
v -1.381100 2.677850 0.165753
v -1.406146 2.692908 0.164278
v -1.389588 2.762366 0.142377
v -1.390786 2.757432 0.117263
v -1.368244 2.738456 0.106696
v -1.348848 2.726202 0.132482
v -1.348119 2.736989 0.156333
v -1.365620 2.754120 0.159480
v -1.409173 2.709055 0.150394
v -1.411088 2.709106 0.123423
v -1.392745 2.689908 0.118494
v -1.375666 2.680893 0.141202
v -1.374792 2.687596 0.163835
v -1.392751 2.705567 0.167824
v -1.423699 2.656582 0.155343
v -1.414205 2.660491 0.166642
v -1.425701 2.660943 0.139945
v -1.416579 2.697403 0.125796
v -1.398744 2.696940 0.169599
v -1.415297 2.693326 0.151771
v -1.464740 2.795271 0.106191
v -1.474005 2.799442 0.081205
v -1.469555 2.801448 0.055579
v -1.445126 2.774956 0.056207
v -1.433620 2.746827 0.082247
v -1.442999 2.767694 0.106060
v -1.478260 2.810455 0.026232
v -1.467331 2.802254 -0.005031
v -1.442798 2.775412 -0.000864
v -1.435876 2.768353 0.030088
v -1.439031 2.824346 0.104497
v -1.469715 2.800993 -0.031610
v -1.458457 2.791497 -0.056154
v -1.436342 2.766857 -0.051909
v -1.430167 2.761995 -0.026089
v -1.454364 2.837530 0.073955
v -1.461960 2.788393 -0.077031
v -1.452302 2.783409 -0.097457
v -1.434367 2.762751 -0.095798
v -1.427182 2.753695 -0.072830
v -1.459525 2.841800 0.015593
v -1.396792 2.824564 0.012237
v -1.414096 2.792510 0.076277
v -1.449176 2.832895 -0.043925
v -1.412502 2.798370 -0.062069
v -1.388323 2.818914 -0.043492
v -1.436400 2.819799 -0.086002
v -1.424852 2.814478 -0.103627
v -1.404984 2.785097 -0.095962
v -1.368086 2.875792 0.083595
v -1.373000 2.884621 0.060470
v -1.375423 2.895644 0.011105
v -1.275620 2.843385 0.013454
v -1.272159 2.842428 0.057809
v -1.291425 2.854744 0.116938
v -1.373412 2.891639 -0.034445
v -1.283221 2.845446 -0.047161
v -1.279884 2.848390 -0.020998
v -1.368604 2.880363 -0.071947
v -1.358813 2.862358 -0.090359
v -1.301548 2.858045 -0.077793
v -1.420345 2.783946 0.125226
v -1.348749 2.833098 0.136040
v -1.319425 2.866780 0.110612
v -1.397295 2.837555 0.112909
v -1.402778 2.805616 0.136690
v -1.419927 2.751024 0.097693
v -1.303378 2.809746 0.130352
v -1.300312 2.796092 0.089655
v -1.339599 2.800286 0.068391
v -1.353070 2.820424 0.057513
v -1.349725 2.839608 -0.083812
v -1.351536 2.829117 -0.037964
v -1.355607 2.827626 0.004978
v -1.345682 2.826319 -0.058071
v -1.210801 2.892698 -0.026836
v -1.210768 2.890570 0.052369
v -1.217757 2.904460 0.077800
v -1.228009 2.933252 0.098167
v -1.218748 2.917251 -0.060808
v -1.229182 2.945565 -0.072996
v -1.315227 2.917250 0.104534
v -1.330575 2.926549 0.088379
v -1.340894 2.942522 0.024517
v -1.336638 2.937370 -0.015963
v -1.335006 2.931986 -0.051883
v -1.308389 2.921440 -0.081284
v -1.267232 2.899145 0.115104
v -1.222871 2.866423 0.010378
v -1.225225 2.872748 0.058943
v -1.232310 2.887070 -0.056871
v -1.227361 2.870608 -0.018324
v -1.258838 2.908470 -0.087983
v -1.266101 2.951515 -0.063815
v -1.282611 2.962836 -0.049857
v -1.292352 2.979574 -0.024340
v -1.259884 2.944065 0.098837
v -1.271111 2.958638 0.088118
v -1.276228 2.966244 0.075828
v -1.286689 2.988571 0.022081
v -1.284277 2.986281 0.039026
v -1.280489 2.974187 0.064142
v -1.282777 2.980203 0.051652
v -1.212046 2.882450 0.015543
v -1.217136 2.889447 -0.024596
v -1.216105 2.886763 0.056691
v -1.225942 2.900322 0.079824
v -1.243292 2.922843 0.098112
v -1.225211 2.905972 -0.055599
v -1.244571 2.931028 -0.068439
v -1.337781 2.935555 0.064287
v -1.339443 2.939064 0.052835
v -1.334193 2.931675 0.075535
v -1.341272 2.942506 0.042185
v -0.254223 4.174282 0.000429
v -0.249139 4.165979 0.007312
v -0.254931 4.158822 -0.013137
v -0.251810 4.152657 -0.010167
v -0.252290 4.184315 0.012854
v -0.247946 4.180669 0.021252
v -0.249974 4.193272 0.024832
v -0.247576 4.190986 0.031082
v -0.254846 4.205534 0.021279
v -0.247913 4.210784 0.039386
v -0.265344 4.222432 0.005782
v -0.263413 4.238922 0.019474
v -0.269938 4.222110 -0.005991
v -0.273138 4.240851 -0.003427
v -0.275767 4.216843 -0.024321
v -0.282301 4.233054 -0.032424
v -0.276583 4.199218 -0.038498
v -0.281805 4.203429 -0.051592
v -0.268515 4.169756 -0.038908
v -0.271592 4.167056 -0.050622
v -0.261533 4.150724 -0.034176
v -0.262822 4.142381 -0.045912
v -0.255441 4.137154 -0.027898
v -0.255058 4.127159 -0.036635
v -0.246347 4.124708 -0.013252
v -0.246812 4.112700 -0.025984
v -0.235827 4.116251 0.008274
v -0.230378 4.093241 0.001559
v -0.230057 4.119007 0.024761
v -0.220270 4.093161 0.027012
v -0.226864 4.123733 0.036196
v -0.216679 4.101605 0.041782
v -0.224204 4.139376 0.050302
v -0.219549 4.122272 0.049730
v -0.266707 4.207246 -0.006141
v -0.266068 4.216884 -0.000372
v -0.270359 4.211615 -0.014566
v -0.269011 4.216605 -0.007395
v -0.264553 4.197341 -0.008347
v -0.269748 4.197496 -0.022476
v -0.262310 4.179123 -0.015434
v -0.265849 4.174531 -0.028418
v -0.257422 4.157771 -0.018462
v -0.259943 4.152672 -0.029207
v -0.253869 4.149151 -0.015451
v -0.254492 4.142122 -0.022708
v -0.246132 4.136336 -0.003569
v -0.246029 4.129179 -0.009933
v -0.240649 4.131448 0.008475
v -0.236189 4.118915 0.008896
v -0.232813 4.128927 0.024483
v -0.230659 4.121272 0.024808
v -0.231371 4.137568 0.033086
v -0.227843 4.126463 0.035602
v -0.232206 4.147461 0.039042
v -0.225550 4.144310 0.049897
v -0.234555 4.155902 0.036719
v -0.231214 4.161250 0.047430
v -0.240089 4.169789 0.034886
v -0.235929 4.172884 0.043873
v -0.244910 4.180089 0.030656
v -0.240206 4.187138 0.042806
v -0.259904 4.200079 0.005475
v -0.256618 4.189786 0.005707
v -0.254750 4.204720 0.019410
v -0.251655 4.194752 0.020471
v -0.259795 4.215810 0.015855
v -0.253941 4.227754 0.035322
v -0.253473 4.175965 -0.002782
v -0.240922 4.165342 0.006593
v -0.253604 4.159910 -0.013668
v -0.252035 4.153638 -0.008932
v -0.251294 4.185284 0.009605
v -0.239990 4.181514 0.023304
v -0.250567 4.194448 0.020782
v -0.241532 4.179736 0.024204
v -0.249431 4.205065 0.015454
v -0.263120 4.220724 0.003168
v -0.266719 4.220737 -0.006280
v -0.275858 4.217420 -0.022437
v -0.277022 4.197595 -0.036213
v -0.265671 4.169833 -0.036999
v -0.257540 4.153088 -0.032551
v -0.246594 4.142354 -0.025828
v -0.240560 4.134201 -0.017139
v -0.257594 4.208300 -0.005914
v -0.262196 4.219401 0.002867
v -0.270034 4.212642 -0.016874
v -0.265244 4.222359 -0.006905
v -0.263105 4.204194 -0.010546
v -0.272570 4.195806 -0.025931
v -0.257326 4.177648 -0.008652
v -0.265750 4.172767 -0.032952
v -0.255031 4.159483 -0.015595
v -0.254597 4.153001 -0.034268
v -0.252681 4.152644 -0.012695
v -0.246038 4.141182 -0.026545
v -0.243608 4.139667 -0.006334
v -0.240666 4.133028 -0.018573
v -0.234479 4.137858 0.009243
v -0.223518 4.137709 0.019685
v -0.229369 4.146599 0.025620
v -0.225310 4.148804 0.031710
v -0.226956 4.158013 0.028168
v -0.240554 4.178391 0.021043
v -0.242091 4.180885 0.025876
v -0.253815 4.203007 -0.000521
v -0.253442 4.188240 0.005504
v -0.250186 4.207631 0.020027
v -0.244909 4.196744 0.022161
v -0.259759 4.215402 0.013378
v -0.256158 4.211617 0.005531
v -0.256896 4.206220 -0.005794
v -0.231213 4.150950 0.018554
v -0.235585 4.157565 0.011578
v -0.233371 4.136730 0.012307
v -0.236529 4.145834 0.003604
v -0.238328 4.159918 0.029843
v -0.243113 4.166430 0.023662
v -0.244912 4.178654 0.025583
v -0.232974 4.160221 0.022402
v -0.238054 4.167946 0.018903
v -0.240535 4.180365 0.020370
v -0.242311 4.134580 0.013983
v -0.238989 4.139678 0.022544
v -0.236122 4.137936 0.030138
v -0.229044 4.143044 0.009055
v -0.226103 4.145111 0.016483
v -0.223040 4.146217 0.022919
v -0.237358 4.214128 0.036480
v -0.251639 4.243152 0.015056
v -0.261112 4.245189 -0.008362
v -0.270296 4.237034 -0.037702
v -0.259563 4.170227 -0.056455
v -0.243085 4.129625 -0.042145
v -0.210807 4.142994 0.046093
v -0.229960 4.190579 0.040165
v -0.242740 4.231659 0.031613
v -0.269824 4.207032 -0.057214
v -0.250922 4.145424 -0.051611
v -0.234661 4.114810 -0.031047
v -0.218344 4.095516 -0.003629
v -0.208975 4.094978 0.022614
v -0.203507 4.105030 0.037273
v -0.206230 4.125896 0.045356
v -0.212468 4.147921 0.045694
v -0.221792 4.162739 0.045839
v -0.227318 4.174106 0.042633
v -0.218565 4.198520 0.033825
v -0.223201 4.222952 0.018887
v -0.226168 4.224464 -0.005629
v -0.232592 4.217887 -0.031598
v -0.233435 4.192881 -0.047951
v -0.228179 4.161722 -0.046833
v -0.223948 4.140202 -0.042286
v -0.219576 4.126054 -0.033375
v -0.197237 4.114810 0.013858
v -0.203208 4.097932 0.029315
v -0.205581 4.096183 0.026181
v -0.205589 4.102950 0.036642
v -0.207188 4.134777 0.043600
v -0.204726 4.120656 0.042636
v -0.208134 4.138812 0.043437
v -0.213098 4.152754 0.042694
v -0.208080 4.144696 0.044715
v -0.222652 4.212360 0.030694
v -0.234667 4.194385 0.077746
v -0.254633 4.312706 -0.008301
v -0.039451 4.564680 -0.101600
v -0.217425 4.458945 -0.049366
v -0.160366 4.516088 -0.074022
v -0.087373 4.549153 -0.095785
v -0.114032 4.540660 -0.089838
v -0.066739 4.556868 -0.098767
v -0.253582 4.381716 -0.025965
vn 0.2470 -0.1597 0.9558
vn -0.0000 -0.1516 0.9884
vn 0.3517 0.1145 0.9291
vn -0.0000 0.1969 0.9804
vn 0.8588 -0.1502 0.4898
vn 0.8106 0.1757 0.5587
vn 0.9258 -0.2072 0.3163
vn 0.8975 0.3017 0.3217
vn 0.4067 0.5511 0.7286
vn -0.0000 0.6878 0.7259
vn 0.6597 0.4266 0.6188
vn 0.5428 0.7230 0.4273
vn 0.7506 -0.3952 0.5295
vn 0.6668 -0.6172 0.4176
vn 0.5117 -0.2278 0.8284
vn 0.3450 -0.7151 0.6080
vn 0.4080 -0.4412 0.7993
vn 0.2378 -0.6804 0.6931
vn 0.6211 -0.2774 0.7330
vn 0.2736 -0.6153 0.7393
vn 0.7374 -0.1494 0.6588
vn 0.4136 -0.4905 0.7670
vn 0.8047 -0.0779 0.5885
vn 0.2566 -0.5308 0.8077
vn 0.8555 -0.0751 0.5124
vn 0.0069 -0.4555 0.8902
vn 0.7471 0.4195 0.5155
vn 0.8741 0.2509 0.4160
vn 0.8895 -0.0696 0.4515
vn -0.2459 0.2237 0.9431
vn 0.7687 -0.1301 0.6262
vn -0.1645 0.6502 0.7417
vn 0.5754 -0.1628 0.8015
vn 0.1331 0.8794 0.4571
vn 0.5070 0.0739 0.8588
vn 0.3093 0.8021 0.5109
vn 0.6511 0.2765 0.7068
vn 0.3337 0.7380 0.5866
vn 0.7367 0.3444 0.5820
vn 0.6916 -0.2291 0.6850
vn 0.6707 0.4522 0.5879
vn 0.4547 -0.3109 0.8346
vn 0.2024 -0.3987 0.8944
vn 0.3752 -0.4421 0.8147
vn 0.5474 -0.2843 0.7871
vn 0.6594 -0.2102 0.7218
vn 0.7381 -0.0820 0.6697
vn 0.7933 -0.0254 0.6083
vn 0.8204 -0.0004 0.5718
vn 0.8335 -0.0095 0.5524
vn 0.6860 -0.0944 0.7214
vn 0.5314 -0.1240 0.8380
vn 0.4269 0.0669 0.9018
vn 0.4287 0.2944 0.8542
vn 0.5628 0.3118 0.7655
vn 0.3125 0.6370 0.7046
vn 0.6142 -0.2552 0.7468
vn 0.2095 -0.4649 0.8602
vn 0.1042 -0.3189 0.9420
vn 0.2467 -0.1627 0.9553
vn 0.5014 -0.0720 0.8622
vn 0.6589 -0.0567 0.7501
vn 0.6949 -0.0700 0.7157
vn 0.7030 -0.0153 0.7111
vn 0.8931 -0.0291 0.4490
vn 0.7060 0.0685 0.7049
vn 0.5499 0.0594 0.8331
vn 0.4615 0.0409 0.8862
vn 0.4083 0.2153 0.8871
vn 0.2897 0.4487 0.8454
vn 0.9993 -0.0286 -0.0233
vn 0.9492 0.3103 -0.0520
vn 0.7799 0.6178 -0.1003
vn 0.9082 -0.4176 0.0280
vn 0.5867 -0.8021 0.1115
vn 0.2392 -0.9518 0.1919
vn 0.0053 -0.9573 0.2891
vn -0.1141 -0.9020 0.4165
vn -0.4418 -0.8116 0.3823
vn -0.7766 -0.4948 0.3899
vn 0.9595 0.0746 0.2718
vn -0.9601 0.1660 0.2250
vn -0.6927 0.6903 -0.2088
vn -0.2874 0.8952 -0.3406
vn 0.0497 0.9860 -0.1595
vn 0.4739 0.8747 -0.1020
vn 0.7840 -0.0638 0.6174
vn 0.4865 0.6479 0.5861
vn -0.0000 0.7613 0.6484
vn 0.7292 0.4195 0.5406
vn 0.7675 -0.6381 0.0608
vn 0.7443 0.2790 0.6067
vn 0.5444 -0.1290 0.8289
vn -0.0000 -0.2911 0.9567
vn 0.5790 -0.2576 0.7735
vn 0.5873 0.2025 0.7836
vn -0.0000 0.2400 0.9708
vn 0.4809 0.0221 0.8765
vn 0.7014 -0.0934 0.7066
vn 0.7910 0.1931 0.5805
vn 0.7147 -0.2288 0.6609
vn 0.4577 -0.3815 0.8031
vn -0.0000 -0.4435 0.8963
vn 0.5055 -0.6107 0.6095
vn -0.0000 -0.6897 0.7241
vn 0.7524 -0.4319 0.4973
vn 0.4168 -0.7529 0.5094
vn -0.0000 -0.8514 0.5246
vn 0.8283 -0.4295 0.3599
vn 0.3930 -0.6529 0.6475
vn -0.0000 -0.7718 0.6359
vn 0.5541 -0.4457 0.7031
vn 0.7698 -0.4484 0.4543
vn 0.2205 -0.4334 0.8738
vn 0.5729 -0.2494 0.7807
vn 0.1837 -0.3707 0.9104
vn -0.0000 -0.3982 0.9173
vn 0.5464 -0.0616 0.8353
vn 0.1298 -0.4039 0.9055
vn -0.0000 -0.5295 0.8483
vn 0.5167 0.0259 0.8558
vn 0.0995 -0.2426 0.9650
vn -0.0000 -0.2820 0.9594
vn 0.4837 -0.0673 0.8726
vn 0.1600 -0.1274 0.9789
vn -0.0000 -0.2399 0.9708
vn 0.3611 -0.5509 0.7524
vn 0.1406 -0.6550 0.7425
vn -0.0000 -0.7119 0.7023
vn 0.1960 0.3447 0.9180
vn -0.0516 0.3877 0.9203
vn -0.0000 0.4157 0.9095
vn 0.2560 -0.0678 0.9643
vn 0.0001 -0.0539 0.9985
vn -0.0000 -0.0272 0.9996
vn 0.3561 -0.7435 0.5661
vn 0.1335 -0.7906 0.5976
vn -0.0000 -0.7979 0.6028
vn 0.7646 0.2175 0.6067
vn 0.7308 0.2417 0.6384
vn 0.6881 -0.0054 0.7256
vn 0.4951 -0.5459 0.6759
vn 0.4529 -0.0749 0.8884
vn 0.5212 -0.2603 0.8128
vn 0.5764 -0.6699 0.4679
vn 0.9001 0.0887 0.4266
vn 0.8396 0.0414 0.5417
vn 0.7877 -0.0596 0.6131
vn 0.3957 -0.7267 0.5616
vn 0.3042 -0.6747 0.6726
vn 0.6897 -0.4377 0.5768
vn 0.7305 -0.5825 0.3563
vn 0.1710 -0.5962 0.7844
vn -0.0000 -0.5291 0.8486
vn 0.4891 -0.7552 0.4364
vn 0.8142 -0.2676 0.5152
vn -0.0000 -0.8305 0.5570
vn 0.0890 -0.8176 0.5689
vn 0.2589 -0.7613 0.5945
vn 0.4457 -0.6776 0.5850
vn 0.3639 -0.4944 0.7894
vn 0.7598 -0.0501 0.6482
vn 0.8546 0.0183 0.5190
vn 0.6745 -0.5022 0.5411
vn 0.4504 -0.6783 0.5806
vn 0.3809 -0.5751 0.7240
vn 0.2168 -0.3684 0.9040
vn -0.0000 -0.2581 0.9661
vn 0.7814 -0.2365 0.5775
vn 0.7239 -0.4558 0.5179
vn 0.5169 -0.7279 0.4504
vn 0.5183 -0.6731 0.5275
vn 0.4126 -0.6125 0.6743
vn -0.0000 -0.7015 0.7126
vn 0.5582 0.2683 0.7851
vn 0.7728 -0.1101 0.6250
vn 0.5156 0.0919 0.8519
vn 0.5212 -0.1810 0.8340
vn 0.4635 0.4482 0.7644
vn 0.5619 0.5296 0.6355
vn 0.6730 0.2848 0.6826
vn 0.5750 -0.1301 0.8077
vn 0.4602 -0.3609 0.8112
vn 0.6774 -0.2853 0.6780
vn 0.6223 -0.2010 0.7565
vn 0.8358 -0.1997 0.5114
vn 0.9292 -0.1423 0.3410
vn 0.9876 -0.0888 0.1294
vn 0.9090 -0.1058 0.4032
vn 0.8569 -0.0495 0.5132
vn 0.7887 -0.0535 0.6124
vn 0.6961 -0.0730 0.7143
vn 0.5175 -0.1380 0.8445
vn 0.4484 -0.1366 0.8833
vn 0.8719 -0.3113 0.3779
vn 0.9515 -0.2055 0.2287
vn 0.9485 -0.1176 0.2943
vn 0.7268 0.0090 0.6868
vn 0.5575 0.0109 0.8301
vn 0.3691 0.0454 0.9283
vn 0.2259 0.0633 0.9721
vn 0.2233 -0.0997 0.9696
vn -0.0000 0.0686 0.9976
vn -0.0000 -0.1009 0.9949
vn 0.6489 -0.0325 0.7602
vn 0.8662 -0.4326 0.2500
vn 0.9555 -0.2749 0.1066
vn 0.5890 0.5306 0.6095
vn 0.4885 0.5908 0.6421
vn 0.3299 0.6286 0.7043
vn 0.1904 0.6662 0.7211
vn -0.0000 0.6762 0.7367
vn 0.8977 -0.4231 -0.1228
vn 0.9964 -0.0798 0.0277
vn 0.9783 0.1596 0.1320
vn 0.8833 0.4270 0.1936
vn 0.7011 0.6709 0.2415
vn 0.5159 0.8139 0.2674
vn 0.3854 0.8818 0.2718
vn 0.2585 0.9301 0.2611
vn 0.1547 0.9481 0.2779
vn -0.0000 0.9603 0.2790
vn 0.8478 0.0720 0.5254
vn 0.9353 0.0130 0.3536
vn 0.7378 -0.1302 0.6623
vn 0.9692 -0.0954 0.2272
vn 0.7446 0.1493 0.6506
vn 0.8754 -0.3558 0.3274
vn 0.9528 -0.2321 0.1955
vn 0.5794 0.1981 0.7906
vn 0.4895 0.2154 0.8450
vn 0.3567 0.2327 0.9048
vn 0.2111 0.2437 0.9466
vn -0.0000 0.2525 0.9676
vn 0.7509 -0.3285 0.5729
vn 0.5612 -0.7851 0.2621
vn 0.6410 -0.7578 -0.1216
vn -0.0000 -0.5584 0.8296
vn 0.4599 -0.6748 0.5772
vn 0.6679 -0.6583 0.3472
vn 0.7567 -0.6126 -0.2283
vn 0.5236 -0.8473 0.0887
vn 0.3810 -0.8892 0.2534
vn 0.8629 -0.4938 0.1072
vn -0.0000 -0.9971 0.0765
vn 0.8413 -0.4949 -0.2174
vn 0.4064 -0.9093 -0.0897
vn 0.2902 -0.9560 0.0437
vn -0.0000 -0.9307 0.3658
vn 0.6390 -0.6522 0.4077
vn -0.0000 -0.9999 -0.0134
vn 0.2573 -0.9171 -0.3044
vn 0.2464 -0.9684 -0.0382
vn 0.9144 -0.2452 -0.3222
vn -0.0000 -0.9979 -0.0642
vn 0.2312 -0.9720 -0.0415
vn -0.0000 -0.9879 -0.1553
vn 0.2503 -0.9595 -0.1295
vn -0.0000 -0.8334 0.5526
vn 0.5979 -0.6792 0.4256
vn 0.9361 -0.2853 -0.2058
vn 0.8492 -0.4357 -0.2983
vn 0.7935 -0.6058 -0.0585
vn 0.8776 -0.2420 -0.4138
vn 0.9976 -0.0632 -0.0295
vn 0.9539 -0.2910 -0.0737
vn 0.9921 -0.1198 -0.0361
vn 0.9625 -0.2551 0.0927
vn 0.9852 -0.1708 -0.0130
vn 0.9704 -0.1762 0.1651
vn 0.9586 -0.2832 -0.0302
vn 0.9746 -0.2226 -0.0247
vn 0.9017 -0.4247 -0.0808
vn 0.9039 -0.3891 -0.1776
vn 0.7647 -0.6384 -0.0875
vn 0.8773 -0.4672 0.1099
vn 0.9553 -0.2946 -0.0237
vn 0.9795 0.2002 -0.0219
vn 0.8471 0.5264 -0.0737
vn 0.6452 0.7565 -0.1070
vn 0.4478 0.8862 -0.1192
vn 0.3277 0.9376 -0.1164
vn 0.2631 0.9572 -0.1205
vn 0.1633 0.9806 -0.1082
vn -0.0000 0.9941 -0.1087
vn 0.9434 0.1503 -0.2957
vn 0.7470 0.3718 -0.5511
vn 0.5044 0.4720 -0.7231
vn 0.3594 0.4825 -0.7988
vn 0.2941 0.4840 -0.8242
vn 0.2272 0.4847 -0.8446
vn 0.1363 0.4932 -0.8592
vn -0.0000 0.5005 -0.8657
vn 0.9099 -0.0190 -0.4143
vn 0.6604 0.0816 -0.7465
vn 0.3618 0.1229 -0.9241
vn 0.2648 0.1221 -0.9566
vn 0.2218 0.1169 -0.9681
vn 0.1565 0.1171 -0.9807
vn 0.0943 0.1127 -0.9892
vn -0.0292 0.1207 -0.9923
vn 0.8292 -0.3177 -0.4599
vn 0.5468 -0.3443 -0.7632
vn 0.2530 -0.3334 -0.9082
vn 0.1774 -0.3265 -0.9284
vn 0.1452 -0.3187 -0.9367
vn 0.0950 -0.3092 -0.9462
vn 0.0666 -0.3111 -0.9481
vn -0.4090 -0.2672 -0.8725
vn 0.7074 -0.5801 -0.4039
vn 0.4421 -0.6488 -0.6194
vn 0.2142 -0.6601 -0.7200
vn 0.1525 -0.6368 -0.7558
vn 0.1209 -0.6257 -0.7706
vn 0.1106 -0.6106 -0.7842
vn 0.0925 -0.5967 -0.7971
vn -0.0315 -0.5878 -0.8084
vn 0.5253 -0.7926 -0.3095
vn 0.3874 -0.8251 -0.4112
vn 0.2668 -0.8200 -0.5064
vn 0.1794 -0.7930 -0.5822
vn 0.1296 -0.7891 -0.6004
vn 0.1142 -0.7971 -0.5930
vn 0.0923 -0.8036 -0.5879
vn -0.0000 -0.8065 -0.5913
vn 0.8016 -0.3467 -0.4871
vn 0.7991 -0.3475 -0.4905
vn 0.6666 -0.4248 -0.6126
vn 0.4314 -0.3813 -0.8176
vn 0.2800 -0.3723 -0.8848
vn 0.1496 -0.3471 -0.9258
vn 0.1009 -0.3668 -0.9248
vn -0.0000 -0.3675 -0.9300
vn 0.7701 0.0016 0.6380
vn 0.9973 0.0717 -0.0174
vn 0.5470 0.0438 0.8360
vn -0.0000 0.0044 1.0000
vn 0.5279 0.0432 0.8482
vn 0.8582 0.1918 -0.4761
vn 0.8341 0.1892 -0.5181
vn 0.7444 0.1884 -0.6406
vn 0.5325 0.2409 -0.8114
vn 0.3461 0.2859 -0.8936
vn 0.1736 0.3138 -0.9335
vn 0.1029 0.3325 -0.9375
vn -0.0000 0.3386 -0.9409
vn 0.2489 0.5530 -0.7952
vn 0.2659 0.5398 -0.7987
vn 0.2559 0.5547 -0.7917
vn 0.2873 0.6069 -0.7410
vn 0.3238 0.8189 -0.4738
vn 0.4088 0.9010 -0.1452
vn 0.3459 0.3506 0.8703
vn -0.0000 0.3121 0.9501
vn 0.2881 0.5004 0.8164
vn 0.4424 0.8341 0.3295
vn 0.3143 0.6598 0.6826
vn 0.7631 0.0464 0.6446
vn 0.9945 0.0748 0.0729
vn 0.5649 -0.0044 0.8251
vn -0.0000 -0.0288 0.9996
vn 0.5252 -0.0204 0.8507
vn 0.9082 0.0880 -0.4091
vn 0.8259 0.1344 -0.5476
vn 0.7565 0.1839 -0.6277
vn 0.5862 0.2485 -0.7711
vn 0.3694 0.2821 -0.8854
vn 0.2309 0.2993 -0.9258
vn 0.1375 0.3242 -0.9359
vn -0.0000 0.3362 -0.9418
vn 0.6821 0.1698 0.7113
vn 0.8640 0.4550 0.2154
vn 0.5495 -0.0495 0.8340
vn -0.0000 -0.1322 0.9912
vn 0.5357 -0.0904 0.8396
vn 0.8324 0.4742 -0.2869
vn 0.7348 0.4408 -0.5155
vn 0.6573 0.3677 -0.6578
vn 0.5110 0.2926 -0.8083
vn 0.3811 0.2566 -0.8882
vn 0.3120 0.2791 -0.9081
vn 0.2038 0.3270 -0.9228
vn -0.0000 0.3569 -0.9341
vn 0.1779 0.5376 -0.8242
vn -0.0000 0.5435 -0.8394
vn -0.0028 0.7704 0.6376
vn -0.0000 0.7751 0.6318
vn -0.1136 0.8451 0.5224
vn -0.0246 0.9273 0.3735
vn -0.0492 0.8888 0.4557
vn 0.0692 0.9462 0.3162
vn 0.0658 0.9178 0.3915
vn 0.1048 0.9529 0.2845
vn 0.1602 0.9800 0.1178
vn 0.1820 0.9783 -0.0993
vn 0.1559 0.9318 -0.3277
vn 0.1023 0.8409 -0.5314
vn 0.0599 0.8028 -0.5933
vn 0.0577 0.7447 -0.6649
vn 0.1530 0.9821 -0.1097
vn 0.0467 0.7637 -0.6439
vn 0.1101 0.9214 -0.3726
vn 0.0982 0.9022 0.4201
vn 0.0698 0.7709 -0.6331
vn 0.1710 0.9648 0.1997
vn 0.0369 0.7491 -0.6615
vn 0.1912 0.9457 0.2629
vn 0.1954 0.9102 0.3651
vn 0.2134 0.9645 0.1556
vn 0.2557 0.9665 0.0206
vn 0.2717 0.9588 -0.0829
vn 0.2531 0.9430 -0.2161
vn 0.2096 0.8984 -0.3859
vn 0.1725 0.8467 -0.5033
vn 0.1660 0.7039 -0.6906
vn -0.1139 0.8146 0.5687
vn -0.0000 0.7971 0.6039
vn -0.1423 0.7922 0.5935
vn -0.0291 0.7737 0.6329
vn 0.0912 0.7920 0.6037
vn 0.2137 0.7880 0.5774
vn -0.0537 0.6713 0.7393
vn -0.0000 0.6430 0.7658
vn -0.0654 0.6467 0.7599
vn 0.0440 0.5802 0.8133
vn 0.1205 0.5402 0.8328
vn 0.2088 0.5303 0.8217
vn -0.0001 0.5605 0.8282
vn -0.0000 0.5757 0.8177
vn 0.0184 0.5424 0.8399
vn 0.1259 0.4838 0.8661
vn 0.2196 0.3472 0.9117
vn 0.2412 0.2082 0.9479
vn -0.0320 0.7276 0.6852
vn 0.0177 0.6326 0.7743
vn 0.1669 0.4956 0.8524
vn 0.2488 0.6729 0.6966
vn 0.3132 0.7506 0.5818
vn 0.2446 0.6120 0.7521
vn 0.3104 0.4174 0.8541
vn 0.5200 0.5428 0.6595
vn 0.7293 0.5846 0.3555
vn 0.6335 0.3455 0.6923
vn 0.4159 0.2825 0.8644
vn 0.7124 0.3367 0.6158
vn 0.9460 0.2707 0.1782
vn 0.9698 0.1408 0.1993
vn 0.4660 0.1698 0.8683
vn 0.7794 0.1202 0.6149
vn 0.9963 0.0343 0.0788
vn 0.9858 0.0293 0.1653
vn 0.4368 0.0350 0.8989
vn 0.7532 -0.1069 0.6491
vn 0.9429 -0.3174 0.1008
vn 0.9462 -0.3230 0.0197
vn 0.3995 -0.0944 0.9119
vn 0.6207 -0.3467 0.7032
vn 0.7626 -0.6008 0.2397
vn 0.8509 -0.4215 0.3136
vn 0.2850 -0.1556 0.9458
vn 0.4156 -0.5184 0.7473
vn 0.4426 -0.8369 0.3220
vn 0.3099 -0.5837 -0.7505
vn 0.0851 -0.2108 0.9738
vn 0.0609 -0.5985 0.7988
vn 0.0348 -0.9260 0.3760
vn -0.2141 -0.5629 -0.7983
vn 0.0749 0.2060 0.9757
vn -0.1178 -0.1744 0.9776
vn -0.2671 -0.5617 0.7830
vn -0.3616 -0.8841 0.2960
vn -0.2989 -0.4873 -0.8205
vn -0.2848 -0.0845 0.9549
vn -0.5261 -0.3839 0.7588
vn -0.6650 -0.7307 0.1545
vn -0.6610 0.2063 -0.7214
vn -0.3771 0.0419 0.9252
vn -0.7121 -0.1353 0.6889
vn -0.1448 -0.9784 -0.1476
vn -0.8075 0.2400 0.5389
vn -0.3779 0.1968 0.9047
vn -0.7549 0.1133 0.6460
vn -0.7094 0.0822 0.7000
vn -1.0000 -0.0000 -0.0000
vn -0.3448 0.3462 0.8725
vn -0.6666 0.3311 0.6678
vn -0.2790 0.4427 0.8522
vn -0.4651 0.1781 0.8672
vn -0.2559 0.4603 0.8501
vn -0.4494 0.5396 0.7119
vn -0.6265 0.4350 0.6467
vn -0.3284 0.3638 0.8717
vn -0.1682 0.5109 0.8430
vn -0.2972 0.6389 0.7095
vn -0.2854 0.6186 0.7321
vn -0.0599 0.5568 0.8285
vn -0.0267 0.5178 0.8551
vn -0.0826 0.6828 0.7260
vn -0.0000 0.6047 0.7965
vn -0.9492 0.1509 0.2762
vn -0.7742 0.0652 0.6296
vn -0.0000 0.2216 0.9751
vn -0.0000 0.4790 0.8778
vn 0.1376 0.6244 -0.7689
vn 0.1380 0.6730 -0.7267
vn 0.0869 0.5973 -0.7973
vn -0.0000 0.5740 -0.8189
vn 0.0841 0.5709 -0.8167
vn 0.0836 0.6571 -0.7492
vn 0.1526 0.4839 -0.8617
vn 0.1237 0.3576 -0.9257
vn 0.1747 0.3676 -0.9134
vn 0.0503 0.3583 -0.9323
vn -0.0000 0.3478 -0.9376
vn 0.0934 0.3434 -0.9346
vn 0.1443 0.3689 -0.9182
vn 0.1520 0.2774 -0.9487
vn 0.0989 0.1319 -0.9863
vn 0.2241 0.1340 -0.9653
vn 0.0293 0.1288 -0.9912
vn -0.0000 0.1162 -0.9932
vn 0.1078 0.0998 -0.9891
vn 0.1973 0.1236 -0.9725
vn 0.1673 0.0657 -0.9837
vn 0.1198 -0.0569 -0.9912
vn 0.1987 -0.0464 -0.9790
vn 0.0412 -0.0407 -0.9983
vn -0.0000 -0.0380 -0.9993
vn 0.2039 -0.0531 -0.9775
vn 0.1842 -0.0294 -0.9825
vn 0.2296 -0.1483 -0.9619
vn 0.1743 -0.2235 -0.9590
vn 0.1638 -0.2286 -0.9596
vn 0.0845 -0.2200 -0.9718
vn -0.0000 -0.2150 -0.9766
vn 0.4564 -0.1182 -0.8819
vn 0.3265 -0.2006 -0.9237
vn 0.4264 -0.2907 -0.8566
vn 0.4816 -0.3536 0.8019
vn 0.9646 0.0444 0.2601
vn 0.7905 -0.3988 0.4648
vn 0.9341 0.3224 -0.1535
vn 0.6064 0.7317 -0.3113
vn 0.9422 0.2742 -0.1925
vn -0.9655 -0.1100 -0.2360
vn 0.8263 -0.0679 -0.5591
vn 0.9209 0.0989 -0.3770
vn 0.9826 0.0383 0.1815
vn 0.9988 -0.0479 0.0132
vn 0.9875 -0.0880 -0.1309
vn 0.7830 -0.1693 -0.5985
vn 0.1756 -0.4263 -0.8874
vn 0.1409 -0.4269 -0.8933
vn 0.1023 -0.4362 -0.8940
vn -0.0000 -0.4367 -0.8996
vn 0.2909 -0.3882 -0.8744
vn 0.9737 -0.0256 0.2262
vn 0.9971 -0.0748 -0.0095
vn 0.9816 -0.1169 -0.1511
vn 0.7640 -0.2591 -0.5908
vn 0.1211 -0.5660 -0.8155
vn 0.1002 -0.5437 -0.8333
vn 0.0687 -0.5925 -0.8026
vn -0.0000 -0.6066 -0.7950
vn 0.2498 -0.5101 -0.8230
vn 0.9636 -0.1091 0.2439
vn 0.9780 -0.2088 -0.0028
vn 0.9535 -0.2478 -0.1717
vn 0.6690 -0.4221 -0.6118
vn 0.0561 -0.5278 -0.8475
vn 0.0635 -0.4976 -0.8651
vn 0.0005 -0.5467 -0.8373
vn -0.0000 -0.5471 -0.8371
vn 0.2357 -0.4737 -0.8486
vn 0.9410 -0.2340 0.2443
vn 0.9855 -0.1641 0.0439
vn 0.9669 -0.1948 -0.1647
vn 0.7639 -0.3397 -0.5487
vn -0.0007 -0.4466 -0.8947
vn 0.0098 -0.4038 -0.9148
vn -0.0155 -0.4539 -0.8909
vn -0.0000 -0.4459 -0.8951
vn 0.2308 -0.3265 -0.9166
vn 0.8094 0.0406 0.5859
vn 0.9815 -0.0922 0.1677
vn 0.9817 -0.0934 -0.1661
vn 0.7540 -0.2137 -0.6212
vn -0.0000 -0.1288 0.9917
vn 0.2545 0.9424 0.2171
vn 0.1305 0.9596 0.2494
vn 0.3009 0.6779 0.6707
vn -0.0000 0.5458 0.8379
vn -0.0132 -0.1362 0.9906
vn 0.0924 -0.1512 0.9842
vn 0.3345 -0.1151 0.9353
vn 0.3006 0.2107 -0.9302
vn 0.9546 0.0382 -0.2953
vn 0.9881 0.0991 0.1176
vn 0.7370 0.0076 0.6759
vn -0.0000 0.1985 -0.9801
vn -0.0099 0.1595 -0.9872
vn 0.0188 0.2458 -0.9691
vn -0.0380 0.2195 -0.9749
vn -0.0000 0.1333 -0.9911
vn 0.7289 0.0165 0.6844
vn 0.2803 0.0850 -0.9561
vn -0.0000 -0.0990 0.9951
vn -0.0194 -0.1049 0.9943
vn 0.9816 0.0643 0.1800
vn -0.0097 0.1333 -0.9910
vn -0.0094 0.1333 -0.9910
vn 0.0388 0.1212 -0.9919
vn 0.7256 0.0420 -0.6868
vn 0.0704 -0.1131 0.9911
vn 0.3467 -0.0700 0.9354
vn 0.9612 0.0383 -0.2733
vn -0.0000 0.0559 -0.9984
vn -0.0000 -0.0233 -0.9997
vn -0.0000 -0.2737 -0.9618
vn 0.7549 0.0339 0.6549
vn 0.7565 0.0311 0.6533
vn 0.7124 0.0650 0.6987
vn -0.0081 0.0563 -0.9984
vn -0.0058 -0.0231 -0.9997
vn 0.0015 -0.2708 -0.9626
vn 0.7390 0.0156 -0.6735
vn 0.7277 -0.0328 -0.6851
vn 0.7442 -0.1164 -0.6577
vn 0.0459 -0.1538 0.9870
vn 0.0043 -0.1256 0.9921
vn 0.0005 0.0388 0.9992
vn 0.9681 0.0282 -0.2491
vn 0.9751 0.0284 -0.2202
vn 0.9807 -0.0342 -0.1924
vn 0.2295 -0.2046 -0.9516
vn 0.2418 -0.0657 -0.9681
vn 0.2575 0.0347 -0.9657
vn -0.0000 -0.0425 0.9991
vn -0.0000 -0.1303 0.9915
vn -0.0000 -0.1613 0.9869
vn -0.0015 -0.0375 0.9993
vn -0.0330 -0.1209 0.9921
vn -0.0290 -0.1571 0.9872
vn 0.9785 -0.0584 0.1978
vn 0.9790 0.0590 0.1949
vn 0.9818 0.0564 0.1816
vn -0.0278 -0.2596 -0.9653
vn -0.0243 -0.0342 -0.9991
vn -0.0082 0.0574 -0.9983
vn -0.0206 -0.2533 -0.9672
vn 0.0099 -0.0608 -0.9981
vn 0.0318 0.0526 -0.9981
vn 0.2576 0.1083 0.9602
vn 0.3493 -0.0675 0.9346
vn 0.3584 -0.0727 0.9307
vn 0.7685 0.0390 -0.6386
vn 0.4707 0.8637 0.1803
vn 0.4626 0.8319 0.3065
vn 0.4693 0.8815 0.0514
vn 0.4792 0.8757 -0.0596
vn 0.4732 0.8768 -0.0853
vn 0.4822 0.8640 -0.1449
vn 0.4644 0.8312 -0.3058
vn 0.4367 0.7682 -0.4682
vn 0.3768 0.6402 -0.6695
vn 0.4271 0.7437 0.5143
vn 0.3410 0.5481 0.7638
vn 0.1907 0.2429 0.9511
vn 0.2811 0.4479 -0.8487
vn 0.2034 0.2796 -0.9383
vn 0.0898 0.0757 -0.9931
vn -0.0216 -0.1614 -0.9866
vn -0.1095 -0.4953 -0.8618
vn -0.0125 -0.1787 0.9838
vn -0.0391 -0.6335 0.7728
vn -0.3355 -0.7132 0.6155
vn -0.1330 -0.7004 -0.7013
vn -0.7686 -0.6372 0.0572
vn 0.7410 0.6634 0.1039
vn 0.7327 0.6396 0.2327
vn 0.7389 0.6738 -0.0030
vn 0.7395 0.6664 -0.0956
vn 0.7365 0.6686 -0.1023
vn 0.7347 0.6624 -0.1460
vn 0.7081 0.6385 -0.3015
vn 0.6649 0.5934 -0.4536
vn 0.5587 0.4970 -0.6640
vn 0.6713 0.5786 0.4633
vn 0.5377 0.4255 0.7279
vn 0.2232 0.1327 0.9657
vn 0.4163 0.3620 -0.8340
vn 0.2705 0.2202 -0.9372
vn 0.0925 0.0403 -0.9949
vn -0.1814 -0.2065 -0.9615
vn -0.5382 -0.5027 -0.6765
vn -0.2508 -0.2563 0.9335
vn -0.5916 -0.4799 0.6479
vn -0.7033 -0.5715 0.4228
vn -0.6970 -0.6320 -0.3387
vn -0.5999 -0.7996 0.0296
vn 0.7591 0.6377 0.1307
vn 0.7514 0.6064 0.2603
vn 0.7584 0.6516 0.0160
vn 0.7479 0.6593 -0.0776
vn 0.7448 0.6612 -0.0900
vn 0.7395 0.6589 -0.1380
vn 0.7184 0.6287 -0.2977
vn 0.6775 0.5772 -0.4559
vn 0.5871 0.4631 -0.6640
vn 0.7124 0.5220 0.4689
vn 0.5952 0.3632 0.7168
vn 0.3261 0.0654 0.9431
vn 0.4757 0.3280 -0.8161
vn 0.3615 0.1903 -0.9128
vn 0.2048 0.0075 -0.9788
vn -0.0267 -0.2487 -0.9682
vn -0.3452 -0.5693 -0.7461
vn -0.1156 -0.3479 0.9304
vn -0.4080 -0.6072 0.6817
vn -0.5326 -0.7303 0.4278
vn -0.5265 -0.7485 -0.4032
vn -0.5855 -0.8104 0.0219
vn 0.6497 0.7289 0.2158
vn 0.6295 0.6955 0.3464
vn 0.6588 0.7477 0.0833
vn 0.6571 0.7534 -0.0269
vn 0.6533 0.7553 -0.0532
vn 0.6486 0.7524 -0.1152
vn 0.6271 0.7247 -0.2855
vn 0.5830 0.6688 -0.4613
vn 0.4875 0.5465 -0.6809
vn 0.5676 0.6076 0.5556
vn 0.4322 0.4342 0.7904
vn 0.1903 0.1309 0.9730
vn 0.3593 0.3812 -0.8518
vn 0.2376 0.2215 -0.9458
vn 0.0931 0.0354 -0.9950
vn -0.0874 -0.1996 -0.9760
vn -0.3428 -0.5196 -0.7826
vn -0.1665 -0.2990 0.9396
vn -0.4139 -0.5974 0.6869
vn -0.5320 -0.7354 0.4197
vn -0.5338 -0.7302 -0.4265
vn -0.5945 -0.8039 0.0182
vn 0.6276 0.7292 0.2728
vn 0.6035 0.6953 0.3903
vn 0.6406 0.7533 0.1486
vn 0.6404 0.7668 0.0445
vn 0.6339 0.7733 0.0164
vn 0.6268 0.7773 -0.0531
vn 0.6058 0.7601 -0.2350
vn 0.5582 0.7089 -0.4312
vn 0.4524 0.5801 -0.6773
vn 0.5280 0.6074 0.5936
vn 0.3760 0.4287 0.8215
vn 0.1212 0.1168 0.9857
vn 0.3099 0.4007 -0.8622
vn 0.1720 0.2260 -0.9588
vn 0.0301 0.0401 -0.9987
vn -0.1468 -0.1929 -0.9702
vn -0.3700 -0.4963 -0.7853
vn -0.2061 -0.2996 0.9315
vn -0.4289 -0.5840 0.6892
vn -0.5376 -0.7305 0.4212
vn -0.5342 -0.7174 -0.4472
vn -0.5254 -0.8508 0.0093
vn 0.6460 0.6855 0.3358
vn 0.6276 0.6538 0.4227
vn 0.6592 0.7137 0.2369
vn 0.6645 0.7313 0.1537
vn 0.6571 0.7414 0.1365
vn 0.6587 0.7492 0.0701
vn 0.6557 0.7464 -0.1143
vn 0.6275 0.7092 -0.3213
vn 0.5414 0.5938 -0.5952
vn 0.5626 0.5678 0.6009
vn 0.4312 0.3941 0.8116
vn 0.2099 0.0962 0.9730
vn 0.3981 0.4135 -0.8189
vn 0.2650 0.2330 -0.9357
vn 0.1233 0.0359 -0.9917
vn -0.0533 -0.2090 -0.9765
vn -0.2829 -0.5315 -0.7984
vn -0.1095 -0.3139 0.9431
vn -0.3438 -0.6082 0.7154
vn -0.4707 -0.7744 0.4228
vn -0.4585 -0.7721 -0.4400
vn 0.2784 0.0542 -0.9589
vn 0.4492 0.2683 -0.8522
vn 0.6138 0.4914 -0.6179
vn 0.1890 0.1424 0.9716
vn 0.4423 0.4389 0.7821
vn 0.5576 0.5659 0.6073
vn 0.7022 0.6329 -0.3261
vn 0.7250 0.6705 -0.1575
vn 0.7293 0.6823 -0.0504
vn 0.7274 0.6850 0.0415
vn 0.7261 0.6835 0.0748
vn 0.6988 0.6993 0.1504
vn 0.6564 0.6941 0.2955
vn 0.6115 0.6410 0.4640
vn 0.6314 0.6687 0.3926
vn -0.4972 -0.8676 0.0047
vn -0.0000 -0.2083 0.9781
vn -0.1825 -0.1790 0.9668
vn -0.0000 -0.5290 0.8486
vn -0.2683 -0.3183 0.9092
vn -0.0000 -0.9238 0.3830
vn -0.2662 -0.6952 0.6677
vn -0.0000 -0.9962 0.0872
vn 0.9961 0.0700 0.0528
vn -0.0000 -0.9983 0.0575
vn 0.9162 0.3936 0.0748
vn -0.0000 -1.0000 -0.0095
vn 0.9603 0.2764 -0.0390
vn -0.0000 -0.9549 -0.2969
vn 0.7940 -0.4326 -0.4271
vn -0.0000 -0.7840 -0.6208
vn -0.0461 -0.0726 0.9963
vn -0.1392 -0.0810 0.9869
vn 0.2685 0.0335 0.9627
vn 0.2577 0.0789 0.9630
vn 0.7417 0.0576 0.6682
vn 0.7533 0.1315 0.6444
vn 0.9749 0.1961 0.1057
vn 0.9679 0.2114 0.1362
vn 0.8984 0.3380 -0.2805
vn 0.9219 0.2721 -0.2756
vn 0.6572 0.3534 -0.6658
vn 0.7240 0.1929 -0.6623
vn 0.1784 0.2015 -0.9631
vn 0.2164 0.0495 -0.9750
vn -0.1721 0.0286 -0.9847
vn -0.0675 -0.2338 -0.9699
vn -0.0987 -0.5834 -0.8062
vn -0.0000 -0.2855 -0.9584
vn 0.0279 -0.2856 -0.9580
vn -0.0000 -0.1788 0.9839
vn -0.0000 -0.1402 0.9901
vn -0.0000 -0.1433 0.9897
vn -0.0000 -0.1417 0.9899
vn -0.0000 -0.1490 0.9888
vn -0.1061 -0.1242 0.9866
vn -0.0435 -0.1368 0.9896
vn -0.0477 -0.1528 0.9871
vn -0.0471 -0.1434 0.9885
vn -0.0219 -0.1823 0.9830
vn -0.0825 0.3830 -0.9201
vn -0.1100 0.5252 -0.8438
vn -0.1013 0.4666 -0.8787
vn -0.0833 0.2364 -0.9681
vn -0.0844 0.1263 -0.9884
vn -0.0000 0.3607 -0.9327
vn -0.0000 0.5218 -0.8531
vn -0.0000 0.4297 -0.9030
vn -0.0000 0.2357 -0.9718
vn -0.0000 0.1303 -0.9915
vn 0.0858 -0.1910 0.9778
vn 0.0756 -0.1565 0.9848
vn 0.0731 -0.1579 0.9847
vn 0.0572 -0.1561 0.9861
vn 0.0047 -0.0749 0.9972
vn 0.3389 -0.1539 0.9282
vn 0.3278 -0.1465 0.9333
vn 0.3367 -0.1456 0.9303
vn 0.3402 -0.1566 0.9272
vn 0.3013 -0.0725 0.9508
vn 0.7736 0.0148 0.6335
vn 0.7681 0.0229 0.6400
vn 0.7689 0.0134 0.6392
vn 0.7609 -0.0155 0.6487
vn 0.7535 0.0025 0.6574
vn 0.9749 0.1913 0.1143
vn 0.9491 0.3104 0.0538
vn 0.9672 0.2464 0.0624
vn 0.9628 0.2605 0.0722
vn 0.9644 0.2522 0.0792
vn 0.9131 0.2347 -0.3335
vn 0.8404 0.4168 -0.3463
vn 0.8400 0.3933 -0.3738
vn 0.8322 0.4375 -0.3406
vn 0.8551 0.4181 -0.3066
vn 0.6281 0.3575 -0.6912
vn 0.5709 0.5104 -0.6431
vn 0.5539 0.5356 -0.6375
vn 0.5684 0.5649 -0.5981
vn 0.6137 0.4818 -0.6255
vn 0.2277 0.4751 -0.8500
vn 0.1444 0.5863 -0.7971
vn 0.1403 0.5935 -0.7925
vn 0.1331 0.5484 -0.8255
vn 0.1496 0.3797 -0.9130
vn -0.0959 0.4495 -0.8881
vn -0.1520 0.5559 -0.8172
vn -0.2052 0.5299 -0.8229
vn -0.2026 0.3709 -0.9063
vn -0.1960 0.1896 -0.9621
vn -0.5352 -0.2118 0.8177
vn -0.6715 0.6846 0.2835
vn -0.2736 0.9510 0.1443
vn -0.4437 0.8960 0.0156
vn -0.2577 0.9616 -0.0938
vn -0.7011 0.6826 -0.2060
vn -0.2706 -0.0480 0.9615
vn 0.1932 0.1200 0.9738
vn 0.7338 0.1785 0.6555
vn 0.9588 0.2108 0.1902
vn 0.9397 0.1811 -0.2902
vn 0.7218 0.0545 -0.6900
vn 0.2842 -0.1348 -0.9492
vn -0.1584 -0.3549 -0.9214
vn -0.8171 0.2395 -0.5243
vn -0.6508 -0.0304 0.7586
vn -0.8977 -0.0274 0.4397
vn -0.7335 -0.0804 0.6749
vn -0.9994 -0.0314 -0.0172
vn -0.8584 -0.1051 -0.5021
vn -0.9236 -0.0259 -0.3825
vn -0.4074 -0.0250 0.9129
vn 0.1692 -0.0380 0.9848
vn 0.7245 -0.0379 0.6882
vn 0.9692 -0.0125 0.2458
vn 0.9290 -0.0119 -0.3699
vn 0.5825 -0.0484 -0.8114
vn 0.1670 -0.0667 -0.9837
vn -0.1730 -0.0646 -0.9828
vn -0.5984 -0.0458 -0.7999
vn -0.9288 -0.0131 0.3703
vn -0.9276 0.0245 0.3728
vn -0.9048 0.0033 0.4258
vn -0.9007 0.0024 0.4345
vn 0.9666 0.1739 0.1883
vn 0.9759 0.0869 0.2002
vn 0.9366 0.0720 -0.3429
vn 0.9363 0.1380 -0.3228
vn 0.6476 -0.0620 -0.7594
vn 0.6855 -0.0657 -0.7251
vn -0.9728 -0.0319 -0.2296
vn -0.9697 -0.0560 -0.2378
vn 0.2329 -0.2493 -0.9400
vn 0.3013 -0.3365 -0.8922
vn -0.9398 -0.1721 -0.2954
vn -0.9181 -0.1233 -0.3766
vn -0.0860 -0.3466 -0.9341
vn -0.1223 -0.4879 -0.8643
vn -0.6667 0.0002 0.7453
vn -0.6513 -0.0086 0.7588
vn -0.3968 0.0093 0.9179
vn -0.3978 0.0190 0.9173
vn -0.5781 -0.4491 -0.6813
vn -0.5264 -0.3069 -0.7929
vn 0.1590 0.0253 0.9870
vn 0.1847 0.0856 0.9791
vn 0.7362 0.0429 0.6754
vn 0.7342 0.1402 0.6643
vn -0.6585 -0.1081 0.7448
vn -0.8824 -0.1105 0.4574
vn -0.9839 -0.0912 0.1535
vn -0.9972 -0.0741 -0.0072
vn -0.9922 -0.0760 -0.0987
vn -0.9163 -0.0817 -0.3921
vn -0.4236 -0.0972 0.9006
vn 0.1530 -0.1235 0.9805
vn 0.7069 -0.1225 0.6967
vn 0.9582 -0.1119 0.2634
vn 0.9142 -0.0972 -0.3934
vn 0.5556 -0.0792 -0.8276
vn 0.1645 -0.0491 -0.9852
vn -0.1852 -0.0392 -0.9819
vn -0.5920 -0.0665 -0.8032
vn -0.7600 -0.2259 0.6094
vn -0.9100 -0.2309 0.3444
vn -0.9631 -0.2110 0.1670
vn -0.9841 -0.1776 0.0032
vn -0.9836 -0.1558 -0.0904
vn -0.9315 -0.0872 -0.3530
vn -0.4815 -0.1892 0.8558
vn 0.1306 -0.1616 0.9782
vn 0.7344 -0.1123 0.6694
vn 0.9800 -0.0580 0.1902
vn 0.8844 0.0598 -0.4628
vn 0.5348 0.1560 -0.8305
vn 0.1381 0.1885 -0.9723
vn -0.2419 0.1559 -0.9577
vn -0.6633 0.0475 -0.7468
vn 0.8977 -0.1564 -0.4120
vn 0.8927 -0.1727 -0.4164
vn 0.9017 -0.1354 -0.4105
vn 0.9008 -0.0997 -0.4226
vn 0.8919 -0.0566 -0.4486
vn 0.8881 -0.0180 -0.4593
vn 0.4806 0.0648 -0.8745
vn 0.4966 0.0047 -0.8680
vn 0.5119 -0.0382 -0.8582
vn 0.5157 -0.0513 -0.8552
vn 0.5176 -0.0842 -0.8515
vn 0.5280 -0.0979 -0.8436
vn -0.9901 -0.0872 -0.1100
vn -0.9915 -0.0656 -0.1123
vn -0.9914 -0.0652 -0.1136
vn -0.9921 -0.0418 -0.1187
vn -0.9927 0.0229 -0.1183
vn -0.9935 0.0054 -0.1140
vn -0.9999 -0.0097 -0.0049
vn -0.9999 0.0095 -0.0079
vn -0.9985 -0.0537 -0.0086
vn -0.9974 -0.0719 -0.0047
vn -0.9977 -0.0680 -0.0013
vn -0.9956 -0.0937 -0.0026
vn 0.1208 0.1073 -0.9869
vn 0.1196 0.0358 -0.9922
vn 0.1207 -0.0149 -0.9926
vn 0.1178 -0.0073 -0.9930
vn 0.1233 -0.0323 -0.9918
vn 0.1435 -0.0570 -0.9880
vn -0.9098 -0.0793 -0.4073
vn -0.9175 -0.0574 -0.3937
vn -0.9282 -0.0499 -0.3686
vn -0.9267 -0.0206 -0.3752
vn -0.9190 0.0455 -0.3917
vn -0.9183 0.0421 -0.3936
vn -0.2028 0.1144 -0.9725
vn -0.1970 0.0518 -0.9790
vn -0.1942 -0.0034 -0.9809
vn -0.1958 0.0027 -0.9806
vn -0.1935 -0.0184 -0.9809
vn -0.1841 -0.0442 -0.9819
vn -0.6839 -0.1306 0.7178
vn -0.7173 -0.1250 0.6854
vn -0.7268 -0.1484 0.6707
vn -0.7374 -0.1426 0.6602
vn -0.7411 -0.0980 0.6642
vn -0.7294 -0.0948 0.6775
vn -0.4732 -0.1317 0.8711
vn -0.4913 -0.1496 0.8580
vn -0.4950 -0.1762 0.8508
vn -0.4906 -0.1785 0.8529
vn -0.4789 -0.1419 0.8663
vn -0.4500 -0.1254 0.8842
vn -0.5876 -0.0605 -0.8068
vn -0.6101 -0.0336 -0.7916
vn -0.6257 -0.0174 -0.7798
vn -0.6234 -0.0034 -0.7819
vn -0.6161 0.0596 -0.7854
vn -0.6090 0.0919 -0.7878
vn 0.1474 -0.1705 0.9743
vn 0.1551 -0.2062 0.9661
vn 0.1666 -0.2346 0.9577
vn 0.1525 -0.2390 0.9590
vn 0.1494 -0.2108 0.9660
vn 0.1476 -0.1842 0.9717
vn 0.7039 -0.1417 0.6960
vn 0.7050 -0.1771 0.6868
vn 0.7033 -0.2133 0.6782
vn 0.6956 -0.2283 0.6812
vn 0.6901 -0.2331 0.6852
vn 0.6894 -0.2050 0.6947
vn -0.8807 -0.1276 0.4562
vn -0.8904 -0.1038 0.4432
vn -0.8901 -0.1201 0.4396
vn -0.8974 -0.1122 0.4268
vn -0.9049 -0.0526 0.4225
vn -0.9078 -0.0617 0.4148
vn 0.9597 -0.1063 0.2602
vn 0.9544 -0.1417 0.2627
vn 0.9479 -0.1849 0.2595
vn 0.9388 -0.2176 0.2670
vn 0.9332 -0.2405 0.2672
vn 0.9385 -0.2057 0.2774
vn -0.9787 -0.1096 0.1736
vn -0.9822 -0.0802 0.1697
vn -0.9816 -0.0898 0.1682
vn -0.9840 -0.0769 0.1609
vn -0.9870 -0.0131 0.1600
vn -0.9863 -0.0329 0.1615
vn -0.7830 -0.2941 0.5481
vn -0.9055 -0.2701 0.3274
vn -0.9573 -0.2424 0.1576
vn -0.9774 -0.2114 0.0032
vn -0.9795 -0.1828 -0.0849
vn -0.9356 -0.0762 -0.3447
vn -0.5078 -0.2848 0.8130
vn 0.0945 -0.2280 0.9691
vn 0.7444 -0.0684 0.6642
vn 0.9845 0.1070 0.1390
vn 0.8849 0.2385 -0.4000
vn 0.5525 0.3350 -0.7633
vn 0.1375 0.3364 -0.9316
vn -0.2323 0.2684 -0.9349
vn -0.6628 0.1258 -0.7382
vn -0.7673 -0.2427 0.5936
vn -0.9223 -0.1771 0.3435
vn -0.9739 -0.1415 0.1773
vn -0.9946 -0.1032 0.0130
vn -0.9944 -0.0633 -0.0843
vn -0.9292 0.0677 -0.3634
vn -0.4862 -0.3092 0.8173
vn 0.0844 -0.2777 0.9570
vn 0.7460 -0.0567 0.6636
vn 0.9800 0.1285 0.1520
vn 0.8899 0.2772 -0.3622
vn 0.5143 0.3959 -0.7607
vn 0.1138 0.3878 -0.9147
vn -0.1924 0.3450 -0.9187
vn -0.6089 0.2563 -0.7507
vn -0.9894 -0.1011 -0.1045
vn -0.7904 -0.1453 0.5951
vn -0.9358 -0.0773 0.3440
vn -0.9854 -0.0302 0.1674
vn -0.9999 0.0089 0.0147
vn -0.9959 0.0371 -0.0820
vn -0.9248 0.1199 -0.3611
vn -0.4712 -0.2338 0.8505
vn 0.1224 -0.2171 0.9685
vn 0.7428 -0.0410 0.6683
vn 0.9006 0.2479 -0.3570
vn 0.5250 0.3034 -0.7952
vn 0.0936 0.2854 -0.9538
vn -0.2024 0.2744 -0.9401
vn -0.6159 0.2288 -0.7538
vn 0.8849 -0.0709 -0.4604
vn -0.9220 -0.0467 -0.3844
vn -0.7356 -0.1404 0.6627
vn -0.6268 0.0456 -0.7778
vn -0.9123 -0.1512 0.3807
vn -0.9768 -0.1405 0.1613
vn 0.5012 0.0478 -0.8640
vn -0.9931 -0.1176 -0.0021
vn 0.1351 0.1087 -0.9849
vn -0.2121 0.1094 -0.9711
vn -0.4543 -0.1303 0.8813
vn 0.1474 -0.1508 0.9775
vn 0.7157 -0.1491 0.6823
vn 0.9650 -0.1526 0.2133
vn 0.9793 0.1222 0.1614
vn -0.7878 -0.0796 0.6108
vn -0.9340 -0.0369 0.3554
vn -0.9863 -0.0082 0.1649
vn -0.9999 0.0080 0.0140
vn -0.9962 0.0173 -0.0850
vn -0.9214 0.0347 -0.3871
vn -0.4612 -0.1228 0.8788
vn 0.1354 -0.1151 0.9841
vn 0.7325 -0.0205 0.6805
vn 0.9839 0.0823 0.1587
vn 0.9207 0.1366 -0.3655
vn 0.5430 0.1289 -0.8298
vn 0.0824 0.1006 -0.9915
vn -0.2231 0.0846 -0.9711
vn -0.6124 0.0576 -0.7884
vn -0.2557 -0.1303 -0.9579
vn 0.0804 -0.1505 -0.9853
vn 0.5541 -0.1779 -0.8132
vn 0.9046 -0.1834 -0.3849
vn 0.9677 -0.1671 0.1886
vn 0.7173 -0.1200 0.6863
vn 0.0403 -0.1041 0.9937
vn -0.5695 -0.1280 0.8120
vn -0.9167 -0.0844 -0.3905
vn -0.9946 -0.0596 -0.0848
vn -0.9963 -0.0648 0.0560
vn -0.9660 -0.0871 0.2435
vn -0.8983 -0.1211 0.4223
vn -0.6117 -0.1138 -0.7828
vn -0.7824 -0.1535 0.6036
vn -0.9186 -0.0263 -0.3944
vn -0.9099 -0.0605 -0.4103
vn -0.9078 -0.0713 -0.4133
vn -0.9096 -0.0727 -0.4090
vn -0.9966 -0.0118 -0.0821
vn -0.9941 -0.0484 -0.0974
vn -0.9912 -0.0702 -0.1125
vn -0.9927 -0.0647 -0.1020
vn 0.9799 0.0451 0.1943
vn 0.9794 -0.0290 0.2000
vn 0.9731 -0.1199 0.1967
vn 0.9632 -0.1906 0.1893
vn -0.5209 -0.0711 0.8506
vn -0.4965 -0.0494 0.8666
vn -0.4736 -0.0463 0.8795
vn -0.4575 -0.0573 0.8874
vn -0.9998 -0.0113 0.0182
vn -0.9990 -0.0406 0.0207
vn -0.9974 -0.0691 0.0208
vn -0.9973 -0.0703 0.0224
vn -0.9212 -0.0709 0.3826
vn -0.9123 -0.0525 0.4061
vn -0.9081 -0.0586 0.4147
vn -0.9208 -0.0377 0.3881
vn 0.7077 -0.1528 0.6898
vn 0.7080 -0.1039 0.6985
vn 0.7069 -0.0366 0.7063
vn 0.7103 0.0005 0.7039
vn 0.0497 -0.0990 0.9938
vn 0.0781 -0.0746 0.9942
vn 0.1139 -0.0411 0.9926
vn 0.1137 -0.0452 0.9925
vn -0.6018 -0.0453 -0.7974
vn -0.6004 -0.0588 -0.7976
vn -0.6112 -0.0738 -0.7880
vn -0.6096 -0.0976 -0.7867
vn 0.9162 -0.1900 -0.3529
vn 0.9315 -0.1219 -0.3427
vn 0.9406 -0.0273 -0.3385
vn 0.9364 0.0571 -0.3462
vn -0.7726 -0.0533 0.6327
vn -0.7804 -0.0601 0.6223
vn -0.7902 -0.0532 0.6106
vn -0.7904 -0.0775 0.6077
vn 0.5713 -0.1633 -0.8043
vn 0.5817 -0.1141 -0.8054
vn 0.6053 -0.0443 -0.7948
vn 0.5953 0.0244 -0.8032
vn 0.0609 -0.1222 -0.9906
vn 0.0471 -0.0953 -0.9943
vn 0.0425 -0.0583 -0.9974
vn 0.0611 -0.0124 -0.9981
vn -0.9757 -0.0722 0.2070
vn -0.9694 -0.0651 0.2368
vn -0.9704 -0.0505 0.2361
vn -0.9808 -0.0209 0.1938
vn -0.2685 -0.1098 -0.9570
vn -0.2771 -0.0817 -0.9574
vn -0.2887 -0.0554 -0.9558
vn -0.2672 -0.0329 -0.9631
vn -0.2826 -0.1590 -0.9460
vn 0.0767 -0.1570 -0.9846
vn 0.5756 -0.1862 -0.7963
vn 0.9118 -0.1791 -0.3696
vn 0.9877 -0.1131 0.1080
vn 0.7727 -0.0170 0.6345
vn 0.0292 0.0369 0.9989
vn -0.5894 0.0239 0.8075
vn -0.9569 -0.1729 -0.2332
vn -0.9873 -0.1574 0.0232
vn -0.9871 -0.1282 0.0954
vn -0.9681 -0.1201 0.2198
vn -0.9579 -0.1018 0.2684
vn -0.7150 -0.1670 -0.6789
vn -0.8787 -0.0364 0.4760
vn 0.9274 -0.1195 -0.3546
vn 0.9199 -0.1229 -0.3725
vn 0.9310 -0.1157 -0.3461
vn 0.9330 -0.0904 -0.3483
vn 0.5790 -0.0802 -0.8114
vn 0.5676 -0.1307 -0.8129
vn 0.5556 -0.1487 -0.8180
vn 0.5617 -0.1504 -0.8136
vn -0.9265 -0.0934 -0.3645
vn -0.9361 -0.0956 -0.3384
vn -0.9460 -0.1366 -0.2940
vn -0.9560 -0.1572 -0.2476
vn -0.9884 -0.1321 0.0745
vn -0.9908 -0.1093 0.0793
vn -0.9964 -0.0828 0.0186
vn -0.9961 -0.0803 -0.0370
vn 0.0401 -0.0738 0.9965
vn 0.0219 -0.0388 0.9990
vn 0.0285 -0.0226 0.9993
vn 0.0422 -0.0027 0.9991
vn 0.7303 -0.0287 0.6825
vn 0.7287 -0.0450 0.6834
vn 0.7342 -0.0540 0.6768
vn 0.7394 -0.0675 0.6699
vn -0.7918 -0.1030 0.6020
vn -0.8092 -0.0392 0.5862
vn -0.8297 -0.0117 0.5582
vn -0.8546 0.0024 0.5193
vn -0.6346 0.0146 0.7727
vn -0.6442 -0.0046 0.7648
vn -0.6465 -0.0210 0.7626
vn -0.6274 -0.0798 0.7746
vn -0.9854 -0.0972 0.1399
vn -0.9726 -0.0981 0.2110
vn -0.9686 -0.0872 0.2329
vn -0.9788 -0.0976 0.1802
vn -0.9620 -0.0664 0.2649
vn -0.9428 -0.0622 0.3275
vn -0.9285 -0.0982 0.3581
vn -0.9341 -0.1096 0.3399
vn -0.8637 -0.1118 0.4914
vn -0.8742 -0.0697 0.4806
vn -0.9013 -0.0334 0.4320
vn -0.9332 -0.0313 0.3580
vn 0.9794 -0.0682 0.1898
vn 0.9762 -0.0832 0.2002
vn 0.9783 -0.0852 0.1887
vn 0.9808 -0.0922 0.1717
vn 0.0895 -0.0664 -0.9938
vn 0.1010 -0.1212 -0.9875
vn 0.1021 -0.1475 -0.9838
vn 0.0970 -0.1507 -0.9838
vn -0.6231 -0.1201 -0.7729
vn -0.6316 -0.1302 -0.7643
vn -0.6554 -0.1475 -0.7407
vn -0.6975 -0.1393 -0.7029
vn -0.2679 -0.0915 -0.9591
vn -0.2271 -0.1312 -0.9650
vn -0.2094 -0.1448 -0.9671
vn -0.2252 -0.1377 -0.9645
vn -0.2599 -0.0000 -0.9656
vn 0.0755 -0.0206 -0.9969
vn 0.5988 -0.0928 -0.7955
vn 0.9004 -0.1435 -0.4108
vn 0.9929 -0.0728 -0.0938
vn 0.8155 0.2312 0.5305
vn 0.0639 0.4732 0.8786
vn -0.4835 0.3942 0.7816
vn -0.9589 -0.0230 -0.2826
vn -0.9972 -0.0184 -0.0727
vn -1.0000 0.0015 0.0044
vn -0.9739 -0.0149 0.2265
vn -0.9662 -0.0103 0.2574
vn -0.7042 0.0058 -0.7100
vn -0.8827 0.1917 0.4291
vn -0.2095 0.1756 -0.9619
vn 0.0831 0.1678 -0.9823
vn 0.6012 0.1227 -0.7896
vn 0.9297 -0.0097 -0.3682
vn 0.9823 -0.0629 -0.1765
vn -0.9315 0.1078 -0.3473
vn -0.9874 0.0828 -0.1351
vn -0.9957 0.0803 -0.0460
vn -0.9674 0.0609 0.2460
vn -0.9614 0.0715 0.2656
vn -0.6397 0.1590 -0.7520
vn -0.1942 -0.1087 -0.9749
vn 0.0895 -0.1118 -0.9897
vn 0.5905 -0.0898 -0.8020
vn 0.9488 -0.0590 -0.3102
vn 0.9838 -0.1311 -0.1224
vn -0.9326 -0.0527 -0.3570
vn -0.9900 -0.0381 -0.1358
vn -0.9984 -0.0479 -0.0306
vn -0.9754 -0.0402 0.2168
vn -0.9721 -0.0284 0.2329
vn -0.6324 -0.0903 -0.7694
vn -0.1774 -0.4813 -0.8584
vn 0.0857 -0.4890 -0.8681
vn 0.5791 -0.4658 -0.6691
vn 0.8684 -0.4496 -0.2092
vn 0.8604 -0.5080 -0.0411
vn -0.9084 -0.3320 -0.2541
vn -0.9402 -0.3249 -0.1018
vn -0.9473 -0.3202 0.0121
vn -0.9069 -0.3611 0.2173
vn -0.8614 -0.4452 0.2443
vn -0.6364 -0.4300 -0.6403
vn -0.0001 0.9954 -0.0953
vn -0.0000 0.9923 0.1242
vn 0.0944 0.9926 -0.0761
vn 0.1174 0.9901 0.0769
vn 0.8437 -0.5247 -0.1136
vn 0.8360 -0.3556 0.4180
vn 0.0002 -0.9866 -0.1630
vn -0.0000 -0.8451 0.5346
vn -0.8438 -0.5244 -0.1142
vn -0.8359 -0.3556 0.4181
vn -0.0946 0.9926 -0.0763
vn -0.1175 0.9901 0.0769
vn -0.0001 0.9707 0.2403
vn 0.6636 0.7130 0.2264
vn 0.9039 -0.4278 0.0052
vn 0.0263 -0.9929 -0.1157
vn -0.9124 -0.4066 -0.0460
vn -0.6927 0.7008 0.1702
vn 0.0499 0.9818 0.1834
vn 0.7105 0.6960 0.1035
vn 0.9403 -0.3392 0.0293
vn 0.0566 -0.9738 0.2204
vn -0.6211 -0.7595 0.1935
vn 0.4667 0.8620 0.1978
vn 0.0011 0.9968 0.0803
vn 0.7696 0.6308 0.0992
vn 0.6894 0.4948 0.5291
vn -0.0000 0.4199 0.9075
vn -0.6894 0.4947 0.5291
vn -0.7700 0.6304 0.0987
vn -0.0001 0.9933 -0.1157
vn -0.0000 0.9905 0.1377
vn 0.1055 0.9901 -0.0922
vn 0.1310 0.9874 0.0882
vn 0.8442 -0.5240 -0.1127
vn 0.8358 -0.3542 0.4196
vn 0.0003 -0.9867 -0.1625
vn -0.0000 -0.8438 0.5366
vn -0.8440 -0.5242 -0.1134
vn -0.8357 -0.3542 0.4197
vn -0.1057 0.9901 -0.0925
vn -0.1311 0.9874 0.0882
vn 0.0007 0.9712 0.2381
vn 0.6677 0.7106 0.2217
vn 0.9056 -0.4242 0.0039
vn -0.0059 -0.9899 -0.1419
vn -0.9179 -0.3905 -0.0698
vn -0.6923 0.7043 0.1574
vn 0.0398 0.9868 0.1570
vn 0.7506 0.6524 0.1047
vn 0.9084 -0.4091 0.0860
vn -0.0058 -0.9798 0.2000
vn -0.9547 -0.1291 -0.2680
vn 0.4594 0.8882 -0.0011
vn 0.0009 0.9993 0.0380
vn 0.7735 0.6264 0.0962
vn 0.6926 0.4895 0.5299
vn -0.0000 0.4163 0.9092
vn -0.6926 0.4894 0.5299
vn -0.7741 0.6258 0.0957
vn -0.0001 0.9907 -0.1362
vn -0.0000 0.9881 0.1541
vn 0.1201 0.9868 -0.1083
vn 0.1482 0.9835 0.1036
vn 0.8447 -0.5234 -0.1118
vn 0.8356 -0.3528 0.4211
vn 0.0003 -0.9867 -0.1623
vn -0.0000 -0.8426 0.5385
vn -0.8443 -0.5237 -0.1131
vn -0.8355 -0.3529 0.4211
vn -0.1204 0.9868 -0.1086
vn -0.1484 0.9835 0.1036
vn -0.0023 0.9727 0.2319
vn 0.6712 0.7085 0.2179
vn 0.9067 -0.4217 0.0059
vn -0.0079 -0.9895 -0.1444
vn -0.9177 -0.3909 -0.0709
vn -0.6954 0.7019 0.1541
vn 0.0466 0.9894 0.1377
vn 0.7383 0.6669 0.1003
vn 0.9137 -0.3967 0.0877
vn -0.0037 -0.9814 0.1918
vn 0.2152 -0.8225 -0.5265
vn 0.5271 0.8481 0.0539
vn 0.0011 0.9999 -0.0152
vn 0.7784 0.6211 0.0915
vn 0.6968 0.4827 0.5306
vn -0.0000 0.4131 0.9107
vn -0.6968 0.4826 0.5306
vn -0.7790 0.6204 0.0911
vn -0.0144 0.9858 -0.1675
vn -0.0050 0.9645 0.2640
vn 0.2139 0.9677 -0.1331
vn 0.2559 0.9407 0.2228
vn 0.8249 -0.5526 -0.1194
vn 0.8307 -0.3791 0.4076
vn 0.0040 -0.9869 -0.1614
vn -0.0005 -0.8393 0.5436
vn -0.8453 -0.5226 -0.1114
vn -0.8346 -0.3496 0.4258
vn -0.2084 0.9683 -0.1376
vn -0.2477 0.9457 0.2104
vn 0.0015 0.9766 0.2149
vn 0.6324 0.7449 0.2126
vn 0.8620 -0.5069 0.0017
vn 0.0053 -0.9899 -0.1415
vn -0.9217 -0.3764 -0.0934
vn -0.7126 0.6918 0.1165
vn 0.0545 0.9917 0.1168
vn 0.6389 0.7598 0.1204
vn 0.8020 -0.5798 0.1436
vn 0.0047 -0.9842 0.1770
vn -0.4672 -0.6277 -0.6227
vn 0.5502 0.8350 0.0101
vn 0.0014 0.9666 -0.2563
vn 0.7739 0.6272 0.0871
vn 0.7115 0.4473 0.5420
vn -0.0010 0.4047 0.9145
vn -0.7189 0.4424 0.5361
vn -0.7999 0.5967 0.0644
vn 0.0003 0.9849 0.1730
vn -0.0010 0.9949 0.1009
vn 0.0399 0.9858 0.1629
vn 0.0520 0.9963 0.0687
vn 0.8619 -0.4921 -0.1219
vn 0.8123 -0.3515 0.4655
vn -0.0006 -0.9939 -0.1100
vn 0.0006 -0.8195 0.5731
vn -0.8418 -0.5295 -0.1053
vn -0.8110 -0.3766 0.4477
vn -0.0402 0.9852 0.1665
vn -0.0538 0.9961 0.0698
vn -0.0102 0.9289 0.3702
vn 0.6726 0.6733 0.3071
vn 0.9274 -0.3738 -0.0154
vn 0.0016 -0.9818 -0.1899
vn -0.8665 -0.4900 -0.0954
vn -0.6360 0.7205 0.2762
vn 0.1739 0.9516 0.2533
vn 0.0061 -0.9902 0.1393
vn 0.0021 -0.9963 0.0860
vn 0.0213 -0.9846 0.1732
vn 0.1006 0.9586 0.2664
vn 0.1490 0.9476 0.2824
vn -0.0000 0.9903 0.1388
vn 0.7187 0.6918 -0.0701
vn 0.6408 0.5158 0.5686
vn 0.0008 0.4280 0.9038
vn -0.6293 0.5238 0.5741
vn -0.6880 0.7254 -0.0225
vn 0.7949 -0.4928 -0.3540
vn 0.7701 0.6367 0.0404
vn -0.6911 0.7156 0.1016
vn -0.7514 -0.5658 -0.3395
vn -0.0011 0.9748 0.2232
vn 0.0006 -0.8920 -0.4521
vn 0.1045 0.9615 0.2542
vn 0.1208 0.9576 0.2615
vn 0.0339 -0.9869 0.1577
vn -0.0041 -0.9954 0.0958
vn 0.1566 0.9539 0.2561
vn 0.2077 0.9419 0.2641
vn 0.0589 -0.9921 0.1110
vn -0.0042 -0.9978 0.0660
vn 0.1721 0.9415 0.2896
vn 0.6374 0.7499 0.1772
vn 0.8236 -0.5671 -0.0039
vn 0.0096 -1.0000 -0.0010
vn -0.0709 0.9794 0.1893
vn -0.0757 -0.9927 0.0939
vn -0.8784 -0.4779 0.0016
vn -0.7439 0.6629 0.0848
vn 0.1005 0.8954 0.4338
vn -0.0139 -0.9981 0.0604
vn 0.1328 0.8911 0.4339
vn 0.1399 0.8864 0.4412
vn 0.2373 -0.9712 0.0199
vn 0.1100 -0.9912 0.0742
vn -0.0603 0.9256 0.3737
vn 0.2201 0.8778 0.4254
vn 0.7022 0.6816 0.2057
vn 0.8784 -0.4367 -0.1940
vn 0.5250 -0.8418 -0.1251
vn -0.4156 0.8649 0.2815
vn -0.5563 -0.8296 -0.0485
vn -0.9301 -0.3399 -0.1395
vn -0.8402 0.5408 0.0395
vn 0.0196 0.7910 0.6115
vn -0.0346 -0.9983 -0.0464
vn 0.1622 0.7614 0.6276
vn 0.2438 0.7856 0.5687
vn 0.3779 -0.9233 -0.0689
vn 0.1220 -0.9916 -0.0432
vn -0.3342 0.7932 0.5091
vn 0.3248 0.8016 0.5019
vn 0.7083 0.6611 0.2476
vn 0.9209 -0.3357 -0.1978
vn 0.6877 -0.7127 -0.1382
vn -0.7272 0.6205 0.2934
vn -0.6323 -0.7713 -0.0732
vn -0.9745 -0.2129 -0.0703
vn -0.9089 0.3949 0.1338
vn -0.2114 0.7368 0.6423
vn -0.0414 -0.9991 -0.0106
vn 0.1446 0.7053 0.6940
vn 0.4361 0.6536 0.6186
vn 0.4713 -0.8819 -0.0136
vn 0.1248 -0.9921 -0.0098
vn -0.4982 0.6648 0.5566
vn 0.9912 0.1041 -0.0821
vn 0.7826 0.4894 0.3847
vn 0.9731 -0.1563 -0.1691
vn 0.8310 -0.5489 -0.0904
vn -0.5126 0.6316 0.5817
vn -0.6299 -0.7764 0.0228
vn -0.9886 -0.1505 0.0076
vn -0.9615 0.2459 0.1228
vn 0.5961 -0.8029 -0.0027
vn -0.7087 -0.7034 0.0538
vn 0.9863 0.1090 0.1234
vn 0.9926 -0.0936 -0.0768
vn -0.9848 0.1433 0.0979
vn -0.9999 -0.0053 0.0128
vn 0.9997 -0.0215 -0.0064
vn 0.9879 0.1549 -0.0052
vn 0.8353 -0.0782 0.5442
vn 0.9942 0.0121 0.1067
vn 0.9931 0.0469 0.1074
vn 0.9794 0.1697 -0.1097
vn 0.9970 0.0759 -0.0116
vn -0.9995 -0.0034 -0.0321
vn -0.9977 0.0598 -0.0308
vn -0.9994 0.0276 0.0228
vn -0.9948 0.0609 -0.0813
vn -0.9921 -0.0162 -0.1247
vn -0.9938 0.0977 0.0537
vn -0.9935 -0.0077 -0.1136
vn -0.8169 -0.1035 0.5674
vn 0.9796 -0.1581 -0.1238
vn 0.9299 -0.3540 -0.1001
vn 0.1108 -0.9923 0.0559
vn -0.0124 -0.9981 0.0612
vn -0.1136 -0.8602 -0.4971
vn 0.0370 -0.8664 -0.4980
vn 0.3388 -0.8409 -0.4220
vn 0.4245 -0.9007 -0.0926
vn 0.2742 -0.9590 0.0712
vn -0.5533 -0.8155 -0.1698
vn -0.5520 -0.8329 -0.0408
vn -0.5951 -0.8032 0.0262
vn -0.6864 -0.6951 0.2140
vn -0.1737 -0.9783 0.1133
vn -0.4196 -0.8237 -0.3814
vn 0.0813 -0.9951 0.0571
vn 0.0994 -0.9900 -0.1002
vn -0.3163 -0.9381 0.1413
vn -0.0169 -0.9999 -0.0036
vn -0.0789 -0.9953 -0.0555
vn -0.1308 -0.9880 -0.0818
vn 0.7573 0.5408 0.3662
vn 0.3945 0.3837 0.8349
vn 0.9054 0.4234 -0.0304
vn 0.7628 0.6460 0.0275
vn 0.7371 0.5190 -0.4329
vn 0.7165 0.1199 -0.6872
vn -0.0160 -0.7512 -0.6599
vn -0.2946 -0.5411 -0.7877
vn -0.2975 -0.9541 0.0339
vn -0.6195 -0.7837 0.0439
vn 0.0163 -0.7089 0.7052
vn -0.2709 -0.3241 0.9064
vn 0.4202 0.4548 0.7852
vn 0.4606 0.3937 0.7955
vn 0.6788 0.7332 -0.0404
vn 0.6659 0.7451 -0.0371
vn 0.4238 0.3487 -0.8359
vn 0.3827 0.4106 -0.8276
vn -0.2596 -0.4393 -0.8600
vn -0.3141 -0.4297 -0.8466
vn -0.6103 -0.7913 0.0363
vn -0.5992 -0.7999 0.0342
vn -0.2186 -0.3965 0.8916
vn -0.2761 -0.3835 0.8813
vn 0.4483 -0.8935 0.0272
vn 0.2004 -0.9794 0.0253
vn 0.4392 0.4187 0.7949
vn 0.6999 0.7134 -0.0333
vn 0.4094 0.3662 -0.8356
vn -0.2987 -0.4279 -0.8530
vn -0.6138 -0.7884 0.0395
vn -0.2652 -0.3746 0.8884
vn 0.4426 0.4577 0.7711
vn 0.6634 0.7472 -0.0396
vn 0.4052 0.4116 -0.8163
vn -0.3113 -0.4204 -0.8523
vn -0.6326 -0.7737 0.0343
vn -0.2700 -0.3758 0.8865
vn 0.8681 0.4953 -0.0333
vn 0.7649 0.4823 -0.4270
vn -0.2516 -0.5066 -0.8247
vn -0.5056 -0.8620 0.0350
vn -0.2132 -0.4586 0.8627
vn 0.7887 0.4979 0.3606
vn 0.6965 0.7165 -0.0389
vn 0.3814 0.3787 -0.8433
vn -0.3003 -0.4089 -0.8618
vn -0.6072 -0.7937 0.0361
vn -0.2623 -0.3632 0.8940
vn 0.4215 0.4213 0.8030
vn 0.6773 0.7347 -0.0390
vn 0.3685 0.4167 -0.8310
vn -0.3262 -0.3913 -0.8605
vn -0.6276 -0.7777 0.0357
vn -0.2884 -0.3456 0.8930
vn 0.4080 0.4593 0.7890
vn 0.9125 -0.4082 -0.0272
vn 0.6464 -0.1868 0.7398
vn 0.6053 -0.2294 -0.7622
vn 0.4401 0.3343 -0.8334
vn 0.4794 0.3808 0.7907
vn 0.8242 0.5651 -0.0384
vn 0.7574 0.5421 0.3640
vn 0.4285 0.3829 0.8184
vn 0.9046 0.4251 -0.0304
vn 0.7498 0.6605 -0.0386
vn 0.7372 0.5204 -0.4309
vn 0.7517 0.3579 -0.5540
vn -0.0172 -0.7522 -0.6588
vn -0.0681 -0.9199 -0.3863
vn -0.2974 -0.9541 0.0339
vn -0.6915 -0.7199 0.0604
vn 0.0151 -0.7100 0.7041
vn -0.3390 -0.9171 0.2100
vn 0.4215 0.4578 0.7828
vn 0.4609 0.3940 0.7952
vn 0.6641 0.7467 -0.0372
vn 0.4241 0.3489 -0.8357
vn 0.3841 0.4136 -0.8255
vn -0.2598 -0.4394 -0.8599
vn -0.3152 -0.4312 -0.8454
vn -0.6102 -0.7914 0.0363
vn -0.5996 -0.7996 0.0340
vn -0.2189 -0.3966 0.8915
vn -0.2772 -0.3852 0.8802
vn 0.4444 -0.8954 0.0275
vn 0.1982 -0.9798 0.0254
vn 0.4427 0.4111 0.7969
vn 0.7091 0.7034 -0.0488
vn 0.4249 0.3732 -0.8247
vn -0.2872 -0.4292 -0.8563
vn -0.6070 -0.7937 0.0407
vn -0.2730 -0.3770 0.8851
vn 0.4429 0.4580 0.7708
vn 0.4055 0.4119 -0.8160
vn -0.3115 -0.4205 -0.8522
vn -0.6325 -0.7738 0.0343
vn -0.2703 -0.3759 0.8863
vn 0.8692 0.4933 -0.0329
vn 0.7669 0.4831 -0.4226
vn -0.2522 -0.5064 -0.8246
vn -0.5051 -0.8624 0.0350
vn -0.2139 -0.4584 0.8626
vn 0.7906 0.4982 0.3561
vn 0.6970 0.7160 -0.0393
vn 0.3817 0.3791 -0.8430
vn -0.3005 -0.4087 -0.8618
vn -0.6070 -0.7939 0.0361
vn -0.2628 -0.3629 0.8940
vn 0.4219 0.4222 0.8024
vn 0.6759 0.7360 -0.0390
vn 0.3681 0.4157 -0.8317
vn -0.3252 -0.3913 -0.8609
vn -0.6283 -0.7771 0.0358
vn -0.2873 -0.3456 0.8933
vn 0.4076 0.4583 0.7898
vn 0.9123 -0.4085 -0.0272
vn 0.6474 -0.1877 0.7387
vn 0.6064 -0.2302 -0.7611
vn 0.4406 0.3342 -0.8332
vn 0.4799 0.3807 0.7904
vn 0.8264 0.5618 -0.0386
vn 0.7573 0.5410 0.3659
vn 0.8911 0.2199 0.3969
vn 0.9053 0.4236 -0.0304
vn 0.7511 0.6560 -0.0750
vn 0.7371 0.5192 -0.4326
vn 0.6337 0.3831 -0.6720
vn -0.0161 -0.7513 -0.6598
vn -0.1970 -0.9495 -0.2440
vn -0.6776 -0.7278 0.1057
vn 0.0161 -0.7090 0.7050
vn -0.3427 -0.4913 0.8008
vn 0.4204 0.4553 0.7849
vn 0.4607 0.3938 0.7954
vn 0.6657 0.7453 -0.0371
vn 0.3829 0.4111 -0.8273
vn -0.3142 -0.4299 -0.8464
vn -0.6103 -0.7913 0.0364
vn -0.5993 -0.7998 0.0342
vn -0.2187 -0.3965 0.8916
vn -0.2763 -0.3838 0.8811
vn 0.4478 -0.8937 0.0272
vn 0.2001 -0.9794 0.0253
vn 0.4249 0.4290 0.7971
vn 0.6998 0.7138 -0.0296
vn 0.4069 0.3788 -0.8313
vn -0.2956 -0.4247 -0.8557
vn -0.6008 -0.7980 0.0464
vn -0.2640 -0.3622 0.8939
vn 0.4427 0.4577 0.7711
vn 0.4052 0.4117 -0.8163
vn -0.2701 -0.3758 0.8865
vn 0.8683 0.4950 -0.0332
vn 0.7652 0.4824 -0.4264
vn -0.2517 -0.5065 -0.8247
vn -0.5056 -0.8621 0.0350
vn -0.2133 -0.4586 0.8627
vn 0.7890 0.4979 0.3600
vn 0.6968 0.7163 -0.0383
vn 0.3816 0.3791 -0.8430
vn -0.3005 -0.4083 -0.8620
vn -0.6071 -0.7938 0.0361
vn -0.2622 -0.3631 0.8941
vn 0.4214 0.4213 0.8031
vn 0.6770 0.7349 -0.0390
vn 0.3684 0.4166 -0.8311
vn -0.3260 -0.3913 -0.8606
vn -0.6277 -0.7776 0.0357
vn -0.2882 -0.3456 0.8930
vn 0.4080 0.4592 0.7891
vn 0.6465 -0.1869 0.7396
vn 0.6054 -0.2295 -0.7621
vn 0.4795 0.3808 0.7906
vn 0.8245 0.5646 -0.0384
vn 0.7572 0.5393 0.3685
vn 0.8247 0.1933 0.5316
vn 0.9063 0.4215 -0.0304
vn 0.7181 0.6892 -0.0969
vn 0.7369 0.5174 -0.4350
vn 0.3914 0.3322 -0.8582
vn -0.0145 -0.7500 -0.6613
vn -0.3119 -0.4195 -0.8525
vn -0.2976 -0.9541 0.0339
vn -0.6592 -0.7508 0.0424
vn 0.0178 -0.7076 0.7064
vn -0.3140 -0.5349 0.7844
vn 0.4181 0.4506 0.7888
vn 0.4604 0.3935 0.7958
vn 0.6788 0.7332 -0.0403
vn 0.6685 0.7428 -0.0371
vn 0.4235 0.3484 -0.8362
vn 0.3806 0.4064 -0.8307
vn -0.2594 -0.4392 -0.8601
vn -0.3127 -0.4274 -0.8483
vn -0.6105 -0.7912 0.0363
vn -0.5985 -0.8004 0.0344
vn -0.2184 -0.3964 0.8917
vn -0.2747 -0.3810 0.8828
vn 0.4528 -0.8912 0.0268
vn 0.2029 -0.9789 0.0252
vn 0.4354 0.4256 0.7933
vn 0.6927 0.7198 -0.0439
vn 0.4000 0.3780 -0.8349
vn -0.2994 -0.4245 -0.8545
vn -0.6086 -0.7929 0.0293
vn -0.2602 -0.3735 0.8904
vn 0.4423 0.4573 0.7715
vn 0.6633 0.7473 -0.0395
vn 0.4048 0.4112 -0.8167
vn -0.3110 -0.4202 -0.8525
vn -0.6327 -0.7736 0.0343
vn -0.2697 -0.3757 0.8866
vn 0.8664 0.4981 -0.0339
vn 0.7622 0.4821 -0.4320
vn -0.2508 -0.5069 -0.8247
vn -0.5064 -0.8616 0.0349
vn -0.2123 -0.4590 0.8627
vn 0.7861 0.4982 0.3657
vn 0.6963 0.7167 -0.0390
vn 0.3810 0.3783 -0.8436
vn -0.2998 -0.4085 -0.8621
vn -0.6073 -0.7936 0.0361
vn -0.2618 -0.3627 0.8943
vn 0.4210 0.4209 0.8035
vn 0.6795 0.7327 -0.0390
vn 0.3691 0.4183 -0.8299
vn -0.3278 -0.3915 -0.8598
vn -0.6265 -0.7786 0.0355
vn -0.2901 -0.3456 0.8924
vn 0.4088 0.4610 0.7876
vn 0.9127 -0.4078 -0.0271
vn 0.6453 -0.1858 0.7410
vn 0.6041 -0.2286 -0.7634
vn 0.4398 0.3346 -0.8334
vn 0.4792 0.3811 0.7906
vn 0.8211 0.5695 -0.0379
vn 0.6362 0.1212 0.7620
vn 0.9427 0.0380 0.3316
vn 0.9776 0.1582 -0.1386
vn 0.0964 -0.7457 -0.6592
vn -0.4468 -0.8789 -0.1668
vn -0.2877 -0.7714 0.5676
vn 0.1983 0.2682 0.9427
vn 0.2602 0.0870 0.9616
vn 0.8601 0.2773 0.4282
vn 0.7891 0.4889 0.3719
vn 0.7443 0.0602 -0.6651
vn 0.7565 0.2730 -0.5942
vn -0.1178 -0.3399 -0.9331
vn -0.1685 -0.3230 -0.9313
vn -0.8058 -0.5281 -0.2680
vn -0.7700 -0.5740 -0.2787
vn -0.5896 -0.3238 0.7400
vn -0.6658 -0.3109 0.6783
vn 0.3018 -0.9402 0.1582
vn 0.0205 -0.9995 0.0254
vn 0.0409 0.2967 0.9541
vn -0.1669 -0.6460 -0.7449
vn -0.7601 -0.6176 -0.2018
vn -0.6789 -0.1798 0.7118
vn 0.1875 0.2541 0.9488
vn 0.7729 0.4913 0.4014
vn 0.7873 0.2202 -0.5759
vn -0.2038 -0.3508 -0.9140
vn -0.8115 -0.5143 -0.2775
vn -0.6899 -0.2721 0.6708
vn 0.8694 0.3366 0.3616
vn 0.9700 0.2025 -0.1347
vn -0.0595 -0.4455 -0.8933
vn -0.6717 -0.7012 -0.2392
vn -0.5756 -0.4561 0.6787
vn 0.5915 0.2634 0.7621
vn 0.6577 0.0047 0.7533
vn 0.6600 -0.6371 -0.3982
vn -0.1448 -0.3960 -0.9068
vn -0.7682 -0.5792 -0.2728
vn -0.5530 -0.3082 0.7740
vn 0.1178 0.1334 0.9840
vn 0.7750 0.4933 0.3949
vn 0.7382 0.3125 -0.5978
vn -0.1907 -0.2812 -0.9405
vn -0.7923 -0.5400 -0.2841
vn -0.6818 -0.2697 0.6800
vn 0.1754 0.3044 0.9363
vn 0.6856 -0.6814 0.2561
vn 0.2657 -0.4552 0.8499
vn 0.7524 -0.5040 -0.4242
vn 0.7857 0.1407 -0.6023
vn 0.2120 0.1984 0.9569
vn 0.8713 0.3616 0.3318
vn 0.5341 0.3746 0.7579
vn 0.8203 0.5561 0.1339
vn 0.8352 0.5336 0.1331
vn -0.7542 -0.6388 -0.1519
vn -0.6127 -0.7730 -0.1648
vn 0.0683 -0.3626 0.9294
vn 0.8159 0.5781 -0.0006
vn 0.8593 0.4811 -0.1737
vn -0.7756 -0.6163 0.1365
vn -0.7931 -0.6057 0.0643
vn 0.5175 0.5243 0.6762
vn 0.8171 0.5473 -0.1811
vn 0.8084 0.5329 -0.2500
vn -0.7622 -0.6349 0.1260
vn -0.7807 -0.6054 0.1549
vn 0.6861 0.6693 0.2851
vn 0.7541 0.6309 -0.1827
vn 0.3917 0.2618 -0.8821
vn -0.4670 -0.4346 -0.7701
vn -0.7720 -0.6160 0.1566
vn 0.7621 0.6461 -0.0406
vn -0.4575 -0.8867 -0.0671
vn -0.4080 -0.7015 -0.5843
vn 0.7527 0.5927 -0.2866
vn -0.7068 -0.7075 0.0009
vn -0.4369 -0.8722 0.2200
vn 0.6611 0.5881 -0.4659
vn 0.2226 0.2790 -0.9341
vn -0.5655 -0.5308 -0.6313
vn 0.4924 0.6446 0.5848
vn 0.4634 0.8331 0.3019
vn 0.6917 0.7213 0.0356
vn -0.3354 -0.9386 -0.0808
vn -0.5838 -0.8086 0.0732
vn -0.4926 -0.0986 0.8647
vn 0.6701 0.7105 -0.2147
vn -0.4092 -0.8617 -0.3002
vn -0.3534 -0.9288 -0.1110
vn 0.5481 0.6569 -0.5178
vn 0.0874 0.2619 -0.9611
vn -0.2977 -0.4871 -0.8211
vn 0.4978 -0.2366 0.8344
vn 0.0746 0.4870 0.8702
vn 0.1575 0.3426 0.9262
vn 0.3250 0.6236 0.7110
vn 0.3876 0.2546 0.8860
vn -0.2425 -0.9693 0.0403
vn -0.7261 -0.0110 0.6875
vn -0.7250 -0.6275 -0.2839
vn -0.1261 -0.6245 -0.7708
vn -0.1529 -0.8357 -0.5274
vn -0.4024 -0.5357 -0.7423
vn -0.2391 -0.9614 0.1363
vn -0.2117 -0.9731 -0.0905
vn -0.3841 -0.9233 -0.0061
vn -0.4479 -0.7916 -0.4156
vn -0.5206 -0.7774 0.3531
vn -0.4186 -0.5801 0.6987
vn -0.1387 -0.2776 0.9506
vn -0.2245 -0.5382 -0.8124
vn 0.0593 -0.2168 -0.9744
vn 0.3661 0.4045 0.8380
vn 0.6049 0.6171 0.5032
vn 0.7364 0.6735 0.0641
vn 0.6984 0.6884 -0.1960
vn 0.5803 0.6683 -0.4655
vn 0.2010 0.4167 -0.8865
vn -0.2815 -0.0772 0.9564
vn -0.6600 -0.7478 -0.0724
vn -0.6680 -0.6549 0.3534
vn -0.6851 -0.4971 -0.5325
vn -0.6533 -0.7176 -0.2414
vn -0.3242 -0.0210 -0.9458
vn 0.2569 0.3645 -0.8951
vn 0.5175 0.5656 -0.6422
vn 0.6855 0.6734 -0.2769
vn 0.1185 0.3330 0.9354
vn 0.3658 0.5830 0.7255
vn 0.4768 0.6689 0.5704
vn 0.6775 0.7347 0.0349
vn 0.6058 0.7466 0.2749
vn 0.5286 0.6998 0.4806
vn 0.5603 0.7233 0.4037
vn -0.6774 -0.7350 -0.0296
vn -0.6678 -0.6617 -0.3409
vn -0.6783 -0.6070 0.4141
vn -0.5491 -0.4522 0.7028
vn -0.2903 -0.0602 0.9550
vn -0.5937 -0.4144 -0.6897
vn -0.1574 0.0222 -0.9873
vn 0.6637 0.6323 0.3995
vn 0.6821 0.6361 0.3607
vn 0.6386 0.6328 0.4379
vn 0.7023 0.6517 0.2865
vn 0.9967 0.0413 0.0697
vn 0.5240 -0.6057 0.5988
vn 0.8114 -0.2444 -0.5309
vn 0.3903 -0.8846 -0.2552
vn 0.9875 -0.0112 0.1572
vn 0.6161 -0.5535 0.5604
vn 0.9646 -0.1880 0.1850
vn 0.8870 -0.2739 0.3718
vn 0.9261 -0.3772 0.0121
vn 0.4497 0.0308 0.8926
vn 0.8453 -0.4730 0.2483
vn 0.6788 0.5165 0.5220
vn 0.7470 -0.5606 0.3574
vn 0.8061 0.5377 0.2471
vn 0.9763 -0.1201 0.1798
vn 0.8876 0.4343 -0.1536
vn 0.9594 -0.1653 0.2286
vn 0.8930 -0.0104 -0.4499
vn 0.8626 -0.2292 0.4510
vn 0.8497 -0.3142 -0.4234
vn 0.7590 -0.0944 0.6442
vn 0.7760 -0.4835 -0.4051
vn 0.7866 0.0032 0.6175
vn 0.7352 -0.6034 -0.3088
vn 0.9469 -0.0719 0.3134
vn 0.6631 -0.7058 -0.2493
vn 0.8988 -0.2685 0.3465
vn 0.5085 -0.8608 -0.0229
vn 0.8919 -0.2726 0.3607
vn 0.3558 -0.8634 0.3577
vn 0.8798 -0.2630 0.3960
vn 0.2346 -0.6219 0.7472
vn 0.3922 -0.0841 0.9160
vn 0.2998 -0.2549 0.9193
vn 0.5393 -0.4684 0.6999
vn 0.6844 -0.0450 0.7277
vn 0.9757 0.0360 0.2164
vn 0.9508 0.2397 0.1963
vn 0.8869 -0.0654 0.4573
vn 0.8986 -0.2285 0.3745
vn 0.8561 -0.2995 0.4212
vn 0.9231 -0.3036 0.2361
vn 0.8651 -0.2240 0.4487
vn 0.8755 -0.4501 -0.1759
vn 0.8368 -0.1018 0.5379
vn 0.7760 -0.6028 -0.1857
vn 0.8603 0.1008 0.4997
vn 0.9646 -0.2571 0.0577
vn 0.9604 0.0682 0.2703
vn 0.9034 -0.2443 0.3525
vn 0.8545 -0.3499 0.3840
vn 0.9011 -0.2442 0.3583
vn 0.9792 -0.0297 0.2009
vn 0.8953 -0.2295 0.3817
vn 0.9858 -0.1507 0.0742
vn 0.4132 -0.0345 0.9100
vn 0.8706 -0.4919 0.0099
vn 0.4428 0.0249 0.8963
vn 0.8886 -0.2609 0.3772
vn 0.4839 -0.0189 0.8749
vn 0.9783 -0.1504 0.1422
vn 0.4210 -0.0227 0.9068
vn 0.9037 0.3213 0.2830
vn 0.6951 -0.5471 0.4663
vn 0.7277 0.4021 0.5557
vn 0.4364 -0.5404 0.7194
vn 0.8929 -0.4351 0.1156
vn 0.4830 0.2963 0.8240
vn 0.9877 -0.0258 0.1543
vn 0.5398 -0.5536 0.6341
vn 0.9888 -0.1008 0.1097
vn 0.4657 -0.6821 0.5638
vn 0.9639 0.2648 0.0257
vn 0.6835 -0.5347 0.4969
vn 0.9230 0.1312 -0.3617
vn 0.9876 -0.1466 -0.0562
vn 0.3673 -0.6684 -0.6468
vn 0.4750 -0.8799 -0.0120
vn 0.3893 -0.8813 0.2679
vn 0.7095 -0.5623 0.4247
vn 0.9420 -0.1964 0.2721
vn 0.6667 -0.1792 0.7235
vn 0.3158 0.1751 0.9325
vn -0.2259 0.7123 0.6646
vn 0.3179 0.9035 0.2874
vn 0.5658 -0.4340 0.7011
vn 0.6918 -0.6913 0.2087
vn 0.8937 -0.1655 0.4171
vn 0.9075 -0.2489 0.3383
vn 0.1107 0.1011 0.9887
vn 0.8701 -0.2774 0.4074
vn 0.7537 -0.4009 0.5208
vn 0.9121 -0.3588 0.1981
vn 0.8245 -0.1964 0.5306
vn 0.9618 -0.2517 0.1077
vn 0.7949 -0.0596 0.6038
vn -0.5282 -0.2968 -0.7956
vn 0.6926 0.1630 0.7027
vn 0.1091 -0.2791 -0.9540
vn 0.8674 0.4859 -0.1072
vn -0.3849 -0.8622 0.3293
vn 0.9519 0.1851 0.2441
vn 0.9698 0.0577 -0.2370
vn 0.8188 -0.5619 -0.1176
vn 0.5795 -0.2229 0.7839
vn 0.8280 0.4042 -0.3886
vn 0.9064 0.2942 0.3031
vn 0.7289 -0.5088 0.4581
vn 0.8603 0.0581 0.5065
vn -0.2190 -0.3993 0.8903
vn 0.7116 -0.6844 -0.1587
vn 0.8187 -0.5606 0.1244
vn 0.8347 -0.1040 0.5408
vn 0.8743 -0.2000 0.4422
vn 0.8472 -0.2527 0.4673
vn 0.4922 -0.8682 0.0627
vn 0.8480 -0.1062 0.5193
vn 0.6970 -0.7136 -0.0705
vn 0.8627 -0.4098 -0.2963
vn 0.9343 0.2601 -0.2438
vn -0.2347 -0.5221 -0.8200
vn -0.0179 -0.1304 -0.9913
vn -0.3259 0.6684 -0.6686
vn 0.9859 0.1667 0.0167
vn 0.8642 0.4221 0.2737
vn 0.9427 0.1438 0.3010
vn -0.2251 0.5185 -0.8249
vn -0.4773 0.8504 -0.2215
vn -0.2201 0.8667 0.4477
vn -0.2787 0.2878 0.9163
vn -0.1975 0.9465 0.2551
vn -0.0885 0.9892 -0.1167
vn 0.0458 0.8080 -0.5874
vn 0.0551 -0.1212 -0.9911
vn -0.0386 -0.5922 -0.8048
vn -0.6206 0.1999 0.7582
vn -0.2545 0.2142 0.9430
vn -0.3091 0.6612 0.6836
vn 0.0841 0.2863 -0.9544
vn 0.0185 -0.3468 -0.9378
vn -0.1862 -0.7506 -0.6339
vn -0.4312 -0.7772 -0.4582
vn -0.3948 -0.9187 0.0076
vn -0.8037 -0.5419 0.2458
vn -0.6771 0.0289 0.7353
vn -0.5730 0.3041 0.7610
vn -0.2188 0.2303 0.9482
vn -0.1709 0.2253 0.9592
vn 0.8610 0.0871 0.5010
vn 0.7856 0.6163 0.0550
vn 0.6933 0.6597 -0.2900
vn 0.6335 0.5162 -0.5763
vn 0.5074 0.0684 -0.8590
vn 0.3139 -0.2252 -0.9224
vn 0.2273 -0.4615 -0.8575
vn 0.1581 -0.7452 -0.6478
vn 0.3517 -0.8365 -0.4201
vn 0.0513 -0.7686 -0.6377
vn -0.1424 -0.9883 0.0543
vn -0.7390 -0.2971 0.6046
vn -0.9446 0.0795 0.3185
vn -0.9438 0.1670 -0.2852
vn -0.9357 0.1294 0.3282
vn -0.5736 0.3123 0.7573
vn -0.0977 -0.4768 -0.8736
vn 0.8517 0.3586 0.3822
vn 0.9775 -0.2071 -0.0408
vn 0.9944 -0.0893 -0.0562
vn 0.1653 0.8131 -0.5581
vn 0.8232 0.4793 -0.3043
vn 0.5999 0.6690 -0.4388
vn 0.3265 0.7739 -0.5426
vn 0.4202 0.7493 -0.5118
vn -0.0000 0.8311 -0.5561
vn 0.2760 0.7915 -0.5453
vn 0.9697 0.1933 -0.1493
vn -0.2470 -0.1597 0.9558
vn -0.3517 0.1145 0.9291
vn -0.8588 -0.1502 0.4898
vn -0.8106 0.1757 0.5587
vn -0.9258 -0.2072 0.3163
vn -0.8975 0.3017 0.3217
vn -0.4067 0.5511 0.7286
vn -0.6597 0.4266 0.6188
vn -0.5428 0.7230 0.4273
vn -0.7506 -0.3952 0.5295
vn -0.6668 -0.6172 0.4176
vn -0.5117 -0.2278 0.8284
vn -0.3450 -0.7151 0.6080
vn -0.4080 -0.4412 0.7993
vn -0.2378 -0.6804 0.6931
vn -0.6211 -0.2774 0.7330
vn -0.2736 -0.6153 0.7393
vn -0.7374 -0.1494 0.6588
vn -0.4136 -0.4905 0.7670
vn -0.8047 -0.0779 0.5885
vn -0.2566 -0.5308 0.8077
vn -0.8555 -0.0751 0.5124
vn -0.0069 -0.4555 0.8902
vn -0.7471 0.4195 0.5155
vn -0.8741 0.2509 0.4160
vn -0.8895 -0.0696 0.4515
vn 0.2459 0.2237 0.9431
vn -0.7687 -0.1301 0.6262
vn 0.1645 0.6502 0.7417
vn -0.5754 -0.1628 0.8015
vn -0.1331 0.8794 0.4571
vn -0.5070 0.0739 0.8588
vn -0.3093 0.8021 0.5109
vn -0.6511 0.2765 0.7068
vn -0.3337 0.7380 0.5866
vn -0.7367 0.3444 0.5820
vn -0.6916 -0.2291 0.6850
vn -0.6707 0.4522 0.5879
vn -0.4547 -0.3109 0.8346
vn -0.2024 -0.3987 0.8944
vn -0.3752 -0.4421 0.8147
vn -0.5474 -0.2843 0.7871
vn -0.6594 -0.2102 0.7218
vn -0.7381 -0.0820 0.6697
vn -0.7933 -0.0254 0.6083
vn -0.8204 -0.0004 0.5718
vn -0.8335 -0.0095 0.5524
vn -0.6860 -0.0944 0.7214
vn -0.5314 -0.1240 0.8380
vn -0.4269 0.0669 0.9018
vn -0.4287 0.2944 0.8542
vn -0.5628 0.3118 0.7655
vn -0.3125 0.6370 0.7046
vn -0.6142 -0.2552 0.7468
vn -0.2095 -0.4649 0.8602
vn -0.1042 -0.3189 0.9420
vn -0.2467 -0.1627 0.9553
vn -0.5014 -0.0720 0.8622
vn -0.6589 -0.0567 0.7501
vn -0.6949 -0.0700 0.7157
vn -0.7030 -0.0153 0.7111
vn -0.8931 -0.0291 0.4490
vn -0.7060 0.0685 0.7049
vn -0.5499 0.0594 0.8331
vn -0.4615 0.0409 0.8862
vn -0.4083 0.2153 0.8871
vn -0.2897 0.4487 0.8454
vn -0.9993 -0.0286 -0.0233
vn -0.9492 0.3103 -0.0520
vn -0.7799 0.6178 -0.1003
vn -0.9082 -0.4176 0.0280
vn -0.5867 -0.8021 0.1115
vn -0.2392 -0.9518 0.1919
vn -0.0053 -0.9573 0.2891
vn 0.1141 -0.9020 0.4165
vn 0.4418 -0.8116 0.3823
vn 0.7766 -0.4948 0.3899
vn -0.9595 0.0746 0.2718
vn 0.9601 0.1660 0.2250
vn 0.6927 0.6903 -0.2088
vn 0.2874 0.8952 -0.3406
vn -0.0497 0.9860 -0.1595
vn -0.4739 0.8747 -0.1020
vn -0.7840 -0.0638 0.6174
vn -0.4865 0.6479 0.5861
vn -0.7292 0.4195 0.5406
vn -0.7675 -0.6381 0.0608
vn -0.7443 0.2790 0.6067
vn -0.5444 -0.1290 0.8289
vn -0.5790 -0.2576 0.7735
vn -0.5873 0.2025 0.7836
vn -0.4809 0.0221 0.8765
vn -0.7014 -0.0934 0.7066
vn -0.7910 0.1931 0.5805
vn -0.7147 -0.2288 0.6609
vn -0.4577 -0.3815 0.8031
vn -0.5055 -0.6107 0.6095
vn -0.7524 -0.4319 0.4973
vn -0.4168 -0.7529 0.5094
vn -0.8283 -0.4295 0.3599
vn -0.3930 -0.6529 0.6475
vn -0.5541 -0.4458 0.7031
vn -0.7698 -0.4484 0.4543
vn -0.2205 -0.4334 0.8738
vn -0.5729 -0.2494 0.7807
vn -0.1837 -0.3707 0.9104
vn -0.5464 -0.0616 0.8353
vn -0.1299 -0.4039 0.9055
vn -0.5167 0.0259 0.8558
vn -0.0995 -0.2426 0.9650
vn -0.4837 -0.0673 0.8726
vn -0.1600 -0.1274 0.9789
vn -0.3611 -0.5509 0.7524
vn -0.1406 -0.6550 0.7425
vn -0.1960 0.3447 0.9180
vn 0.0516 0.3877 0.9203
vn -0.2560 -0.0678 0.9643
vn -0.0001 -0.0539 0.9985
vn -0.3561 -0.7435 0.5661
vn -0.1335 -0.7906 0.5976
vn -0.7646 0.2175 0.6067
vn -0.7308 0.2417 0.6384
vn -0.6881 -0.0054 0.7256
vn -0.4951 -0.5459 0.6759
vn -0.4529 -0.0749 0.8884
vn -0.5212 -0.2603 0.8128
vn -0.5764 -0.6699 0.4679
vn -0.9001 0.0887 0.4266
vn -0.8396 0.0414 0.5416
vn -0.7877 -0.0596 0.6131
vn -0.3957 -0.7267 0.5616
vn -0.3042 -0.6746 0.6726
vn -0.6897 -0.4377 0.5768
vn -0.7305 -0.5825 0.3563
vn -0.1710 -0.5962 0.7844
vn -0.4891 -0.7552 0.4364
vn -0.8142 -0.2676 0.5152
vn -0.0890 -0.8176 0.5689
vn -0.2589 -0.7613 0.5945
vn -0.4457 -0.6776 0.5850
vn -0.3639 -0.4945 0.7894
vn -0.7598 -0.0501 0.6482
vn -0.8546 0.0183 0.5190
vn -0.6745 -0.5022 0.5411
vn -0.4504 -0.6783 0.5806
vn -0.3809 -0.5751 0.7240
vn -0.2168 -0.3684 0.9040
vn -0.7814 -0.2365 0.5776
vn -0.7239 -0.4558 0.5179
vn -0.5169 -0.7279 0.4504
vn -0.5183 -0.6731 0.5275
vn -0.4126 -0.6125 0.6743
vn -0.5582 0.2683 0.7851
vn -0.7728 -0.1101 0.6250
vn -0.5156 0.0919 0.8519
vn -0.5212 -0.1810 0.8340
vn -0.4635 0.4482 0.7644
vn -0.5619 0.5296 0.6355
vn -0.6730 0.2848 0.6826
vn -0.5750 -0.1301 0.8077
vn -0.4602 -0.3609 0.8112
vn -0.6774 -0.2853 0.6780
vn -0.6223 -0.2010 0.7565
vn -0.8358 -0.1997 0.5114
vn -0.9292 -0.1423 0.3410
vn -0.9876 -0.0888 0.1294
vn -0.9090 -0.1058 0.4032
vn -0.8569 -0.0495 0.5132
vn -0.7887 -0.0535 0.6124
vn -0.6961 -0.0730 0.7143
vn -0.5175 -0.1380 0.8445
vn -0.4484 -0.1366 0.8833
vn -0.8719 -0.3113 0.3779
vn -0.9515 -0.2055 0.2287
vn -0.9485 -0.1176 0.2943
vn -0.7268 0.0090 0.6868
vn -0.5575 0.0109 0.8301
vn -0.3691 0.0454 0.9283
vn -0.2259 0.0633 0.9721
vn -0.2233 -0.0997 0.9696
vn -0.6489 -0.0325 0.7602
vn -0.8662 -0.4326 0.2500
vn -0.9555 -0.2749 0.1066
vn -0.5890 0.5306 0.6095
vn -0.4885 0.5908 0.6421
vn -0.3299 0.6286 0.7043
vn -0.1904 0.6662 0.7211
vn -0.8977 -0.4231 -0.1228
vn -0.9964 -0.0798 0.0277
vn -0.9783 0.1596 0.1320
vn -0.8833 0.4270 0.1936
vn -0.7011 0.6709 0.2415
vn -0.5159 0.8139 0.2674
vn -0.3854 0.8818 0.2718
vn -0.2585 0.9301 0.2611
vn -0.1547 0.9481 0.2779
vn -0.8478 0.0720 0.5254
vn -0.9353 0.0130 0.3536
vn -0.7378 -0.1302 0.6623
vn -0.9692 -0.0954 0.2272
vn -0.7446 0.1493 0.6506
vn -0.8754 -0.3558 0.3274
vn -0.9528 -0.2321 0.1955
vn -0.5794 0.1981 0.7906
vn -0.4895 0.2154 0.8450
vn -0.3567 0.2327 0.9048
vn -0.2111 0.2437 0.9466
vn -0.7509 -0.3285 0.5729
vn -0.5612 -0.7851 0.2621
vn -0.6410 -0.7578 -0.1216
vn -0.4599 -0.6748 0.5772
vn -0.6679 -0.6583 0.3472
vn -0.7567 -0.6126 -0.2283
vn -0.5236 -0.8473 0.0887
vn -0.3810 -0.8892 0.2534
vn -0.8629 -0.4938 0.1072
vn -0.8413 -0.4949 -0.2174
vn -0.4064 -0.9093 -0.0897
vn -0.2902 -0.9560 0.0437
vn -0.6390 -0.6522 0.4077
vn -0.2573 -0.9171 -0.3044
vn -0.2464 -0.9684 -0.0382
vn -0.9144 -0.2452 -0.3222
vn -0.2312 -0.9720 -0.0415
vn -0.2503 -0.9595 -0.1295
vn -0.5979 -0.6792 0.4256
vn -0.9361 -0.2853 -0.2058
vn -0.8492 -0.4357 -0.2983
vn -0.7935 -0.6058 -0.0585
vn -0.8776 -0.2420 -0.4138
vn -0.9976 -0.0632 -0.0295
vn -0.9539 -0.2910 -0.0737
vn -0.9921 -0.1198 -0.0361
vn -0.9625 -0.2551 0.0927
vn -0.9852 -0.1708 -0.0130
vn -0.9704 -0.1762 0.1651
vn -0.9586 -0.2832 -0.0302
vn -0.9746 -0.2226 -0.0247
vn -0.9017 -0.4247 -0.0808
vn -0.9039 -0.3891 -0.1776
vn -0.7647 -0.6384 -0.0875
vn -0.8773 -0.4672 0.1099
vn -0.9553 -0.2946 -0.0237
vn -0.9795 0.2002 -0.0219
vn -0.8471 0.5264 -0.0737
vn -0.6452 0.7565 -0.1070
vn -0.4478 0.8862 -0.1192
vn -0.3277 0.9376 -0.1164
vn -0.2631 0.9572 -0.1205
vn -0.1633 0.9806 -0.1082
vn -0.9434 0.1503 -0.2957
vn -0.7470 0.3718 -0.5511
vn -0.5044 0.4720 -0.7231
vn -0.3594 0.4825 -0.7988
vn -0.2941 0.4840 -0.8242
vn -0.2272 0.4847 -0.8446
vn -0.1363 0.4932 -0.8592
vn -0.9099 -0.0190 -0.4143
vn -0.6604 0.0816 -0.7465
vn -0.3618 0.1229 -0.9241
vn -0.2648 0.1221 -0.9566
vn -0.2218 0.1169 -0.9681
vn -0.1565 0.1171 -0.9807
vn -0.0943 0.1127 -0.9892
vn -0.8292 -0.3177 -0.4599
vn -0.5468 -0.3443 -0.7632
vn -0.2530 -0.3334 -0.9082
vn -0.1774 -0.3265 -0.9284
vn -0.1452 -0.3187 -0.9367
vn -0.0950 -0.3092 -0.9462
vn -0.0666 -0.3111 -0.9481
vn -0.7074 -0.5801 -0.4039
vn -0.4421 -0.6488 -0.6194
vn -0.2142 -0.6601 -0.7200
vn -0.1525 -0.6368 -0.7558
vn -0.1209 -0.6257 -0.7706
vn -0.1106 -0.6106 -0.7842
vn -0.0925 -0.5967 -0.7971
vn -0.5253 -0.7926 -0.3095
vn -0.3874 -0.8251 -0.4112
vn -0.2668 -0.8200 -0.5064
vn -0.1794 -0.7930 -0.5822
vn -0.1296 -0.7891 -0.6004
vn -0.1142 -0.7971 -0.5930
vn -0.0923 -0.8036 -0.5879
vn -0.8016 -0.3467 -0.4871
vn -0.7991 -0.3475 -0.4905
vn -0.6666 -0.4248 -0.6126
vn -0.4314 -0.3813 -0.8176
vn -0.2800 -0.3723 -0.8848
vn -0.1496 -0.3471 -0.9258
vn -0.1009 -0.3668 -0.9248
vn -0.7701 0.0016 0.6380
vn -0.9973 0.0717 -0.0174
vn -0.5470 0.0438 0.8360
vn -0.5279 0.0432 0.8482
vn -0.8582 0.1918 -0.4761
vn -0.8341 0.1892 -0.5181
vn -0.7444 0.1884 -0.6406
vn -0.5325 0.2409 -0.8114
vn -0.3461 0.2859 -0.8936
vn -0.1736 0.3138 -0.9335
vn -0.1029 0.3325 -0.9375
vn -0.2489 0.5530 -0.7952
vn -0.2659 0.5398 -0.7987
vn -0.2559 0.5547 -0.7917
vn -0.2873 0.6069 -0.7410
vn -0.3238 0.8189 -0.4738
vn -0.4088 0.9010 -0.1452
vn -0.3459 0.3506 0.8703
vn -0.2881 0.5004 0.8164
vn -0.4424 0.8341 0.3295
vn -0.3143 0.6598 0.6826
vn -0.7631 0.0464 0.6446
vn -0.9945 0.0748 0.0729
vn -0.5649 -0.0044 0.8251
vn -0.5252 -0.0204 0.8507
vn -0.9082 0.0880 -0.4091
vn -0.8259 0.1344 -0.5476
vn -0.7565 0.1839 -0.6277
vn -0.5862 0.2485 -0.7711
vn -0.3694 0.2821 -0.8854
vn -0.2309 0.2993 -0.9258
vn -0.1375 0.3242 -0.9359
vn -0.6821 0.1698 0.7113
vn -0.8640 0.4550 0.2154
vn -0.5495 -0.0495 0.8340
vn -0.5357 -0.0904 0.8396
vn -0.8324 0.4742 -0.2869
vn -0.7348 0.4408 -0.5155
vn -0.6573 0.3677 -0.6578
vn -0.5110 0.2926 -0.8083
vn -0.3811 0.2566 -0.8882
vn -0.3120 0.2791 -0.9081
vn -0.2038 0.3270 -0.9228
vn -0.1779 0.5376 -0.8242
vn 0.0028 0.7704 0.6376
vn 0.1136 0.8451 0.5224
vn 0.0246 0.9273 0.3735
vn 0.0492 0.8888 0.4557
vn -0.0692 0.9462 0.3162
vn -0.0658 0.9178 0.3915
vn -0.1048 0.9529 0.2845
vn -0.1602 0.9800 0.1178
vn -0.1820 0.9783 -0.0993
vn -0.1559 0.9318 -0.3277
vn -0.1023 0.8409 -0.5314
vn -0.0599 0.8028 -0.5933
vn -0.0577 0.7447 -0.6649
vn -0.1530 0.9821 -0.1097
vn -0.0467 0.7637 -0.6439
vn -0.1101 0.9214 -0.3726
vn -0.0982 0.9022 0.4201
vn -0.0698 0.7709 -0.6331
vn -0.1710 0.9648 0.1997
vn -0.0369 0.7491 -0.6615
vn -0.1912 0.9457 0.2629
vn -0.1954 0.9102 0.3651
vn -0.2134 0.9645 0.1556
vn -0.2557 0.9665 0.0206
vn -0.2717 0.9588 -0.0829
vn -0.2531 0.9430 -0.2161
vn -0.2096 0.8984 -0.3859
vn -0.1725 0.8467 -0.5033
vn -0.1660 0.7039 -0.6906
vn 0.1139 0.8146 0.5687
vn 0.1423 0.7922 0.5935
vn 0.0291 0.7737 0.6329
vn -0.0912 0.7920 0.6037
vn -0.2137 0.7880 0.5774
vn 0.0537 0.6713 0.7393
vn 0.0654 0.6467 0.7599
vn -0.0440 0.5802 0.8133
vn -0.1205 0.5402 0.8328
vn -0.2088 0.5303 0.8217
vn 0.0001 0.5605 0.8282
vn -0.0184 0.5424 0.8399
vn -0.1259 0.4838 0.8661
vn -0.2196 0.3472 0.9117
vn -0.2412 0.2082 0.9479
vn 0.0320 0.7276 0.6852
vn -0.0177 0.6326 0.7743
vn -0.1669 0.4956 0.8524
vn -0.2488 0.6729 0.6966
vn -0.3132 0.7506 0.5818
vn -0.2446 0.6120 0.7521
vn -0.3104 0.4174 0.8541
vn -0.5200 0.5428 0.6595
vn -0.7293 0.5846 0.3555
vn -0.6335 0.3455 0.6923
vn -0.4159 0.2825 0.8644
vn -0.7124 0.3367 0.6158
vn -0.9460 0.2707 0.1782
vn -0.9698 0.1408 0.1993
vn -0.4660 0.1698 0.8683
vn -0.7794 0.1202 0.6149
vn -0.9963 0.0343 0.0788
vn -0.9858 0.0293 0.1653
vn -0.4368 0.0350 0.8989
vn -0.7532 -0.1069 0.6491
vn -0.9429 -0.3174 0.1008
vn -0.9462 -0.3230 0.0197
vn -0.3995 -0.0944 0.9119
vn -0.6207 -0.3467 0.7032
vn -0.7626 -0.6008 0.2397
vn -0.8509 -0.4215 0.3136
vn -0.2850 -0.1556 0.9458
vn -0.4156 -0.5184 0.7473
vn -0.4426 -0.8369 0.3220
vn -0.3099 -0.5837 -0.7505
vn -0.0851 -0.2108 0.9738
vn -0.0609 -0.5985 0.7988
vn -0.0348 -0.9260 0.3760
vn 0.2141 -0.5629 -0.7983
vn -0.0749 0.2060 0.9757
vn 0.1178 -0.1743 0.9776
vn 0.2671 -0.5617 0.7830
vn 0.3616 -0.8841 0.2960
vn 0.2989 -0.4873 -0.8205
vn 0.2848 -0.0845 0.9549
vn 0.5261 -0.3839 0.7588
vn 0.6650 -0.7307 0.1545
vn 0.6610 0.2063 -0.7214
vn 0.3771 0.0419 0.9252
vn 0.7121 -0.1353 0.6889
vn 0.3779 0.1968 0.9047
vn 0.7549 0.1133 0.6460
vn 0.3448 0.3462 0.8725
vn 0.6666 0.3311 0.6678
vn 0.2559 0.4603 0.8501
vn 0.4494 0.5396 0.7119
vn 0.6265 0.4350 0.6467
vn 0.3284 0.3638 0.8717
vn 0.1682 0.5109 0.8430
vn 0.2972 0.6389 0.7095
vn 0.2854 0.6186 0.7321
vn 0.0599 0.5568 0.8285
vn 0.0267 0.5178 0.8551
vn 0.0826 0.6828 0.7260
vn -0.1376 0.6244 -0.7689
vn -0.1380 0.6730 -0.7267
vn -0.0869 0.5973 -0.7973
vn -0.0841 0.5709 -0.8167
vn -0.0836 0.6571 -0.7492
vn -0.1526 0.4839 -0.8617
vn -0.1237 0.3576 -0.9257
vn -0.1747 0.3676 -0.9134
vn -0.0503 0.3583 -0.9323
vn -0.0934 0.3434 -0.9346
vn -0.1443 0.3689 -0.9182
vn -0.1520 0.2774 -0.9487
vn -0.0989 0.1319 -0.9863
vn -0.2241 0.1340 -0.9653
vn -0.0293 0.1288 -0.9912
vn -0.1078 0.0998 -0.9891
vn -0.1973 0.1236 -0.9725
vn -0.1673 0.0657 -0.9837
vn -0.1198 -0.0569 -0.9912
vn -0.1987 -0.0464 -0.9790
vn -0.0412 -0.0407 -0.9983
vn -0.2039 -0.0531 -0.9775
vn -0.1842 -0.0294 -0.9825
vn -0.2296 -0.1483 -0.9619
vn -0.1743 -0.2235 -0.9590
vn -0.1638 -0.2286 -0.9596
vn -0.0845 -0.2200 -0.9718
vn -0.4564 -0.1182 -0.8819
vn -0.3265 -0.2006 -0.9237
vn -0.4264 -0.2907 -0.8566
vn -0.4816 -0.3536 0.8019
vn -0.9646 0.0444 0.2601
vn -0.7905 -0.3988 0.4648
vn -0.9341 0.3224 -0.1535
vn -0.6064 0.7317 -0.3113
vn -0.9422 0.2742 -0.1925
vn 0.9655 -0.1099 -0.2360
vn -0.8263 -0.0679 -0.5591
vn -0.9209 0.0989 -0.3770
vn -0.9826 0.0383 0.1815
vn -0.9988 -0.0479 0.0132
vn -0.9875 -0.0880 -0.1309
vn -0.7830 -0.1693 -0.5985
vn -0.1756 -0.4263 -0.8874
vn -0.1409 -0.4269 -0.8933
vn -0.1023 -0.4362 -0.8940
vn -0.2909 -0.3882 -0.8744
vn -0.9737 -0.0256 0.2262
vn -0.9972 -0.0748 -0.0095
vn -0.9816 -0.1169 -0.1511
vn -0.7640 -0.2591 -0.5908
vn -0.1211 -0.5660 -0.8155
vn -0.1002 -0.5437 -0.8333
vn -0.0687 -0.5925 -0.8026
vn -0.2498 -0.5101 -0.8230
vn -0.9636 -0.1091 0.2439
vn -0.9780 -0.2088 -0.0028
vn -0.9535 -0.2478 -0.1717
vn -0.6690 -0.4221 -0.6118
vn -0.0561 -0.5278 -0.8475
vn -0.0635 -0.4976 -0.8651
vn -0.0005 -0.5467 -0.8373
vn -0.2357 -0.4737 -0.8486
vn -0.9410 -0.2340 0.2443
vn -0.9855 -0.1641 0.0439
vn -0.9669 -0.1948 -0.1647
vn -0.7639 -0.3397 -0.5487
vn 0.0007 -0.4466 -0.8947
vn -0.0098 -0.4038 -0.9148
vn 0.0155 -0.4539 -0.8909
vn -0.2308 -0.3265 -0.9166
vn -0.8093 0.0406 0.5859
vn -0.9815 -0.0922 0.1677
vn -0.9817 -0.0934 -0.1661
vn -0.7540 -0.2137 -0.6212
vn -0.2545 0.9424 0.2171
vn -0.1305 0.9596 0.2494
vn -0.3009 0.6779 0.6707
vn 0.0132 -0.1362 0.9906
vn -0.0924 -0.1512 0.9842
vn -0.3345 -0.1151 0.9353
vn -0.3006 0.2107 -0.9302
vn -0.9546 0.0382 -0.2953
vn -0.9881 0.0991 0.1176
vn -0.7370 0.0076 0.6759
vn 0.0099 0.1595 -0.9872
vn -0.0188 0.2458 -0.9691
vn 0.0380 0.2195 -0.9749
vn -0.7289 0.0165 0.6844
vn -0.2803 0.0850 -0.9561
vn 0.0194 -0.1049 0.9943
vn -0.9816 0.0643 0.1800
vn 0.0097 0.1333 -0.9910
vn 0.0094 0.1333 -0.9910
vn -0.0388 0.1212 -0.9919
vn -0.7256 0.0420 -0.6868
vn -0.0704 -0.1131 0.9911
vn -0.3467 -0.0700 0.9354
vn -0.9612 0.0383 -0.2733
vn -0.7549 0.0339 0.6549
vn -0.7565 0.0311 0.6533
vn -0.7124 0.0650 0.6987
vn 0.0081 0.0563 -0.9984
vn 0.0058 -0.0231 -0.9997
vn -0.0015 -0.2708 -0.9626
vn -0.7390 0.0156 -0.6735
vn -0.7277 -0.0328 -0.6851
vn -0.7442 -0.1164 -0.6577
vn -0.0459 -0.1538 0.9870
vn -0.0043 -0.1256 0.9921
vn -0.0005 0.0388 0.9992
vn -0.9681 0.0282 -0.2491
vn -0.9751 0.0284 -0.2202
vn -0.9807 -0.0342 -0.1924
vn -0.2295 -0.2046 -0.9516
vn -0.2418 -0.0657 -0.9681
vn -0.2575 0.0347 -0.9657
vn 0.0015 -0.0375 0.9993
vn 0.0330 -0.1209 0.9921
vn 0.0290 -0.1571 0.9872
vn -0.9785 -0.0584 0.1978
vn -0.9790 0.0590 0.1949
vn -0.9818 0.0564 0.1816
vn 0.0278 -0.2596 -0.9653
vn 0.0243 -0.0342 -0.9991
vn 0.0082 0.0574 -0.9983
vn 0.0206 -0.2533 -0.9672
vn -0.0099 -0.0608 -0.9981
vn -0.0318 0.0526 -0.9981
vn -0.2576 0.1083 0.9602
vn -0.3493 -0.0675 0.9346
vn -0.3584 -0.0727 0.9307
vn -0.7685 0.0390 -0.6386
vn -0.4707 0.8637 0.1803
vn -0.4626 0.8319 0.3065
vn -0.4693 0.8815 0.0514
vn -0.4792 0.8757 -0.0596
vn -0.4732 0.8768 -0.0853
vn -0.4822 0.8640 -0.1449
vn -0.4644 0.8312 -0.3058
vn -0.4367 0.7682 -0.4682
vn -0.3768 0.6402 -0.6695
vn -0.4271 0.7437 0.5143
vn -0.3410 0.5481 0.7638
vn -0.1907 0.2429 0.9511
vn -0.2811 0.4479 -0.8487
vn -0.2034 0.2796 -0.9383
vn -0.0898 0.0757 -0.9931
vn 0.0216 -0.1614 -0.9866
vn 0.1095 -0.4953 -0.8618
vn 0.0125 -0.1787 0.9838
vn 0.0391 -0.6335 0.7728
vn 0.3355 -0.7132 0.6155
vn 0.1330 -0.7004 -0.7013
vn 0.7686 -0.6372 0.0572
vn -0.7410 0.6634 0.1039
vn -0.7327 0.6396 0.2327
vn -0.7389 0.6738 -0.0030
vn -0.7395 0.6664 -0.0956
vn -0.7365 0.6686 -0.1023
vn -0.7347 0.6624 -0.1460
vn -0.7081 0.6385 -0.3015
vn -0.6649 0.5934 -0.4536
vn -0.5587 0.4970 -0.6640
vn -0.6713 0.5786 0.4633
vn -0.5377 0.4255 0.7279
vn -0.2232 0.1327 0.9657
vn -0.4163 0.3620 -0.8340
vn -0.2705 0.2202 -0.9372
vn -0.0925 0.0403 -0.9949
vn 0.1814 -0.2065 -0.9615
vn 0.5382 -0.5027 -0.6765
vn 0.2508 -0.2563 0.9335
vn 0.5916 -0.4799 0.6479
vn 0.7033 -0.5715 0.4228
vn 0.6970 -0.6320 -0.3387
vn 0.5999 -0.7996 0.0296
vn -0.7591 0.6377 0.1307
vn -0.7514 0.6064 0.2603
vn -0.7584 0.6516 0.0160
vn -0.7479 0.6593 -0.0776
vn -0.7448 0.6612 -0.0900
vn -0.7395 0.6589 -0.1380
vn -0.7184 0.6287 -0.2977
vn -0.6775 0.5772 -0.4559
vn -0.5871 0.4631 -0.6640
vn -0.7124 0.5220 0.4689
vn -0.5952 0.3632 0.7168
vn -0.3261 0.0654 0.9431
vn -0.4757 0.3280 -0.8161
vn -0.3615 0.1903 -0.9128
vn -0.2048 0.0075 -0.9788
vn 0.0267 -0.2487 -0.9682
vn 0.3452 -0.5693 -0.7461
vn 0.1156 -0.3479 0.9304
vn 0.4080 -0.6072 0.6817
vn 0.5326 -0.7303 0.4278
vn 0.5265 -0.7485 -0.4032
vn 0.5855 -0.8104 0.0219
vn -0.6497 0.7289 0.2158
vn -0.6295 0.6955 0.3464
vn -0.6588 0.7477 0.0833
vn -0.6571 0.7534 -0.0269
vn -0.6533 0.7553 -0.0532
vn -0.6486 0.7524 -0.1152
vn -0.6271 0.7248 -0.2855
vn -0.5830 0.6688 -0.4613
vn -0.4875 0.5465 -0.6809
vn -0.5676 0.6076 0.5556
vn -0.4322 0.4342 0.7904
vn -0.1903 0.1309 0.9730
vn -0.3593 0.3812 -0.8518
vn -0.2376 0.2215 -0.9458
vn -0.0931 0.0354 -0.9950
vn 0.0874 -0.1996 -0.9760
vn 0.3428 -0.5196 -0.7826
vn 0.1665 -0.2990 0.9396
vn 0.4139 -0.5974 0.6869
vn 0.5320 -0.7354 0.4197
vn 0.5338 -0.7302 -0.4265
vn 0.5945 -0.8039 0.0182
vn -0.6276 0.7292 0.2728
vn -0.6035 0.6953 0.3903
vn -0.6406 0.7533 0.1486
vn -0.6404 0.7668 0.0445
vn -0.6339 0.7733 0.0164
vn -0.6268 0.7773 -0.0531
vn -0.6058 0.7601 -0.2350
vn -0.5582 0.7089 -0.4312
vn -0.4524 0.5801 -0.6773
vn -0.5280 0.6074 0.5936
vn -0.3760 0.4287 0.8215
vn -0.1212 0.1168 0.9857
vn -0.3099 0.4007 -0.8622
vn -0.1720 0.2260 -0.9588
vn -0.0301 0.0401 -0.9987
vn 0.1468 -0.1929 -0.9702
vn 0.3700 -0.4963 -0.7853
vn 0.2061 -0.2996 0.9315
vn 0.4289 -0.5840 0.6892
vn 0.5376 -0.7305 0.4212
vn 0.5342 -0.7174 -0.4472
vn 0.5254 -0.8508 0.0093
vn -0.6460 0.6855 0.3358
vn -0.6276 0.6538 0.4227
vn -0.6592 0.7137 0.2369
vn -0.6645 0.7313 0.1537
vn -0.6571 0.7414 0.1365
vn -0.6587 0.7492 0.0701
vn -0.6557 0.7464 -0.1143
vn -0.6275 0.7092 -0.3213
vn -0.5414 0.5938 -0.5952
vn -0.5626 0.5678 0.6009
vn -0.4312 0.3941 0.8116
vn -0.2099 0.0962 0.9730
vn -0.3981 0.4135 -0.8189
vn -0.2650 0.2330 -0.9357
vn -0.1233 0.0359 -0.9917
vn 0.0533 -0.2090 -0.9765
vn 0.2829 -0.5315 -0.7984
vn 0.1095 -0.3139 0.9431
vn 0.3438 -0.6082 0.7154
vn 0.4707 -0.7744 0.4228
vn 0.4585 -0.7721 -0.4400
vn -0.2784 0.0542 -0.9589
vn -0.4492 0.2683 -0.8522
vn -0.6138 0.4914 -0.6179
vn -0.1890 0.1424 0.9716
vn -0.4423 0.4389 0.7821
vn -0.5576 0.5659 0.6073
vn -0.7022 0.6329 -0.3261
vn -0.7250 0.6705 -0.1575
vn -0.7293 0.6823 -0.0504
vn -0.7274 0.6850 0.0415
vn -0.7261 0.6835 0.0748
vn -0.6988 0.6993 0.1504
vn -0.6564 0.6941 0.2955
vn -0.6115 0.6410 0.4640
vn -0.6314 0.6687 0.3926
vn 0.4972 -0.8676 0.0047
vn 0.1825 -0.1790 0.9668
vn 0.2683 -0.3183 0.9092
vn 0.2662 -0.6952 0.6677
vn -0.9961 0.0700 0.0528
vn -0.9162 0.3936 0.0748
vn -0.9603 0.2764 -0.0390
vn -0.7940 -0.4326 -0.4272
vn 0.0461 -0.0726 0.9963
vn 0.1392 -0.0810 0.9869
vn -0.2685 0.0335 0.9627
vn -0.2577 0.0789 0.9630
vn -0.7417 0.0576 0.6682
vn -0.7533 0.1315 0.6444
vn -0.9749 0.1961 0.1057
vn -0.9679 0.2114 0.1362
vn -0.8984 0.3380 -0.2805
vn -0.9219 0.2721 -0.2756
vn -0.6572 0.3534 -0.6658
vn -0.7240 0.1929 -0.6623
vn -0.1784 0.2015 -0.9631
vn -0.2164 0.0495 -0.9750
vn 0.1721 0.0286 -0.9847
vn 0.0675 -0.2338 -0.9699
vn 0.0987 -0.5834 -0.8062
vn -0.0279 -0.2856 -0.9580
vn 0.1061 -0.1242 0.9866
vn 0.0435 -0.1368 0.9896
vn 0.0477 -0.1528 0.9871
vn 0.0471 -0.1434 0.9885
vn 0.0219 -0.1823 0.9830
vn 0.0825 0.3830 -0.9201
vn 0.1100 0.5252 -0.8438
vn 0.1013 0.4666 -0.8787
vn 0.0833 0.2364 -0.9681
vn 0.0844 0.1263 -0.9884
vn -0.0858 -0.1910 0.9778
vn -0.0756 -0.1565 0.9848
vn -0.0731 -0.1579 0.9847
vn -0.0572 -0.1561 0.9861
vn -0.0047 -0.0749 0.9972
vn -0.3388 -0.1539 0.9282
vn -0.3278 -0.1465 0.9333
vn -0.3367 -0.1456 0.9303
vn -0.3402 -0.1566 0.9272
vn -0.3013 -0.0725 0.9508
vn -0.7736 0.0148 0.6335
vn -0.7681 0.0229 0.6400
vn -0.7689 0.0134 0.6392
vn -0.7609 -0.0155 0.6487
vn -0.7535 0.0025 0.6574
vn -0.9749 0.1913 0.1143
vn -0.9491 0.3104 0.0538
vn -0.9672 0.2464 0.0624
vn -0.9628 0.2605 0.0722
vn -0.9644 0.2522 0.0792
vn -0.9131 0.2347 -0.3335
vn -0.8404 0.4168 -0.3463
vn -0.8400 0.3933 -0.3738
vn -0.8322 0.4375 -0.3406
vn -0.8551 0.4181 -0.3066
vn -0.6281 0.3575 -0.6912
vn -0.5709 0.5104 -0.6431
vn -0.5539 0.5356 -0.6375
vn -0.5684 0.5649 -0.5981
vn -0.6137 0.4818 -0.6255
vn -0.2277 0.4751 -0.8500
vn -0.1444 0.5863 -0.7971
vn -0.1403 0.5935 -0.7925
vn -0.1331 0.5484 -0.8255
vn -0.1496 0.3797 -0.9130
vn 0.0959 0.4495 -0.8881
vn 0.1520 0.5559 -0.8172
vn 0.2052 0.5299 -0.8229
vn 0.2026 0.3709 -0.9063
vn 0.1960 0.1896 -0.9621
vn 0.5352 -0.2118 0.8177
vn 0.6715 0.6846 0.2835
vn 0.7011 0.6826 -0.2060
vn 0.2706 -0.0480 0.9615
vn -0.1932 0.1200 0.9738
vn -0.7338 0.1785 0.6555
vn -0.9588 0.2108 0.1902
vn -0.9397 0.1811 -0.2902
vn -0.7218 0.0545 -0.6900
vn -0.2842 -0.1348 -0.9492
vn 0.1584 -0.3549 -0.9214
vn 0.8171 0.2395 -0.5244
vn 0.6508 -0.0304 0.7586
vn 0.8977 -0.0274 0.4397
vn 0.9236 -0.0259 -0.3825
vn 0.4074 -0.0250 0.9129
vn -0.1692 -0.0380 0.9848
vn -0.7245 -0.0379 0.6882
vn -0.9692 -0.0125 0.2458
vn -0.9290 -0.0119 -0.3699
vn -0.5825 -0.0484 -0.8114
vn -0.1670 -0.0667 -0.9837
vn 0.1730 -0.0646 -0.9828
vn 0.5984 -0.0458 -0.7999
vn 0.9048 0.0033 0.4258
vn 0.9007 0.0024 0.4345
vn -0.9666 0.1739 0.1883
vn -0.9759 0.0869 0.2002
vn -0.9366 0.0720 -0.3429
vn -0.9363 0.1380 -0.3228
vn -0.6476 -0.0620 -0.7594
vn -0.6855 -0.0657 -0.7251
vn -0.2329 -0.2493 -0.9400
vn -0.3013 -0.3365 -0.8922
vn 0.9398 -0.1721 -0.2954
vn 0.9181 -0.1233 -0.3766
vn 0.0860 -0.3466 -0.9341
vn 0.1223 -0.4879 -0.8643
vn 0.6667 0.0002 0.7453
vn 0.6513 -0.0086 0.7588
vn 0.3968 0.0093 0.9179
vn 0.3978 0.0190 0.9173
vn 0.5781 -0.4491 -0.6813
vn 0.5264 -0.3069 -0.7929
vn -0.1590 0.0253 0.9870
vn -0.1847 0.0856 0.9791
vn -0.7362 0.0429 0.6754
vn -0.7342 0.1402 0.6643
vn 0.6585 -0.1081 0.7448
vn 0.8824 -0.1105 0.4574
vn 0.9839 -0.0912 0.1535
vn 0.9972 -0.0741 -0.0072
vn 0.9922 -0.0760 -0.0987
vn 0.9163 -0.0817 -0.3921
vn 0.4236 -0.0972 0.9006
vn -0.1530 -0.1235 0.9805
vn -0.7069 -0.1225 0.6967
vn -0.9582 -0.1119 0.2634
vn -0.9142 -0.0972 -0.3934
vn -0.5556 -0.0792 -0.8276
vn -0.1645 -0.0491 -0.9852
vn 0.1852 -0.0392 -0.9819
vn 0.5920 -0.0665 -0.8032
vn 0.7600 -0.2259 0.6094
vn 0.9100 -0.2309 0.3444
vn 0.9631 -0.2110 0.1670
vn 0.9841 -0.1776 0.0032
vn 0.9836 -0.1558 -0.0904
vn 0.9315 -0.0872 -0.3530
vn 0.4815 -0.1892 0.8558
vn -0.1306 -0.1616 0.9782
vn -0.7344 -0.1123 0.6694
vn -0.9800 -0.0580 0.1902
vn -0.8844 0.0598 -0.4628
vn -0.5348 0.1560 -0.8305
vn -0.1381 0.1885 -0.9723
vn 0.2419 0.1559 -0.9577
vn 0.6633 0.0475 -0.7468
vn -0.8977 -0.1564 -0.4120
vn -0.8927 -0.1727 -0.4164
vn -0.9017 -0.1354 -0.4105
vn -0.9008 -0.0997 -0.4226
vn -0.8919 -0.0566 -0.4486
vn -0.8881 -0.0180 -0.4593
vn -0.4806 0.0648 -0.8745
vn -0.4966 0.0047 -0.8680
vn -0.5119 -0.0382 -0.8582
vn -0.5158 -0.0513 -0.8552
vn -0.5176 -0.0842 -0.8515
vn -0.5280 -0.0979 -0.8436
vn 0.9901 -0.0872 -0.1100
vn 0.9915 -0.0656 -0.1123
vn 0.9914 -0.0652 -0.1136
vn 0.9921 -0.0418 -0.1187
vn 0.9927 0.0229 -0.1183
vn 0.9935 0.0054 -0.1140
vn 0.9999 -0.0097 -0.0049
vn 0.9999 0.0095 -0.0079
vn 0.9985 -0.0537 -0.0086
vn 0.9974 -0.0719 -0.0047
vn 0.9977 -0.0680 -0.0013
vn 0.9956 -0.0937 -0.0026
vn -0.1208 0.1073 -0.9869
vn -0.1196 0.0358 -0.9922
vn -0.1207 -0.0149 -0.9926
vn -0.1178 -0.0073 -0.9930
vn -0.1233 -0.0323 -0.9918
vn -0.1435 -0.0570 -0.9880
vn 0.9098 -0.0793 -0.4073
vn 0.9175 -0.0574 -0.3937
vn 0.9282 -0.0499 -0.3686
vn 0.9267 -0.0206 -0.3752
vn 0.9190 0.0455 -0.3917
vn 0.9183 0.0421 -0.3936
vn 0.2028 0.1144 -0.9725
vn 0.1970 0.0518 -0.9790
vn 0.1942 -0.0034 -0.9809
vn 0.1958 0.0027 -0.9806
vn 0.1935 -0.0184 -0.9809
vn 0.1841 -0.0442 -0.9819
vn 0.6839 -0.1306 0.7178
vn 0.7173 -0.1250 0.6854
vn 0.7268 -0.1484 0.6707
vn 0.7374 -0.1426 0.6602
vn 0.7411 -0.0980 0.6642
vn 0.7294 -0.0948 0.6775
vn 0.4732 -0.1317 0.8711
vn 0.4913 -0.1496 0.8580
vn 0.4950 -0.1762 0.8508
vn 0.4906 -0.1785 0.8529
vn 0.4789 -0.1419 0.8663
vn 0.4500 -0.1254 0.8842
vn 0.5876 -0.0605 -0.8068
vn 0.6101 -0.0336 -0.7916
vn 0.6257 -0.0174 -0.7798
vn 0.6234 -0.0034 -0.7819
vn 0.6161 0.0596 -0.7854
vn 0.6090 0.0919 -0.7878
vn -0.1474 -0.1705 0.9743
vn -0.1551 -0.2062 0.9661
vn -0.1666 -0.2346 0.9577
vn -0.1525 -0.2390 0.9590
vn -0.1494 -0.2108 0.9660
vn -0.1476 -0.1842 0.9717
vn -0.7039 -0.1417 0.6960
vn -0.7050 -0.1771 0.6868
vn -0.7033 -0.2133 0.6782
vn -0.6956 -0.2283 0.6812
vn -0.6901 -0.2331 0.6852
vn -0.6894 -0.2050 0.6947
vn 0.8807 -0.1276 0.4562
vn 0.8904 -0.1038 0.4432
vn 0.8901 -0.1201 0.4396
vn 0.8974 -0.1122 0.4268
vn 0.9049 -0.0526 0.4225
vn 0.9078 -0.0617 0.4148
vn -0.9597 -0.1063 0.2602
vn -0.9544 -0.1417 0.2627
vn -0.9479 -0.1849 0.2595
vn -0.9388 -0.2176 0.2670
vn -0.9332 -0.2405 0.2672
vn -0.9385 -0.2057 0.2774
vn 0.9787 -0.1096 0.1736
vn 0.9822 -0.0802 0.1697
vn 0.9816 -0.0898 0.1682
vn 0.9840 -0.0769 0.1609
vn 0.9870 -0.0131 0.1600
vn 0.9863 -0.0329 0.1615
vn 0.7830 -0.2941 0.5481
vn 0.9055 -0.2701 0.3274
vn 0.9573 -0.2424 0.1576
vn 0.9774 -0.2114 0.0032
vn 0.9795 -0.1828 -0.0849
vn 0.9356 -0.0762 -0.3447
vn 0.5078 -0.2848 0.8130
vn -0.0945 -0.2280 0.9691
vn -0.7444 -0.0684 0.6642
vn -0.9845 0.1070 0.1390
vn -0.8849 0.2385 -0.4000
vn -0.5525 0.3350 -0.7633
vn -0.1375 0.3364 -0.9316
vn 0.2323 0.2684 -0.9349
vn 0.6628 0.1258 -0.7382
vn 0.7673 -0.2427 0.5936
vn 0.9223 -0.1771 0.3435
vn 0.9739 -0.1415 0.1773
vn 0.9946 -0.1032 0.0130
vn 0.9944 -0.0633 -0.0843
vn 0.9292 0.0677 -0.3634
vn 0.4862 -0.3092 0.8173
vn -0.0844 -0.2777 0.9570
vn -0.7460 -0.0567 0.6636
vn -0.9800 0.1285 0.1520
vn -0.8899 0.2772 -0.3622
vn -0.5143 0.3959 -0.7607
vn -0.1138 0.3878 -0.9147
vn 0.1924 0.3450 -0.9187
vn 0.6089 0.2563 -0.7507
vn 0.9894 -0.1011 -0.1045
vn 0.7904 -0.1453 0.5951
vn 0.9358 -0.0773 0.3440
vn 0.9854 -0.0302 0.1674
vn 0.9999 0.0089 0.0147
vn 0.9959 0.0371 -0.0820
vn 0.9248 0.1199 -0.3611
vn 0.4712 -0.2338 0.8505
vn -0.1224 -0.2171 0.9685
vn -0.7428 -0.0410 0.6683
vn -0.9006 0.2479 -0.3570
vn -0.5250 0.3034 -0.7952
vn -0.0936 0.2854 -0.9538
vn 0.2024 0.2744 -0.9401
vn 0.6159 0.2288 -0.7538
vn -0.8849 -0.0709 -0.4604
vn 0.9220 -0.0467 -0.3844
vn 0.7356 -0.1404 0.6627
vn 0.6268 0.0456 -0.7778
vn 0.9123 -0.1512 0.3807
vn 0.9768 -0.1405 0.1613
vn -0.5012 0.0478 -0.8640
vn 0.9931 -0.1176 -0.0021
vn -0.1351 0.1087 -0.9849
vn 0.2121 0.1094 -0.9711
vn 0.4543 -0.1303 0.8813
vn -0.1474 -0.1508 0.9775
vn -0.7157 -0.1491 0.6823
vn -0.9650 -0.1526 0.2133
vn -0.9793 0.1222 0.1614
vn 0.7878 -0.0796 0.6108
vn 0.9340 -0.0369 0.3554
vn 0.9863 -0.0082 0.1649
vn 0.9999 0.0080 0.0140
vn 0.9962 0.0173 -0.0850
vn 0.9214 0.0347 -0.3871
vn 0.4612 -0.1228 0.8788
vn -0.1354 -0.1151 0.9841
vn -0.7325 -0.0205 0.6805
vn -0.9839 0.0823 0.1587
vn -0.9207 0.1366 -0.3655
vn -0.5430 0.1289 -0.8298
vn -0.0824 0.1006 -0.9915
vn 0.2231 0.0846 -0.9711
vn 0.6124 0.0576 -0.7884
vn 0.2557 -0.1303 -0.9579
vn -0.0804 -0.1505 -0.9853
vn -0.5541 -0.1779 -0.8132
vn -0.9046 -0.1834 -0.3849
vn -0.9677 -0.1671 0.1886
vn -0.7173 -0.1200 0.6863
vn -0.0403 -0.1041 0.9937
vn 0.5695 -0.1280 0.8120
vn 0.9167 -0.0844 -0.3905
vn 0.9946 -0.0596 -0.0848
vn 0.9963 -0.0648 0.0560
vn 0.9660 -0.0871 0.2435
vn 0.8983 -0.1211 0.4223
vn 0.6117 -0.1138 -0.7828
vn 0.7824 -0.1535 0.6036
vn 0.9186 -0.0263 -0.3944
vn 0.9099 -0.0605 -0.4103
vn 0.9078 -0.0713 -0.4133
vn 0.9096 -0.0727 -0.4090
vn 0.9966 -0.0118 -0.0821
vn 0.9941 -0.0484 -0.0974
vn 0.9912 -0.0702 -0.1125
vn 0.9927 -0.0647 -0.1020
vn -0.9799 0.0451 0.1943
vn -0.9794 -0.0290 0.2000
vn -0.9731 -0.1199 0.1967
vn -0.9632 -0.1906 0.1893
vn 0.5209 -0.0711 0.8506
vn 0.4965 -0.0494 0.8666
vn 0.4736 -0.0463 0.8795
vn 0.4575 -0.0573 0.8874
vn 0.9998 -0.0113 0.0182
vn 0.9990 -0.0406 0.0207
vn 0.9974 -0.0691 0.0208
vn 0.9973 -0.0703 0.0224
vn 0.9212 -0.0709 0.3826
vn 0.9123 -0.0525 0.4061
vn 0.9081 -0.0586 0.4147
vn 0.9208 -0.0377 0.3881
vn -0.7077 -0.1528 0.6898
vn -0.7080 -0.1039 0.6985
vn -0.7069 -0.0366 0.7063
vn -0.7103 0.0005 0.7039
vn -0.0497 -0.0990 0.9938
vn -0.0781 -0.0746 0.9942
vn -0.1139 -0.0411 0.9926
vn -0.1137 -0.0452 0.9925
vn 0.6018 -0.0453 -0.7974
vn 0.6004 -0.0588 -0.7976
vn 0.6112 -0.0738 -0.7880
vn 0.6096 -0.0976 -0.7867
vn -0.9162 -0.1900 -0.3529
vn -0.9315 -0.1219 -0.3427
vn -0.9406 -0.0273 -0.3385
vn -0.9364 0.0571 -0.3462
vn 0.7726 -0.0533 0.6327
vn 0.7804 -0.0601 0.6223
vn 0.7902 -0.0532 0.6106
vn 0.7904 -0.0775 0.6077
vn -0.5713 -0.1633 -0.8043
vn -0.5817 -0.1141 -0.8054
vn -0.6053 -0.0443 -0.7948
vn -0.5953 0.0244 -0.8032
vn -0.0609 -0.1222 -0.9906
vn -0.0471 -0.0953 -0.9943
vn -0.0425 -0.0583 -0.9974
vn -0.0611 -0.0124 -0.9981
vn 0.9757 -0.0722 0.2070
vn 0.9694 -0.0651 0.2368
vn 0.9704 -0.0505 0.2361
vn 0.9808 -0.0209 0.1938
vn 0.2685 -0.1098 -0.9570
vn 0.2771 -0.0817 -0.9574
vn 0.2887 -0.0554 -0.9558
vn 0.2672 -0.0329 -0.9631
vn 0.2826 -0.1590 -0.9460
vn -0.0767 -0.1570 -0.9846
vn -0.5756 -0.1862 -0.7963
vn -0.9118 -0.1791 -0.3696
vn -0.9877 -0.1131 0.1080
vn -0.7727 -0.0170 0.6345
vn -0.0292 0.0369 0.9989
vn 0.5894 0.0239 0.8075
vn 0.9569 -0.1729 -0.2332
vn 0.9873 -0.1574 0.0232
vn 0.9871 -0.1282 0.0954
vn 0.9681 -0.1201 0.2198
vn 0.9579 -0.1018 0.2684
vn 0.7150 -0.1670 -0.6789
vn 0.8787 -0.0364 0.4760
vn -0.9274 -0.1195 -0.3546
vn -0.9199 -0.1229 -0.3725
vn -0.9310 -0.1157 -0.3461
vn -0.9330 -0.0904 -0.3483
vn -0.5790 -0.0802 -0.8114
vn -0.5676 -0.1307 -0.8129
vn -0.5556 -0.1487 -0.8180
vn -0.5617 -0.1504 -0.8136
vn 0.9265 -0.0934 -0.3645
vn 0.9361 -0.0956 -0.3384
vn 0.9460 -0.1366 -0.2940
vn 0.9560 -0.1572 -0.2476
vn 0.9884 -0.1321 0.0745
vn 0.9908 -0.1093 0.0793
vn 0.9964 -0.0828 0.0186
vn 0.9961 -0.0803 -0.0370
vn -0.0401 -0.0738 0.9965
vn -0.0219 -0.0388 0.9990
vn -0.0285 -0.0226 0.9993
vn -0.0422 -0.0027 0.9991
vn -0.7303 -0.0287 0.6825
vn -0.7287 -0.0450 0.6834
vn -0.7342 -0.0540 0.6768
vn -0.7394 -0.0675 0.6699
vn 0.7918 -0.1030 0.6020
vn 0.8092 -0.0392 0.5862
vn 0.8297 -0.0117 0.5582
vn 0.8546 0.0024 0.5193
vn 0.6346 0.0146 0.7727
vn 0.6442 -0.0046 0.7648
vn 0.6465 -0.0210 0.7626
vn 0.6274 -0.0798 0.7746
vn 0.9854 -0.0972 0.1399
vn 0.9726 -0.0981 0.2110
vn 0.9686 -0.0872 0.2329
vn 0.9788 -0.0976 0.1802
vn 0.9620 -0.0664 0.2649
vn 0.9428 -0.0622 0.3275
vn 0.9285 -0.0982 0.3581
vn 0.9341 -0.1096 0.3399
vn 0.8637 -0.1118 0.4914
vn 0.8742 -0.0697 0.4806
vn 0.9013 -0.0334 0.4320
vn 0.9332 -0.0313 0.3580
vn -0.9794 -0.0682 0.1898
vn -0.9762 -0.0832 0.2002
vn -0.9783 -0.0852 0.1887
vn -0.9808 -0.0922 0.1717
vn -0.0895 -0.0664 -0.9938
vn -0.1010 -0.1212 -0.9875
vn -0.1021 -0.1475 -0.9838
vn -0.0970 -0.1507 -0.9838
vn 0.6231 -0.1201 -0.7729
vn 0.6316 -0.1302 -0.7643
vn 0.6554 -0.1475 -0.7407
vn 0.6975 -0.1393 -0.7029
vn 0.2679 -0.0915 -0.9591
vn 0.2271 -0.1312 -0.9650
vn 0.2094 -0.1448 -0.9671
vn 0.2252 -0.1377 -0.9645
vn 0.2599 -0.0000 -0.9656
vn -0.0755 -0.0206 -0.9969
vn -0.5988 -0.0928 -0.7955
vn -0.9004 -0.1435 -0.4108
vn -0.9929 -0.0728 -0.0938
vn -0.8155 0.2312 0.5305
vn -0.0639 0.4732 0.8786
vn 0.4835 0.3942 0.7816
vn 0.9589 -0.0230 -0.2826
vn 0.9972 -0.0184 -0.0727
vn 1.0000 0.0015 0.0044
vn 0.9739 -0.0149 0.2265
vn 0.9662 -0.0103 0.2574
vn 0.7042 0.0058 -0.7100
vn 0.8827 0.1917 0.4291
vn 0.2095 0.1756 -0.9619
vn -0.0831 0.1678 -0.9823
vn -0.6012 0.1227 -0.7896
vn -0.9297 -0.0097 -0.3682
vn -0.9823 -0.0629 -0.1765
vn 0.9315 0.1078 -0.3473
vn 0.9874 0.0828 -0.1351
vn 0.9957 0.0803 -0.0460
vn 0.9674 0.0609 0.2460
vn 0.9614 0.0715 0.2656
vn 0.6397 0.1590 -0.7520
vn 0.1942 -0.1087 -0.9749
vn -0.0895 -0.1118 -0.9897
vn -0.5905 -0.0898 -0.8020
vn -0.9488 -0.0590 -0.3102
vn -0.9838 -0.1311 -0.1224
vn 0.9326 -0.0527 -0.3570
vn 0.9900 -0.0381 -0.1358
vn 0.9984 -0.0479 -0.0306
vn 0.9754 -0.0402 0.2168
vn 0.9721 -0.0284 0.2329
vn 0.6324 -0.0903 -0.7694
vn 0.1774 -0.4813 -0.8584
vn -0.0857 -0.4890 -0.8681
vn -0.5791 -0.4658 -0.6691
vn -0.8684 -0.4496 -0.2092
vn -0.8604 -0.5080 -0.0411
vn 0.9084 -0.3320 -0.2541
vn 0.9402 -0.3249 -0.1018
vn 0.9473 -0.3202 0.0121
vn 0.9069 -0.3611 0.2173
vn 0.8614 -0.4452 0.2443
vn 0.6364 -0.4300 -0.6403
vn 0.0001 0.9954 -0.0953
vn -0.0944 0.9926 -0.0761
vn -0.1174 0.9901 0.0769
vn -0.8437 -0.5247 -0.1136
vn -0.8360 -0.3556 0.4180
vn -0.0002 -0.9866 -0.1630
vn 0.8438 -0.5244 -0.1142
vn 0.8359 -0.3556 0.4181
vn 0.0946 0.9926 -0.0763
vn 0.1175 0.9901 0.0769
vn 0.0001 0.9707 0.2403
vn -0.6636 0.7130 0.2264
vn -0.9039 -0.4278 0.0052
vn -0.0263 -0.9929 -0.1157
vn 0.9124 -0.4066 -0.0460
vn 0.6927 0.7008 0.1702
vn -0.0499 0.9818 0.1834
vn -0.7105 0.6960 0.1035
vn -0.9403 -0.3392 0.0293
vn -0.0566 -0.9738 0.2204
vn 0.6211 -0.7595 0.1935
vn -0.4667 0.8620 0.1978
vn -0.0011 0.9968 0.0803
vn -0.7696 0.6308 0.0992
vn -0.6894 0.4948 0.5291
vn 0.6894 0.4947 0.5291
vn 0.7700 0.6304 0.0987
vn 0.0001 0.9933 -0.1157
vn -0.1055 0.9901 -0.0922
vn -0.1310 0.9874 0.0882
vn -0.8442 -0.5240 -0.1127
vn -0.8358 -0.3542 0.4196
vn -0.0003 -0.9867 -0.1625
vn 0.8440 -0.5242 -0.1134
vn 0.8357 -0.3542 0.4197
vn 0.1057 0.9901 -0.0925
vn 0.1311 0.9874 0.0882
vn -0.0007 0.9712 0.2381
vn -0.6677 0.7106 0.2217
vn -0.9056 -0.4242 0.0039
vn 0.0059 -0.9899 -0.1419
vn 0.9179 -0.3905 -0.0698
vn 0.6923 0.7043 0.1574
vn -0.0398 0.9868 0.1570
vn -0.7506 0.6524 0.1047
vn -0.9084 -0.4091 0.0860
vn 0.0058 -0.9798 0.2000
vn 0.9547 -0.1291 -0.2680
vn -0.4594 0.8882 -0.0011
vn -0.0009 0.9993 0.0380
vn -0.7735 0.6264 0.0962
vn -0.6926 0.4895 0.5299
vn 0.6926 0.4894 0.5299
vn 0.7741 0.6258 0.0957
vn 0.0001 0.9907 -0.1362
vn -0.1201 0.9868 -0.1083
vn -0.1482 0.9835 0.1036
vn -0.8447 -0.5234 -0.1118
vn -0.8356 -0.3528 0.4211
vn -0.0003 -0.9867 -0.1623
vn 0.8443 -0.5237 -0.1131
vn 0.8355 -0.3529 0.4211
vn 0.1204 0.9868 -0.1086
vn 0.1484 0.9835 0.1036
vn 0.0023 0.9727 0.2319
vn -0.6712 0.7085 0.2179
vn -0.9067 -0.4217 0.0059
vn 0.0079 -0.9895 -0.1444
vn 0.9177 -0.3909 -0.0709
vn 0.6954 0.7019 0.1541
vn -0.0466 0.9894 0.1377
vn -0.7383 0.6669 0.1003
vn -0.9137 -0.3967 0.0877
vn 0.0037 -0.9814 0.1918
vn -0.2152 -0.8225 -0.5265
vn -0.5271 0.8481 0.0539
vn -0.0011 0.9999 -0.0152
vn -0.7784 0.6211 0.0915
vn -0.6968 0.4827 0.5306
vn 0.6968 0.4826 0.5306
vn 0.7790 0.6204 0.0911
vn 0.0144 0.9858 -0.1675
vn 0.0050 0.9645 0.2640
vn -0.2139 0.9677 -0.1331
vn -0.2559 0.9407 0.2228
vn -0.8249 -0.5526 -0.1194
vn -0.8307 -0.3791 0.4076
vn -0.0040 -0.9869 -0.1614
vn 0.0005 -0.8393 0.5436
vn 0.8453 -0.5226 -0.1114
vn 0.8346 -0.3496 0.4258
vn 0.2084 0.9683 -0.1376
vn 0.2477 0.9457 0.2104
vn -0.0015 0.9766 0.2149
vn -0.6324 0.7449 0.2126
vn -0.8620 -0.5069 0.0017
vn -0.0053 -0.9899 -0.1415
vn 0.9217 -0.3764 -0.0934
vn 0.7126 0.6918 0.1165
vn -0.0545 0.9917 0.1168
vn -0.6389 0.7598 0.1204
vn -0.8020 -0.5798 0.1436
vn -0.0047 -0.9842 0.1770
vn 0.4672 -0.6277 -0.6227
vn -0.5502 0.8350 0.0101
vn -0.0014 0.9666 -0.2563
vn -0.7739 0.6272 0.0871
vn -0.7115 0.4473 0.5420
vn 0.0010 0.4047 0.9145
vn 0.7189 0.4424 0.5361
vn 0.7999 0.5967 0.0644
vn -0.0003 0.9849 0.1730
vn 0.0010 0.9949 0.1009
vn -0.0399 0.9858 0.1629
vn -0.0520 0.9963 0.0687
vn -0.8619 -0.4921 -0.1219
vn -0.8123 -0.3515 0.4655
vn 0.0006 -0.9939 -0.1100
vn -0.0006 -0.8195 0.5731
vn 0.8418 -0.5295 -0.1053
vn 0.8110 -0.3766 0.4477
vn 0.0402 0.9852 0.1665
vn 0.0538 0.9961 0.0698
vn 0.0102 0.9289 0.3702
vn -0.6726 0.6733 0.3071
vn -0.9274 -0.3738 -0.0154
vn -0.0016 -0.9818 -0.1899
vn 0.8665 -0.4900 -0.0954
vn 0.6360 0.7205 0.2762
vn -0.1739 0.9516 0.2533
vn -0.0061 -0.9902 0.1393
vn -0.0021 -0.9963 0.0860
vn -0.0213 -0.9846 0.1732
vn -0.1006 0.9586 0.2664
vn -0.1490 0.9476 0.2824
vn -0.7187 0.6918 -0.0701
vn -0.6408 0.5158 0.5686
vn -0.0008 0.4280 0.9038
vn 0.6293 0.5238 0.5741
vn 0.6880 0.7254 -0.0225
vn -0.7949 -0.4928 -0.3540
vn -0.7701 0.6367 0.0404
vn 0.6911 0.7156 0.1016
vn 0.7514 -0.5658 -0.3395
vn 0.0011 0.9748 0.2232
vn -0.0006 -0.8920 -0.4521
vn -0.1045 0.9615 0.2542
vn -0.1208 0.9576 0.2615
vn -0.0339 -0.9869 0.1577
vn 0.0041 -0.9954 0.0958
vn -0.1566 0.9539 0.2561
vn -0.2077 0.9419 0.2641
vn -0.0589 -0.9921 0.1110
vn 0.0042 -0.9978 0.0660
vn -0.1721 0.9415 0.2896
vn -0.6374 0.7499 0.1772
vn -0.8236 -0.5671 -0.0039
vn -0.0096 -1.0000 -0.0010
vn 0.0709 0.9794 0.1893
vn 0.0757 -0.9927 0.0939
vn 0.8784 -0.4779 0.0016
vn 0.7439 0.6629 0.0848
vn -0.1005 0.8954 0.4338
vn 0.0139 -0.9981 0.0604
vn -0.1328 0.8911 0.4339
vn -0.1399 0.8864 0.4412
vn -0.2373 -0.9712 0.0199
vn -0.1100 -0.9912 0.0742
vn 0.0603 0.9256 0.3737
vn -0.2201 0.8778 0.4254
vn -0.7022 0.6816 0.2057
vn -0.8784 -0.4367 -0.1940
vn -0.5250 -0.8418 -0.1251
vn 0.4156 0.8649 0.2815
vn 0.5563 -0.8296 -0.0485
vn 0.9301 -0.3399 -0.1395
vn 0.8402 0.5408 0.0395
vn -0.0196 0.7910 0.6115
vn 0.0346 -0.9983 -0.0464
vn -0.1622 0.7614 0.6276
vn -0.2438 0.7856 0.5687
vn -0.3779 -0.9233 -0.0689
vn -0.1220 -0.9916 -0.0432
vn 0.3342 0.7932 0.5091
vn -0.3248 0.8016 0.5019
vn -0.7083 0.6611 0.2476
vn -0.9209 -0.3357 -0.1978
vn -0.6877 -0.7127 -0.1382
vn 0.7272 0.6205 0.2934
vn 0.6323 -0.7713 -0.0732
vn 0.9745 -0.2129 -0.0703
vn 0.9089 0.3949 0.1338
vn 0.2114 0.7368 0.6423
vn 0.0414 -0.9991 -0.0106
vn -0.1446 0.7053 0.6940
vn -0.4361 0.6536 0.6186
vn -0.4713 -0.8819 -0.0136
vn -0.1248 -0.9921 -0.0098
vn 0.4982 0.6648 0.5566
vn -0.9912 0.1041 -0.0821
vn -0.7826 0.4894 0.3847
vn -0.9731 -0.1563 -0.1691
vn -0.8310 -0.5489 -0.0904
vn 0.5126 0.6316 0.5817
vn 0.6299 -0.7764 0.0228
vn 0.9886 -0.1505 0.0076
vn 0.9615 0.2459 0.1228
vn -0.5961 -0.8029 -0.0027
vn 0.7087 -0.7034 0.0538
vn -0.9863 0.1090 0.1234
vn -0.9926 -0.0936 -0.0768
vn 0.9848 0.1433 0.0979
vn 0.9999 -0.0053 0.0128
vn -0.9997 -0.0215 -0.0064
vn -0.9879 0.1549 -0.0052
vn -0.8353 -0.0782 0.5442
vn -0.9942 0.0121 0.1067
vn -0.9931 0.0469 0.1074
vn -0.9794 0.1697 -0.1097
vn -0.9970 0.0759 -0.0116
vn 0.9995 -0.0034 -0.0321
vn 0.9977 0.0598 -0.0308
vn 0.9994 0.0276 0.0228
vn 0.9948 0.0609 -0.0813
vn 0.9921 -0.0162 -0.1247
vn 0.9938 0.0977 0.0537
vn 0.9935 -0.0077 -0.1136
vn 0.8169 -0.1035 0.5674
vn -0.9796 -0.1581 -0.1238
vn -0.9299 -0.3540 -0.1001
vn -0.1108 -0.9923 0.0559
vn 0.0124 -0.9981 0.0612
vn 0.1136 -0.8602 -0.4971
vn -0.0370 -0.8664 -0.4980
vn -0.3388 -0.8409 -0.4220
vn -0.4245 -0.9007 -0.0926
vn -0.2742 -0.9590 0.0712
vn 0.5533 -0.8155 -0.1698
vn 0.5520 -0.8329 -0.0408
vn 0.5951 -0.8032 0.0262
vn 0.6864 -0.6951 0.2140
vn 0.1737 -0.9783 0.1133
vn 0.4196 -0.8237 -0.3814
vn -0.0813 -0.9951 0.0571
vn -0.0994 -0.9900 -0.1002
vn 0.3163 -0.9381 0.1413
vn 0.0169 -0.9999 -0.0036
vn 0.0789 -0.9953 -0.0555
vn 0.1308 -0.9880 -0.0818
vn -0.7573 0.5408 0.3662
vn -0.3945 0.3837 0.8349
vn -0.9054 0.4234 -0.0304
vn -0.7628 0.6460 0.0275
vn -0.7371 0.5190 -0.4329
vn -0.7165 0.1199 -0.6872
vn 0.0160 -0.7512 -0.6599
vn 0.2946 -0.5411 -0.7877
vn 0.2975 -0.9541 0.0339
vn 0.6195 -0.7837 0.0439
vn -0.0163 -0.7089 0.7052
vn 0.2709 -0.3241 0.9064
vn -0.4202 0.4548 0.7852
vn -0.4606 0.3937 0.7955
vn -0.6788 0.7332 -0.0404
vn -0.6659 0.7451 -0.0371
vn -0.4238 0.3487 -0.8359
vn -0.3827 0.4106 -0.8276
vn 0.2596 -0.4393 -0.8600
vn 0.3141 -0.4297 -0.8466
vn 0.6103 -0.7913 0.0363
vn 0.5992 -0.7999 0.0342
vn 0.2186 -0.3965 0.8916
vn 0.2761 -0.3835 0.8813
vn -0.4483 -0.8935 0.0272
vn -0.2004 -0.9794 0.0253
vn -0.4392 0.4187 0.7949
vn -0.6999 0.7134 -0.0333
vn -0.4094 0.3662 -0.8356
vn 0.2987 -0.4279 -0.8530
vn 0.6138 -0.7884 0.0395
vn 0.2652 -0.3746 0.8884
vn -0.4426 0.4577 0.7711
vn -0.6634 0.7472 -0.0396
vn -0.4052 0.4116 -0.8163
vn 0.3113 -0.4204 -0.8523
vn 0.6326 -0.7737 0.0343
vn 0.2700 -0.3758 0.8865
vn -0.8681 0.4953 -0.0333
vn -0.7649 0.4823 -0.4269
vn 0.2516 -0.5066 -0.8247
vn 0.5056 -0.8620 0.0350
vn 0.2132 -0.4586 0.8627
vn -0.7887 0.4979 0.3606
vn -0.6965 0.7165 -0.0389
vn -0.3814 0.3787 -0.8433
vn 0.3003 -0.4089 -0.8618
vn 0.6072 -0.7937 0.0361
vn 0.2623 -0.3632 0.8940
vn -0.4215 0.4213 0.8030
vn -0.6773 0.7347 -0.0390
vn -0.3685 0.4167 -0.8310
vn 0.3262 -0.3913 -0.8605
vn 0.6276 -0.7777 0.0357
vn 0.2884 -0.3456 0.8930
vn -0.4080 0.4593 0.7890
vn -0.9125 -0.4082 -0.0272
vn -0.6464 -0.1868 0.7398
vn -0.6053 -0.2294 -0.7622
vn -0.4401 0.3343 -0.8334
vn -0.4794 0.3808 0.7907
vn -0.8242 0.5651 -0.0384
vn -0.7574 0.5421 0.3640
vn -0.4285 0.3829 0.8184
vn -0.9046 0.4251 -0.0304
vn -0.7498 0.6605 -0.0386
vn -0.7372 0.5204 -0.4309
vn -0.7517 0.3579 -0.5540
vn 0.0172 -0.7522 -0.6588
vn 0.0681 -0.9199 -0.3863
vn 0.2974 -0.9541 0.0339
vn 0.6915 -0.7199 0.0604
vn -0.0151 -0.7100 0.7041
vn 0.3390 -0.9171 0.2100
vn -0.4215 0.4578 0.7828
vn -0.4609 0.3940 0.7952
vn -0.6641 0.7467 -0.0372
vn -0.4241 0.3489 -0.8357
vn -0.3841 0.4136 -0.8255
vn 0.2598 -0.4394 -0.8599
vn 0.3152 -0.4313 -0.8454
vn 0.6102 -0.7914 0.0363
vn 0.5996 -0.7996 0.0340
vn 0.2189 -0.3966 0.8915
vn 0.2772 -0.3852 0.8802
vn -0.4444 -0.8954 0.0275
vn -0.1982 -0.9798 0.0254
vn -0.4427 0.4111 0.7969
vn -0.7091 0.7034 -0.0488
vn -0.4249 0.3732 -0.8247
vn 0.2872 -0.4292 -0.8563
vn 0.6070 -0.7937 0.0407
vn 0.2730 -0.3770 0.8851
vn -0.4429 0.4580 0.7708
vn -0.4055 0.4119 -0.8160
vn 0.3115 -0.4205 -0.8522
vn 0.6325 -0.7738 0.0343
vn 0.2703 -0.3759 0.8863
vn -0.8692 0.4933 -0.0329
vn -0.7669 0.4831 -0.4225
vn 0.2522 -0.5064 -0.8246
vn 0.5051 -0.8624 0.0350
vn 0.2139 -0.4584 0.8626
vn -0.7906 0.4982 0.3561
vn -0.6970 0.7160 -0.0393
vn -0.3817 0.3791 -0.8430
vn 0.3005 -0.4087 -0.8618
vn 0.6070 -0.7939 0.0361
vn 0.2628 -0.3629 0.8940
vn -0.4219 0.4222 0.8024
vn -0.6759 0.7360 -0.0390
vn -0.3681 0.4157 -0.8317
vn 0.3252 -0.3913 -0.8609
vn 0.6283 -0.7771 0.0358
vn 0.2873 -0.3456 0.8933
vn -0.4076 0.4583 0.7898
vn -0.9123 -0.4085 -0.0272
vn -0.6474 -0.1877 0.7387
vn -0.6064 -0.2302 -0.7611
vn -0.4406 0.3342 -0.8332
vn -0.4799 0.3807 0.7904
vn -0.8264 0.5618 -0.0386
vn -0.7573 0.5410 0.3659
vn -0.8911 0.2199 0.3969
vn -0.9053 0.4236 -0.0304
vn -0.7511 0.6560 -0.0750
vn -0.7371 0.5192 -0.4326
vn -0.6337 0.3831 -0.6720
vn 0.0161 -0.7513 -0.6598
vn 0.1970 -0.9495 -0.2440
vn 0.6776 -0.7278 0.1057
vn -0.0161 -0.7090 0.7050
vn 0.3427 -0.4913 0.8008
vn -0.4204 0.4553 0.7849
vn -0.4607 0.3938 0.7954
vn -0.6657 0.7453 -0.0371
vn -0.3829 0.4111 -0.8273
vn 0.3142 -0.4299 -0.8464
vn 0.5993 -0.7998 0.0342
vn 0.2187 -0.3965 0.8916
vn 0.2763 -0.3838 0.8811
vn -0.4478 -0.8937 0.0272
vn -0.2001 -0.9794 0.0253
vn -0.4249 0.4290 0.7971
vn -0.6998 0.7138 -0.0296
vn -0.4069 0.3788 -0.8313
vn 0.2956 -0.4247 -0.8557
vn 0.6008 -0.7980 0.0464
vn 0.2640 -0.3622 0.8939
vn -0.4427 0.4577 0.7711
vn -0.4052 0.4117 -0.8163
vn 0.2701 -0.3758 0.8865
vn -0.8683 0.4950 -0.0332
vn -0.7652 0.4824 -0.4264
vn 0.2517 -0.5065 -0.8247
vn 0.5056 -0.8621 0.0350
vn 0.2133 -0.4586 0.8627
vn -0.7890 0.4979 0.3600
vn -0.6968 0.7163 -0.0383
vn -0.3816 0.3791 -0.8430
vn 0.3005 -0.4083 -0.8620
vn 0.6071 -0.7938 0.0361
vn 0.2622 -0.3631 0.8941
vn -0.4214 0.4213 0.8031
vn -0.6770 0.7349 -0.0390
vn -0.3684 0.4166 -0.8311
vn 0.3260 -0.3913 -0.8606
vn 0.6277 -0.7776 0.0357
vn 0.2882 -0.3456 0.8930
vn -0.4080 0.4592 0.7891
vn -0.6465 -0.1869 0.7396
vn -0.6054 -0.2295 -0.7621
vn -0.4795 0.3808 0.7907
vn -0.8245 0.5646 -0.0384
vn -0.7572 0.5393 0.3685
vn -0.8247 0.1933 0.5316
vn -0.9063 0.4215 -0.0304
vn -0.7181 0.6892 -0.0968
vn -0.7369 0.5174 -0.4350
vn -0.3914 0.3322 -0.8582
vn 0.0145 -0.7500 -0.6613
vn 0.3119 -0.4195 -0.8525
vn 0.2976 -0.9541 0.0339
vn 0.6592 -0.7508 0.0424
vn -0.0178 -0.7076 0.7064
vn 0.3140 -0.5349 0.7844
vn -0.4181 0.4506 0.7888
vn -0.4604 0.3935 0.7957
vn -0.6788 0.7332 -0.0403
vn -0.6685 0.7428 -0.0371
vn -0.4235 0.3484 -0.8362
vn -0.3806 0.4064 -0.8307
vn 0.2594 -0.4392 -0.8601
vn 0.3127 -0.4274 -0.8483
vn 0.6105 -0.7912 0.0363
vn 0.5985 -0.8004 0.0344
vn 0.2184 -0.3964 0.8917
vn 0.2747 -0.3810 0.8828
vn -0.4528 -0.8912 0.0268
vn -0.2029 -0.9789 0.0252
vn -0.4354 0.4255 0.7933
vn -0.6927 0.7198 -0.0439
vn -0.4000 0.3780 -0.8349
vn 0.2994 -0.4245 -0.8545
vn 0.6086 -0.7929 0.0293
vn 0.2602 -0.3735 0.8904
vn -0.4423 0.4573 0.7715
vn -0.6633 0.7473 -0.0395
vn -0.4048 0.4112 -0.8167
vn 0.3110 -0.4202 -0.8525
vn 0.6327 -0.7736 0.0343
vn 0.2697 -0.3757 0.8866
vn -0.8664 0.4981 -0.0338
vn -0.7622 0.4821 -0.4319
vn 0.2508 -0.5069 -0.8247
vn 0.5064 -0.8616 0.0349
vn 0.2123 -0.4590 0.8627
vn -0.7861 0.4982 0.3657
vn -0.6963 0.7167 -0.0390
vn -0.3810 0.3783 -0.8436
vn 0.2998 -0.4085 -0.8621
vn 0.6073 -0.7936 0.0361
vn 0.2618 -0.3627 0.8943
vn -0.4210 0.4208 0.8035
vn -0.6794 0.7327 -0.0390
vn -0.3691 0.4184 -0.8299
vn 0.3278 -0.3915 -0.8598
vn 0.6265 -0.7786 0.0355
vn 0.2901 -0.3456 0.8924
vn -0.4088 0.4610 0.7876
vn -0.9127 -0.4078 -0.0271
vn -0.6453 -0.1858 0.7410
vn -0.6041 -0.2286 -0.7634
vn -0.4398 0.3346 -0.8334
vn -0.4792 0.3811 0.7906
vn -0.8211 0.5695 -0.0379
vn -0.6362 0.1212 0.7620
vn -0.9427 0.0380 0.3316
vn -0.9776 0.1582 -0.1386
vn -0.0964 -0.7457 -0.6592
vn 0.4468 -0.8789 -0.1668
vn 0.2877 -0.7714 0.5676
vn -0.1983 0.2682 0.9427
vn -0.2602 0.0870 0.9616
vn -0.8601 0.2773 0.4282
vn -0.7891 0.4889 0.3719
vn -0.7443 0.0602 -0.6651
vn -0.7565 0.2730 -0.5942
vn 0.1178 -0.3399 -0.9331
vn 0.1685 -0.3230 -0.9313
vn 0.8058 -0.5281 -0.2680
vn 0.7700 -0.5740 -0.2787
vn 0.5896 -0.3238 0.7400
vn 0.6658 -0.3109 0.6783
vn -0.3018 -0.9402 0.1582
vn -0.0205 -0.9995 0.0254
vn -0.0409 0.2967 0.9541
vn 0.1669 -0.6460 -0.7449
vn 0.7601 -0.6176 -0.2018
vn 0.6789 -0.1798 0.7118
vn -0.1875 0.2541 0.9488
vn -0.7729 0.4913 0.4014
vn -0.7873 0.2202 -0.5759
vn 0.2038 -0.3508 -0.9140
vn 0.8115 -0.5143 -0.2775
vn 0.6899 -0.2721 0.6708
vn -0.8694 0.3366 0.3616
vn -0.9700 0.2025 -0.1347
vn 0.0595 -0.4455 -0.8933
vn 0.6717 -0.7012 -0.2392
vn 0.5756 -0.4561 0.6787
vn -0.5915 0.2634 0.7621
vn -0.6577 0.0047 0.7533
vn -0.6600 -0.6371 -0.3982
vn 0.1448 -0.3960 -0.9068
vn 0.7682 -0.5792 -0.2728
vn 0.5530 -0.3082 0.7740
vn -0.1178 0.1334 0.9840
vn -0.7750 0.4933 0.3949
vn -0.7382 0.3125 -0.5978
vn 0.1907 -0.2812 -0.9405
vn 0.7923 -0.5400 -0.2841
vn 0.6818 -0.2697 0.6800
vn -0.1754 0.3044 0.9363
vn -0.6856 -0.6814 0.2561
vn -0.2657 -0.4552 0.8499
vn -0.7524 -0.5040 -0.4242
vn -0.7857 0.1407 -0.6023
vn -0.2120 0.1984 0.9569
vn -0.8713 0.3616 0.3318
vn -0.5341 0.3746 0.7579
vn -0.8203 0.5561 0.1339
vn -0.8352 0.5336 0.1331
vn 0.7542 -0.6388 -0.1519
vn 0.6127 -0.7730 -0.1648
vn -0.0683 -0.3626 0.9294
vn -0.8159 0.5781 -0.0006
vn -0.8593 0.4811 -0.1737
vn 0.7756 -0.6163 0.1365
vn 0.7931 -0.6057 0.0643
vn -0.5175 0.5243 0.6762
vn -0.8171 0.5473 -0.1811
vn -0.8084 0.5329 -0.2500
vn 0.7622 -0.6349 0.1260
vn 0.7807 -0.6054 0.1549
vn -0.6861 0.6693 0.2851
vn -0.7541 0.6309 -0.1827
vn -0.3917 0.2618 -0.8821
vn 0.4670 -0.4346 -0.7701
vn 0.7720 -0.6160 0.1566
vn -0.7621 0.6461 -0.0406
vn 0.4575 -0.8867 -0.0671
vn 0.4080 -0.7015 -0.5843
vn -0.7527 0.5927 -0.2866
vn 0.7068 -0.7075 0.0009
vn 0.4369 -0.8722 0.2200
vn -0.6611 0.5881 -0.4659
vn -0.2226 0.2790 -0.9341
vn 0.5655 -0.5308 -0.6313
vn -0.4924 0.6446 0.5848
vn -0.4634 0.8331 0.3019
vn -0.6917 0.7213 0.0356
vn 0.3354 -0.9386 -0.0808
vn 0.5838 -0.8086 0.0732
vn 0.4926 -0.0986 0.8647
vn -0.6701 0.7105 -0.2147
vn 0.4092 -0.8617 -0.3002
vn 0.3534 -0.9288 -0.1110
vn -0.5481 0.6569 -0.5178
vn -0.0874 0.2619 -0.9611
vn 0.2977 -0.4871 -0.8211
vn -0.4978 -0.2366 0.8344
vn -0.0746 0.4870 0.8702
vn -0.1575 0.3426 0.9262
vn -0.3250 0.6236 0.7110
vn -0.3876 0.2546 0.8860
vn 0.2425 -0.9693 0.0403
vn 0.7261 -0.0110 0.6875
vn 0.7250 -0.6275 -0.2839
vn 0.1261 -0.6245 -0.7708
vn 0.1529 -0.8357 -0.5274
vn 0.4024 -0.5357 -0.7423
vn 0.2391 -0.9614 0.1363
vn 0.2117 -0.9731 -0.0905
vn 0.3841 -0.9233 -0.0061
vn 0.4479 -0.7916 -0.4156
vn 0.5206 -0.7774 0.3531
vn 0.4186 -0.5801 0.6987
vn 0.1387 -0.2776 0.9506
vn 0.2245 -0.5382 -0.8124
vn -0.0593 -0.2168 -0.9744
vn -0.3661 0.4045 0.8380
vn -0.6049 0.6171 0.5032
vn -0.7364 0.6735 0.0640
vn -0.6984 0.6884 -0.1960
vn -0.5803 0.6683 -0.4655
vn -0.2010 0.4167 -0.8865
vn 0.2815 -0.0772 0.9564
vn 0.6600 -0.7478 -0.0724
vn 0.6680 -0.6549 0.3534
vn 0.6851 -0.4971 -0.5325
vn 0.6533 -0.7176 -0.2414
vn 0.3242 -0.0210 -0.9458
vn -0.2569 0.3645 -0.8951
vn -0.5175 0.5656 -0.6422
vn -0.6855 0.6734 -0.2769
vn -0.1185 0.3330 0.9354
vn -0.3658 0.5830 0.7255
vn -0.4768 0.6689 0.5704
vn -0.6775 0.7347 0.0349
vn -0.6058 0.7466 0.2749
vn -0.5286 0.6998 0.4806
vn -0.5603 0.7233 0.4037
vn 0.6774 -0.7350 -0.0296
vn 0.6678 -0.6617 -0.3409
vn 0.6783 -0.6070 0.4141
vn 0.5491 -0.4522 0.7028
vn 0.2903 -0.0602 0.9550
vn 0.5937 -0.4144 -0.6897
vn 0.1574 0.0222 -0.9873
vn -0.6637 0.6323 0.3995
vn -0.6821 0.6361 0.3607
vn -0.6386 0.6328 0.4379
vn -0.7023 0.6517 0.2865
vn -0.9967 0.0413 0.0697
vn -0.5240 -0.6057 0.5988
vn -0.8114 -0.2444 -0.5309
vn -0.3903 -0.8846 -0.2552
vn -0.9875 -0.0112 0.1572
vn -0.6161 -0.5535 0.5604
vn -0.9646 -0.1880 0.1850
vn -0.8870 -0.2739 0.3718
vn -0.9261 -0.3772 0.0121
vn -0.4497 0.0308 0.8926
vn -0.8453 -0.4730 0.2483
vn -0.6788 0.5165 0.5220
vn -0.7470 -0.5606 0.3574
vn -0.8061 0.5377 0.2471
vn -0.9763 -0.1201 0.1798
vn -0.8876 0.4343 -0.1536
vn -0.9594 -0.1653 0.2286
vn -0.8930 -0.0104 -0.4499
vn -0.8626 -0.2292 0.4510
vn -0.8497 -0.3142 -0.4234
vn -0.7590 -0.0944 0.6442
vn -0.7760 -0.4835 -0.4051
vn -0.7866 0.0032 0.6175
vn -0.7352 -0.6034 -0.3088
vn -0.9469 -0.0719 0.3134
vn -0.6631 -0.7058 -0.2493
vn -0.8988 -0.2685 0.3465
vn -0.5085 -0.8608 -0.0229
vn -0.8919 -0.2726 0.3607
vn -0.3558 -0.8634 0.3577
vn -0.8798 -0.2630 0.3960
vn -0.2346 -0.6219 0.7472
vn -0.3922 -0.0841 0.9161
vn -0.2998 -0.2549 0.9193
vn -0.5393 -0.4684 0.6999
vn -0.6844 -0.0450 0.7277
vn -0.9757 0.0360 0.2164
vn -0.9508 0.2397 0.1963
vn -0.8869 -0.0654 0.4573
vn -0.8986 -0.2285 0.3745
vn -0.8561 -0.2995 0.4212
vn -0.9231 -0.3036 0.2361
vn -0.8651 -0.2240 0.4487
vn -0.8755 -0.4501 -0.1759
vn -0.8368 -0.1018 0.5379
vn -0.7760 -0.6028 -0.1857
vn -0.8603 0.1008 0.4997
vn -0.9646 -0.2571 0.0577
vn -0.9604 0.0682 0.2703
vn -0.9034 -0.2443 0.3525
vn -0.8545 -0.3499 0.3840
vn -0.9011 -0.2442 0.3583
vn -0.9792 -0.0297 0.2009
vn -0.8953 -0.2295 0.3818
vn -0.9858 -0.1507 0.0742
vn -0.4132 -0.0345 0.9100
vn -0.8706 -0.4919 0.0099
vn -0.4428 0.0249 0.8963
vn -0.8886 -0.2609 0.3772
vn -0.4839 -0.0189 0.8749
vn -0.9783 -0.1504 0.1422
vn -0.4210 -0.0227 0.9068
vn -0.9037 0.3213 0.2830
vn -0.6951 -0.5471 0.4663
vn -0.7277 0.4021 0.5557
vn -0.4364 -0.5404 0.7194
vn -0.8929 -0.4351 0.1156
vn -0.4830 0.2963 0.8240
vn -0.9877 -0.0258 0.1543
vn -0.5398 -0.5536 0.6341
vn -0.9888 -0.1008 0.1097
vn -0.4657 -0.6821 0.5638
vn -0.9639 0.2648 0.0257
vn -0.6835 -0.5347 0.4969
vn -0.9230 0.1312 -0.3617
vn -0.9876 -0.1466 -0.0562
vn -0.3673 -0.6684 -0.6468
vn -0.4750 -0.8799 -0.0120
vn -0.3893 -0.8813 0.2679
vn -0.7095 -0.5623 0.4247
vn -0.9420 -0.1964 0.2721
vn -0.6667 -0.1792 0.7235
vn -0.3158 0.1751 0.9325
vn 0.2259 0.7123 0.6646
vn -0.3179 0.9035 0.2874
vn -0.5658 -0.4340 0.7011
vn -0.6918 -0.6913 0.2087
vn -0.8937 -0.1655 0.4171
vn -0.9075 -0.2489 0.3383
vn -0.1107 0.1011 0.9887
vn -0.8701 -0.2774 0.4074
vn -0.7537 -0.4009 0.5208
vn -0.9121 -0.3588 0.1981
vn -0.8245 -0.1964 0.5306
vn -0.9618 -0.2517 0.1077
vn -0.7949 -0.0596 0.6038
vn 0.5282 -0.2968 -0.7956
vn -0.6926 0.1630 0.7027
vn -0.1091 -0.2791 -0.9540
vn -0.8674 0.4859 -0.1072
vn 0.3849 -0.8622 0.3293
vn -0.9519 0.1851 0.2441
vn -0.9698 0.0577 -0.2370
vn -0.8188 -0.5619 -0.1176
vn -0.5795 -0.2229 0.7839
vn -0.8280 0.4042 -0.3886
vn -0.9064 0.2941 0.3031
vn -0.7289 -0.5088 0.4581
vn -0.8603 0.0581 0.5065
vn 0.2190 -0.3993 0.8903
vn -0.7116 -0.6844 -0.1587
vn -0.8187 -0.5606 0.1244
vn -0.8347 -0.1040 0.5408
vn -0.8743 -0.2000 0.4422
vn -0.8472 -0.2527 0.4673
vn -0.4922 -0.8682 0.0627
vn -0.8480 -0.1062 0.5193
vn -0.6970 -0.7136 -0.0705
vn -0.8627 -0.4098 -0.2963
vn -0.9343 0.2601 -0.2438
vn 0.2347 -0.5221 -0.8200
vn 0.0179 -0.1304 -0.9913
vn 0.3259 0.6684 -0.6686
vn -0.9859 0.1667 0.0167
vn -0.8642 0.4221 0.2737
vn -0.9427 0.1438 0.3010
vn 0.2251 0.5185 -0.8249
vn 0.4773 0.8504 -0.2215
vn 0.2201 0.8667 0.4477
vn 0.2787 0.2878 0.9163
vn 0.1975 0.9465 0.2551
vn 0.0885 0.9892 -0.1167
vn -0.0458 0.8080 -0.5874
vn -0.0551 -0.1212 -0.9911
vn 0.0386 -0.5922 -0.8048
vn 0.6206 0.2000 0.7582
vn 0.2545 0.2142 0.9430
vn 0.3091 0.6612 0.6836
vn -0.0841 0.2863 -0.9544
vn -0.0185 -0.3468 -0.9378
vn 0.1862 -0.7506 -0.6339
vn 0.4312 -0.7772 -0.4582
vn 0.3948 -0.9187 0.0076
vn 0.8037 -0.5419 0.2458
vn 0.6771 0.0289 0.7353
vn 0.5730 0.3041 0.7610
vn 0.2188 0.2303 0.9482
vn 0.1709 0.2253 0.9592
vn -0.8610 0.0871 0.5010
vn -0.7856 0.6163 0.0550
vn -0.6933 0.6597 -0.2900
vn -0.6335 0.5162 -0.5763
vn -0.5074 0.0684 -0.8590
vn -0.3139 -0.2252 -0.9224
vn -0.2273 -0.4615 -0.8575
vn -0.1581 -0.7452 -0.6478
vn -0.3517 -0.8365 -0.4201
vn -0.0513 -0.7686 -0.6377
vn 0.1424 -0.9883 0.0543
vn 0.7390 -0.2971 0.6047
vn 0.9446 0.0795 0.3185
vn 0.9438 0.1670 -0.2852
vn 0.9357 0.1294 0.3282
vn 0.5736 0.3123 0.7573
vn 0.0977 -0.4768 -0.8736
vn -0.8517 0.3586 0.3822
vn -0.9775 -0.2071 -0.0408
vn -0.9944 -0.0893 -0.0562
vn -0.1653 0.8131 -0.5581
vn -0.8232 0.4793 -0.3043
vn -0.5999 0.6690 -0.4388
vn -0.3265 0.7739 -0.5426
vn -0.4202 0.7493 -0.5118
vn -0.2760 0.7915 -0.5453
vn -0.9697 0.1933 -0.1493
vt 0.000000 1.000000
vt 1.000000 1.000000
vt 0.000000 0.000000
vt 0.000000 0.000048
vt 0.000000 0.999985
vt 0.000000 -0.000418
vt 0.000000 1.001412
vt 0.000000 0.999217
vt 0.000000 0.999011
vt 0.000000 1.000000
vt 1.000000 0.000000
vt 0.000000 0.000001
vt 0.000000 1.000000
vt 0.000000 0.000001
vt 0.000000 -0.000573
vt 0.000000 1.000190
vt 0.000000 0.000555
vt 0.000000 0.001267
vt 0.000000 1.000000
vt 0.479277 1.000000
vt 0.687500 0.500000
vt 0.625000 0.500000
vt 0.750000 0.500000
vt 0.750000 0.625000
vt 0.687500 0.625000
vt 0.750000 0.750000
vt 0.750000 0.875000
vt 0.687500 0.875000
vt 0.687500 0.750000
vt 0.718750 1.000000
vt 0.625000 0.750000
vt 0.625000 0.625000
vt 0.656250 1.000000
vt 0.625000 0.875000
vt 0.562500 0.750000
vt 0.562500 0.625000
vt 0.593750 1.000000
vt 0.562500 0.875000
vt 0.562500 0.500000
vt 0.500000 0.625000
vt 0.500000 0.500000
vt 0.500000 0.875000
vt 0.500000 0.750000
vt 0.531250 1.000000
vt 0.437500 0.875000
vt 0.437500 0.750000
vt 0.437500 0.625000
vt 0.468750 1.000000
vt 0.437500 0.500000
vt 0.375000 0.750000
vt 0.375000 0.625000
vt 0.406250 1.000000
vt 0.375000 0.875000
vt 0.375000 0.500000
vt 0.343750 1.000000
vt 0.312500 0.875000
vt 0.312500 0.625000
vt 0.312500 0.500000
vt 0.312500 0.750000
vt 0.250000 0.625000
vt 0.250000 0.500000
vt 0.250000 0.875000
vt 0.250000 0.750000
vt 0.281250 1.000000
vt 0.187500 0.750000
vt 0.187500 0.625000
vt 0.218750 1.000000
vt 0.187500 0.875000
vt 0.187500 0.500000
vt 0.125000 0.750000
vt 0.125000 0.625000
vt 0.156250 1.000000
vt 0.125000 0.875000
vt 0.125000 0.500000
vt 0.062500 0.625000
vt 0.062500 0.500000
vt 0.062500 0.875000
vt 0.062500 0.750000
vt 0.093750 1.000000
vt 0.000000 0.625000
vt 0.000000 0.500000
vt 0.000000 0.875000
vt 0.000000 0.750000
vt 0.031250 1.000000
vt 1.000000 0.625000
vt 1.000000 0.750000
vt 0.937500 0.750000
vt 0.937500 0.625000
vt 1.000000 0.875000
vt 0.968750 1.000000
vt 0.937500 0.875000
vt 1.000000 0.500000
vt 0.937500 0.500000
vt 0.875000 0.750000
vt 0.875000 0.625000
vt 0.906250 1.000000
vt 0.875000 0.875000
vt 0.875000 0.500000
vt 0.812500 0.625000
vt 0.812500 0.500000
vt 0.812500 0.875000
vt 0.812500 0.750000
vt 0.843750 1.000000
vt 0.781250 1.000000
vt 0.187500 0.500000
vt 0.187500 0.500000
vt 0.125000 0.500000
vt 0.125000 0.500000
vt 0.187500 0.500000
vt 0.187500 0.500000
vt 0.125000 0.500000
vt 0.250000 0.500000
vt 0.250000 0.500000
vt 0.104167 0.416667
vt 0.135417 0.500000
vt 0.145833 0.500000
vt 0.156250 0.500000
vt 0.104167 0.583333
vt 0.020833 0.916667
vt 0.020833 0.083333
vt 0.041667 0.833333
vt 0.041667 0.166667
vt 0.062500 0.750000
vt 0.062500 0.250000
vt 0.083333 0.666667
vt 0.083333 0.333333
vt 0.281250 0.500000
vt 0.250000 0.500000
vt 0.218750 0.500000
vt 0.187500 0.500000
vt 0.229167 0.500000
vt 0.208333 0.500000
vt 0.187500 0.500000
vt 0.166667 0.500000
vt 0.177083 0.500000
vt 0.166667 0.500000
vt 0.156250 0.500000
vt 0.125000 0.500000
vt 0.125000 0.500000
vt 0.125000 0.500000
vt 0.125000 0.500000
vt 0.125000 0.500000
vt 0.125000 0.500000
vt 1.000000 0.574069
vt 1.000000 0.925931
vt 0.890340 0.925931
vt 0.890340 0.574069
vt 0.833333 0.500000
vt 0.833333 1.000000
vt 0.666667 1.000000
vt 0.666667 0.500000
vt 0.500000 1.000000
vt 0.500000 0.500000
vt 0.333333 1.000000
vt 0.333333 0.500000
vt 0.457846 0.370000
vt 0.250000 0.490000
vt 0.250000 0.010000
vt 0.457846 0.130000
vt 0.166667 1.000000
vt 0.166667 0.500000
vt 0.109660 0.574069
vt 0.109660 0.925931
vt -0.000000 0.925931
vt -0.000000 0.574069
vt -0.000000 0.500000
vt -0.000000 1.000000
vt 0.042154 0.370000
vt 0.042154 0.130000
vt 0.749216 1.000000
vt 0.759607 0.500000
vt 0.457846 0.248872
vt 0.745819 0.500000
vt 0.754836 0.500000
vt 0.275036 1.000000
vt 0.245984 0.500000
vt 0.833333 0.500000
vt 0.333333 0.500000
vt 0.235023 0.500000
vt 0.261860 0.500000
vt 0.500000 0.500000
vt -0.000000 0.500000
vt 0.042154 0.213949
vt 0.244496 0.500000
vt 0.745044 0.500000
vt 0.745335 0.500000
vt 0.255599 0.500000
vt 0.999204 0.500000
vt 0.733099 0.500000
vt 0.255431 0.500000
vt 0.083980 0.335921
vt 0.734583 0.500000
vt 0.272232 0.500000
vt 0.083045 0.332179
vt 0.042539 0.170158
vt 0.007047 0.028187
vt 0.039641 0.158564
vt 0.027907 0.111629
vt 0.116796 0.467186
vt 0.039930 0.159719
vt 0.079366 0.317464
vt 0.101060 0.404242
vt 1.000000 0.833333
vt 0.833333 0.833333
vt 0.666667 0.833333
vt 0.500000 0.833333
vt 0.333333 0.833333
vt 0.166667 0.833333
vt -0.000000 0.833333
vt 0.167676 0.279418
vt -0.018017 0.283928
vt -0.000000 0.333333
vt 0.166667 0.333333
vt 0.166678 0.556847
vt -0.000770 0.556847
vt -0.000000 0.666667
vt 0.166667 0.666667
vt 0.333440 0.275396
vt 0.333333 0.333333
vt 0.333333 0.556847
vt 0.333333 0.666667
vt 0.498773 0.279380
vt 0.500000 0.333333
vt 0.499988 0.556848
vt 0.500000 0.666667
vt 0.672775 0.280304
vt 0.666667 0.333333
vt 0.666698 0.556803
vt 0.666667 0.666667
vt 0.833450 0.282781
vt 0.833333 0.333333
vt 0.833348 0.556979
vt 0.833333 0.666667
vt 1.005691 0.276727
vt 1.000000 0.333333
vt 1.000694 0.556760
vt 1.000000 0.666667
vt 0.500000 0.000000
vt 0.461131 0.000000
vt 0.333333 0.000000
vt -0.000000 0.000000
vt 0.612697 0.000000
vt 0.833333 0.000000
vt 0.666667 0.000000
vt 0.166667 0.000000
vt 0.166735 0.686324
vt 0.003668 0.686323
vt 0.333332 0.686323
vt 0.499930 0.686324
vt 0.667150 0.686482
vt 0.833314 0.686108
vt 0.995449 0.686634
vt 0.997454 0.355631
vt 0.833292 0.355384
vt 0.666968 0.355557
vt 0.499960 0.355482
vt 0.333333 0.355479
vt 0.166748 0.355479
vt 0.001999 0.355479
vt 0.948041 0.023432
vt 0.835730 0.022810
vt 0.832697 0.262092
vt 0.966870 0.256730
vt 0.720401 0.023707
vt 0.709041 0.259260
vt -0.000000 0.912273
vt 0.166667 0.925483
vt -0.000000 0.911088
vt 0.333333 0.929095
vt 0.415545 0.917788
vt 0.518335 0.826248
vt 0.478872 0.852998
vt 0.530369 0.800221
vt 0.893911 0.800221
vt 0.095681 1.000000
vt 0.277959 1.000000
vt 0.438392 1.000000
vt 0.635561 1.000000
vt 0.744082 1.000000
vt 0.127941 1.000000
vt 0.583900 0.000000
s 1
usemtl Material.001
f 88/1/88 89/2/89 97/2/97 96/3/96
f 178/4/178 177/5/177 6/1/6 5/3/5
f 57/6/57 55/7/55 8/1/8 7/3/7
f 39/8/39 6/1/6 11/1/11 41/9/41
f 177/5/177 3/1/3 9/1/9 179/10/179
f 1/3/1 2/11/2 4/2/4 3/1/3
f 57/6/57 7/3/7 14/3/14 58/12/58
f 58/12/58 14/3/14 16/3/16 59/3/59
f 59/3/59 16/3/16 18/3/18 60/3/60
f 60/3/60 18/3/18 20/3/20 61/3/61
f 61/3/61 20/3/20 22/3/22 62/3/62
f 62/3/62 22/3/22 24/3/24 63/3/63
f 63/3/63 24/3/24 26/3/26 64/3/64
f 30/3/30 26/3/26 80/3/80 82/3/82
f 227/10/227 27/1/27 208/1/208 230/13/230
f 32/3/32 30/3/30 82/3/82 83/3/83
f 67/3/67 32/3/32 34/3/34 68/3/68
f 69/14/69 36/3/36 38/3/38 70/15/70
f 56/16/56 70/15/70 38/3/38 12/1/12
f 11/1/11 37/3/37 54/17/54 41/9/41
f 35/3/35 53/3/53 54/17/54 37/3/37
f 68/3/68 34/3/34 36/3/36 69/14/69
f 31/3/31 51/3/51 52/3/52 33/3/33
f 50/3/50 66/3/66 67/3/67 51/3/51
f 48/3/48 64/3/64 66/3/66 50/3/50
f 231/1/231 209/1/209 210/1/210 232/1/232
f 23/3/23 47/3/47 48/3/48 25/3/25
f 21/3/21 46/3/46 47/3/47 23/3/23
f 19/3/19 45/3/45 46/3/46 21/3/21
f 17/3/17 44/3/44 45/3/45 19/3/19
f 13/3/13 42/3/42 43/3/43 15/3/15
f 5/3/5 40/18/40 42/3/42 13/3/13
f 55/7/55 39/8/39 41/9/41 56/16/56
f 5/3/5 6/1/6 39/8/39 40/18/40
f 8/1/8 55/7/55 56/16/56 12/1/12
f 41/9/41 54/17/54 70/15/70 56/16/56
f 53/3/53 69/14/69 70/15/70 54/17/54
f 33/3/33 52/3/52 53/3/53 35/3/35
f 51/3/51 67/3/67 68/3/68 52/3/52
f 30/3/30 32/3/32 67/3/67 66/3/66
f 26/3/26 30/3/30 66/3/66 64/3/64
f 230/13/230 208/1/208 209/1/209 231/1/231
f 47/3/47 63/3/63 64/3/64 48/3/48
f 46/3/46 62/3/62 63/3/63 47/3/47
f 45/3/45 61/3/61 62/3/62 46/3/46
f 44/3/44 60/3/60 61/3/61 45/3/45
f 43/3/43 59/3/59 60/3/60 44/3/44
f 42/3/42 58/12/58 59/3/59 43/3/43
f 40/18/40 57/6/57 58/12/58 42/3/42
f 40/18/40 39/8/39 55/7/55 57/6/57
f 16/3/16 14/3/14 74/3/74 75/3/75
f 26/3/26 24/3/24 79/3/79 80/3/80
f 34/3/34 32/3/32 83/3/83 84/3/84
f 8/1/8 12/1/12 73/1/73 72/1/72
f 7/3/7 8/1/8 72/1/72 71/3/71
f 22/3/22 20/3/20 77/3/77 78/3/78
f 186/1/186 187/1/187 29/3/29 31/3/31
f 12/1/12 38/3/38 86/3/86 73/1/73
f 18/3/18 16/3/16 75/3/75 76/3/76
f 187/1/187 189/1/189 25/3/25 29/3/29
f 52/3/52 68/3/68 69/14/69 53/3/53
f 14/3/14 7/3/7 71/3/71 74/3/74
f 24/3/24 22/3/22 78/3/78 79/3/79
f 20/3/20 18/3/18 76/3/76 77/3/77
f 223/1/223 28/1/28 27/1/27 227/10/227
f 38/3/38 36/3/36 85/3/85 86/3/86
f 3/1/3 4/2/4 10/2/10 9/1/9
f 90/1/90 180/19/180 181/1/181 92/1/92
f 179/10/179 180/19/180 90/1/90 11/1/11
f 193/1/193 199/1/199 98/1/98 15/3/15
f 96/3/96 95/1/95 182/13/182 181/1/181
f 206/1/206 91/1/91 213/1/213 207/1/207
f 175/1/175 100/1/100 176/1/176 87/1/87 99/1/99
f 207/1/207 213/1/213 2179/1/2159 214/1/214 188/1/188
f 102/20/102 103/2/103 105/2/105 104/20/104
f 106/1/106 104/20/104 107/20/107 109/1/109
f 104/20/104 105/2/105 108/2/108 107/20/107
f 109/1/109 107/20/107 110/20/110 112/1/112
f 107/20/107 108/2/108 111/2/111 110/20/110
f 176/1/176 101/1/101 115/1/115 162/1/162
f 36/3/36 34/3/34 84/3/84 85/3/85
f 170/1/170 171/1/171 240/1/240 113/1/113 169/1/169
f 115/1/115 116/20/116 119/20/119 118/1/118
f 101/1/101 110/20/110 111/2/111 117/2/117 116/20/116 115/1/115
f 118/1/118 119/20/119 122/20/122 121/1/121
f 116/20/116 117/2/117 120/2/120 119/20/119
f 121/1/121 122/20/122 125/20/125 124/1/124
f 119/20/119 120/2/120 123/2/123 122/20/122
f 122/20/122 123/2/123 126/2/126 125/20/125
f 141/1/141 142/1/142 150/1/150 148/1/148
f 124/1/124 125/20/125 128/20/128 127/1/127
f 128/20/128 129/2/129 157/2/157 158/20/158
f 133/1/133 134/20/134 137/20/137 136/1/136
f 131/20/131 132/2/132 135/2/135 134/20/134
f 136/1/136 137/20/137 153/20/153 149/1/149
f 134/20/134 135/2/135 138/2/138 137/20/137
f 133/1/133 136/1/136 145/1/145 144/1/144
f 118/1/118 121/1/121 140/1/140 139/1/139
f 121/1/121 124/1/124 141/1/141 140/1/140
f 124/1/124 127/1/127 142/1/142 141/1/141
f 127/1/127 159/1/159 160/1/160 142/1/142
f 130/1/130 133/1/133 144/1/144 143/1/143
f 139/1/139 140/1/140 147/1/147 146/1/146
f 144/1/144 145/1/145 152/1/152 151/1/151
f 142/1/142 160/1/160 150/1/150
f 140/1/140 141/1/141 148/1/148 147/1/147
f 143/1/143 144/1/144 151/1/151 161/1/161
f 128/20/128 125/20/125 126/2/126 129/2/129
f 148/1/148 151/1/151 152/1/152 147/1/147
f 161/1/161 151/1/151 148/1/148 150/1/150
f 110/20/110 101/1/101 93/1/93 114/1/114 112/1/112
f 127/1/127 128/20/128 158/20/158 159/1/159
f 145/1/145 136/1/136 149/1/149 155/1/155
f 137/20/137 138/2/138 154/2/154 153/20/153
f 152/1/152 145/1/145 155/1/155 156/1/156
f 147/1/147 152/1/152 156/1/156 146/1/146
f 115/1/115 118/1/118 139/1/139 162/1/162
f 162/1/162 139/1/139 146/1/146 163/1/163
f 163/1/163 146/1/146 156/1/156 164/1/164
f 164/1/164 156/1/156 155/1/155 165/1/165
f 165/1/165 155/1/155 149/1/149 166/1/166
f 166/1/166 149/1/149 153/1/153 167/1/167
f 167/1/167 153/1/153 154/1/154 168/1/168
f 130/1/130 131/20/131 134/20/134 133/1/133
f 96/1/96 97/2/97 94/2/94 95/1/95
f 169/1/169 163/1/163 164/1/164 170/1/170
f 170/1/170 164/1/164 165/1/165 171/1/171
f 171/1/171 165/1/165 166/1/166 172/1/172
f 172/1/172 166/1/166 167/1/167 173/1/173
f 162/1/162 163/1/163 87/1/87 176/1/176
f 11/1/11 90/1/90 37/3/37
f 94/2/94 103/2/103 102/20/102 95/1/95
f 176/1/176 100/1/100 92/1/92 101/1/101
f 93/1/93 182/13/182 183/1/183 114/1/114
f 9/1/9 88/1/88 180/19/180 179/10/179
f 92/1/92 181/1/181 182/13/182 93/1/93
f 6/1/6 177/5/177 179/10/179 11/1/11
f 1/3/1 3/1/3 177/5/177 178/4/178
f 37/3/37 175/1/175 205/1/205 35/3/35
f 33/3/33 185/1/185 186/1/186 31/3/31
f 196/1/196 187/1/187 186/1/186 195/1/195
f 196/1/196 197/1/197 189/1/189 187/1/187
f 224/1/224 81/1/81 28/1/28 223/1/223
f 25/3/25 189/1/189 190/1/190 23/3/23
f 23/3/23 190/1/190 191/1/191 21/3/21
f 21/3/21 191/1/191 192/1/192 19/3/19
f 19/3/19 192/1/192 193/1/193 17/3/17
f 15/3/15 194/1/194 178/4/178 5/3/5
f 178/4/178 194/1/194 202/1/202 1/3/1
f 2/11/2 1/3/1 202/1/202 204/1/204
f 96/3/96 181/1/181 180/19/180 88/1/88
f 229/10/229 207/1/207 188/1/188 226/13/226
f 226/13/226 188/1/188 81/1/81 224/1/224
f 189/1/189 197/1/197 65/1/65 190/1/190
f 190/1/190 65/1/65 49/1/49 191/1/191
f 191/1/191 49/1/49 198/1/198 192/1/192
f 192/1/192 198/1/198 199/1/199 193/1/193
f 43/3/43 44/3/44 17/3/17
f 194/1/194 200/1/200 201/1/201 202/1/202
f 202/1/202 201/1/201 203/1/203 204/1/204
f 15/3/15 5/3/5 13/3/13
f 37/3/37 90/1/90 92/1/92 100/1/100
f 185/1/185 184/1/184 195/1/195 186/1/186
f 205/1/205 175/1/175 99/1/99
f 99/1/99 184/1/184 185/1/185 205/1/205
f 101/1/101 92/1/92 93/1/93
f 9/1/9 10/2/10 89/2/89 88/1/88
f 235/19/235 113/1/113 206/1/206 228/1/228
f 228/1/228 206/1/206 207/1/207 229/10/229
f 29/3/29 50/3/50 51/3/51 31/3/31
f 25/3/25 48/3/48 50/3/50 29/3/29
f 232/1/232 210/1/210 211/1/211 233/19/233
f 233/19/233 211/1/211 212/1/212 234/1/234
f 15/3/15 98/1/98 200/1/200 194/1/194
f 100/1/100 175/1/175 37/3/37
f 188/1/188 214/1/214 215/1/215 81/1/81
f 81/1/81 215/1/215 216/1/216 28/1/28
f 28/1/28 216/1/216 217/1/217 27/1/27
f 27/1/27 217/1/217 218/1/218 208/1/208
f 208/1/208 218/1/218 219/1/219 209/1/209
f 209/1/209 219/1/219 220/1/220 210/1/210
f 210/1/210 220/1/220 221/1/221 211/1/211
f 211/1/211 221/1/221 222/1/222 212/1/212
f 201/1/201 233/19/233 234/1/234 203/1/203
f 200/1/200 232/1/232 233/19/233 201/1/201
f 195/1/195 228/1/228 229/10/229 196/1/196
f 184/1/184 235/19/235 228/1/228 195/1/195
f 87/1/87 163/1/163 169/1/169 225/1/225 99/1/99
f 197/1/197 226/13/226 224/1/224 65/1/65
f 196/1/196 229/10/229 226/13/226 197/1/197
f 65/1/65 224/1/224 223/1/223 49/1/49
f 205/1/205 185/1/185 33/3/33 35/3/35
f 49/1/49 223/1/223 227/10/227 198/1/198
f 199/1/199 230/13/230 231/1/231 98/1/98
f 98/1/98 231/1/231 232/1/232 200/1/200
f 198/1/198 227/10/227 230/13/230 199/1/199
f 99/1/99 225/1/225 235/19/235 184/1/184
f 235/19/235 225/1/225 169/1/169 113/1/113
f 113/1/113 240/1/240 91/1/91 206/1/206
f 173/1/173 239/1/239 236/1/236 172/1/172
f 240/1/240 171/1/171 172/1/172 236/1/236
f 238/1/238 173/1/173 167/1/167 168/1/168
f 91/1/91 240/1/240 236/1/236
f 236/1/236 239/1/239 243/1/243 242/1/242
f 91/1/91 236/1/236 242/1/242 237/1/237
f 213/1/213 91/1/91 237/1/237 241/1/241
f 239/1/239 174/1/174 249/1/249 243/1/243
f 239/1/239 173/1/173 238/1/238 174/1/174
f 242/1/242 243/1/243 248/1/248 247/1/247
f 237/1/237 242/1/242 247/1/247 244/1/244
f 241/1/241 237/1/237 244/1/244 246/1/246
f 243/1/243 249/1/249 245/1/245 248/1/248
f 248/1/248 245/1/245 251/1/251 253/1/253
f 247/1/247 248/1/248 253/1/253 252/1/252
f 244/1/244 247/1/247 252/1/252 250/1/250
f 253/1/253 251/1/251 255/1/255 256/1/256
f 256/1/256 255/1/255 257/1/257 258/1/258
f 258/1/258 257/1/257 259/1/259 260/1/260
f 241/1/241 246/1/246 263/1/263 262/1/262
f 213/1/213 241/1/241 262/1/262 254/1/254
f 252/1/252 258/1/258 260/1/260 250/1/250
f 256/1/256 258/1/258 252/1/252 253/1/253
f 214/1/214 2179/1/2159 264/1/264 261/1/261
f 214/1/214 261/1/261 266/1/266 265/1/265
f 265/1/265 266/1/266 277/1/277 2180/1/2160
f 267/1/267 268/1/268 270/1/270 269/1/269
f 269/1/269 270/1/270 272/1/272 271/1/271
f 271/1/271 272/1/272 274/1/274 273/1/273
f 273/1/273 274/1/274 276/1/276 275/1/275
f 246/1/246 275/1/275 276/1/276 263/1/263
f 216/1/216 215/1/215 278/1/278 279/1/279
f 221/1/221 220/1/220 283/1/283 284/1/284
f 215/1/215 214/1/214 265/1/265 278/1/278
f 220/1/220 219/1/219 282/1/282 283/1/283
f 222/1/222 221/1/221 284/1/284 285/1/285
f 219/1/219 218/1/218 281/1/281 282/1/282
f 218/1/218 217/1/217 280/1/280 281/1/281
f 217/1/217 216/1/216 279/1/279 280/1/280
f 281/1/281 280/1/280 2183/1/2163 2185/1/2165
f 279/1/279 278/1/278 2188/1/2168 2182/1/2162
f 278/1/278 265/1/265 2180/1/2160 2188/1/2168
f 284/1/284 283/1/283 2187/1/2167 2181/1/2161
f 282/1/282 281/1/281 2185/1/2165 2184/1/2164
f 280/1/280 279/1/279 2182/1/2162 2183/1/2163
f 285/1/285 284/1/284 2181/1/2161 2186/1/2166
f 283/1/283 282/1/282 2184/1/2164 2187/1/2167
f 286/1/286 267/1/267 269/1/269 294/1/294
f 293/1/293 292/1/292 300/1/300 301/1/301
f 291/1/291 290/1/290 298/1/298 299/1/299
f 289/1/289 288/1/288 296/1/296 297/1/297
f 292/1/292 291/1/291 299/1/299 300/1/300
f 287/1/287 286/1/286 294/1/294 295/1/295
f 290/1/290 289/1/289 297/1/297 298/1/298
f 288/1/288 287/1/287 295/1/295 296/1/296
f 298/1/298 297/1/297 305/1/305 306/1/306
f 294/1/294 269/1/269 271/1/271 302/1/302
f 301/1/301 300/1/300 308/1/308 309/1/309
f 299/1/299 298/1/298 306/1/306 307/1/307
f 296/1/296 295/1/295 303/1/303 304/1/304
f 297/1/297 296/1/296 304/1/304 305/1/305
f 295/1/295 294/1/294 302/1/302 303/1/303
f 300/1/300 299/1/299 307/1/307 308/1/308
f 307/1/307 306/1/306 314/1/314 315/1/315
f 303/1/303 302/1/302 310/1/310 311/1/311
f 305/1/305 304/1/304 312/1/312 313/1/313
f 302/1/302 271/1/271 273/1/273 310/1/310
f 308/1/308 307/1/307 315/1/315 316/1/316
f 304/1/304 303/1/303 311/1/311 312/1/312
f 306/1/306 305/1/305 313/1/313 314/1/314
f 309/1/309 308/1/308 316/1/316 317/1/317
f 310/1/310 273/1/273 275/1/275 318/1/318
f 317/1/317 316/1/316 324/1/324 325/1/325
f 315/1/315 314/1/314 322/1/322 323/1/323
f 311/1/311 310/1/310 318/1/318 319/1/319
f 313/1/313 312/1/312 320/1/320 321/1/321
f 316/1/316 315/1/315 323/1/323 324/1/324
f 314/1/314 313/1/313 321/1/321 322/1/322
f 312/1/312 311/1/311 319/1/319 320/1/320
f 309/1/309 317/1/317 301/1/301
f 325/1/325 324/1/324 332/1/332 333/1/333
f 323/1/323 322/1/322 330/1/330 331/1/331
f 320/1/320 319/1/319 327/1/327 328/1/328
f 321/1/321 320/1/320 328/1/328 329/1/329
f 319/1/319 318/1/318 326/1/326 327/1/327
f 318/1/318 275/1/275 246/1/246 326/1/326
f 324/1/324 323/1/323 331/1/331 332/1/332
f 322/1/322 321/1/321 329/1/329 330/1/330
f 330/1/330 329/1/329 342/1/342 343/1/343
f 246/1/246 244/1/244 334/1/334 335/1/335
f 328/1/328 327/1/327 340/1/340 341/1/341
f 331/1/331 330/1/330 343/1/343 344/1/344
f 250/1/250 260/1/260 338/1/338 336/1/336
f 327/1/327 326/1/326 339/1/339 340/1/340
f 326/1/326 246/1/246 335/1/335 339/1/339
f 244/1/244 250/1/250 336/1/336 334/1/334
f 332/1/332 331/1/331 344/1/344 345/1/345
f 329/1/329 328/1/328 341/1/341 342/1/342
f 333/1/333 332/1/332 345/1/345 346/1/346
f 260/1/260 259/1/259 337/1/337 338/1/338
f 383/1/383 382/1/382 384/1/384 385/1/385
f 337/1/337 361/1/361 362/1/362 338/1/338
f 375/1/375 374/1/374 354/1/354 353/1/353
f 345/1/345 344/1/344 368/10/368 369/10/369
f 380/1/380 379/1/379 347/1/347 349/1/349
f 369/10/369 370/1/370 346/1/346 345/1/345
f 335/1/335 334/1/334 358/1/358 359/1/359
f 367/19/367 343/1/343 342/1/342 366/1/366
f 364/1/364 340/1/340 339/1/339 363/1/363
f 363/1/363 339/1/339 335/1/335 359/1/359
f 376/1/376 372/1/372 356/1/356 352/1/352
f 365/1/365 341/1/341 340/1/340 364/1/364
f 373/1/373 375/1/375 353/1/353 355/1/355
f 372/1/372 371/1/371 357/1/357 356/1/356
f 381/1/381 380/1/380 349/1/349 348/1/348
f 382/1/382 381/1/381 348/1/348 384/1/384
f 378/1/378 377/1/377 351/1/351 350/1/350
f 338/1/338 362/1/362 360/1/360 336/1/336
f 368/10/368 344/1/344 343/1/343 367/19/367
f 379/1/379 378/1/378 350/1/350 347/1/347
f 371/1/371 373/1/373 355/1/355 357/1/357
f 366/1/366 342/1/342 341/1/341 365/1/365
f 366/1/366 365/1/365 378/1/378 379/1/379
f 360/1/360 362/1/362 375/1/375 373/1/373
f 370/1/370 369/10/369 382/1/382 383/1/383
f 359/1/359 358/1/358 371/1/371 372/1/372
f 367/19/367 366/1/366 379/1/379 380/1/380
f 365/1/365 364/1/364 377/1/377 378/1/378
f 363/1/363 359/1/359 372/1/372 376/1/376
f 358/1/358 360/1/360 373/1/373 371/1/371
f 368/10/368 367/19/367 380/1/380 381/1/381
f 364/1/364 363/1/363 376/1/376 377/1/377
f 362/1/362 361/1/361 374/1/374 375/1/375
f 369/10/369 368/10/368 381/1/381 382/1/382
f 336/1/336 360/1/360 358/1/358 334/1/334
f 377/1/377 376/1/376 352/1/352 351/1/351
f 353/1/353 354/1/354 387/1/387 386/1/386
f 355/1/355 353/1/353 386/1/386 388/1/388
f 355/1/355 388/1/388 390/1/390 389/1/389
f 389/1/389 390/1/390 392/1/392 391/1/391
f 391/1/391 407/1/407 409/1/409 393/1/393
f 393/1/393 409/1/409 410/1/410 394/1/394
f 394/1/394 410/1/410 411/1/411 395/1/395
f 395/1/395 411/1/411 412/1/412 396/1/396
f 396/1/396 412/1/412 413/1/413 397/1/397
f 397/1/397 413/1/413 414/1/414 398/1/398
f 398/1/398 414/1/414 415/1/415 399/1/399
f 408/1/408 392/1/392 420/1/420 421/1/421
f 355/1/355 389/1/389 403/1/403 357/1/357
f 357/1/357 403/1/403 405/1/405 356/1/356
f 356/1/356 405/1/405 400/1/400 352/1/352
f 352/1/352 400/1/400 402/1/402 351/1/351
f 351/1/351 402/1/402 404/1/404 350/1/350
f 350/1/350 404/1/404 406/1/406 347/1/347
f 347/1/347 406/1/406 401/1/401 349/1/349
f 400/1/400 405/1/405 394/1/394 395/1/395
f 402/1/402 400/1/400 395/1/395 396/1/396
f 404/1/404 402/1/402 396/1/396 397/1/397
f 403/1/403 389/1/389 391/1/391 393/1/393
f 406/1/406 404/1/404 397/1/397 398/1/398
f 405/1/405 403/1/403 393/1/393 394/1/394
f 401/1/401 406/1/406 398/1/398 399/1/399
f 388/1/388 386/1/386 416/1/416 418/1/418
f 392/1/392 390/1/390 419/1/419 420/1/420
f 421/1/421 420/1/420 426/1/426 427/1/427
f 386/1/386 387/1/387 417/1/417 416/1/416
f 390/1/390 388/1/388 418/1/418 419/1/419
f 426/1/426 432/1/432 433/1/433 427/1/427
f 419/1/419 418/1/418 424/1/424 425/1/425
f 418/1/418 416/1/416 422/1/422 424/1/424
f 420/1/420 419/1/419 425/1/425 426/1/426
f 416/1/416 417/1/417 423/1/423 422/1/422
f 425/1/425 424/1/424 430/1/430 431/1/431
f 424/1/424 422/1/422 428/1/428 430/1/430
f 432/1/432 431/1/431 439/21/439 443/22/443
f 426/1/426 425/1/425 431/1/431 432/1/432
f 422/1/422 423/1/423 429/1/429 428/1/428
f 435/23/435 434/24/434 438/25/438 439/21/439
f 498/26/498 497/27/497 436/28/436 437/29/437
f 434/24/434 498/26/498 437/29/437 438/25/438
f 497/27/497 468/30/468 436/28/436
f 438/25/438 437/29/437 441/31/441 442/32/442
f 436/28/436 468/33/468 440/34/440
f 439/21/439 438/25/438 442/32/442 443/22/443
f 437/29/437 436/28/436 440/34/440 441/31/441
f 442/32/442 441/31/441 445/35/445 446/36/446
f 440/34/440 468/37/468 444/38/444
f 443/22/443 442/32/442 446/36/446 447/39/447
f 441/31/441 440/34/440 444/38/444 445/35/445
f 447/39/447 446/36/446 450/40/450 451/41/451
f 445/35/445 444/38/444 448/42/448 449/43/449
f 446/36/446 445/35/445 449/43/449 450/40/450
f 444/38/444 468/44/468 448/42/448
f 449/43/449 448/42/448 452/45/452 453/46/453
f 450/40/450 449/43/449 453/46/453 454/47/454
f 448/42/448 468/48/468 452/45/452
f 451/41/451 450/40/450 454/47/454 455/49/455
f 454/47/454 453/46/453 457/50/457 458/51/458
f 452/45/452 468/52/468 456/53/456
f 455/49/455 454/47/454 458/51/458 459/54/459
f 453/46/453 452/45/452 456/53/456 457/50/457
f 456/53/456 468/55/468 460/56/460
f 459/54/459 458/51/458 462/57/462 463/58/463
f 457/50/457 456/53/456 460/56/460 461/59/461
f 458/51/458 457/50/457 461/59/461 462/57/462
f 463/58/463 462/57/462 466/60/466 467/61/467
f 461/59/461 460/56/460 464/62/464 465/63/465
f 462/57/462 461/59/461 465/63/465 466/60/466
f 460/56/460 468/64/468 464/62/464
f 466/60/466 465/63/465 470/65/470 471/66/471
f 464/62/464 468/67/468 469/68/469
f 467/61/467 466/60/466 471/66/471 472/69/472
f 465/63/465 464/62/464 469/68/469 470/65/470
f 471/66/471 470/65/470 474/70/474 475/71/475
f 469/68/469 468/72/468 473/73/473
f 472/69/472 471/66/471 475/71/475 476/74/476
f 470/65/470 469/68/469 473/73/473 474/70/474
f 476/74/476 475/71/475 479/75/479 480/76/480
f 474/70/474 473/73/473 477/77/477 478/78/478
f 475/71/475 474/70/474 478/78/478 479/75/479
f 473/73/473 468/79/468 477/77/477
f 480/76/480 479/75/479 483/80/483 484/81/484
f 478/78/478 477/77/477 481/82/481 482/83/482
f 479/75/479 478/78/478 482/83/482 483/80/483
f 477/77/477 468/84/468 481/82/481
f 483/85/483 482/86/482 486/87/486 487/88/487
f 481/89/481 468/90/468 485/91/485
f 484/92/484 483/85/483 487/88/487 488/93/488
f 482/86/482 481/89/481 485/91/485 486/87/486
f 487/88/487 486/87/486 490/94/490 491/95/491
f 485/91/485 468/96/468 489/97/489
f 488/93/488 487/88/487 491/95/491 492/98/492
f 486/87/486 485/91/485 489/97/489 490/94/490
f 492/98/492 491/95/491 495/99/495 496/100/496
f 490/94/490 489/97/489 493/101/493 494/102/494
f 491/95/491 490/94/490 494/102/494 495/99/495
f 489/97/489 468/103/468 493/101/493
f 494/102/494 493/101/493 497/27/497 498/26/498
f 495/99/495 494/102/494 498/26/498 434/24/434
f 493/101/493 468/104/468 497/27/497
f 496/100/496 495/99/495 434/24/434 435/23/435
f 480/76/480 484/81/484 501/81/484 500/76/500
f 484/92/484 488/93/488 502/93/501 501/92/484
f 492/98/492 496/100/496 504/100/503 503/98/502
f 488/93/488 492/98/492 503/98/502 502/93/501
f 476/74/476 480/76/480 500/76/500 499/74/499
f 429/1/429 504/100/503 496/100/496 428/1/428
f 430/1/430 428/1/428 496/100/496 435/23/435
f 430/1/430 435/23/435 439/21/439 431/1/431
f 392/1/392 408/1/408 407/1/407 391/1/391
f 399/1/399 415/1/415 511/1/510 509/1/508
f 384/1/384 348/1/348 505/1/504 507/1/506
f 349/1/349 401/1/401 510/1/509 506/1/505
f 401/1/401 399/1/399 509/1/508 510/1/509
f 348/1/348 349/1/349 506/1/505 505/1/504
f 385/1/385 384/1/384 507/1/506 508/1/507
f 507/1/506 505/1/504 512/1/511 514/1/513
f 506/1/505 510/1/509 517/1/516 513/1/512
f 505/1/504 506/1/505 513/1/512 512/1/511
f 508/1/507 507/1/506 514/1/513 515/1/514
f 509/1/508 511/1/510 518/1/517 516/1/515
f 510/1/509 509/1/508 516/1/515 517/1/516
f 513/1/512 517/1/516 524/1/523 520/1/519
f 512/1/511 513/1/512 520/1/519 519/1/518
f 515/1/514 514/1/513 521/1/520 522/1/521
f 516/1/515 518/1/517 525/1/524 523/1/522
f 517/1/516 516/1/515 523/1/522 524/1/523
f 514/1/513 512/1/511 519/1/518 521/1/520
f 520/1/519 524/1/523 531/1/530 527/1/526
f 519/1/518 520/1/519 527/1/526 526/1/525
f 522/1/521 521/1/520 528/1/527 529/1/528
f 523/1/522 525/1/524 532/1/531 530/1/529
f 524/1/523 523/1/522 530/1/529 531/1/530
f 521/1/520 519/1/518 526/1/525 528/1/527
f 527/1/526 531/1/530 538/1/537 534/1/533
f 526/1/525 527/1/526 534/1/533 533/1/532
f 529/1/528 528/1/527 535/1/534 536/1/535
f 530/1/529 532/1/531 539/1/538 537/1/536
f 531/1/530 530/1/529 537/1/536 538/1/537
f 528/1/527 526/1/525 533/1/532 535/1/534
f 433/1/433 432/1/432 443/1/443 540/1/539
f 540/1/539 443/1/443 541/1/540 542/1/541
f 542/1/541 541/1/540 543/1/542 544/1/543
f 544/1/543 543/1/542 545/1/544 546/1/545
f 546/1/545 545/1/544 547/1/546 548/1/547
f 548/1/547 547/1/546 537/1/536 539/1/538
f 541/1/540 443/1/443 447/1/447 549/1/548
f 543/1/542 541/1/540 549/1/548 550/1/549
f 545/1/544 543/1/542 550/1/549 551/1/550
f 537/1/536 547/1/546 552/1/551 538/1/537
f 547/1/546 545/1/544 551/1/550 552/1/551
f 552/1/551 551/1/550 560/1/559 561/1/560
f 534/1/533 538/1/537 557/1/556 554/1/553
f 535/1/534 533/1/532 553/1/552 555/1/554
f 538/1/537 552/1/551 561/1/560 557/1/556
f 550/1/549 549/1/548 558/1/557 559/1/558
f 533/1/532 534/1/533 554/1/553 553/1/552
f 551/1/550 550/1/549 559/1/558 560/1/559
f 549/1/548 447/1/447 451/1/451 558/1/557
f 536/1/535 535/1/534 555/1/554 556/1/555
f 559/1/558 558/1/557 567/1/566 568/1/567
f 555/1/554 553/1/552 562/1/561 564/1/563
f 558/1/557 451/1/451 455/1/455 567/1/566
f 560/1/559 559/1/558 568/1/567 569/1/568
f 553/1/552 554/1/553 563/1/562 562/1/561
f 561/1/560 560/1/559 569/1/568 570/1/569
f 554/1/553 557/1/556 566/1/565 563/1/562
f 556/1/555 555/1/554 564/1/563 565/1/564
f 557/1/556 561/1/560 570/1/569 566/1/565
f 562/1/561 563/1/562 572/1/571 571/1/570
f 570/1/569 569/1/568 578/1/577 579/1/578
f 563/1/562 566/1/565 575/1/574 572/1/571
f 565/1/564 564/1/563 573/1/572 574/1/573
f 566/1/565 570/1/569 579/1/578 575/1/574
f 568/1/567 567/1/566 576/1/575 577/1/576
f 564/1/563 562/1/561 571/1/570 573/1/572
f 567/1/566 455/1/455 459/1/459 576/1/575
f 569/1/568 568/1/567 577/1/576 578/1/577
f 572/1/571 575/1/574 584/1/583 581/1/580
f 574/1/573 573/1/572 582/1/581 583/1/582
f 575/1/574 579/1/578 588/1/587 584/1/583
f 577/1/576 576/1/575 585/1/584 586/1/585
f 573/1/572 571/1/570 580/1/579 582/1/581
f 576/1/575 459/1/459 463/1/463 585/1/584
f 578/1/577 577/1/576 586/1/585 587/1/586
f 571/1/570 572/1/571 581/1/580 580/1/579
f 579/1/578 578/1/577 587/1/586 588/1/587
f 476/74/476 499/74/499 593/74/592 592/74/591
f 467/61/467 472/69/472 591/69/590 590/61/589
f 472/69/472 476/74/476 592/74/591 591/69/590
f 463/58/463 467/61/467 590/61/589 585/58/584
f 615/105/614 609/74/608 594/74/593 595/69/594
f 612/1/611 613/1/612 603/1/602 604/1/603
f 609/74/608 608/74/607 589/74/588 594/74/593
f 610/1/609 606/1/605 600/1/599 599/1/598
f 611/1/610 612/1/611 604/1/603 602/1/601
f 606/58/605 616/61/615 596/61/595 600/58/599
f 607/1/606 614/1/613 657/1/656 597/1/596
f 605/1/604 611/1/610 602/1/601 601/1/600
f 613/1/612 607/1/606 597/1/596 603/1/602
f 614/1/613 617/19/616 598/19/597 657/1/656
f 617/19/616 610/1/609 599/1/598 598/1/597
f 616/61/615 615/105/614 595/69/594 596/61/595
f 656/61/655 630/106/629 615/105/614 616/61/615
f 633/1/632 647/1/646 610/1/609 617/19/616
f 627/1/626 633/1/632 617/19/616 614/1/613
f 653/1/652 638/13/637 607/1/606 613/1/612
f 618/1/617 624/19/623 611/1/610 605/1/604
f 638/13/637 627/1/626 614/1/613 607/1/606
f 621/58/620 656/61/655 616/61/615 606/58/605
f 624/19/623 650/1/649 612/1/611 611/1/610
f 647/1/646 621/1/620 606/1/605 610/1/609
f 644/107/643 641/74/640 608/74/607 609/74/608
f 650/1/649 653/1/652 613/1/612 612/1/611
f 630/106/629 644/107/643 609/74/608 615/105/614
f 591/69/590 592/74/591 642/108/641 632/109/631
f 632/109/631 642/108/641 643/108/642 631/110/630
f 631/110/630 643/108/642 644/107/643 630/106/629
f 580/1/579 581/1/580 651/1/650 648/19/647
f 648/19/647 651/1/650 652/1/651 649/1/648
f 649/1/648 652/1/651 653/1/652 650/1/649
f 592/74/591 593/74/592 639/111/638 642/108/641
f 642/108/641 639/111/638 640/74/639 643/108/642
f 643/108/642 640/74/639 641/74/640 644/107/643
f 586/1/585 585/1/584 623/1/622 645/1/644
f 645/1/644 623/1/622 622/1/621 646/1/645
f 646/1/645 622/1/621 621/1/620 647/1/646
f 582/1/581 580/1/579 648/19/647 626/1/625
f 626/1/625 648/19/647 649/1/648 625/1/624
f 625/1/624 649/1/648 650/1/649 624/19/623
f 585/58/584 590/61/589 654/112/653 623/58/622
f 623/58/622 654/112/653 655/113/654 622/58/621
f 622/58/621 655/113/654 656/61/655 621/58/620
f 584/1/583 588/1/587 629/1/628 636/1/635
f 636/1/635 629/1/628 628/1/627 637/1/636
f 637/1/636 628/1/627 627/1/626 638/13/637
f 583/1/582 582/1/581 626/1/625 620/1/619
f 620/1/619 626/1/625 625/1/624 619/1/618
f 619/1/618 625/1/624 624/19/623 618/1/617
f 581/1/580 584/1/583 636/1/635 651/1/650
f 651/1/650 636/1/635 637/1/636 652/1/651
f 652/1/651 637/1/636 638/13/637 653/1/652
f 588/1/587 587/1/586 635/13/634 629/1/628
f 629/1/628 635/13/634 634/13/633 628/1/627
f 628/1/627 634/13/633 633/1/632 627/1/626
f 587/1/586 586/1/585 645/1/644 635/13/634
f 635/13/634 645/1/644 646/1/645 634/13/633
f 634/13/633 646/1/645 647/1/646 633/1/632
f 590/61/589 591/69/590 632/109/631 654/112/653
f 654/112/653 632/109/631 631/110/630 655/113/654
f 655/113/654 631/110/630 630/106/629 656/61/655
f 540/1/539 542/1/541 676/1/675 675/1/674
f 410/1/410 409/1/409 660/1/659 661/1/660
f 411/1/411 410/1/410 661/1/660 662/1/661
f 518/1/517 511/1/510 670/1/669 671/1/670
f 544/1/543 546/1/545 677/1/676
f 427/1/427 433/1/433 669/1/668 668/1/667
f 412/1/412 411/1/411 662/1/661 663/1/662
f 408/1/408 421/1/421 667/1/666 659/1/658
f 542/1/541 544/1/543 677/1/676 676/1/675
f 413/1/413 412/1/412 663/1/662 664/1/663
f 539/1/538 532/1/531 673/1/672 674/1/673
f 548/1/547 539/1/538 674/1/673 678/1/677
f 414/1/414 413/1/413 664/1/663 665/1/664
f 415/1/415 414/1/414 665/1/664 666/1/665
f 532/1/531 525/1/524 672/1/671 673/1/672
f 433/1/433 540/1/539 675/1/674 669/1/668
f 407/1/407 408/1/408 659/1/658 658/1/657
f 421/1/421 427/1/427 668/1/667 667/1/666
f 511/1/510 415/1/415 666/1/665 670/1/669
f 546/1/545 548/1/547 678/1/677
f 409/1/409 407/1/407 658/1/657 660/1/659
f 525/1/524 518/1/517 671/1/670 672/1/671
f 658/1/657 659/1/658 681/1/680 680/1/679
f 674/1/673 673/1/672 695/1/694 696/1/695
f 659/1/658 667/1/666 689/1/688 681/1/680
f 660/1/659 658/1/657 680/1/679 682/1/681
f 669/1/668 675/1/674 697/1/696 691/1/690
f 667/1/666 668/1/667 690/1/689 689/1/688
f 661/1/660 660/1/659 682/1/681 683/1/682
f 675/1/674 676/1/675 698/1/697 697/1/696
f 668/1/667 669/1/668 691/1/690 690/1/689
f 662/1/661 661/1/660 683/1/682 684/1/683
f 676/1/675 677/1/676 699/1/698 698/1/697
f 670/1/669 666/1/665 688/1/687 692/1/691
f 663/1/662 662/1/661 684/1/683 685/1/684
f 546/1/545 678/1/677 700/1/699 679/1/678
f 671/1/670 670/1/669 692/1/691 693/1/692
f 664/1/663 663/1/662 685/1/684 686/1/685
f 678/1/677 674/1/673 696/1/695 700/1/699
f 672/1/671 671/1/670 693/1/692 694/1/693
f 665/1/664 664/1/663 686/1/685 687/1/686
f 673/1/672 672/1/671 694/1/693 695/1/694
f 677/1/676 546/1/545 679/1/678 699/1/698
f 666/1/665 665/1/664 687/1/686 688/1/687
f 691/1/690 697/1/696 719/1/718 713/1/712
f 689/1/688 690/1/689 712/1/711 711/1/710
f 683/1/682 682/1/681 704/1/703 705/1/704
f 697/1/696 698/1/697 720/1/719 719/1/718
f 690/1/689 691/1/690 713/1/712 712/1/711
f 684/1/683 683/1/682 705/1/704 706/1/705
f 698/1/697 699/1/698 721/1/720 720/1/719
f 692/1/691 688/1/687 710/1/709 714/1/713
f 685/1/684 684/1/683 706/1/705 707/1/706
f 679/1/678 700/1/699 722/1/721 701/1/700
f 693/1/692 692/1/691 714/1/713 715/1/714
f 686/1/685 685/1/684 707/1/706 708/1/707
f 700/1/699 696/1/695 718/1/717 722/1/721
f 694/1/693 693/1/692 715/1/714 716/1/715
f 687/1/686 686/1/685 708/1/707 709/1/708
f 699/1/698 679/1/678 701/1/700 721/1/720
f 695/1/694 694/1/693 716/1/715 717/1/716
f 688/1/687 687/1/686 709/1/708 710/1/709
f 680/1/679 681/1/680 703/1/702 702/1/701
f 696/1/695 695/1/694 717/1/716 718/1/717
f 681/1/680 689/1/688 711/1/710 703/1/702
f 682/1/681 680/1/679 702/1/701 704/1/703
f 711/1/710 712/1/711 734/1/733 733/1/732
f 705/1/704 704/1/703 726/1/725 727/1/726
f 719/1/718 720/1/719 742/1/741 741/1/740
f 712/1/711 713/1/712 735/1/734 734/1/733
f 706/1/705 705/1/704 727/1/726 728/1/727
f 720/1/719 721/1/720 743/1/742 742/1/741
f 714/1/713 710/1/709 732/1/731 736/1/735
f 707/1/706 706/1/705 728/1/727 729/1/728
f 701/1/700 722/1/721 744/1/743 723/1/722
f 715/1/714 714/1/713 736/1/735 737/1/736
f 708/1/707 707/1/706 729/1/728 730/1/729
f 722/1/721 718/1/717 740/1/739 744/1/743
f 716/1/715 715/1/714 737/1/736 738/1/737
f 709/1/708 708/1/707 730/1/729 731/1/730
f 721/1/720 701/1/700 723/1/722 743/1/742
f 717/1/716 716/1/715 738/1/737 739/1/738
f 710/1/709 709/1/708 731/1/730 732/1/731
f 702/1/701 703/1/702 725/1/724 724/1/723
f 718/1/717 717/1/716 739/1/738 740/1/739
f 703/1/702 711/1/710 733/1/732 725/1/724
f 704/1/703 702/1/701 724/1/723 726/1/725
f 713/1/712 719/1/718 741/1/740 735/1/734
f 727/1/726 726/1/725 748/1/747 749/1/748
f 741/1/740 742/1/741 764/1/763 763/1/762
f 734/1/733 735/1/734 757/1/756 756/1/755
f 728/1/727 727/1/726 749/1/748 750/1/749
f 742/1/741 743/1/742 765/1/764 764/1/763
f 736/1/735 732/1/731 754/1/753 758/1/757
f 729/1/728 728/1/727 750/1/749 751/1/750
f 723/1/722 744/1/743 766/1/765 745/1/744
f 737/1/736 736/1/735 758/1/757 759/1/758
f 730/1/729 729/1/728 751/1/750 752/1/751
f 744/1/743 740/1/739 762/1/761 766/1/765
f 738/1/737 737/1/736 759/1/758 760/1/759
f 731/1/730 730/1/729 752/1/751 753/1/752
f 743/1/742 723/1/722 745/1/744 765/1/764
f 739/1/738 738/1/737 760/1/759 761/1/760
f 732/1/731 731/1/730 753/1/752 754/1/753
f 724/1/723 725/1/724 747/1/746 746/1/745
f 740/1/739 739/1/738 761/1/760 762/1/761
f 725/1/724 733/1/732 755/1/754 747/1/746
f 726/1/725 724/1/723 746/1/745 748/1/747
f 735/1/734 741/1/740 763/1/762 757/1/756
f 733/1/732 734/1/733 756/1/755 755/1/754
f 756/1/755 757/1/756 779/1/778 778/1/777
f 750/1/749 749/1/748 771/1/770 772/1/771
f 764/1/763 765/1/764 787/1/786 786/1/785
f 758/1/757 754/1/753 776/1/775 780/1/779
f 751/1/750 750/1/749 772/1/771 773/1/772
f 745/1/744 766/1/765 788/1/787 767/1/766
f 759/1/758 758/1/757 780/1/779 781/1/780
f 752/1/751 751/1/750 773/1/772 774/1/773
f 766/1/765 762/1/761 784/1/783 788/1/787
f 760/1/759 759/1/758 781/1/780 782/1/781
f 753/1/752 752/1/751 774/1/773 775/1/774
f 765/1/764 745/1/744 767/1/766 787/1/786
f 761/1/760 760/1/759 782/1/781 783/1/782
f 754/1/753 753/1/752 775/1/774 776/1/775
f 746/1/745 747/1/746 769/1/768 768/1/767
f 762/1/761 761/1/760 783/1/782 784/1/783
f 747/1/746 755/1/754 777/1/776 769/1/768
f 748/1/747 746/1/745 768/1/767 770/1/769
f 757/1/756 763/1/762 785/1/784 779/1/778
f 755/1/754 756/1/755 778/1/777 777/1/776
f 749/1/748 748/1/747 770/1/769 771/1/770
f 763/1/762 764/1/763 786/1/785 785/1/784
f 776/1/775 775/1/774 796/1/795 795/1/794
f 778/1/777 779/1/778 792/1/791 793/1/792
f 782/1/781 781/1/780 790/1/789 789/1/788
f 768/1/767 769/1/768 802/1/801 803/1/802
f 785/1/784 786/1/785 1976/1/1956 1977/1/1957
f 781/1/780 780/1/779 791/1/790 790/1/789
f 783/1/782 782/1/781 789/1/788 1979/1/1959
f 786/1/785 787/1/786 1975/1/1955 1976/1/1956
f 767/1/766 788/1/787 1974/1/1954 804/1/803
f 775/1/774 774/1/773 797/1/796 796/1/795
f 771/1/770 770/1/769 801/1/800 800/1/799
f 773/1/772 772/1/771 799/1/798 798/1/797
f 787/1/786 767/1/766 804/1/803 1975/1/1955
f 779/1/778 785/1/784 1977/1/1957 792/1/791
f 780/1/779 776/1/775 795/1/794 791/1/790
f 769/1/768 777/1/776 794/1/793 802/1/801
f 777/1/776 778/1/777 793/1/792 794/1/793
f 774/1/773 773/1/772 798/1/797 797/1/796
f 770/1/769 768/1/767 803/1/802 801/1/800
f 784/1/783 783/1/782 1979/1/1959 1978/1/1958
f 772/1/771 771/1/770 800/1/799 799/1/798
f 788/1/787 784/1/783 1978/1/1958 1974/1/1954
f 844/74/843 843/74/842 805/74/804 806/74/805
f 806/74/805 805/74/804 807/74/806 808/74/807
f 808/74/807 807/74/806 809/74/808 810/74/809
f 810/74/809 809/74/808 811/74/810 812/74/811
f 812/74/811 811/74/810 813/74/812 814/74/813
f 814/74/813 813/74/812 815/74/814 816/74/815
f 816/74/815 815/74/814 817/74/816 818/74/817
f 806/74/805 808/74/807 821/74/820 820/74/819
f 820/74/819 821/74/820 823/74/822 822/74/821
f 822/74/821 823/74/822 825/74/824 824/74/823
f 824/74/823 825/74/824 827/74/826 826/74/825
f 826/74/825 827/74/826 829/74/828 828/74/827
f 828/74/827 829/74/828 831/74/830 830/74/829
f 830/74/829 831/74/830 833/74/832 832/74/831
f 832/74/831 833/74/832 835/74/834 834/74/833
f 818/74/817 817/74/816 819/74/818 836/74/835
f 836/74/835 819/74/818 837/74/836 838/74/837
f 853/114/852 838/74/837 837/74/836 858/114/857
f 835/74/834 836/74/835 838/74/837 834/74/833
f 844/74/843 806/74/805 820/74/819 863/115/862
f 863/115/862 820/74/819 822/74/821 868/116/867
f 868/116/867 822/74/821 824/74/823 873/117/872
f 873/117/872 824/74/823 826/74/825 878/118/877
f 878/118/877 826/74/825 828/74/827 883/118/882
f 883/118/882 828/74/827 830/74/829 888/118/887
f 888/118/887 830/74/829 832/74/831 893/118/892
f 893/118/892 832/74/831 834/74/833 898/118/897
f 853/114/852 898/118/897 834/74/833 838/74/837
f 604/3/603 603/1/602 894/119/893 849/120/848
f 849/120/848 894/119/893 895/121/894 850/122/849
f 850/122/849 895/121/894 896/123/895 851/124/850
f 851/124/850 896/123/895 897/125/896 852/126/851
f 852/126/851 897/125/896 898/118/897 853/114/852
f 597/1/596 889/119/888 894/119/893 603/1/602
f 889/119/888 890/121/889 895/121/894 894/119/893
f 890/121/889 891/123/890 896/123/895 895/121/894
f 891/123/890 892/125/891 897/125/896 896/123/895
f 892/125/891 893/118/892 898/118/897 897/125/896
f 657/1/656 884/119/883 889/119/888 597/1/596
f 884/119/883 885/121/884 890/121/889 889/119/888
f 885/121/884 886/123/885 891/123/890 890/121/889
f 886/123/885 887/125/886 892/125/891 891/123/890
f 887/125/886 888/118/887 893/118/892 892/125/891
f 598/1/597 879/119/878 884/119/883 657/1/656
f 879/119/878 880/121/879 885/121/884 884/119/883
f 880/121/879 881/123/880 886/123/885 885/121/884
f 881/123/880 882/125/881 887/125/886 886/123/885
f 882/125/881 883/118/882 888/118/887 887/125/886
f 599/1/598 874/119/873 879/119/878 598/1/597
f 874/119/873 875/121/874 880/121/879 879/119/878
f 875/121/874 876/123/875 881/123/880 880/121/879
f 876/123/875 877/125/876 882/125/881 881/123/880
f 877/125/876 878/118/877 883/118/882 882/125/881
f 600/58/599 869/127/868 874/119/873 599/1/598
f 869/127/868 870/128/869 875/121/874 874/119/873
f 870/128/869 871/129/870 876/123/875 875/121/874
f 871/129/870 872/130/871 877/125/876 876/123/875
f 872/130/871 873/117/872 878/118/877 877/125/876
f 596/61/595 864/131/863 869/127/868 600/58/599
f 864/131/863 865/132/864 870/128/869 869/127/868
f 865/132/864 866/133/865 871/129/870 870/128/869
f 866/133/865 867/134/866 872/130/871 871/129/870
f 867/134/866 868/116/867 873/117/872 872/130/871
f 595/69/594 859/135/858 864/131/863 596/61/595
f 859/135/858 860/136/859 865/132/864 864/131/863
f 860/136/859 861/137/860 866/133/865 865/132/864
f 861/137/860 862/116/861 867/134/866 866/133/865
f 862/116/861 863/115/862 868/116/867 867/134/866
f 594/74/593 848/74/847 859/135/858 595/69/594
f 848/74/847 847/74/846 860/136/859 859/135/858
f 847/74/846 846/138/845 861/137/860 860/136/859
f 846/138/845 845/138/844 862/116/861 861/137/860
f 845/138/844 844/74/843 863/115/862 862/116/861
f 604/3/603 849/120/848 854/120/853 601/3/600
f 849/120/848 850/122/849 855/122/854 854/120/853
f 850/122/849 851/124/850 856/124/855 855/122/854
f 851/124/850 852/126/851 857/126/856 856/124/855
f 852/126/851 853/114/852 858/114/857 857/126/856
f 594/74/593 589/74/588 839/74/838 848/74/847
f 848/74/847 839/74/838 840/138/839 847/74/846
f 847/74/846 840/138/839 841/138/840 846/138/845
f 846/138/845 841/138/840 842/74/841 845/138/844
f 845/138/844 842/74/841 843/74/842 844/74/843
f 829/74/828 827/74/826 908/74/907 909/74/908
f 816/74/815 818/74/817 904/74/903 903/74/902
f 825/74/824 823/74/822 906/74/905 907/74/906
f 835/74/834 833/74/832 911/74/910 912/74/911
f 812/74/811 814/74/813 902/74/901 901/74/900
f 821/74/820 808/74/807 899/74/898 905/74/904
f 831/74/830 829/74/828 909/74/908 910/74/909
f 808/74/807 810/74/809 900/74/899 899/74/898
f 827/74/826 825/74/824 907/74/906 908/74/907
f 836/74/835 835/74/834 912/74/911 913/74/912
f 814/74/813 816/74/815 903/74/902 902/74/901
f 823/74/822 821/74/820 905/74/904 906/74/905
f 833/74/832 831/74/830 910/74/909 911/74/910
f 818/74/817 836/74/835 913/74/912 904/74/903
f 810/74/809 812/74/811 901/74/900 900/74/899
f 931/74/930 930/74/929 916/74/915 915/74/914
f 935/107/934 934/107/933 923/74/922 924/74/923
f 930/74/929 938/139/484 917/74/916 916/74/915
f 939/140/936 935/107/934 924/74/923 925/74/924
f 938/139/484 942/74/939 918/74/917 917/74/916
f 943/140/940 939/140/936 925/74/924 926/74/925
f 942/74/939 946/141/943 919/74/918 918/74/917
f 947/74/944 943/140/940 926/74/925 927/74/926
f 951/142/948 950/107/947 914/74/913 920/74/919
f 946/141/943 954/74/951 928/74/927 919/74/918
f 955/74/952 951/142/948 920/74/919 921/74/920
f 954/74/951 947/74/944 927/74/926 928/74/927
f 957/74/954 955/74/952 921/74/920 922/74/921
f 950/107/947 931/74/930 915/74/914 914/74/913
f 934/107/933 957/74/954 922/74/921 923/74/922
f 908/74/907 907/74/906 958/74/955 933/139/932
f 933/139/932 958/74/955 957/74/954 934/107/933
f 899/74/898 900/74/899 932/74/931 949/142/946
f 949/142/946 932/74/931 931/74/930 950/107/947
f 907/74/906 906/74/905 956/140/953 958/74/955
f 958/74/955 956/140/953 955/74/952 957/74/954
f 913/74/912 912/74/911 948/140/945 953/111/950
f 953/111/950 948/140/945 947/74/944 954/74/951
f 906/74/905 905/74/904 952/111/949 956/140/953
f 956/140/953 952/111/949 951/142/948 955/74/952
f 904/74/903 913/74/912 953/111/950 945/141/942
f 945/141/942 953/111/950 954/74/951 946/141/943
f 905/74/904 899/74/898 949/142/946 952/111/949
f 952/111/949 949/142/946 950/107/947 951/142/948
f 912/74/911 911/74/910 944/140/941 948/140/945
f 948/140/945 944/140/941 943/140/940 947/74/944
f 903/74/902 904/74/903 945/141/942 941/74/938
f 941/74/938 945/141/942 946/141/943 942/74/939
f 911/74/910 910/74/909 940/107/937 944/140/941
f 944/140/941 940/107/937 939/140/936 943/140/940
f 902/74/901 903/74/902 941/74/938 937/74/484
f 937/74/484 941/74/938 942/74/939 938/139/484
f 910/74/909 909/74/908 936/143/935 940/107/937
f 940/107/937 936/143/935 935/107/934 939/140/936
f 901/74/900 902/74/901 937/74/484 929/74/928
f 929/74/928 937/74/484 938/139/484 930/74/929
f 909/74/908 908/74/907 933/139/932 936/143/935
f 936/143/935 933/139/932 934/107/933 935/107/934
f 900/74/899 901/74/900 929/74/928 932/74/931
f 932/74/931 929/74/928 930/74/929 931/74/930
f 923/74/922 922/74/921 967/74/964 968/74/965
f 915/74/914 916/74/915 961/74/958 960/74/957
f 1130/139/1127 1124/138/1121 984/74/981 985/74/982
f 924/74/923 923/74/922 968/74/965 969/74/966
f 916/74/915 917/74/916 962/74/959 961/74/958
f 925/74/924 924/74/923 969/74/966 970/74/967
f 917/74/916 918/74/917 963/74/960 962/74/959
f 926/74/925 925/74/924 970/74/967 971/74/968
f 918/74/917 919/74/918 964/74/961 963/74/960
f 927/74/926 926/74/925 971/74/968 972/74/969
f 920/74/919 914/74/913 959/74/956 965/74/962
f 919/74/918 928/74/927 973/74/970 964/74/961
f 921/74/920 920/74/919 965/74/962 966/74/963
f 928/74/927 927/74/926 972/74/969 973/74/970
f 922/74/921 921/74/920 966/74/963 967/74/964
f 914/74/913 915/74/914 960/74/957 959/74/956
f 1131/74/1128 1109/142/1106 978/74/975 977/74/974
f 1132/143/1129 1130/139/1127 985/74/982 986/74/983
f 1109/142/1106 1125/143/1122 979/74/976 978/74/975
f 1133/107/1130 1132/143/1129 986/74/983 987/74/984
f 1134/107/1131 1126/107/1123 974/74/971 980/74/977
f 1125/143/1122 1127/74/1124 988/74/985 979/74/976
f 1135/138/1132 1134/107/1131 980/74/977 981/74/978
f 1127/74/1124 1133/107/1130 987/74/984 988/74/985
f 1136/107/1133 1135/138/1132 981/74/978 982/74/979
f 1126/107/1123 1128/74/1125 975/74/972 974/74/971
f 1137/74/1134 1136/107/1133 982/74/979 983/74/980
f 1128/74/1125 1129/74/1126 976/74/973 975/74/972
f 1124/138/1121 1137/74/1134 983/74/980 984/74/981
f 1129/74/1126 1131/74/1128 977/74/974 976/74/973
f 961/74/958 962/74/959 1012/107/1009 1073/74/1070
f 1073/74/1070 1012/107/1009 1011/74/1008 1074/74/1071
f 1074/74/1071 1011/74/1008 1010/140/1007 1075/74/1072
f 1075/74/1072 1010/140/1007 1009/74/1006 1076/138/1073
f 1076/138/1073 1009/74/1006 1008/142/1005 1077/74/1074
f 1077/74/1074 1008/142/1005 1007/74/1004 1078/74/1075
f 969/74/966 968/74/965 1072/107/1069 989/74/986
f 989/74/986 1072/107/1069 1071/139/1068 990/107/987
f 990/107/987 1071/139/1068 1070/74/1067 991/143/988
f 991/143/988 1070/74/1067 1069/74/1066 992/140/989
f 992/140/989 1069/74/1066 1068/74/1065 993/143/990
f 993/143/990 1068/74/1065 1067/74/1064 994/74/991
f 960/74/957 961/74/958 1073/74/1070 1061/74/1058
f 1061/74/1058 1073/74/1070 1074/74/1071 1062/107/1059
f 1062/107/1059 1074/74/1071 1075/74/1072 1063/74/1060
f 1063/74/1060 1075/74/1072 1076/138/1073 1064/142/1061
f 1064/142/1061 1076/138/1073 1077/74/1074 1065/142/1062
f 1065/142/1062 1077/74/1074 1078/74/1075 1066/74/1063
f 968/74/965 967/74/964 1060/74/1057 1072/107/1069
f 1072/107/1069 1060/74/1057 1059/138/1056 1071/139/1068
f 1071/139/1068 1059/138/1056 1058/74/1055 1070/74/1067
f 1070/74/1067 1058/74/1055 1057/138/1054 1069/74/1066
f 1069/74/1066 1057/138/1054 1056/74/1053 1068/74/1065
f 1068/74/1065 1056/74/1053 1055/74/1052 1067/74/1064
f 959/74/956 960/74/957 1061/74/1058 1031/74/1028
f 1031/74/1028 1061/74/1058 1062/107/1059 1032/139/1029
f 1032/139/1029 1062/107/1059 1063/74/1060 1033/74/1030
f 1033/74/1030 1063/74/1060 1064/142/1061 1034/74/1031
f 1034/74/1031 1064/142/1061 1065/142/1062 1035/107/1032
f 1035/107/1032 1065/142/1062 1066/74/1063 1036/74/1033
f 967/74/964 966/74/963 1054/107/1051 1060/74/1057
f 1060/74/1057 1054/107/1051 1053/74/1050 1059/138/1056
f 1059/138/1056 1053/74/1050 1052/143/1049 1058/74/1055
f 1058/74/1055 1052/143/1049 1051/138/1048 1057/138/1054
f 1057/138/1054 1051/138/1048 1050/74/1047 1056/74/1053
f 1056/74/1053 1050/74/1047 1049/74/1046 1055/74/1052
f 973/74/970 972/74/969 1030/138/1027 1043/74/1040
f 1043/74/1040 1030/138/1027 1029/74/1026 1044/107/1041
f 1044/107/1041 1029/74/1026 1028/74/1025 1045/74/1042
f 1045/74/1042 1028/74/1025 1027/143/1024 1046/138/1043
f 1046/138/1043 1027/143/1024 1026/74/1023 1047/138/1044
f 1047/138/1044 1026/74/1023 1025/74/1022 1048/74/1045
f 966/74/963 965/74/962 1042/74/1039 1054/107/1051
f 1054/107/1051 1042/74/1039 1041/74/1038 1053/74/1050
f 1053/74/1050 1041/74/1038 1040/142/1037 1052/143/1049
f 1052/143/1049 1040/142/1037 1039/74/1036 1051/138/1048
f 1051/138/1048 1039/74/1036 1038/142/1035 1050/74/1047
f 1050/74/1047 1038/142/1035 1037/74/1034 1049/74/1046
f 964/74/961 973/74/970 1043/74/1040 1019/139/1016
f 1019/139/1016 1043/74/1040 1044/107/1041 1020/142/1017
f 1020/142/1017 1044/107/1041 1045/74/1042 1021/141/1018
f 1021/141/1018 1045/74/1042 1046/138/1043 1022/74/1019
f 1022/74/1019 1046/138/1043 1047/138/1044 1023/74/1020
f 1023/74/1020 1047/138/1044 1048/74/1045 1024/139/1021
f 965/74/962 959/74/956 1031/74/1028 1042/74/1039
f 1042/74/1039 1031/74/1028 1032/139/1029 1041/74/1038
f 1041/74/1038 1032/139/1029 1033/74/1030 1040/142/1037
f 1040/142/1037 1033/74/1030 1034/74/1031 1039/74/1036
f 1039/74/1036 1034/74/1031 1035/107/1032 1038/142/1035
f 1038/142/1035 1035/107/1032 1036/74/1033 1037/74/1034
f 972/74/969 971/74/968 1018/74/1015 1030/138/1027
f 1030/138/1027 1018/74/1015 1017/107/1014 1029/74/1026
f 1029/74/1026 1017/107/1014 1016/74/1013 1028/74/1025
f 1028/74/1025 1016/74/1013 1015/74/1012 1027/143/1024
f 1027/143/1024 1015/74/1012 1014/107/1011 1026/74/1023
f 1026/74/1023 1014/107/1011 1013/143/1010 1025/74/1022
f 963/74/960 964/74/961 1019/139/1016 1001/143/998
f 1001/143/998 1019/139/1016 1020/142/1017 1002/74/999
f 1002/74/999 1020/142/1017 1021/141/1018 1003/143/1000
f 1003/143/1000 1021/141/1018 1022/74/1019 1004/141/1001
f 1004/141/1001 1022/74/1019 1023/74/1020 1005/107/1002
f 1005/107/1002 1023/74/1020 1024/139/1021 1006/74/1003
f 971/74/968 970/74/967 1000/138/997 1018/74/1015
f 1018/74/1015 1000/138/997 999/107/996 1017/107/1014
f 1017/107/1014 999/107/996 998/74/995 1016/74/1013
f 1016/74/1013 998/74/995 997/138/994 1015/74/1012
f 1015/74/1012 997/138/994 996/138/993 1014/107/1011
f 1014/107/1011 996/138/993 995/138/992 1013/143/1010
f 962/74/959 963/74/960 1001/143/998 1012/107/1009
f 1012/107/1009 1001/143/998 1002/74/999 1011/74/1008
f 1011/74/1008 1002/74/999 1003/143/1000 1010/140/1007
f 1010/140/1007 1003/143/1000 1004/141/1001 1009/74/1006
f 1009/74/1006 1004/141/1001 1005/107/1002 1008/142/1005
f 1008/142/1005 1005/107/1002 1006/74/1003 1007/74/1004
f 970/74/967 969/74/966 989/74/986 1000/138/997
f 1000/138/997 989/74/986 990/107/987 999/107/996
f 999/107/996 990/107/987 991/143/988 998/74/995
f 998/74/995 991/143/988 992/140/989 997/138/994
f 997/138/994 992/140/989 993/143/990 996/138/993
f 996/138/993 993/143/990 994/74/991 995/138/992
f 984/74/981 983/74/980 1088/74/1085 1089/74/1086
f 976/74/973 977/74/974 1082/74/1079 1081/74/1078
f 985/74/982 984/74/981 1089/74/1086 1090/74/1087
f 977/74/974 978/74/975 1083/74/1080 1082/74/1079
f 986/74/983 985/74/982 1090/74/1087 1091/74/1088
f 978/74/975 979/74/976 1084/74/1081 1083/74/1080
f 987/74/984 986/74/983 1091/74/1088 1092/74/1089
f 974/74/971 975/74/972 1080/74/1077 1079/74/1076
f 980/74/977 974/74/971 1079/74/1076 1085/74/1082
f 979/74/976 988/74/985 1093/74/1090 1084/74/1081
f 981/74/978 980/74/977 1085/74/1082 1086/74/1083
f 988/74/985 987/74/984 1092/74/1089 1093/74/1090
f 982/74/979 981/74/978 1086/74/1083 1087/74/1084
f 975/74/972 976/74/973 1081/74/1078 1080/74/1077
f 983/74/980 982/74/979 1087/74/1084 1088/74/1085
f 1086/74/1083 1085/74/1082 1100/74/1097 1101/74/1098
f 1093/74/1090 1092/74/1089 1107/74/1104 1108/74/1105
f 1087/74/1084 1086/74/1083 1101/74/1098 1102/74/1099
f 1080/74/1077 1081/74/1078 1096/74/1093 1095/74/1092
f 1088/74/1085 1087/74/1084 1102/74/1099 1103/74/1100
f 1079/74/1076 1080/74/1077 1095/74/1092 1094/74/1091
f 1089/74/1086 1088/74/1085 1103/74/1100 1104/74/1101
f 1081/74/1078 1082/74/1079 1097/74/1094 1096/74/1093
f 1090/74/1087 1089/74/1086 1104/74/1101 1105/74/1102
f 1082/74/1079 1083/74/1080 1098/74/1095 1097/74/1094
f 1091/74/1088 1090/74/1087 1105/74/1102 1106/74/1103
f 1083/74/1080 1084/74/1081 1099/74/1096 1098/74/1095
f 1092/74/1089 1091/74/1088 1106/74/1103 1107/74/1104
f 1085/74/1082 1079/74/1076 1094/74/1091 1100/74/1097
f 1084/74/1081 1093/74/1090 1108/74/1105 1099/74/1096
f 1099/74/1096 1108/74/1105 1123/74/1120 1115/74/1112
f 1078/74/1075 1007/74/1004 1131/74/1128 1129/74/1126
f 1101/74/1098 1100/74/1097 1116/74/1113 1117/74/1114
f 1108/74/1105 1107/74/1104 1122/74/1119 1123/74/1120
f 1102/74/1099 1101/74/1098 1117/74/1114 1118/74/1115
f 1095/74/1092 1096/74/1093 1112/74/1109 1111/74/1108
f 1103/74/1100 1102/74/1099 1118/74/1115 1143/74/1135
f 1094/74/1091 1095/74/1092 1111/74/1108 1110/74/1107
f 994/74/991 1067/74/1064 1137/74/1134 1124/138/1121
f 1104/74/1101 1103/74/1100 1143/74/1135 1119/74/1116
f 1096/74/1093 1097/74/1094 1113/74/1110 1112/74/1109
f 1105/74/1102 1104/74/1101 1119/74/1116 1120/74/1117
f 1097/74/1094 1098/74/1095 1114/74/1111 1113/74/1110
f 1106/74/1103 1105/74/1102 1120/74/1117 1121/74/1118
f 1098/74/1095 1099/74/1096 1115/74/1112 1114/74/1111
f 1107/74/1104 1106/74/1103 1121/74/1118 1122/74/1119
f 1100/74/1097 1094/74/1091 1110/74/1107 1116/74/1113
f 1066/74/1063 1078/74/1075 1129/74/1126 1128/74/1125
f 1067/74/1064 1055/74/1052 1136/107/1133 1137/74/1134
f 1036/74/1033 1066/74/1063 1128/74/1125 1126/107/1123
f 1055/74/1052 1049/74/1046 1135/138/1132 1136/107/1133
f 1048/74/1045 1025/74/1022 1133/107/1130 1127/74/1124
f 1049/74/1046 1037/74/1034 1134/107/1131 1135/138/1132
f 1024/139/1021 1048/74/1045 1127/74/1124 1125/143/1122
f 1037/74/1034 1036/74/1033 1126/107/1123 1134/107/1131
f 1025/74/1022 1013/143/1010 1132/143/1129 1133/107/1130
f 1006/74/1003 1024/139/1021 1125/143/1122 1109/142/1106
f 1013/143/1010 995/138/992 1130/139/1127 1132/143/1129
f 1007/74/1004 1006/74/1003 1109/142/1106 1131/74/1128
f 995/138/992 994/74/991 1124/138/1121 1130/139/1127
f 1117/74/1114 1116/74/1113 1151/74/1142 1152/74/1143
f 1116/74/1113 1110/74/1107 1145/74/1136 1151/74/1142
f 1114/74/1111 1115/74/1112 1150/74/1141 1149/74/1140
f 1113/74/1110 1114/74/1111 1149/74/1140 1148/74/1139
f 1112/74/1109 1113/74/1110 1148/74/1139 1147/74/1138
f 1110/74/1107 1111/74/1108 1146/74/1137 1145/74/1136
f 1123/74/1120 1122/74/1119 1158/74/1149 1159/74/1150
f 1111/74/1108 1112/74/1109 1147/74/1138 1146/74/1137
f 1115/74/1112 1123/74/1120 1159/74/1150 1150/74/1141
f 1122/74/1119 1121/74/1118 1157/74/1148 1158/74/1149
f 1121/74/1118 1120/74/1117 1156/74/1147 1157/74/1148
f 1120/74/1117 1119/74/1116 1155/74/1146 1156/74/1147
f 1119/74/1116 1143/74/1135 1154/74/1145 1155/74/1146
f 1143/74/1135 1118/74/1115 1153/74/1144 1154/74/1145
f 1118/74/1115 1117/74/1114 1152/74/1143 1153/74/1144
f 1187/138/1178 1218/74/1209 1174/74/1165 1167/74/1158
f 1227/138/1218 1194/74/1185 1170/74/1161 1171/74/1162
f 1218/74/1209 1195/138/1186 1172/74/1163 1174/74/1165
f 1211/138/1202 1186/74/1177 1164/74/1155 1163/74/1154
f 1186/74/1177 1199/138/1190 1165/74/1156 1164/74/1155
f 1219/138/1210 1211/138/1202 1163/74/1154 1162/74/1153
f 1231/138/1222 1223/138/1214 1161/74/1152 1160/74/1151
f 1194/74/1185 1182/74/1173 1169/74/1160 1170/74/1161
f 1223/138/1214 1219/138/1210 1162/74/1153 1161/74/1152
f 1182/74/1173 1178/74/1169 1168/74/1159 1169/74/1160
f 1199/138/1190 1203/138/1194 1166/74/1157 1165/74/1156
f 1178/74/1169 1210/74/1201 1173/74/1164 1168/74/1159
f 1210/74/1201 1231/138/1222 1160/74/1151 1173/74/1164
f 1203/138/1194 1187/138/1178 1167/74/1158 1166/74/1157
f 1195/138/1186 1227/138/1218 1171/74/1162 1172/74/1163
f 1146/74/1137 1147/74/1138 1230/74/1221 1198/74/1189
f 1198/74/1189 1230/74/1221 1229/74/1220 1197/74/1188
f 1197/74/1188 1229/74/1220 1228/138/1219 1196/138/1187
f 1196/138/1187 1228/138/1219 1227/138/1218 1195/138/1186
f 1152/74/1143 1151/74/1142 1190/74/1181 1206/74/1197
f 1206/74/1197 1190/74/1181 1189/74/1180 1205/74/1196
f 1205/74/1196 1189/74/1180 1188/138/1179 1204/138/1195
f 1204/138/1195 1188/138/1179 1187/138/1178 1203/138/1194
f 1159/74/1150 1158/74/1149 1234/74/1225 1207/138/1198
f 1207/138/1198 1234/74/1225 1233/74/1224 1208/138/1199
f 1208/138/1199 1233/74/1224 1232/138/1223 1209/74/1200
f 1209/74/1200 1232/138/1223 1231/138/1222 1210/74/1201
f 1150/74/1141 1159/74/1150 1207/138/1198 1175/138/1166
f 1175/138/1166 1207/138/1198 1208/138/1199 1176/138/1167
f 1176/138/1167 1208/138/1199 1209/74/1200 1177/74/1168
f 1177/74/1168 1209/74/1200 1210/74/1201 1178/74/1169
f 1153/74/1144 1152/74/1143 1206/74/1197 1202/74/1193
f 1202/74/1193 1206/74/1197 1205/74/1196 1201/74/1192
f 1201/74/1192 1205/74/1196 1204/138/1195 1200/138/1191
f 1200/138/1191 1204/138/1195 1203/138/1194 1199/138/1190
f 1149/74/1140 1150/74/1141 1175/138/1166 1179/138/1170
f 1179/138/1170 1175/138/1166 1176/138/1167 1180/138/1171
f 1180/138/1171 1176/138/1167 1177/74/1168 1181/74/1172
f 1181/74/1172 1177/74/1168 1178/74/1169 1182/74/1173
f 1157/74/1148 1156/74/1147 1222/74/1213 1226/74/1217
f 1226/74/1217 1222/74/1213 1221/74/1212 1225/74/1216
f 1225/74/1216 1221/74/1212 1220/138/1211 1224/138/1215
f 1224/138/1215 1220/138/1211 1219/138/1210 1223/138/1214
f 1148/74/1139 1149/74/1140 1179/138/1170 1191/138/1182
f 1191/138/1182 1179/138/1170 1180/138/1171 1192/138/1183
f 1192/138/1183 1180/138/1171 1181/74/1172 1193/74/1184
f 1193/74/1184 1181/74/1172 1182/74/1173 1194/74/1185
f 1158/74/1149 1157/74/1148 1226/74/1217 1234/74/1225
f 1234/74/1225 1226/74/1217 1225/74/1216 1233/74/1224
f 1233/74/1224 1225/74/1216 1224/138/1215 1232/138/1223
f 1232/138/1223 1224/138/1215 1223/138/1214 1231/138/1222
f 1156/74/1147 1155/74/1146 1214/74/1205 1222/74/1213
f 1222/74/1213 1214/74/1205 1213/74/1204 1221/74/1212
f 1221/74/1212 1213/74/1204 1212/138/1203 1220/138/1211
f 1220/138/1211 1212/138/1203 1211/138/1202 1219/138/1210
f 1154/74/1145 1153/74/1144 1202/74/1193 1183/138/1174
f 1183/138/1174 1202/74/1193 1201/74/1192 1184/138/1175
f 1184/138/1175 1201/74/1192 1200/138/1191 1185/74/1176
f 1185/74/1176 1200/138/1191 1199/138/1190 1186/74/1177
f 1155/74/1146 1154/74/1145 1183/138/1174 1214/74/1205
f 1214/74/1205 1183/138/1174 1184/138/1175 1213/74/1204
f 1213/74/1204 1184/138/1175 1185/74/1176 1212/138/1203
f 1212/138/1203 1185/74/1176 1186/74/1177 1211/138/1202
f 1145/74/1136 1146/74/1137 1198/74/1189 1215/138/1206
f 1215/138/1206 1198/74/1189 1197/74/1188 1216/138/1207
f 1216/138/1207 1197/74/1188 1196/138/1187 1217/74/1208
f 1217/74/1208 1196/138/1187 1195/138/1186 1218/74/1209
f 1147/74/1138 1148/74/1139 1191/138/1182 1230/74/1221
f 1230/74/1221 1191/138/1182 1192/138/1183 1229/74/1220
f 1229/74/1220 1192/138/1183 1193/74/1184 1228/138/1219
f 1228/138/1219 1193/74/1184 1194/74/1185 1227/138/1218
f 1151/74/1142 1145/74/1136 1215/138/1206 1190/74/1181
f 1190/74/1181 1215/138/1206 1216/138/1207 1189/74/1180
f 1189/74/1180 1216/138/1207 1217/74/1208 1188/138/1179
f 1188/138/1179 1217/74/1208 1218/74/1209 1187/138/1178
f 1254/74/1245 1253/74/1244 1238/74/1229 1237/74/1228
f 1262/142/1253 1261/107/1252 1243/74/1234 1244/74/1235
f 1270/74/1261 1269/107/1260 1241/74/1232 1240/74/1231
f 1278/74/1269 1277/74/1268 1249/74/1240 1242/74/1233
f 1286/74/1277 1285/107/1276 1245/74/1236 1246/74/1237
f 1277/74/1268 1293/74/1284 1247/74/1238 1249/74/1240
f 1285/107/1276 1262/142/1253 1244/74/1235 1245/74/1236
f 1269/107/1260 1278/74/1269 1242/74/1233 1241/74/1232
f 1293/74/1284 1286/74/1277 1246/74/1237 1247/74/1238
f 1294/140/1285 1270/74/1261 1240/74/1231 1239/74/1230
f 1298/140/1289 1254/74/1245 1237/74/1228 1236/74/1227
f 1261/107/1252 1305/74/1296 1248/74/1239 1243/74/1234
f 1306/74/1297 1298/140/1289 1236/74/1227 1235/74/1226
f 1305/74/1296 1306/74/1297 1235/74/1226 1248/74/1239
f 1253/74/1244 1294/140/1285 1239/74/1230 1238/74/1229
f 1163/74/1154 1164/74/1155 1297/74/1288 1250/143/1241
f 1250/143/1241 1297/74/1288 1296/74/1287 1251/139/1242
f 1251/139/1242 1296/74/1287 1295/139/1286 1252/74/1243
f 1252/74/1243 1295/139/1286 1294/140/1285 1253/74/1244
f 1173/74/1164 1160/74/1151 1309/74/1300 1302/74/1293
f 1302/74/1293 1309/74/1300 1308/107/1299 1303/138/1294
f 1303/138/1294 1308/107/1299 1307/74/1298 1304/74/1295
f 1304/74/1295 1307/74/1298 1306/74/1297 1305/74/1296
f 1160/74/1151 1161/74/1152 1301/74/1292 1309/74/1300
f 1309/74/1300 1301/74/1292 1300/138/1291 1308/107/1299
f 1308/107/1299 1300/138/1291 1299/74/1290 1307/74/1298
f 1307/74/1298 1299/74/1290 1298/140/1289 1306/74/1297
f 1168/74/1159 1173/74/1164 1302/74/1293 1258/142/1249
f 1258/142/1249 1302/74/1293 1303/138/1294 1259/74/1250
f 1259/74/1250 1303/138/1294 1304/74/1295 1260/139/1251
f 1260/139/1251 1304/74/1295 1305/74/1296 1261/107/1252
f 1161/74/1152 1162/74/1153 1257/74/1248 1301/74/1292
f 1301/74/1292 1257/74/1248 1256/74/1247 1300/138/1291
f 1300/138/1291 1256/74/1247 1255/138/1246 1299/74/1290
f 1299/74/1290 1255/138/1246 1254/74/1245 1298/140/1289
f 1164/74/1155 1165/74/1156 1273/74/1264 1297/74/1288
f 1297/74/1288 1273/74/1264 1272/74/1263 1296/74/1287
f 1296/74/1287 1272/74/1263 1271/138/1262 1295/139/1286
f 1295/139/1286 1271/138/1262 1270/74/1261 1294/140/1285
f 1172/74/1163 1171/74/1162 1289/74/1280 1290/139/1281
f 1290/139/1281 1289/74/1280 1288/74/1279 1291/74/1282
f 1291/74/1282 1288/74/1279 1287/139/1278 1292/74/1283
f 1292/74/1283 1287/139/1278 1286/74/1277 1293/74/1284
f 1166/74/1157 1167/74/1158 1281/107/1272 1266/74/1257
f 1266/74/1257 1281/107/1272 1280/74/1271 1267/74/1258
f 1267/74/1258 1280/74/1271 1279/143/1270 1268/74/1259
f 1268/74/1259 1279/143/1270 1278/74/1269 1269/107/1260
f 1170/74/1161 1169/74/1160 1265/142/1256 1282/74/1273
f 1282/74/1273 1265/142/1256 1264/74/1255 1283/138/1274
f 1283/138/1274 1264/74/1255 1263/74/1254 1284/143/1275
f 1284/143/1275 1263/74/1254 1262/142/1253 1285/107/1276
f 1174/74/1165 1172/74/1163 1290/139/1281 1274/141/1265
f 1274/141/1265 1290/139/1281 1291/74/1282 1275/140/1266
f 1275/140/1266 1291/74/1282 1292/74/1283 1276/74/1267
f 1276/74/1267 1292/74/1283 1293/74/1284 1277/74/1268
f 1171/74/1162 1170/74/1161 1282/74/1273 1289/74/1280
f 1289/74/1280 1282/74/1273 1283/138/1274 1288/74/1279
f 1288/74/1279 1283/138/1274 1284/143/1275 1287/139/1278
f 1287/139/1278 1284/143/1275 1285/107/1276 1286/74/1277
f 1167/74/1158 1174/74/1165 1274/141/1265 1281/107/1272
f 1281/107/1272 1274/141/1265 1275/140/1266 1280/74/1271
f 1280/74/1271 1275/140/1266 1276/74/1267 1279/143/1270
f 1279/143/1270 1276/74/1267 1277/74/1268 1278/74/1269
f 1165/74/1156 1166/74/1157 1266/74/1257 1273/74/1264
f 1273/74/1264 1266/74/1257 1267/74/1258 1272/74/1263
f 1272/74/1263 1267/74/1258 1268/74/1259 1271/138/1262
f 1271/138/1262 1268/74/1259 1269/107/1260 1270/74/1261
f 1169/74/1160 1168/74/1159 1258/142/1249 1265/142/1256
f 1265/142/1256 1258/142/1249 1259/74/1250 1264/74/1255
f 1264/74/1255 1259/74/1250 1260/139/1251 1263/74/1254
f 1263/74/1254 1260/139/1251 1261/107/1252 1262/142/1253
f 1162/74/1153 1163/74/1154 1250/143/1241 1257/74/1248
f 1257/74/1248 1250/143/1241 1251/139/1242 1256/74/1247
f 1256/74/1247 1251/139/1242 1252/74/1243 1255/138/1246
f 1255/138/1246 1252/74/1243 1253/74/1244 1254/74/1245
f 1238/74/1229 1239/74/1230 1314/74/1305 1313/74/1304
f 1243/74/1234 1248/74/1239 1323/74/1314 1318/74/1309
f 1240/74/1231 1241/74/1232 1316/74/1307 1315/74/1306
f 1248/74/1239 1235/74/1226 1310/74/1301 1323/74/1314
f 1249/74/1240 1247/74/1238 1322/74/1313 1324/74/1315
f 1237/74/1228 1238/74/1229 1313/74/1304 1312/74/1303
f 1244/74/1235 1243/74/1234 1318/74/1309 1319/74/1310
f 1242/74/1233 1249/74/1240 1324/74/1315 1317/74/1308
f 1246/74/1237 1245/74/1236 1320/74/1311 1321/74/1312
f 1245/74/1236 1244/74/1235 1319/74/1310 1320/74/1311
f 1241/74/1232 1242/74/1233 1317/74/1308 1316/74/1307
f 1247/74/1238 1246/74/1237 1321/74/1312 1322/74/1313
f 1239/74/1230 1240/74/1231 1315/74/1306 1314/74/1305
f 1235/74/1226 1236/74/1227 1311/74/1302 1310/74/1301
f 1236/74/1227 1237/74/1228 1312/74/1303 1311/74/1302
f 1311/74/1302 1312/74/1303 1327/74/1318 1326/74/1317
f 1320/74/1311 1319/74/1310 1331/74/1322 1332/74/1323
f 1321/74/1312 1320/74/1311 1332/74/1323 1333/74/1324
f 1323/74/1314 1310/74/1301 1325/74/1316 1335/74/1326
f 1318/74/1309 1323/74/1314 1335/74/1326 1330/74/1321
f 1322/74/1313 1321/74/1312 1333/74/1324 1334/74/1325
f 1312/74/1303 1313/74/1304 1328/74/1319 1327/74/1318
f 1310/74/1301 1311/74/1302 1326/74/1317 1325/74/1316
f 1319/74/1310 1318/74/1309 1330/74/1321 1331/74/1322
f 1313/74/1304 1314/74/1305 1329/74/1320 1328/74/1319
f 1335/74/1326 1325/74/1316 1336/74/1327 1346/74/1337
f 1333/74/1324 1332/74/1323 1343/74/1334 1344/74/1335
f 1325/74/1316 1326/74/1317 1337/74/1328 1336/74/1327
f 1327/74/1318 1328/74/1319 1339/74/1330 1338/74/1329
f 1326/74/1317 1327/74/1318 1338/74/1329 1337/74/1328
f 1328/74/1319 1329/74/1320 1340/74/1331 1339/74/1330
f 1332/74/1323 1331/74/1322 1342/74/1333 1343/74/1334
f 1330/74/1321 1335/74/1326 1346/74/1337 1341/74/1332
f 1331/74/1322 1330/74/1321 1341/74/1332 1342/74/1333
f 1334/74/1325 1333/74/1324 1344/74/1335 1345/74/1336
f 1345/74/1336 1344/74/1335 1355/74/1346 1356/74/1347
f 1346/74/1337 1336/74/1327 1347/74/1338 1357/74/1348
f 1344/74/1335 1343/74/1334 1354/74/1345 1355/74/1346
f 1336/74/1327 1337/74/1328 1348/74/1339 1347/74/1338
f 1338/74/1329 1339/74/1330 1350/74/1341 1349/74/1340
f 1337/74/1328 1338/74/1329 1349/74/1340 1348/74/1339
f 1339/74/1330 1340/74/1331 1351/74/1342 1350/74/1341
f 1343/74/1334 1342/74/1333 1353/74/1344 1354/74/1345
f 1341/74/1332 1346/74/1337 1357/74/1348 1352/74/1343
f 1342/74/1333 1341/74/1332 1352/74/1343 1353/74/1344
f 1358/144/1349 1359/145/1350 1361/146/1352 1360/147/1351
f 1383/148/1374 1384/149/1375 1363/150/1354 1362/151/1353
f 1362/151/1353 1363/150/1354 1365/152/1356 1364/153/1355
f 1364/153/1355 1365/152/1356 1367/154/1358 1366/155/1357
f 1384/156/1375 1385/157/1376 1365/158/1356 1363/159/1354
f 1366/155/1357 1367/154/1358 1386/160/1377 1387/161/1378
f 1368/162/1359 1369/163/1360 1359/164/1350 1358/165/1349
f 1383/148/1374 1362/151/1353 1372/151/1363 1371/148/1362
f 1366/155/1357 1387/161/1378 1375/161/1366 1374/155/1365
f 1382/92/1373 1383/148/1374 1371/148/1362 1370/92/1361
f 1362/151/1353 1364/153/1355 1373/153/1364 1372/151/1363
f 1387/161/1378 1382/166/1373 1370/166/1361 1375/161/1366
f 1364/153/1355 1366/155/1357 1374/155/1365 1373/153/1364
f 1374/155/1365 1375/161/1366 1381/161/1372 1380/155/1371
f 1372/151/1363 1373/153/1364 1379/153/1370 1378/151/1369
f 1370/92/1361 1371/148/1362 1377/148/1368 1376/92/1367
f 1375/161/1366 1370/166/1361 1376/166/1367 1381/161/1372
f 1373/153/1364 1374/155/1365 1380/155/1371 1379/153/1370
f 1371/148/1362 1372/151/1363 1378/151/1369 1377/148/1368
f 1358/144/1349 1360/147/1351 1383/148/1374 1382/92/1373
f 1361/146/1352 1359/145/1350 1385/2/1376 1384/149/1375
f 1360/147/1351 1361/146/1352 1384/149/1375 1383/148/1374
f 1369/163/1360 1368/162/1359 1387/161/1378 1386/160/1377
f 1368/162/1359 1358/165/1349 1382/166/1373 1387/161/1378
f 1359/164/1350 1369/163/1360 1386/160/1377 1385/167/1376
f 1365/158/1356 1385/157/1376 1386/168/1377 1367/169/1358
f 1388/144/1379 1389/145/1380 1391/146/1382 1390/147/1381
f 1413/148/1404 1414/149/1405 1393/150/1384 1392/151/1383
f 1392/151/1383 1393/150/1384 1395/152/1386 1394/153/1385
f 1394/153/1385 1395/152/1386 1397/154/1388 1396/155/1387
f 1414/156/1405 1415/157/1406 1395/158/1386 1393/159/1384
f 1396/155/1387 1397/154/1388 1416/160/1407 1417/161/1408
f 1398/162/1389 1399/163/1390 1389/164/1380 1388/165/1379
f 1413/148/1404 1392/151/1383 1402/151/1393 1401/148/1392
f 1396/155/1387 1417/161/1408 1405/161/1396 1404/155/1395
f 1412/92/1403 1413/148/1404 1401/148/1392 1400/92/1391
f 1392/151/1383 1394/153/1385 1403/153/1394 1402/151/1393
f 1417/161/1408 1412/166/1403 1400/166/1391 1405/161/1396
f 1394/153/1385 1396/155/1387 1404/155/1395 1403/153/1394
f 1404/155/1395 1405/161/1396 1411/161/1402 1410/155/1401
f 1402/151/1393 1403/153/1394 1409/153/1400 1408/151/1399
f 1400/92/1391 1401/148/1392 1407/148/1398 1406/92/1397
f 1405/161/1396 1400/166/1391 1406/166/1397 1411/161/1402
f 1403/153/1394 1404/155/1395 1410/155/1401 1409/153/1400
f 1401/148/1392 1402/151/1393 1408/151/1399 1407/148/1398
f 1388/144/1379 1390/147/1381 1413/148/1404 1412/92/1403
f 1391/146/1382 1389/145/1380 1415/2/1406 1414/149/1405
f 1390/147/1381 1391/146/1382 1414/149/1405 1413/148/1404
f 1399/163/1390 1398/162/1389 1417/161/1408 1416/160/1407
f 1398/162/1389 1388/165/1379 1412/166/1403 1417/161/1408
f 1389/164/1380 1399/163/1390 1416/160/1407 1415/167/1406
f 1395/158/1386 1415/157/1406 1416/168/1407 1397/169/1388
f 1418/144/1409 1419/145/1410 1421/146/1412 1420/147/1411
f 1443/148/1434 1444/149/1435 1423/150/1414 1422/151/1413
f 1422/151/1413 1423/150/1414 1425/152/1416 1424/153/1415
f 1424/153/1415 1425/152/1416 1427/154/1418 1426/155/1417
f 1444/156/1435 1445/157/1436 1425/158/1416 1423/159/1414
f 1426/155/1417 1427/154/1418 1446/160/1437 1447/161/1438
f 1428/162/1419 1429/163/1420 1419/164/1410 1418/165/1409
f 1443/148/1434 1422/151/1413 1432/151/1423 1431/148/1422
f 1426/155/1417 1447/161/1438 1435/161/1426 1434/155/1425
f 1442/92/1433 1443/148/1434 1431/148/1422 1430/92/1421
f 1422/151/1413 1424/153/1415 1433/153/1424 1432/151/1423
f 1447/161/1438 1442/166/1433 1430/166/1421 1435/161/1426
f 1424/153/1415 1426/155/1417 1434/155/1425 1433/153/1424
f 1434/155/1425 1435/161/1426 1441/161/1432 1440/155/1431
f 1432/151/1423 1433/153/1424 1439/153/1430 1438/151/1429
f 1430/92/1421 1431/148/1422 1437/148/1428 1436/92/1427
f 1435/161/1426 1430/166/1421 1436/166/1427 1441/161/1432
f 1433/153/1424 1434/155/1425 1440/155/1431 1439/153/1430
f 1431/148/1422 1432/151/1423 1438/151/1429 1437/148/1428
f 1418/144/1409 1420/147/1411 1443/148/1434 1442/92/1433
f 1421/146/1412 1419/145/1410 1445/2/1436 1444/149/1435
f 1420/147/1411 1421/146/1412 1444/149/1435 1443/148/1434
f 1429/163/1420 1428/162/1419 1447/161/1438 1446/160/1437
f 1428/162/1419 1418/165/1409 1442/166/1433 1447/161/1438
f 1419/164/1410 1429/163/1420 1446/160/1437 1445/167/1436
f 1425/158/1416 1445/157/1436 1446/168/1437 1427/169/1418
f 1448/144/1439 1449/145/1440 1451/146/1442 1450/147/1441
f 1473/148/1464 1474/149/1465 1583/170/1574 1587/171/1578
f 1452/151/1443 1453/150/1444 1455/152/1446 1454/153/1445
f 1454/153/1445 1455/152/1446 1457/154/1448 1456/155/1447
f 1474/156/1465 1475/157/1466 1455/158/1446 1453/159/1444 1583/172/1574
f 1456/155/1447 1457/154/1448 1476/160/1467 1477/161/1468
f 1458/162/1449 1459/163/1450 1449/164/1440 1448/165/1439
f 1473/148/1464 1587/171/1578 1585/173/1576 1461/148/1452
f 1456/155/1447 1477/161/1468 1465/161/1456 1464/155/1455
f 1472/92/1463 1473/148/1464 1461/148/1452 1460/92/1451
f 1452/151/1443 1454/153/1445 1463/153/1454 1462/151/1453
f 1477/161/1468 1472/166/1463 1460/166/1451 1465/161/1456
f 1454/153/1445 1456/155/1447 1464/155/1455 1463/153/1454
f 1464/155/1455 1465/161/1456 1471/161/1462 1470/155/1461
f 1462/151/1453 1463/153/1454 1469/153/1460 1468/151/1459
f 1460/92/1451 1461/148/1452 1467/148/1458 1466/92/1457
f 1465/161/1456 1460/166/1451 1466/166/1457 1471/161/1462
f 1463/153/1454 1464/155/1455 1470/155/1461 1469/153/1460
f 1461/148/1452 1585/173/1576 1584/174/1575 1467/148/1458
f 1448/144/1439 1450/147/1441 1473/148/1464 1472/92/1463
f 1451/146/1442 1449/145/1440 1475/2/1466 1474/149/1465
f 1450/147/1441 1451/146/1442 1474/149/1465 1473/148/1464
f 1459/163/1450 1458/162/1449 1477/161/1468 1476/160/1467
f 1458/162/1449 1448/165/1439 1472/166/1463 1477/161/1468
f 1449/164/1440 1459/163/1450 1476/160/1467 1475/167/1466
f 1455/158/1446 1475/157/1466 1476/168/1467 1457/169/1448
f 1478/144/1469 1479/145/1470 1481/146/1472 1480/147/1471
f 1503/148/1494 1504/149/1495 1483/150/1474 1482/151/1473
f 1482/151/1473 1483/150/1474 1485/152/1476 1484/153/1475
f 1484/153/1475 1485/152/1476 1487/154/1478 1486/155/1477
f 1504/156/1495 1505/157/1496 1485/158/1476 1483/159/1474
f 1486/155/1477 1487/154/1478 1595/175/1586 1591/176/1582
f 1488/162/1479 1489/163/1480 1479/164/1470 1478/165/1469
f 1509/177/1500 1508/151/1499 1492/151/1483 1491/148/1482
f 1511/178/1502 1594/179/1585 1590/180/1581 1494/155/1485
f 1512/92/1503 1509/177/1500 1491/148/1482 1490/92/1481
f 1508/151/1499 1513/181/1504 1493/153/1484 1492/151/1483
f 1510/134/1501 1512/182/1503 1490/166/1481 1495/161/1486
f 1513/181/1504 1511/178/1502 1494/155/1485 1493/153/1484
f 1380/155/1371 1381/161/1372 1491/148/1482 1492/151/1483
f 1407/148/1398 1408/151/1399 1440/155/1431 1441/161/1432
f 1492/151/1483 1493/153/1484 1527/153/1518 1497/151/1488
f 1407/148/1398 1441/161/1432 1515/148/1506
f 1377/148/1368 1378/151/1369 1410/155/1401 1411/161/1402
f 1437/148/1428 1438/151/1429 1470/155/1461 1471/161/1462
f 1478/144/1469 1480/147/1471 1503/148/1494 1502/92/1493
f 1481/146/1472 1479/145/1470 1505/2/1496 1504/149/1495
f 1480/147/1471 1481/146/1472 1504/149/1495 1503/148/1494
f 1489/163/1480 1488/162/1479 1507/161/1498 1506/160/1497
f 1488/162/1479 1478/165/1469 1502/166/1493 1507/161/1498
f 1479/164/1470 1489/163/1480 1506/160/1497 1505/167/1496
f 1485/158/1476 1505/157/1496 1506/168/1497 1595/183/1586 1487/169/1478
f 1484/153/1475 1486/155/1477 1511/178/1502 1513/181/1504
f 1507/161/1498 1502/166/1493 1512/182/1503 1510/134/1501
f 1482/151/1473 1484/153/1475 1513/181/1504 1508/151/1499
f 1502/92/1493 1503/148/1494 1509/177/1500 1512/92/1503
f 1486/155/1477 1591/176/1582 1594/179/1585 1511/178/1502
f 1503/148/1494 1482/151/1473 1508/151/1499 1509/177/1500
f 1471/161/1462 1466/166/1457 1522/166/1513 1519/161/1510
f 1377/148/1368 1411/161/1402 1500/148/1491
f 1493/153/1484 1494/155/1485 1528/155/1519 1527/153/1518
f 1494/155/1485 1590/180/1581 1588/184/1579 1528/155/1519
f 1380/155/1371 1492/151/1483 1497/155/1488
f 1495/161/1486 1490/166/1481 1526/166/1517 1529/161/1520
f 1491/148/1482 1381/161/1372 1496/148/1487
f 1376/92/1367 1377/148/1368 1500/148/1491 1501/92/1492
f 1410/155/1401 1378/151/1369 1499/155/1490
f 1440/155/1431 1408/151/1399 1516/155/1507
f 1406/92/1397 1407/148/1398 1515/148/1506 1514/92/1505
f 1378/151/1369 1379/153/1370 1498/153/1489 1499/151/1490
f 1470/155/1461 1438/151/1429 1520/155/1511
f 1436/92/1427 1437/148/1428 1519/148/1510 1518/92/1509
f 1379/153/1370 1380/155/1371 1497/155/1488 1498/153/1489
f 1408/151/1399 1409/153/1400 1517/153/1508 1516/151/1507
f 1466/92/1457 1467/148/1458 1523/148/1514 1522/92/1513
f 1409/153/1400 1410/155/1401 1499/155/1490 1517/153/1508
f 1438/151/1429 1439/153/1430 1521/153/1512 1520/151/1511
f 1381/161/1372 1376/166/1367 1501/166/1492 1496/161/1487
f 1467/148/1458 1584/174/1575 1581/185/1572 1523/148/1514
f 1439/153/1430 1440/155/1431 1516/155/1507 1521/153/1512
f 1468/151/1459 1469/153/1460 1525/153/1516 1524/151/1515
f 1411/161/1402 1406/166/1397 1514/166/1505 1500/161/1491
f 1490/92/1481 1491/148/1482 1496/148/1487 1526/92/1517
f 1469/153/1460 1470/155/1461 1520/155/1511 1525/153/1516
f 1437/148/1428 1471/161/1462 1519/148/1510
f 1441/161/1432 1436/166/1427 1518/166/1509 1515/161/1506
f 1515/161/1506 1518/166/1509 1533/161/1524
f 1518/92/1509 1519/148/1510 1533/92/1524
f 1521/153/1512 1516/155/1507 1534/153/1525
f 1519/161/1510 1537/166/1528 1533/161/1524
f 1522/92/1513 1523/148/1514 1538/148/1529 1537/92/1528
f 1517/153/1508 1499/155/1490 1535/153/1526
f 1525/153/1516 1520/155/1511 1540/153/1531
f 1498/153/1489 1497/155/1488 1531/153/1522
f 1523/148/1514 1581/185/1572 1567/186/1558 1538/148/1529
f 1524/151/1515 1525/153/1516 1540/153/1531 1539/151/1530
f 1497/151/1488 1542/153/1533 1531/151/1522
f 1500/161/1491 1532/166/1523 1530/161/1521
f 1527/153/1518 1528/155/1519 1543/155/1534 1542/153/1533
f 1496/161/1487 1501/166/1492 1530/161/1521
f 1514/92/1505 1515/148/1506 1532/92/1523
f 1528/155/1519 1588/184/1579 1592/187/1583 1543/155/1534
f 1501/92/1492 1500/148/1491 1530/92/1521
f 1516/151/1507 1535/153/1526 1534/151/1525
f 1526/92/1517 1496/148/1487 1536/188/1527 1541/92/1532
f 1529/161/1520 1526/166/1517 1541/166/1532 1544/161/1535
f 1536/188/1527 1496/148/1487 1530/148/1521
f 1532/166/1523 1500/161/1491 1514/166/1505
f 1532/92/1523 1515/148/1506 1533/148/1524
f 1537/166/1528 1519/161/1510 1522/166/1513
f 1542/153/1533 1497/151/1488 1527/153/1518
f 1531/153/1522 1499/151/1490 1498/153/1489
f 1535/153/1526 1499/155/1490 1531/155/1522
f 1535/153/1526 1516/151/1507 1517/153/1508
f 1534/153/1525 1520/151/1511 1521/153/1512
f 1540/153/1531 1520/155/1511 1534/155/1525
f 1540/153/1531 1534/155/1525 1549/155/1540 1555/153/1546
f 1534/151/1525 1535/153/1526 1550/153/1541 1549/151/1540
f 1541/92/1532 1536/188/1527 1551/188/1542 1556/92/1547
f 1531/151/1522 1542/153/1533 1557/153/1548 1546/151/1537
f 1537/92/1528 1538/148/1529 1553/148/1544 1552/92/1543
f 1530/161/1521 1532/166/1523 1547/166/1538 1545/161/1536
f 1538/148/1529 1567/186/1558 1586/189/1577 1553/148/1544
f 1535/153/1526 1531/155/1522 1546/155/1537 1550/153/1541
f 1539/151/1530 1540/153/1531 1555/153/1546 1554/151/1545
f 1536/188/1527 1530/148/1521 1545/148/1536 1551/188/1542
f 1542/153/1533 1543/155/1534 1558/155/1549 1557/153/1548
f 1543/155/1534 1592/187/1583 1589/190/1580 1558/155/1549
f 1532/92/1523 1533/148/1524 1548/148/1539 1547/92/1538
f 1533/161/1524 1537/166/1528 1552/166/1543 1548/161/1539
f 1544/161/1535 1541/166/1532 1556/166/1547 1559/161/1550
f 1568/148/1559 1577/191/1568 1315/74/1306 1563/148/1554
f 1556/92/1547 1551/188/1542 1566/188/1557 1571/92/1562
f 1553/148/1544 1586/189/1577 1582/192/1573 1568/148/1559
f 1553/148/1544 1568/148/1559 1563/148/1554 1548/148/1539 1552/166/1543
f 1554/151/1545 1555/153/1546 1570/153/1561 1569/151/1560
f 1545/161/1536 1547/166/1538 1562/166/1553 1560/161/1551
f 1557/153/1548 1558/155/1549 1573/155/1564 1572/153/1563
f 1555/153/1546 1549/155/1540 1564/155/1555 1570/153/1561
f 1558/155/1549 1589/190/1580 1593/193/1584 1573/155/1564
f 1550/153/1541 1546/155/1537 1561/155/1552 1565/153/1556
f 1559/161/1550 1556/166/1547 1571/166/1562 1574/161/1565
f 1547/92/1538 1548/148/1539 1563/148/1554 1562/92/1553
f 1546/151/1537 1557/153/1548 1572/153/1563 1561/151/1552
f 1549/151/1540 1550/153/1541 1565/153/1556 1564/151/1555
f 1551/188/1542 1545/148/1536 1560/148/1551 1566/188/1557
f 1315/74/1306 1577/191/1568 1329/74/1320 1314/74/1305
f 1322/74/1313 1334/74/1325 1579/194/1570 1324/74/1315
f 1329/74/1320 1577/191/1568 1578/195/1569 1340/74/1331
f 1597/196/1588 1570/153/1561 1564/155/1555 1575/3/1566
f 1579/194/1570 1334/74/1325 1345/74/1336 1580/197/1571
f 1580/197/1571 1345/74/1336 1356/74/1347 1576/3/1567
f 1571/3/1562 1560/3/1551 1317/74/1308 1324/74/1315
f 1316/74/1307 1317/74/1308 1560/161/1551 1562/166/1553
f 1315/74/1306 1316/74/1307 1562/92/1553 1563/148/1554
f 1568/148/1559 1582/192/1573 1578/195/1569 1577/191/1568
f 1586/189/1577 1567/186/1558 1539/151/1530 1554/151/1545
f 1582/192/1573 1586/189/1577 1554/151/1545 1569/151/1560
f 1584/174/1575 1585/173/1576 1462/151/1453 1468/151/1459
f 1581/185/1572 1584/174/1575 1468/151/1459 1524/151/1515
f 1587/171/1578 1583/170/1574 1453/150/1444 1452/151/1443
f 1585/173/1576 1587/171/1578 1452/151/1443 1462/151/1453
f 1567/186/1558 1581/185/1572 1524/151/1515 1539/151/1530
f 1324/74/1315 1579/194/1570 1574/3/1565 1566/3/1557
f 1589/190/1580 1592/187/1583 1544/161/1535 1559/161/1550
f 1592/187/1583 1588/184/1579 1529/161/1520 1544/161/1535
f 1594/179/1585 1591/176/1582 1507/161/1498 1510/134/1501
f 1588/184/1579 1590/180/1581 1495/161/1486 1529/161/1520
f 1593/193/1584 1589/190/1580 1559/161/1550 1574/161/1565
f 1590/180/1581 1594/179/1585 1510/134/1501 1495/161/1486
f 1591/176/1582 1595/175/1586 1506/160/1497 1507/161/1498
f 1593/193/1584 1574/3/1565 1579/194/1570 1580/197/1571
f 1580/197/1571 1576/3/1567 1573/155/1564 1593/193/1584
f 1596/198/1587 1569/151/1560 1570/153/1561 1597/196/1588
f 1564/155/1555 1565/153/1556 1598/3/1589 1575/3/1566
f 1573/155/1564 1576/3/1567 1572/153/1563
f 1582/192/1573 1569/151/1560 1596/198/1587 1578/195/1569
f 1598/3/1589 1565/153/1556 1561/151/1552 1599/3/1590
f 1599/3/1590 1561/151/1552 1572/153/1563 1576/3/1567
f 1351/74/1342 1340/74/1331 1578/195/1569 1596/198/1587 1597/196/1588 1575/3/1566
f 1575/3/1566 1598/3/1589 1604/3/1595
f 1349/74/1340 1350/74/1341 1603/74/1594 1602/74/1593
f 1352/74/1343 1357/74/1348 1610/74/1601 1605/74/1596
f 1354/74/1345 1353/74/1344 1606/74/1597 1607/74/1598
f 1598/3/1589 1599/3/1590 1609/3/1600 1604/3/1595
f 1356/74/1347 1355/74/1346 1608/74/1599 1609/74/1600
f 1347/74/1338 1348/74/1339 1601/74/1592 1600/74/1591
f 1576/3/1567 1356/74/1347 1609/3/1600
f 1599/3/1590 1576/3/1567 1609/3/1600
f 1351/74/1342 1575/3/1566 1604/74/1595
f 1350/74/1341 1351/74/1342 1604/74/1595 1603/74/1594
f 1353/74/1344 1352/74/1343 1605/74/1596 1606/74/1597
f 1355/74/1346 1354/74/1345 1607/74/1598 1608/74/1599
f 1357/74/1348 1347/74/1338 1600/74/1591 1610/74/1601
f 1348/74/1339 1349/74/1340 1602/74/1593 1601/74/1592
f 1610/74/1601 1600/74/1591 1616/199/1607 1605/74/1596
f 1571/92/1562 1566/188/1557 1574/3/1565
f 1603/74/1594 1612/74/1603 1602/74/1593
f 1605/74/1596 1616/199/1607 1606/74/1597
f 1607/74/1598 1613/74/1604 1609/74/1600 1608/74/1599
f 1611/200/1602 1603/74/1594 1604/3/1595
f 1609/74/1600 1611/200/1602 1604/3/1595
f 1614/201/1605 1612/74/1603 1603/74/1594 1611/200/1602
f 1613/74/1604 1614/201/1605 1611/200/1602 1609/74/1600
f 1602/74/1593 1612/74/1603 1601/74/1592
f 1615/202/1606 1601/74/1592 1612/74/1603 1614/201/1605
f 1607/74/1598 1615/202/1606 1614/201/1605 1613/74/1604
f 1616/199/1607 1600/74/1591 1601/74/1592 1615/202/1606
f 1606/74/1597 1616/199/1607 1615/202/1606 1607/74/1598
f 1643/203/1634 1644/204/1635 1620/149/1611 1618/2/1609
f 1644/204/1635 1645/205/1636 1622/150/1613 1620/149/1611
f 1645/205/1636 1646/206/1637 1624/152/1615 1622/150/1613
f 1646/206/1637 1647/207/1638 1626/154/1617 1624/152/1615
f 1647/207/1638 1648/208/1639 1628/160/1619 1626/154/1617
f 1648/208/1639 1643/209/1634 1618/167/1609 1628/160/1619
f 1659/210/1650 1677/211/1668 1629/212/1620 1640/213/1631
f 1654/214/1645 1649/215/1640 1630/216/1621 1639/217/1630
f 1658/218/1649 1659/210/1650 1640/213/1631 1638/219/1629
f 1653/220/1644 1654/214/1645 1639/217/1630 1637/221/1628
f 1657/222/1648 1658/218/1649 1638/219/1629 1636/223/1627
f 1652/224/1643 1653/220/1644 1637/221/1628 1635/225/1626
f 1676/226/1667 1657/222/1648 1636/223/1627 1634/227/1625
f 1651/228/1642 1652/224/1643 1635/225/1626 1633/229/1624
f 1655/230/1646 1676/226/1667 1634/227/1625 1632/231/1623
f 1650/232/1641 1651/228/1642 1633/229/1624 1631/233/1622
f 1677/234/1668 1655/230/1646 1632/231/1623 1629/235/1620
f 1649/236/1640 1650/232/1641 1631/233/1622 1630/237/1621
f 1623/238/1614 1642/239/1633 1625/240/1616
f 1674/241/1665 1641/242/1632 1673/243/1664
f 1673/243/1664 1641/242/1632 1675/244/1666
f 1627/245/1618 1642/239/1633 1641/242/1632 1674/241/1665
f 1625/240/1616 1642/239/1633 1627/245/1618
f 1675/244/1666 1641/242/1632 1642/239/1633 1623/238/1614
f 1665/246/1656 1666/247/1657 1643/209/1634 1648/208/1639
f 1664/248/1655 1665/246/1656 1648/208/1639 1647/207/1638
f 1663/249/1654 1664/248/1655 1647/207/1638 1646/206/1637
f 1662/250/1653 1663/249/1654 1646/206/1637 1645/205/1636
f 1661/251/1652 1662/250/1653 1645/205/1636 1644/204/1635
f 1666/252/1657 1661/251/1652 1644/204/1635 1643/203/1634
f 1672/253/1663 1667/254/1658 1650/232/1641 1649/236/1640
f 1667/254/1658 1668/255/1659 1651/228/1642 1650/232/1641
f 1668/255/1659 1669/256/1660 1652/224/1643 1651/228/1642
f 1669/256/1660 1670/257/1661 1653/220/1644 1652/224/1643
f 1670/257/1661 1671/258/1662 1654/214/1645 1653/220/1644
f 1671/258/1662 1672/259/1663 1649/215/1640 1654/214/1645
f 1617/260/1608 1619/261/1610 1678/262/1669 1660/263/1651
f 1619/261/1610 1621/264/1612 1656/265/1647 1678/262/1669
f 1675/244/1666 1623/238/1614 1657/222/1648 1676/226/1667
f 1623/238/1614 1625/240/1616 1658/218/1649 1657/222/1648
f 1625/240/1616 1627/245/1618 1659/210/1650 1658/218/1649
f 1627/245/1618 1674/241/1665 1677/211/1668 1659/210/1650
f 1630/237/1621 1631/233/1622 1661/251/1652 1666/252/1657
f 1631/233/1622 1633/229/1624 1662/250/1653 1661/251/1652
f 1633/229/1624 1635/225/1626 1663/249/1654 1662/250/1653
f 1635/225/1626 1637/221/1628 1664/248/1655 1663/249/1654
f 1637/221/1628 1639/217/1630 1665/246/1656 1664/248/1655
f 1639/217/1630 1630/216/1621 1666/247/1657 1665/246/1656
f 1640/213/1631 1629/212/1620 1672/259/1663 1671/258/1662
f 1638/219/1629 1640/213/1631 1671/258/1662 1670/257/1661
f 1636/223/1627 1638/219/1629 1670/257/1661 1669/256/1660
f 1634/227/1625 1636/223/1627 1669/256/1660 1668/255/1659
f 1632/231/1623 1634/227/1625 1668/255/1659 1667/254/1658
f 1629/235/1620 1632/231/1623 1667/254/1658 1672/253/1663
f 1617/260/1608 1674/11/1665 1673/243/1664 1619/261/1610
f 1619/261/1610 1673/243/1664 1675/244/1666 1621/264/1612
f 1621/264/1612 1675/244/1666 1676/226/1667 1656/265/1647
f 1660/263/1651 1677/234/1668 1674/11/1665 1617/260/1608
f 1678/262/1669 1655/230/1646 1677/234/1668 1660/263/1651
f 1656/265/1647 1676/226/1667 1655/230/1646 1678/262/1669
f 1705/203/1695 1706/204/1696 1682/149/1673 1680/2/1671
f 1706/204/1696 1707/205/1697 1684/150/1675 1682/149/1673
f 1707/205/1697 1708/206/1698 1686/152/1677 1684/150/1675
f 1708/206/1698 1709/207/1699 1688/154/1679 1686/152/1677
f 1709/207/1699 1710/208/1700 1690/160/1681 1688/154/1679
f 1710/208/1700 1705/209/1695 1680/167/1671 1690/160/1681
f 1721/210/1710 1739/211/1728 1691/212/1682 1702/213/1692
f 1716/214/1705 1711/215/1701 1692/216/1683 1701/217/1691
f 1720/218/1709 1721/210/1710 1702/213/1692 1700/219/1690
f 1715/220/1704 1716/214/1705 1701/217/1691 1699/221/1689
f 1719/222/1708 1720/218/1709 1700/219/1690 1698/223/1688
f 1714/224/1703 1715/220/1704 1699/221/1689 1697/225/1687
f 1738/226/1727 1719/222/1708 1698/223/1688 1696/227/1686
f 1713/228/1702 1714/224/1703 1697/225/1687 1695/229/1685
f 1717/230/1706 1738/226/1727 1696/227/1686 1694/231/1684
f 1712/232/1641 1713/228/1702 1695/229/1685 1693/233/1622
f 1739/234/1728 1717/230/1706 1694/231/1684 1691/235/1682
f 1711/236/1701 1712/232/1641 1693/233/1622 1692/237/1683
f 1685/238/1676 1704/239/1694 1687/240/1678
f 1736/241/1725 1703/242/1693 1735/243/1724
f 1735/243/1724 1703/242/1693 1737/244/1726
f 1689/245/1680 1704/239/1694 1703/242/1693 1736/241/1725
f 1687/240/1678 1704/239/1694 1689/245/1680
f 1737/244/1726 1703/242/1693 1704/239/1694 1685/238/1676
f 1727/246/1716 1728/247/1717 1705/209/1695 1710/208/1700
f 1726/248/1715 1727/246/1716 1710/208/1700 1709/207/1699
f 1725/249/1714 1726/248/1715 1709/207/1699 1708/206/1698
f 1724/250/1713 1725/249/1714 1708/206/1698 1707/205/1697
f 1723/251/1712 1724/250/1713 1707/205/1697 1706/204/1696
f 1728/252/1717 1723/251/1712 1706/204/1696 1705/203/1695
f 1734/253/1723 1729/254/1718 1712/232/1641 1711/236/1701
f 1729/254/1718 1730/255/1719 1713/228/1702 1712/232/1641
f 1730/255/1719 1731/256/1720 1714/224/1703 1713/228/1702
f 1731/256/1720 1732/257/1721 1715/220/1704 1714/224/1703
f 1732/257/1721 1733/258/1722 1716/214/1705 1715/220/1704
f 1733/258/1722 1734/259/1723 1711/215/1701 1716/214/1705
f 1679/260/1670 1681/261/1672 1740/262/1729 1722/263/1711
f 1681/261/1672 1683/264/1674 1718/265/1707 1740/262/1729
f 1737/244/1726 1685/238/1676 1719/222/1708 1738/226/1727
f 1685/238/1676 1687/240/1678 1720/218/1709 1719/222/1708
f 1687/240/1678 1689/245/1680 1721/210/1710 1720/218/1709
f 1689/245/1680 1736/241/1725 1739/211/1728 1721/210/1710
f 1692/237/1683 1693/233/1622 1723/251/1712 1728/252/1717
f 1693/233/1622 1695/229/1685 1724/250/1713 1723/251/1712
f 1695/229/1685 1697/225/1687 1725/249/1714 1724/250/1713
f 1697/225/1687 1699/221/1689 1726/248/1715 1725/249/1714
f 1699/221/1689 1701/217/1691 1727/246/1716 1726/248/1715
f 1701/217/1691 1692/216/1683 1728/247/1717 1727/246/1716
f 1702/213/1692 1691/212/1682 1734/259/1723 1733/258/1722
f 1700/219/1690 1702/213/1692 1733/258/1722 1732/257/1721
f 1698/223/1688 1700/219/1690 1732/257/1721 1731/256/1720
f 1696/227/1686 1698/223/1688 1731/256/1720 1730/255/1719
f 1694/231/1684 1696/227/1686 1730/255/1719 1729/254/1718
f 1691/235/1682 1694/231/1684 1729/254/1718 1734/253/1723
f 1679/260/1670 1736/11/1725 1735/243/1724 1681/261/1672
f 1681/261/1672 1735/243/1724 1737/244/1726 1683/264/1674
f 1683/264/1674 1737/244/1726 1738/226/1727 1718/265/1707
f 1722/263/1711 1739/234/1728 1736/11/1725 1679/260/1670
f 1740/262/1729 1717/230/1706 1739/234/1728 1722/263/1711
f 1718/265/1707 1738/226/1727 1717/230/1706 1740/262/1729
f 1767/203/1752 1768/204/1753 1744/149/1733 1742/2/1731
f 1768/204/1753 1769/205/1754 1746/150/1735 1744/149/1733
f 1769/205/1754 1770/206/1755 1748/152/1737 1746/150/1735
f 1770/206/1755 1771/207/1756 1750/154/1738 1748/152/1737
f 1771/207/1756 1772/208/1757 1752/160/1740 1750/154/1738
f 1772/208/1757 1767/209/1752 1742/167/1731 1752/160/1740
f 1783/210/1765 1801/211/1781 1753/212/1741 1764/213/1749
f 1778/214/1760 1773/215/1758 1754/216/1742 1763/217/1748
f 1782/218/1764 1783/210/1765 1764/213/1749 1762/219/1747
f 1777/220/1644 1778/214/1760 1763/217/1748 1761/221/1746
f 1781/222/1763 1782/218/1764 1762/219/1747 1760/223/1745
f 1776/224/1643 1777/220/1644 1761/221/1746 1759/225/1626
f 1800/226/1667 1781/222/1763 1760/223/1745 1758/227/1744
f 1775/228/1759 1776/224/1643 1759/225/1626 1757/229/1624
f 1779/230/1761 1800/226/1667 1758/227/1744 1756/231/1743
f 1774/232/1641 1775/228/1759 1757/229/1624 1755/233/1622
f 1801/234/1781 1779/230/1761 1756/231/1743 1753/235/1741
f 1773/236/1758 1774/232/1641 1755/233/1622 1754/237/1742
f 1747/238/1736 1766/239/1751 1749/240/1616
f 1798/241/1779 1765/242/1750 1797/243/1664
f 1797/243/1664 1765/242/1750 1799/244/1780
f 1751/245/1739 1766/239/1751 1765/242/1750 1798/241/1779
f 1749/240/1616 1766/239/1751 1751/245/1739
f 1799/244/1780 1765/242/1750 1766/239/1751 1747/238/1736
f 1789/246/1771 1790/247/1772 1767/209/1752 1772/208/1757
f 1788/248/1770 1789/246/1771 1772/208/1757 1771/207/1756
f 1787/249/1769 1788/248/1770 1771/207/1756 1770/206/1755
f 1786/250/1768 1787/249/1769 1770/206/1755 1769/205/1754
f 1785/251/1767 1786/250/1768 1769/205/1754 1768/204/1753
f 1790/252/1772 1785/251/1767 1768/204/1753 1767/203/1752
f 1796/253/1778 1791/254/1773 1774/232/1641 1773/236/1758
f 1791/254/1773 1792/255/1774 1775/228/1759 1774/232/1641
f 1792/255/1774 1793/256/1775 1776/224/1643 1775/228/1759
f 1793/256/1775 1794/257/1776 1777/220/1644 1776/224/1643
f 1794/257/1776 1795/258/1777 1778/214/1760 1777/220/1644
f 1795/258/1777 1796/259/1778 1773/215/1758 1778/214/1760
f 1741/260/1730 1743/261/1732 1802/262/1782 1784/263/1766
f 1743/261/1732 1745/264/1734 1780/265/1762 1802/262/1782
f 1799/244/1780 1747/238/1736 1781/222/1763 1800/226/1667
f 1747/238/1736 1749/240/1616 1782/218/1764 1781/222/1763
f 1749/240/1616 1751/245/1739 1783/210/1765 1782/218/1764
f 1751/245/1739 1798/241/1779 1801/211/1781 1783/210/1765
f 1754/237/1742 1755/233/1622 1785/251/1767 1790/252/1772
f 1755/233/1622 1757/229/1624 1786/250/1768 1785/251/1767
f 1757/229/1624 1759/225/1626 1787/249/1769 1786/250/1768
f 1759/225/1626 1761/221/1746 1788/248/1770 1787/249/1769
f 1761/221/1746 1763/217/1748 1789/246/1771 1788/248/1770
f 1763/217/1748 1754/216/1742 1790/247/1772 1789/246/1771
f 1764/213/1749 1753/212/1741 1796/259/1778 1795/258/1777
f 1762/219/1747 1764/213/1749 1795/258/1777 1794/257/1776
f 1760/223/1745 1762/219/1747 1794/257/1776 1793/256/1775
f 1758/227/1744 1760/223/1745 1793/256/1775 1792/255/1774
f 1756/231/1743 1758/227/1744 1792/255/1774 1791/254/1773
f 1753/235/1741 1756/231/1743 1791/254/1773 1796/253/1778
f 1741/260/1730 1798/11/1779 1797/243/1664 1743/261/1732
f 1743/261/1732 1797/243/1664 1799/244/1780 1745/264/1734
f 1745/264/1734 1799/244/1780 1800/226/1667 1780/265/1762
f 1784/263/1766 1801/234/1781 1798/11/1779 1741/260/1730
f 1802/262/1782 1779/230/1761 1801/234/1781 1784/263/1766
f 1780/265/1762 1800/226/1667 1779/230/1761 1802/262/1782
f 1829/203/1809 1830/204/1810 1806/149/1786 1804/2/1784
f 1830/204/1810 1831/205/1811 1808/150/1788 1806/149/1786
f 1831/205/1811 1832/206/1812 1810/152/1790 1808/150/1788
f 1832/206/1812 1833/207/1813 1812/154/1792 1810/152/1790
f 1833/207/1813 1834/208/1814 1814/160/1794 1812/154/1792
f 1834/208/1814 1829/209/1809 1804/167/1784 1814/160/1794
f 1845/210/1825 1863/211/1843 1815/212/1795 1826/213/1806
f 1840/214/1820 1835/215/1815 1816/216/1796 1825/217/1805
f 1844/218/1824 1845/210/1825 1826/213/1806 1824/219/1804
f 1839/220/1819 1840/214/1820 1825/217/1805 1823/221/1803
f 1843/222/1823 1844/218/1824 1824/219/1804 1822/223/1802
f 1838/224/1818 1839/220/1819 1823/221/1803 1821/225/1801
f 1862/226/1842 1843/222/1823 1822/223/1802 1820/227/1800
f 1837/228/1817 1838/224/1818 1821/225/1801 1819/229/1799
f 1841/230/1821 1862/226/1842 1820/227/1800 1818/231/1798
f 1836/232/1816 1837/228/1817 1819/229/1799 1817/233/1797
f 1863/234/1843 1841/230/1821 1818/231/1798 1815/235/1795
f 1835/236/1815 1836/232/1816 1817/233/1797 1816/237/1796
f 1809/238/1789 1828/239/1808 1811/240/1791
f 1860/241/1840 1827/242/1807 1859/243/1839
f 1859/243/1839 1827/242/1807 1861/244/1841
f 1813/245/1793 1828/239/1808 1827/242/1807 1860/241/1840
f 1811/240/1791 1828/239/1808 1813/245/1793
f 1861/244/1841 1827/242/1807 1828/239/1808 1809/238/1789
f 1851/246/1831 1852/247/1832 1829/209/1809 1834/208/1814
f 1850/248/1830 1851/246/1831 1834/208/1814 1833/207/1813
f 1849/249/1829 1850/248/1830 1833/207/1813 1832/206/1812
f 1848/250/1828 1849/249/1829 1832/206/1812 1831/205/1811
f 1847/251/1827 1848/250/1828 1831/205/1811 1830/204/1810
f 1852/252/1832 1847/251/1827 1830/204/1810 1829/203/1809
f 1858/253/1838 1853/254/1833 1836/232/1816 1835/236/1815
f 1853/254/1833 1854/255/1834 1837/228/1817 1836/232/1816
f 1854/255/1834 1855/256/1835 1838/224/1818 1837/228/1817
f 1855/256/1835 1856/257/1836 1839/220/1819 1838/224/1818
f 1856/257/1836 1857/258/1837 1840/214/1820 1839/220/1819
f 1857/258/1837 1858/259/1838 1835/215/1815 1840/214/1820
f 1803/260/1783 1805/261/1785 1864/262/1844 1846/263/1826
f 1805/261/1785 1807/264/1787 1842/265/1822 1864/262/1844
f 1861/244/1841 1809/238/1789 1843/222/1823 1862/226/1842
f 1809/238/1789 1811/240/1791 1844/218/1824 1843/222/1823
f 1811/240/1791 1813/245/1793 1845/210/1825 1844/218/1824
f 1813/245/1793 1860/241/1840 1863/211/1843 1845/210/1825
f 1816/237/1796 1817/233/1797 1847/251/1827 1852/252/1832
f 1817/233/1797 1819/229/1799 1848/250/1828 1847/251/1827
f 1819/229/1799 1821/225/1801 1849/249/1829 1848/250/1828
f 1821/225/1801 1823/221/1803 1850/248/1830 1849/249/1829
f 1823/221/1803 1825/217/1805 1851/246/1831 1850/248/1830
f 1825/217/1805 1816/216/1796 1852/247/1832 1851/246/1831
f 1826/213/1806 1815/212/1795 1858/259/1838 1857/258/1837
f 1824/219/1804 1826/213/1806 1857/258/1837 1856/257/1836
f 1822/223/1802 1824/219/1804 1856/257/1836 1855/256/1835
f 1820/227/1800 1822/223/1802 1855/256/1835 1854/255/1834
f 1818/231/1798 1820/227/1800 1854/255/1834 1853/254/1833
f 1815/235/1795 1818/231/1798 1853/254/1833 1858/253/1838
f 1803/260/1783 1860/11/1840 1859/243/1839 1805/261/1785
f 1805/261/1785 1859/243/1839 1861/244/1841 1807/264/1787
f 1807/264/1787 1861/244/1841 1862/226/1842 1842/265/1822
f 1846/263/1826 1863/234/1843 1860/11/1840 1803/260/1783
f 1864/262/1844 1841/230/1821 1863/234/1843 1846/263/1826
f 1842/265/1822 1862/226/1842 1841/230/1821 1864/262/1844
f 1899/210/1879 1917/211/1897 1871/212/1851 1882/213/1862
f 1894/214/1874 1889/215/1869 1872/216/1852 1881/217/1861
f 1898/218/1878 1899/210/1879 1882/213/1862 1880/219/1860
f 1893/220/1873 1894/214/1874 1881/217/1861 1879/221/1859
f 1897/222/1877 1898/218/1878 1880/219/1860 1878/223/1858
f 1892/224/1872 1893/220/1873 1879/221/1859 1877/225/1857
f 1916/226/1896 1897/222/1877 1878/223/1858 1876/227/1856
f 1891/228/1871 1892/224/1872 1877/225/1857 1875/229/1855
f 1895/230/1875 1916/226/1896 1876/227/1856 1874/231/1854
f 1890/232/1870 1891/228/1871 1875/229/1855 1873/233/1853
f 1917/234/1897 1895/230/1875 1874/231/1854 1871/235/1851
f 1889/236/1869 1890/232/1870 1873/233/1853 1872/237/1852
f 1868/238/1848 1884/239/1864 1869/240/1849
f 1914/241/1894 1883/242/1863 1913/243/1893
f 1913/243/1893 1883/242/1863 1915/244/1895
f 1870/245/1850 1884/239/1864 1883/242/1863 1914/241/1894
f 1869/240/1849 1884/239/1864 1870/245/1850
f 1915/244/1895 1883/242/1863 1884/239/1864 1868/238/1848
f 1905/246/1885 1906/247/1886 1885/209/1865 1888/208/1868
f 1904/248/1884 1905/246/1885 1888/208/1868 1887/207/1867
f 1903/249/1883 1904/248/1884 1887/207/1867 1886/206/1866
f 1912/253/1892 1907/254/1887 1890/232/1870 1889/236/1869
f 1907/254/1887 1908/255/1888 1891/228/1871 1890/232/1870
f 1908/255/1888 1909/256/1889 1892/224/1872 1891/228/1871
f 1909/256/1889 1910/257/1890 1893/220/1873 1892/224/1872
f 1910/257/1890 1911/258/1891 1894/214/1874 1893/220/1873
f 1911/258/1891 1912/259/1892 1889/215/1869 1894/214/1874
f 1865/260/1845 1866/261/1846 1918/262/1898 1900/263/1880
f 1866/261/1846 1867/264/1847 1896/265/1876 1918/262/1898
f 1915/244/1895 1868/238/1848 1897/222/1877 1916/226/1896
f 1868/238/1848 1869/240/1849 1898/218/1878 1897/222/1877
f 1869/240/1849 1870/245/1850 1899/210/1879 1898/218/1878
f 1870/245/1850 1914/241/1894 1917/211/1897 1899/210/1879
f 1872/237/1852 1873/233/1853 1901/251/1881 1906/252/1886
f 1873/233/1853 1875/229/1855 1902/250/1882 1901/251/1881
f 1875/229/1855 1877/225/1857 1903/249/1883 1902/250/1882
f 1877/225/1857 1879/221/1859 1904/248/1884 1903/249/1883
f 1879/221/1859 1881/217/1861 1905/246/1885 1904/248/1884
f 1881/217/1861 1872/216/1852 1906/247/1886 1905/246/1885
f 1882/213/1862 1871/212/1851 1912/259/1892 1911/258/1891
f 1880/219/1860 1882/213/1862 1911/258/1891 1910/257/1890
f 1878/223/1858 1880/219/1860 1910/257/1890 1909/256/1889
f 1876/227/1856 1878/223/1858 1909/256/1889 1908/255/1888
f 1874/231/1854 1876/227/1856 1908/255/1888 1907/254/1887
f 1871/235/1851 1874/231/1854 1907/254/1887 1912/253/1892
f 1865/260/1845 1914/11/1894 1913/243/1893 1866/261/1846
f 1866/261/1846 1913/243/1893 1915/244/1895 1867/264/1847
f 1867/264/1847 1915/244/1895 1916/226/1896 1896/265/1876
f 1900/263/1880 1917/234/1897 1914/11/1894 1865/260/1845
f 1918/262/1898 1895/230/1875 1917/234/1897 1900/263/1880
f 1896/265/1876 1916/226/1896 1895/230/1875 1918/262/1898
f 1748/152/1737 1814/160/1794 1804/167/1784 1746/150/1735
f 1686/152/1677 1752/160/1740 1742/167/1731 1684/150/1675
f 1624/152/1615 1690/160/1681 1680/167/1671 1622/150/1613
f 1748/152/1737 1932/152/1912 1814/160/1794
f 1810/152/1790 1937/152/1917 1936/150/1916 1808/150/1788
f 1622/150/1613 1921/150/1901 1920/149/1900 1620/149/1611
f 1750/154/1738 1933/154/1913 1932/152/1912 1748/152/1737
f 1690/160/1681 1922/160/1902 1928/154/1908 1688/154/1679
f 1804/167/1784 1931/167/1911 1746/150/1735
f 1806/149/1786 1935/149/1915 1931/2/1911 1804/2/1784
f 1628/160/1619 1924/160/1904 1923/154/1903 1626/154/1617
f 1746/150/1735 1931/150/1911 1930/149/1910 1744/149/1733
f 1686/152/1677 1927/152/1907 1752/160/1740
f 1742/167/1731 1926/167/1906 1684/150/1675
f 1812/154/1792 1938/154/1918 1937/152/1917 1810/152/1790
f 1752/160/1740 1927/160/1907 1933/154/1913 1750/154/1738
f 1682/149/1673 1925/149/1905 1921/2/1901 1680/2/1671
f 1680/167/1671 1921/167/1901 1622/150/1613
f 1808/150/1788 1936/150/1916 1935/149/1915 1806/149/1786
f 1620/149/1611 1920/149/1900 1919/2/1899 1618/2/1609
f 1618/167/1609 1919/167/1899 1924/160/1904 1628/160/1619
f 1624/152/1615 1922/152/1902 1690/160/1681
f 1688/154/1679 1928/154/1908 1927/152/1907 1686/152/1677
f 1814/160/1794 1932/160/1912 1938/154/1918 1812/154/1792
f 1626/154/1617 1923/154/1903 1922/152/1902 1624/152/1615
f 1744/149/1733 1930/149/1910 1926/2/1906 1742/2/1731
f 1684/150/1675 1926/150/1906 1925/149/1905 1682/149/1673
f 1936/150/1916 1946/150/1926 1945/149/1925 1935/149/1915
f 1937/152/1917 1947/152/1927 1946/150/1926 1936/150/1916
f 1926/150/1906 1939/149/1919 1925/149/1905
f 1938/154/1918 1943/154/1923 1947/152/1927 1937/152/1917
f 1931/2/1911 1945/149/1925 1942/2/1922
f 1928/154/1908 1940/154/1920 1927/152/1907
f 1927/160/1907 1944/154/1924 1933/154/1913
f 1922/160/1902 1940/160/1920 1928/154/1908
f 1930/149/1910 1942/149/1922 1926/2/1906
f 1925/149/1905 1939/149/1919 1921/2/1901
f 1920/149/1900 1934/149/1914 1929/2/1909 1919/2/1899
f 1932/160/1912 1943/160/1923 1938/154/1918
f 1931/150/1911 1942/150/1922 1930/149/1910
f 1921/150/1901 1934/149/1914 1920/149/1900
f 1933/154/1913 1943/152/1923 1932/152/1912
f 1922/152/1902 1941/154/1921 1940/152/1920
f 1935/149/1915 1945/149/1925 1931/2/1911
f 1942/150/1922 1939/149/1919 1926/150/1906
f 1939/150/1919 1934/149/1914 1921/150/1901
f 1944/154/1924 1943/152/1923 1933/154/1913
f 1940/160/1920 1944/154/1924 1927/160/1907
f 1923/154/1903 1941/154/1921 1922/152/1902
f 1941/154/1921 1969/154/1949 1972/152/1952 1940/152/1920
f 1944/154/1924 1971/154/1951 1973/152/1953 1943/152/1923
f 1942/150/1922 1954/150/1934 1950/149/1930 1939/149/1919
f 1945/149/1925 1957/149/1937 1954/2/1934 1942/2/1922
f 1946/150/1926 1958/150/1938 1957/149/1937 1945/149/1925
f 1943/154/1923 1973/154/1953 1970/152/1950 1947/152/1927
f 1939/150/1919 1950/150/1930 1949/149/1929 1934/149/1914
f 1947/152/1927 1970/152/1950 1958/150/1938 1946/150/1926
f 1940/160/1920 1972/160/1952 1971/154/1951 1944/154/1924
f 1934/149/1914 1949/149/1929 1948/2/1928 1929/2/1909
f 1885/209/1865 1961/266/1941 1966/267/1946 1888/208/1868
f 1948/167/1928 1961/266/1941 1963/268/1943
f 1888/208/1868 1966/267/1946 1967/269/1947 1887/207/1867
f 1887/207/1867 1967/269/1947 1968/270/1948 1886/206/1866
f 1901/251/1881 1902/250/1882 1965/271/1945 1960/272/1940
f 1885/209/1865 1906/252/1886 1901/251/1881 1964/273/1944 1963/268/1943
f 1919/2/1899 1929/2/1909 1964/274/1944 1960/272/1940 1924/160/1904
f 1923/154/1903 1965/271/1945 1941/154/1921
f 1903/249/1883 1886/206/1866 1941/154/1921 1902/250/1882
f 1952/154/1932 1969/154/1949 1968/270/1948
f 1961/266/1941 1948/167/1928 1962/275/1942
f 1964/273/1944 1929/167/1909 1963/268/1943
f 1961/266/1941 1885/209/1865 1963/268/1943
f 1964/274/1944 1901/251/1881 1960/272/1940
f 1965/271/1945 1923/154/1903 1924/160/1904 1960/272/1940
f 1965/271/1945 1902/250/1882 1941/154/1921
f 1966/267/1946 1953/160/1933 1952/154/1932 1967/269/1947
f 1961/266/1941 1962/275/1942 1953/160/1933 1966/267/1946
f 1969/154/1949 1941/154/1921 1886/206/1866 1968/270/1948
f 1967/269/1947 1952/154/1932 1968/270/1948
f 1969/154/1949 1952/154/1932 1951/152/1931 1972/152/1952
f 1972/160/1952 1951/160/1931 1956/154/1936 1971/154/1951
f 1973/154/1953 1955/154/1935 1959/152/1939 1970/152/1950
f 1971/154/1951 1956/154/1936 1955/152/1935 1973/152/1953
f 1970/152/1950 1959/152/1939 1958/150/1938
f 1963/268/1943 1929/167/1909 1948/167/1928
f 1957/149/1937 1984/149/1964 1983/2/1963 1954/2/1934
f 1997/1/1977 2011/276/1991 2009/277/1989 2000/1/1980
f 1954/150/1934 1983/150/1963 1982/149/1962 1950/149/1930
f 1958/150/1938 1985/150/1965 1984/149/1964 1957/149/1937
f 2000/1/1980 2009/277/1989 2010/278/1990 2001/1/1981
f 1948/167/1928 1980/167/1960 1986/275/1966 1962/275/1942
f 1962/275/1942 1986/275/1966 1953/160/1933
f 1958/150/1938 1959/152/1939 1985/150/1965
f 1956/154/1936 1990/154/1970 1989/152/1969 1955/152/1935
f 1955/154/1935 1989/154/1969 1991/152/1971 1959/152/1939
f 1985/150/1965 1959/152/1939 1991/152/1971
f 1952/154/1932 1988/154/1968 1987/152/1967 1951/152/1931
f 1951/160/1931 1987/160/1967 1990/154/1970 1956/154/1936
f 1952/154/1932 1953/160/1933 1986/275/1966 1988/154/1968
f 792/1/791 1977/1/1957 2006/1/1986 1995/1/1975
f 790/1/789 791/1/790 1994/1/1974 1993/1/1973
f 801/1/800 803/1/802 2001/1/1981 1999/1/1979
f 1976/1/1956 1975/1/1955 2004/1/1984 2005/1/1985
f 794/1/793 793/1/792 1996/1/1976 1997/1/1977
f 795/1/794 796/1/795 797/1/796 798/1/797 799/1/798 800/1/799 1998/1/1978 1994/1/1974 791/1/790
f 800/1/799 801/1/800 1999/1/1979 1998/1/1978
f 1977/1/1957 1976/1/1956 2005/1/1985 2006/1/1986
f 793/1/792 792/1/791 1995/1/1975 1996/1/1976
f 1974/1/1954 1978/1/1958 2007/1/1987 2003/1/1983
f 1999/1/1979 2012/279/1992 1982/149/1962 1998/3/1978
f 802/1/801 794/1/793 1997/1/1977 2000/1/1980
f 804/1/803 1974/1/1954 2003/1/1983 2002/1/1982
f 1979/1/1959 789/1/788 1992/1/1972 2008/1/1988
f 1975/1/1955 804/1/803 2002/1/1982 2004/1/1984
f 1978/1/1958 1979/1/1959 2008/1/1988 2007/1/1987
f 803/1/802 802/1/801 2000/1/1980 2001/1/1981
f 1983/2/1963 1994/1/1974 1998/3/1978 1982/149/1962
f 789/1/788 790/1/789 1993/1/1973 1992/1/1972
f 1990/154/1970 2003/1/1983 2007/1/1987 1989/152/1969
f 1990/154/1970 1987/160/1967 2002/1/1982 2003/1/1983
f 1988/154/1968 2004/1/1984 2002/1/1982 1987/160/1967
f 1986/275/1966 2005/1/1985 2004/1/1984 1988/154/1968
f 1989/152/1969 2007/1/1987 2008/1/1988 1991/152/1971
f 1991/152/1971 2008/1/1988 1992/1/1972 1985/150/1965
f 1985/150/1965 1992/1/1972 1993/1/1973 1984/149/1964
f 1984/149/1964 1993/1/1973 1994/1/1974 1983/2/1963
f 2005/1/1985 1986/275/1966 2006/1/1986
f 1980/167/1960 1995/1/1975 2006/1/1986 1986/275/1966
f 2001/1/1981 2010/278/1990 2012/279/1992 1999/1/1979
f 1982/149/1962 2012/279/1992 2010/278/1990 2009/277/1989 2011/276/1991 1981/280/1961 1980/167/1960 1948/167/1928 1950/149/1930
f 1996/1/1976 1995/1/1975 1980/167/1960 1981/280/1961
f 1981/280/1961 2011/276/1991 1997/1/1977 1996/1/1976
f 2013/3/1993 2014/11/1994 2016/2/1996 2015/1/1995
f 2014/11/1994 2013/3/1993 2017/3/1997 2018/11/1998
f 2018/11/1998 2017/3/1997 2019/3/1999 2020/11/2000
f 2020/11/2000 2019/3/1999 2021/3/2001 2022/11/2002
f 2022/11/2002 2021/3/2001 2079/3/2059 2080/11/2060
f 2024/11/2004 2023/3/2003 2025/3/2005 2026/11/2006
f 2026/11/2006 2025/3/2005 2027/3/2007 2028/11/2008
f 2028/11/2008 2027/3/2007 2029/3/2009 2030/11/2010
f 2030/11/2010 2029/3/2009 2031/3/2011 2032/11/2012
f 2032/11/2012 2031/3/2011 2033/3/2013 2034/11/2014
f 2034/11/2014 2033/3/2013 2035/3/2015 2036/11/2016
f 2036/11/2016 2035/3/2015 2037/3/2017 2038/11/2018
f 2038/11/2018 2037/3/2017 2039/3/2019 2040/11/2020
f 2040/11/2020 2039/3/2019 2041/3/2021 2042/11/2022
f 2042/11/2022 2041/3/2021 2043/3/2023 2044/11/2024
f 2044/11/2024 2043/3/2023 2045/3/2025 2046/11/2026
f 2048/11/2028 2047/3/2027 2049/3/2029 2050/11/2030
f 2049/3/2029 2047/3/2027 2051/3/2031 2052/3/2032
f 2052/3/2032 2051/3/2031 2053/3/2033 2054/3/2034
f 2054/3/2034 2053/3/2033 2055/3/2035 2056/3/2036
f 2056/3/2036 2055/3/2035 2057/3/2037 2058/3/2038
f 2058/3/2038 2057/3/2037 2059/3/2039 2060/3/2040
f 2060/3/2040 2059/3/2039 2061/3/2041 2062/3/2042
f 2062/3/2042 2061/3/2041 2063/3/2043 2064/3/2044
f 2064/3/2044 2063/3/2043 2065/3/2045 2066/3/2046
f 2066/3/2046 2065/3/2045 2067/3/2047 2068/3/2048
f 2068/3/2048 2067/3/2047 2069/3/2049 2070/3/2050
f 2070/3/2050 2069/3/2049 2071/3/2051 2072/3/2052
f 2072/3/2052 2071/3/2051 2073/3/2053 2074/3/2054
f 2053/3/2033 2051/3/2031 2075/3/2055 2076/3/2056
f 2076/3/2056 2075/3/2055 2077/3/2057 2078/3/2058
f 2020/11/2000 2022/11/2002 2074/3/2054 2073/3/2053
f 2080/11/2060 2079/3/2059 2023/3/2003 2024/11/2004
f 2043/3/2023 2066/3/2046 2068/3/2048 2045/3/2025
f 2041/3/2021 2064/3/2044 2066/3/2046 2043/3/2023
f 2039/3/2019 2062/3/2042 2064/3/2044 2041/3/2021
f 2037/3/2017 2060/3/2040 2062/3/2042 2039/3/2019
f 2057/3/2037 2055/3/2035 2106/3/2086 2108/3/2088
f 2075/3/2055 2051/3/2031 2102/3/2082 2119/3/2099
f 2029/3/2009 2027/3/2007 2092/3/2072 2093/3/2073
f 2050/11/2030 2049/3/2029 2100/3/2080 2101/11/2081
f 2060/3/2040 2037/3/2017 2097/3/2077 2111/3/2091
f 2056/3/2036 2058/3/2038 2109/3/2089 2107/3/2087
f 2053/3/2033 2076/3/2056 2120/3/2100 2104/3/2084
f 2067/3/2047 2065/3/2045 2114/3/2094 2115/3/2095
f 2021/3/2001 2019/3/1999 2087/3/2067 2089/3/2069
f 2078/3/2058 2077/3/2057 2121/3/2101 2122/3/2102
f 2048/11/2028 2050/11/2030 2101/11/2081 2099/11/2079
f 2059/3/2039 2057/3/2037 2108/3/2088 2110/3/2090
f 2077/3/2057 2075/3/2055 2119/3/2099 2121/3/2101
f 2031/3/2011 2029/3/2009 2093/3/2073 2094/3/2074
f 2058/3/2038 2060/3/2040 2111/3/2091 2109/3/2089
f 2013/3/1993 2015/1/1995 2083/1/2063 2081/3/2061
f 2076/3/2056 2078/3/2058 2122/3/2102 2120/3/2100
f 2051/3/2031 2047/3/2027 2098/3/2078 2102/3/2082
f 2069/3/2049 2067/3/2047 2115/3/2095 2116/3/2096
f 2023/3/2003 2079/3/2059 2123/3/2103 2090/3/2070
f 2079/3/2059 2021/3/2001 2089/3/2069 2123/3/2103
f 2049/3/2029 2052/3/2032 2103/3/2083 2100/3/2080
f 2061/3/2041 2059/3/2039 2110/3/2090 2112/3/2092
f 2016/2/1996 2014/11/1994 2082/11/2062 2084/2/2064
f 2033/3/2013 2031/3/2011 2094/3/2074 2095/3/2075
f 2015/1/1995 2016/2/1996 2084/2/2064 2083/1/2063
f 2071/3/2051 2069/3/2049 2130/3/2110 2131/3/2111
f 2025/3/2005 2023/3/2003 2090/3/2070 2091/3/2071
f 2052/3/2032 2054/3/2034 2105/3/2085 2103/3/2083
f 2061/3/2041 2112/3/2092 2139/3/2119 2136/3/2116
f 2017/3/1997 2013/3/1993 2081/3/2061 2085/3/2065
f 2020/11/2000 2073/3/2053 2118/3/2098 2088/11/2068
f 2035/3/2015 2033/3/2013 2095/3/2075 2096/3/2076
f 2014/11/1994 2018/11/1998 2086/11/2066 2082/11/2062
f 2055/3/2035 2053/3/2033 2104/3/2084 2106/3/2086
f 2069/3/2049 2116/3/2096 2133/3/2113 2130/3/2110
f 2027/3/2007 2025/3/2005 2091/3/2071 2092/3/2072
f 2054/3/2034 2056/3/2036 2107/3/2087 2105/3/2085
f 2063/3/2043 2061/3/2041 2136/3/2116 2137/3/2117
f 2019/3/1999 2017/3/1997 2085/3/2065 2087/3/2067
f 2037/3/2017 2035/3/2015 2096/3/2076 2097/3/2077
f 2047/3/2027 2048/11/2028 2099/11/2079 2098/3/2078
f 2018/11/1998 2020/11/2000 2088/11/2068 2086/11/2066
f 2091/3/2071 2090/3/2070 2099/11/2079 2101/11/2081
f 2091/3/2071 2101/11/2081 2100/3/2080 2092/3/2072
f 2092/3/2072 2100/3/2080 2103/3/2083 2093/3/2073
f 2093/3/2073 2103/3/2083 2105/3/2085 2094/3/2074
f 2094/3/2074 2105/3/2085 2107/3/2087 2095/3/2075
f 2083/1/2063 2106/3/2086 2104/3/2084 2081/3/2061
f 2081/3/2061 2104/3/2084 2120/3/2100 2085/3/2065
f 2085/3/2065 2120/3/2100 2122/3/2102 2087/3/2067
f 2087/3/2067 2122/3/2102 2121/3/2101 2089/3/2069
f 2123/3/2103 2089/3/2069 2121/3/2101 2124/281/2104
f 2099/11/2079 2124/281/2104 2125/3/2105 2098/3/2078
f 2098/3/2078 2125/3/2105 2119/3/2099 2102/3/2082
f 2125/3/2105 2124/281/2104 2121/3/2101 2119/3/2099
f 2124/281/2104 2099/11/2079 2090/3/2070 2123/3/2103
f 2082/11/2062 2086/11/2066 2117/3/2097 2127/3/2107
f 2084/2/2064 2108/3/2088 2106/3/2086 2083/1/2063
f 2117/3/2097 2086/11/2066 2088/11/2068 2118/3/2098
f 2110/3/2090 2129/3/2109 2128/3/2108 2112/3/2092
f 2131/3/2111 2130/3/2110 2133/3/2113 2134/3/2114
f 2112/3/2092 2128/3/2108 2113/3/2093
f 2127/3/2107 2129/3/2109 2084/2/2064 2082/11/2062
f 2114/3/2094 2126/3/2106 2116/3/2096 2115/3/2095
f 2126/3/2106 2127/3/2107 2117/3/2097 2116/3/2096
f 2084/2/2064 2129/3/2109 2110/3/2090 2108/3/2088
f 2113/3/2093 2128/3/2108 2126/3/2106 2114/3/2094
f 2128/3/2108 2129/3/2109 2127/3/2107 2126/3/2106
f 2132/3/2112 2131/3/2111 2134/3/2114 2135/3/2115
f 2117/3/2097 2118/3/2098 2135/3/2115 2134/3/2114
f 2118/3/2098 2073/3/2053 2132/3/2112 2135/3/2115
f 2073/3/2053 2071/3/2051 2131/3/2111 2132/3/2112
f 2116/3/2096 2117/3/2097 2134/3/2114 2133/3/2113
f 2137/3/2117 2136/3/2116 2139/3/2119 2140/3/2120
f 2138/3/2118 2137/3/2117 2140/3/2120 2141/3/2121
f 2112/3/2092 2113/3/2093 2140/3/2120 2139/3/2119
f 2114/3/2094 2065/3/2045 2138/3/2118 2141/3/2121
f 2065/3/2045 2063/3/2043 2137/3/2117 2138/3/2118
f 2113/3/2093 2114/3/2094 2141/3/2121 2140/3/2120
f 2095/3/2075 2107/3/2087 2109/3/2089 2096/3/2076
f 2096/3/2076 2109/3/2089 2111/3/2091 2097/3/2077
f 2024/11/2004 2026/11/2006 2144/11/2124 2143/11/2123
f 2034/11/2014 2036/11/2016 2147/11/2127 2152/11/2132
f 2070/3/2050 2072/3/2052 2160/3/2140 2159/3/2139
f 2044/11/2024 2046/11/2026 2157/11/2137 2156/11/2136
f 2045/3/2025 2068/3/2048 2158/3/2138 2148/3/2128
f 2030/11/2010 2032/11/2012 2146/11/2126 2151/11/2131
f 2040/11/2020 2042/11/2022 2155/11/2135 2154/11/2134
f 2026/11/2006 2028/11/2008 2145/11/2125 2144/11/2124
f 2036/11/2016 2038/11/2018 2153/11/2133 2147/11/2127
f 2072/3/2052 2074/3/2054 2149/3/2129 2160/3/2140
f 2080/11/2060 2024/11/2004 2143/11/2123 2150/11/2130
f 2022/11/2002 2080/11/2060 2150/11/2130 2142/11/2122
f 2032/11/2012 2034/11/2014 2152/11/2132 2146/11/2126
f 2068/3/2048 2070/3/2050 2159/3/2139 2158/3/2138
f 2042/11/2022 2044/11/2024 2156/11/2136 2155/11/2135
f 2046/11/2026 2045/3/2025 2148/3/2128 2157/11/2137
f 2074/3/2054 2022/11/2002 2142/11/2122 2149/3/2129
f 2028/11/2008 2030/11/2010 2151/11/2131 2145/11/2125
f 2038/11/2018 2040/11/2020 2154/11/2134 2153/11/2133
f 2171/11/2151 2172/11/2152 2174/11/2154 2173/3/2153 2175/3/2155 2176/3/2156 2177/3/2157 2170/1/2150
f 2147/11/2127 2153/11/2133 2169/11/2149 2168/11/2148
f 2142/11/2122 2150/11/2130 2178/11/2158 2161/11/2141
f 2153/11/2133 2154/11/2134 2170/11/2150 2169/11/2149
f 2143/11/2123 2144/11/2124 2163/11/2143 2162/11/2142
f 2150/11/2130 2143/11/2123 2162/11/2142 2178/11/2158
f 2154/11/2134 2155/11/2135 2171/11/2151 2170/11/2150
f 2144/11/2124 2145/11/2125 2164/11/2144 2163/11/2143
f 2149/3/2129 2142/11/2122 2161/11/2141 2177/3/2157
f 2155/11/2135 2156/11/2136 2172/11/2152 2171/11/2151
f 2145/11/2125 2151/11/2131 2165/11/2145 2164/11/2144
f 2148/3/2128 2158/3/2138 2175/3/2155 2173/3/2153
f 2157/11/2137 2148/3/2128 2173/3/2153 2174/11/2154
f 2151/11/2131 2146/11/2126 2166/11/2146 2165/11/2145
f 2156/11/2136 2157/11/2137 2174/11/2154 2172/11/2152
f 2146/11/2126 2152/11/2132 2167/11/2147 2166/11/2146
f 2158/3/2138 2159/3/2139 2176/3/2156 2175/3/2155
f 2152/11/2132 2147/11/2127 2168/11/2148 2167/11/2147
f 264/1/264 2179/1/2159 213/1/213 254/1/254
f 266/1/266 261/1/261 2178/1/2158 2162/1/2142
f 254/1/254 262/1/262 2170/1/2150 2177/1/2157
f 277/1/277 266/1/266 2162/1/2142 2163/1/2143
f 263/1/263 276/1/276 2168/1/2148 2169/1/2149
f 261/1/261 264/1/264 2161/1/2141 2178/1/2158
f 276/1/276 274/1/274 2167/1/2147 2168/1/2148
f 264/1/264 254/1/254 2177/1/2157 2161/1/2141
f 274/1/274 272/1/272 2166/1/2146 2167/1/2147
f 272/1/272 270/1/270 2165/1/2145 2166/1/2146
f 270/1/270 268/1/268 2164/1/2144 2165/1/2145
f 268/1/268 277/1/277 2163/1/2143 2164/1/2144
f 262/1/262 263/1/263 2169/1/2149 2170/1/2150
f 2180/1/2160 277/1/277 268/1/268 267/1/267
f 2177/3/2157 2176/3/2156 2159/3/2139 2160/3/2140 2149/3/2129
f 2187/1/2167 2184/1/2164 290/1/290 291/1/291
f 2181/1/2161 2187/1/2167 291/1/291 292/1/292
f 2184/1/2164 2185/1/2165 289/1/289 290/1/290
f 2185/1/2165 2183/1/2163 288/1/288 289/1/289
f 2183/1/2163 2182/1/2162 287/1/287 288/1/288
f 2182/1/2162 2188/1/2168 286/1/286 287/1/287
f 2186/1/2166 2181/1/2161 292/1/292 293/1/293
f 2188/1/2168 2180/1/2160 267/1/267 286/1/286
f 95/1/95 102/20/102 104/20/104 106/1/106 183/1/183 182/13/182
f 17/3/17 193/1/193 15/3/15 43/3/43
f 2273/1/2253 2279/3/2259 97/2/97 89/2/89
f 2344/4/2324 2191/3/2171 2192/1/2172 2343/5/2323
f 2242/6/2222 2193/3/2173 2194/1/2174 2240/7/2220
f 2224/8/2204 2226/9/2206 2196/1/2176 2192/1/2172
f 2343/5/2323 2345/10/2325 2195/1/2175 2190/1/2170
f 2189/3/2169 2190/1/2170 4/2/4 2/11/2
f 2242/6/2222 2243/12/2223 2199/3/2179 2193/3/2173
f 2243/12/2223 2244/3/2224 2201/3/2181 2199/3/2179
f 2244/3/2224 2245/3/2225 2203/3/2183 2201/3/2181
f 2245/3/2225 2246/3/2226 2205/3/2185 2203/3/2183
f 2246/3/2226 2247/3/2227 2207/3/2187 2205/3/2185
f 2247/3/2227 2248/3/2228 2209/3/2189 2207/3/2187
f 2248/3/2228 2249/3/2229 2211/3/2191 2209/3/2189
f 2215/3/2195 2267/3/2247 2265/3/2245 2211/3/2191
f 2389/10/2369 2392/13/2372 2372/1/2352 2212/1/2192
f 2217/3/2197 2268/3/2248 2267/3/2247 2215/3/2195
f 2252/3/2232 2253/3/2233 2219/3/2199 2217/3/2197
f 2254/14/2234 2255/15/2235 2223/3/2203 2221/3/2201
f 2241/16/2221 2197/1/2177 2223/3/2203 2255/15/2235
f 2196/1/2176 2226/9/2206 2239/17/2219 2222/3/2202
f 2220/3/2200 2222/3/2202 2239/17/2219 2238/3/2218
f 2253/3/2233 2254/14/2234 2221/3/2201 2219/3/2199
f 2216/3/2196 2218/3/2198 2237/3/2217 2236/3/2216
f 2235/3/2215 2236/3/2216 2252/3/2232 2251/3/2231
f 2233/3/2213 2235/3/2215 2251/3/2231 2249/3/2229
f 2393/1/2373 2394/1/2374 2374/1/2354 2373/1/2353
f 2208/3/2188 2210/3/2190 2233/3/2213 2232/3/2212
f 2206/3/2186 2208/3/2188 2232/3/2212 2231/3/2211
f 2204/3/2184 2206/3/2186 2231/3/2211 2230/3/2210
f 2202/3/2182 2204/3/2184 2230/3/2210 2229/3/2209
f 2198/3/2178 2200/3/2180 2228/3/2208 2227/3/2207
f 2191/3/2171 2198/3/2178 2227/3/2207 2225/18/2205
f 2240/7/2220 2241/16/2221 2226/9/2206 2224/8/2204
f 2191/3/2171 2225/18/2205 2224/8/2204 2192/1/2172
f 2194/1/2174 2197/1/2177 2241/16/2221 2240/7/2220
f 2226/9/2206 2241/16/2221 2255/15/2235 2239/17/2219
f 2238/3/2218 2239/17/2219 2255/15/2235 2254/14/2234
f 2218/3/2198 2220/3/2200 2238/3/2218 2237/3/2217
f 2236/3/2216 2237/3/2217 2253/3/2233 2252/3/2232
f 2215/3/2195 2251/3/2231 2252/3/2232 2217/3/2197
f 2211/3/2191 2249/3/2229 2251/3/2231 2215/3/2195
f 2392/13/2372 2393/1/2373 2373/1/2353 2372/1/2352
f 2232/3/2212 2233/3/2213 2249/3/2229 2248/3/2228
f 2231/3/2211 2232/3/2212 2248/3/2228 2247/3/2227
f 2230/3/2210 2231/3/2211 2247/3/2227 2246/3/2226
f 2229/3/2209 2230/3/2210 2246/3/2226 2245/3/2225
f 2228/3/2208 2229/3/2209 2245/3/2225 2244/3/2224
f 2227/3/2207 2228/3/2208 2244/3/2224 2243/12/2223
f 2225/18/2205 2227/3/2207 2243/12/2223 2242/6/2222
f 2225/18/2205 2242/6/2222 2240/7/2220 2224/8/2204
f 2201/3/2181 2260/3/2240 2259/3/2239 2199/3/2179
f 2211/3/2191 2265/3/2245 2264/3/2244 2209/3/2189
f 2219/3/2199 2269/3/2249 2268/3/2248 2217/3/2197
f 2194/1/2174 2257/1/2237 2258/1/2238 2197/1/2177
f 2193/3/2173 2256/3/2236 2257/1/2237 2194/1/2174
f 2207/3/2187 2263/3/2243 2262/3/2242 2205/3/2185
f 2352/1/2332 2216/3/2196 2214/3/2194 2353/1/2333
f 2197/1/2177 2258/1/2238 2271/3/2251 2223/3/2203
f 2203/3/2183 2261/3/2241 2260/3/2240 2201/3/2181
f 2353/1/2333 2214/3/2194 2210/3/2190 2355/1/2335
f 2237/3/2217 2238/3/2218 2254/14/2234 2253/3/2233
f 2199/3/2179 2259/3/2239 2256/3/2236 2193/3/2173
f 2209/3/2189 2264/3/2244 2263/3/2243 2207/3/2187
f 2205/3/2185 2262/3/2242 2261/3/2241 2203/3/2183
f 2385/1/2365 2389/10/2369 2212/1/2192 2213/1/2193
f 2223/3/2203 2271/3/2251 2270/3/2250 2221/3/2201
f 2190/1/2170 2195/1/2175 10/2/10 4/2/4
f 2274/1/2254 2276/1/2256 2347/1/2327 2346/19/2326
f 2345/10/2325 2196/1/2176 2274/1/2254 2346/19/2326
f 2359/1/2339 2200/3/2180 2280/1/2260 2365/1/2345
f 2279/3/2259 2347/1/2327 2348/13/2328 2278/1/2258
f 2370/1/2350 2371/1/2351 2376/1/2356 2275/1/2255
f 2341/1/2321 2281/1/2261 2272/1/2252 2342/1/2322 2282/1/2262
f 2371/1/2351 2354/1/2334 2377/1/2357 4251/1/4203 2376/1/2356
f 2284/20/2264 2285/20/2265 105/2/105 103/2/103
f 2286/1/2266 2288/1/2268 2287/20/2267 2285/20/2265
f 2285/20/2265 2287/20/2267 108/2/108 105/2/105
f 2288/1/2268 2290/1/2270 2289/20/2269 2287/20/2267
f 2287/20/2267 2289/20/2269 111/2/111 108/2/108
f 2342/1/2322 2330/1/2310 2293/1/2273 2283/1/2263
f 2221/3/2201 2270/3/2250 2269/3/2249 2219/3/2199
f 2337/1/2317 2336/1/2316 2291/1/2271 2400/1/2380 2338/1/2318
f 2293/1/2273 2295/1/2275 2296/20/2276 2294/20/2274
f 2283/1/2263 2293/1/2273 2294/20/2274 117/2/117 111/2/111 2289/20/2269
f 2295/1/2275 2297/1/2277 2298/20/2278 2296/20/2276
f 2294/20/2274 2296/20/2276 120/2/120 117/2/117
f 2297/1/2277 2299/1/2279 2300/20/2280 2298/20/2278
f 2296/20/2276 2298/20/2278 123/2/123 120/2/120
f 2298/20/2278 2300/20/2280 126/2/126 123/2/123
f 2311/1/2291 2318/1/2298 2320/1/2300 2312/1/2292
f 2299/1/2279 2301/1/2281 2302/20/2282 2300/20/2280
f 2302/20/2282 2326/20/2306 157/2/157 129/2/129
f 2305/1/2285 2307/1/2287 2308/20/2288 2306/20/2286
f 2304/20/2284 2306/20/2286 135/2/135 132/2/132
f 2307/1/2287 2319/1/2299 2323/20/2303 2308/20/2288
f 2306/20/2286 2308/20/2288 138/2/138 135/2/135
f 2305/1/2285 2314/1/2294 2315/1/2295 2307/1/2287
f 2295/1/2275 2309/1/2289 2310/1/2290 2297/1/2277
f 2297/1/2277 2310/1/2290 2311/1/2291 2299/1/2279
f 2299/1/2279 2311/1/2291 2312/1/2292 2301/1/2281
f 2301/1/2281 2312/1/2292 2328/1/2308 2327/1/2307
f 2303/1/2283 2313/1/2293 2314/1/2294 2305/1/2285
f 2309/1/2289 2316/1/2296 2317/1/2297 2310/1/2290
f 2314/1/2294 2321/1/2301 2322/1/2302 2315/1/2295
f 2312/1/2292 2320/1/2300 2328/1/2308
f 2310/1/2290 2317/1/2297 2318/1/2298 2311/1/2291
f 2313/1/2293 2329/1/2309 2321/1/2301 2314/1/2294
f 2302/20/2282 129/2/129 126/2/126 2300/20/2280
f 2318/1/2298 2317/1/2297 2322/1/2302 2321/1/2301
f 2329/1/2309 2320/1/2300 2318/1/2298 2321/1/2301
f 2289/20/2269 2290/1/2270 2292/1/2272 2277/1/2257 2283/1/2263
f 2301/1/2281 2327/1/2307 2326/20/2306 2302/20/2282
f 2315/1/2295 2324/1/2304 2319/1/2299 2307/1/2287
f 2308/20/2288 2323/20/2303 154/2/154 138/2/138
f 2322/1/2302 2325/1/2305 2324/1/2304 2315/1/2295
f 2317/1/2297 2316/1/2296 2325/1/2305 2322/1/2302
f 2293/1/2273 2330/1/2310 2309/1/2289 2295/1/2275
f 2330/1/2310 2331/1/2311 2316/1/2296 2309/1/2289
f 2331/1/2311 2332/1/2312 2325/1/2305 2316/1/2296
f 2332/1/2312 2333/1/2313 2324/1/2304 2325/1/2305
f 2333/1/2313 2334/1/2314 2319/1/2299 2324/1/2304
f 2334/1/2314 2335/1/2315 2323/1/2303 2319/1/2299
f 2335/1/2315 168/1/168 154/1/154 2323/1/2303
f 2303/1/2283 2305/1/2285 2306/20/2286 2304/20/2284
f 2279/1/2259 2278/1/2258 94/2/94 97/2/97
f 2336/1/2316 2337/1/2317 2332/1/2312 2331/1/2311
f 2337/1/2317 2338/1/2318 2333/1/2313 2332/1/2312
f 2338/1/2318 2339/1/2319 2334/1/2314 2333/1/2313
f 2339/1/2319 2340/1/2320 2335/1/2315 2334/1/2314
f 2330/1/2310 2342/1/2322 2272/1/2252 2331/1/2311
f 2196/1/2176 2222/3/2202 2274/1/2254
f 94/2/94 2278/1/2258 2284/20/2264 103/2/103
f 2342/1/2322 2283/1/2263 2276/1/2256 2282/1/2262
f 2277/1/2257 2292/1/2272 2349/1/2329 2348/13/2328
f 2195/1/2175 2345/10/2325 2346/19/2326 2273/1/2253
f 2276/1/2256 2277/1/2257 2348/13/2328 2347/1/2327
f 2192/1/2172 2196/1/2176 2345/10/2325 2343/5/2323
f 2189/3/2169 2344/4/2324 2343/5/2323 2190/1/2170
f 2222/3/2202 2220/3/2200 2369/1/2349 2341/1/2321
f 2218/3/2198 2216/3/2196 2352/1/2332 2351/1/2331
f 2362/1/2342 2361/1/2341 2352/1/2332 2353/1/2333
f 2362/1/2342 2353/1/2333 2355/1/2335 2363/1/2343
f 2386/1/2366 2385/1/2365 2213/1/2193 2266/1/2246
f 2210/3/2190 2208/3/2188 2356/1/2336 2355/1/2335
f 2208/3/2188 2206/3/2186 2357/1/2337 2356/1/2336
f 2206/3/2186 2204/3/2184 2358/1/2338 2357/1/2337
f 2204/3/2184 2202/3/2182 2359/1/2339 2358/1/2338
f 2200/3/2180 2191/3/2171 2344/4/2324 2360/1/2340
f 2344/4/2324 2189/3/2169 2368/1/2348 2360/1/2340
f 2/11/2 204/1/204 2368/1/2348 2189/3/2169
f 2279/3/2259 2273/1/2253 2346/19/2326 2347/1/2327
f 2391/10/2371 2388/13/2368 2354/1/2334 2371/1/2351
f 2388/13/2368 2386/1/2366 2266/1/2246 2354/1/2334
f 2355/1/2335 2356/1/2336 2250/1/2230 2363/1/2343
f 2356/1/2336 2357/1/2337 2234/1/2214 2250/1/2230
f 2357/1/2337 2358/1/2338 2364/1/2344 2234/1/2214
f 2358/1/2338 2359/1/2339 2365/1/2345 2364/1/2344
f 2228/3/2208 2202/3/2182 2229/3/2209
f 2360/1/2340 2368/1/2348 2367/1/2347 2366/1/2346
f 2368/1/2348 204/1/204 203/1/203 2367/1/2347
f 2200/3/2180 2198/3/2178 2191/3/2171
f 2222/3/2202 2282/1/2262 2276/1/2256 2274/1/2254
f 2351/1/2331 2352/1/2332 2361/1/2341 2350/1/2330
f 2369/1/2349 2281/1/2261 2341/1/2321
f 2281/1/2261 2369/1/2349 2351/1/2331 2350/1/2330
f 2283/1/2263 2277/1/2257 2276/1/2256
f 2195/1/2175 2273/1/2253 89/2/89 10/2/10
f 2396/19/2376 2390/1/2370 2370/1/2350 2291/1/2271
f 2390/1/2370 2391/10/2371 2371/1/2351 2370/1/2350
f 2214/3/2194 2216/3/2196 2236/3/2216 2235/3/2215
f 2210/3/2190 2214/3/2194 2235/3/2215 2233/3/2213
f 2394/1/2374 2395/19/2375 2375/1/2355 2374/1/2354
f 2395/19/2375 234/1/234 212/1/212 2375/1/2355
f 2200/3/2180 2360/1/2340 2366/1/2346 2280/1/2260
f 2282/1/2262 2222/3/2202 2341/1/2321
f 2354/1/2334 2266/1/2246 2378/1/2358 2377/1/2357
f 2266/1/2246 2213/1/2193 2379/1/2359 2378/1/2358
f 2213/1/2193 2212/1/2192 2380/1/2360 2379/1/2359
f 2212/1/2192 2372/1/2352 2381/1/2361 2380/1/2360
f 2372/1/2352 2373/1/2353 2382/1/2362 2381/1/2361
f 2373/1/2353 2374/1/2354 2383/1/2363 2382/1/2362
f 2374/1/2354 2375/1/2355 2384/1/2364 2383/1/2363
f 2375/1/2355 212/1/212 222/1/222 2384/1/2364
f 2367/1/2347 203/1/203 234/1/234 2395/19/2375
f 2366/1/2346 2367/1/2347 2395/19/2375 2394/1/2374
f 2361/1/2341 2362/1/2342 2391/10/2371 2390/1/2370
f 2350/1/2330 2361/1/2341 2390/1/2370 2396/19/2376
f 2272/1/2252 2281/1/2261 2387/1/2367 2336/1/2316 2331/1/2311
f 2363/1/2343 2250/1/2230 2386/1/2366 2388/13/2368
f 2362/1/2342 2363/1/2343 2388/13/2368 2391/10/2371
f 2250/1/2230 2234/1/2214 2385/1/2365 2386/1/2366
f 2369/1/2349 2220/3/2200 2218/3/2198 2351/1/2331
f 2234/1/2214 2364/1/2344 2389/10/2369 2385/1/2365
f 2365/1/2345 2280/1/2260 2393/1/2373 2392/13/2372
f 2280/1/2260 2366/1/2346 2394/1/2374 2393/1/2373
f 2364/1/2344 2365/1/2345 2392/13/2372 2389/10/2369
f 2281/1/2261 2350/1/2330 2396/19/2376 2387/1/2367
f 2396/19/2376 2291/1/2271 2336/1/2316 2387/1/2367
f 2291/1/2271 2370/1/2350 2275/1/2255 2400/1/2380
f 2340/1/2320 2339/1/2319 2397/1/2377 2399/1/2379
f 2400/1/2380 2397/1/2377 2339/1/2319 2338/1/2318
f 238/1/238 168/1/168 2335/1/2315 2340/1/2320
f 2275/1/2255 2397/1/2377 2400/1/2380
f 2397/1/2377 2402/1/2382 2403/1/2383 2399/1/2379
f 2275/1/2255 2398/1/2378 2402/1/2382 2397/1/2377
f 2376/1/2356 2401/1/2381 2398/1/2378 2275/1/2255
f 2399/1/2379 2403/1/2383 249/1/249 174/1/174
f 2399/1/2379 174/1/174 238/1/238 2340/1/2320
f 2402/1/2382 2406/1/2386 2407/1/2387 2403/1/2383
f 2398/1/2378 2404/1/2384 2406/1/2386 2402/1/2382
f 2401/1/2381 2405/1/2385 2404/1/2384 2398/1/2378
f 2403/1/2383 2407/1/2387 245/1/245 249/1/249
f 2407/1/2387 2410/1/2390 251/1/251 245/1/245
f 2406/1/2386 2409/1/2389 2410/1/2390 2407/1/2387
f 2404/1/2384 2408/1/2388 2409/1/2389 2406/1/2386
f 2410/1/2390 2412/1/2392 255/1/255 251/1/251
f 2412/1/2392 2413/1/2393 257/1/257 255/1/255
f 2413/1/2393 2414/1/2394 259/1/259 257/1/257
f 2401/1/2381 2416/1/2396 2417/1/2397 2405/1/2385
f 2376/1/2356 2411/1/2391 2416/1/2396 2401/1/2381
f 2409/1/2389 2408/1/2388 2414/1/2394 2413/1/2393
f 2412/1/2392 2410/1/2390 2409/1/2389 2413/1/2393
f 2377/1/2357 2415/1/2395 2418/1/2398 4251/1/4203
f 2377/1/2357 2419/1/2399 2420/1/2400 2415/1/2395
f 2419/1/2399 4252/1/4204 2431/1/2411 2420/1/2400
f 2421/1/2401 2423/1/2403 2424/1/2404 2422/1/2402
f 2423/1/2403 2425/1/2405 2426/1/2406 2424/1/2404
f 2425/1/2405 2427/1/2407 2428/1/2408 2426/1/2406
f 2427/1/2407 2429/1/2409 2430/1/2410 2428/1/2408
f 2405/1/2385 2417/1/2397 2430/1/2410 2429/1/2409
f 2379/1/2359 2433/1/2413 2432/1/2412 2378/1/2358
f 2384/1/2364 2438/1/2418 2437/1/2417 2383/1/2363
f 2378/1/2358 2432/1/2412 2419/1/2399 2377/1/2357
f 2383/1/2363 2437/1/2417 2436/1/2416 2382/1/2362
f 222/1/222 285/1/285 2438/1/2418 2384/1/2364
f 2382/1/2362 2436/1/2416 2435/1/2415 2381/1/2361
f 2381/1/2361 2435/1/2415 2434/1/2414 2380/1/2360
f 2380/1/2360 2434/1/2414 2433/1/2413 2379/1/2359
f 2435/1/2415 4257/1/4209 4255/1/4207 2434/1/2414
f 2433/1/2413 4254/1/4206 4259/1/4211 2432/1/2412
f 2432/1/2412 4259/1/4211 4252/1/4204 2419/1/2399
f 2438/1/2418 4253/1/4205 4258/1/4210 2437/1/2417
f 2436/1/2416 4256/1/4208 4257/1/4209 2435/1/2415
f 2434/1/2414 4255/1/4207 4254/1/4206 2433/1/2413
f 285/1/285 2186/1/2166 4253/1/4205 2438/1/2418
f 2437/1/2417 4258/1/4210 4256/1/4208 2436/1/2416
f 2439/1/2419 2446/1/2426 2423/1/2403 2421/1/2401
f 293/1/293 301/1/301 2452/1/2432 2445/1/2425
f 2444/1/2424 2451/1/2431 2450/1/2430 2443/1/2423
f 2442/1/2422 2449/1/2429 2448/1/2428 2441/1/2421
f 2445/1/2425 2452/1/2432 2451/1/2431 2444/1/2424
f 2440/1/2420 2447/1/2427 2446/1/2426 2439/1/2419
f 2443/1/2423 2450/1/2430 2449/1/2429 2442/1/2422
f 2441/1/2421 2448/1/2428 2447/1/2427 2440/1/2420
f 2450/1/2430 2457/1/2437 2456/1/2436 2449/1/2429
f 2446/1/2426 2453/1/2433 2425/1/2405 2423/1/2403
f 301/1/301 309/1/309 2459/1/2439 2452/1/2432
f 2451/1/2431 2458/1/2438 2457/1/2437 2450/1/2430
f 2448/1/2428 2455/1/2435 2454/1/2434 2447/1/2427
f 2449/1/2429 2456/1/2436 2455/1/2435 2448/1/2428
f 2447/1/2427 2454/1/2434 2453/1/2433 2446/1/2426
f 2452/1/2432 2459/1/2439 2458/1/2438 2451/1/2431
f 2458/1/2438 2465/1/2445 2464/1/2444 2457/1/2437
f 2454/1/2434 2461/1/2441 2460/1/2440 2453/1/2433
f 2456/1/2436 2463/1/2443 2462/1/2442 2455/1/2435
f 2453/1/2433 2460/1/2440 2427/1/2407 2425/1/2405
f 2459/1/2439 2466/1/2446 2465/1/2445 2458/1/2438
f 2455/1/2435 2462/1/2442 2461/1/2441 2454/1/2434
f 2457/1/2437 2464/1/2444 2463/1/2443 2456/1/2436
f 309/1/309 317/1/317 2466/1/2446 2459/1/2439
f 2460/1/2440 2467/1/2447 2429/1/2409 2427/1/2407
f 317/1/317 325/1/325 2473/1/2453 2466/1/2446
f 2465/1/2445 2472/1/2452 2471/1/2451 2464/1/2444
f 2461/1/2441 2468/1/2448 2467/1/2447 2460/1/2440
f 2463/1/2443 2470/1/2450 2469/1/2449 2462/1/2442
f 2466/1/2446 2473/1/2453 2472/1/2452 2465/1/2445
f 2464/1/2444 2471/1/2451 2470/1/2450 2463/1/2443
f 2462/1/2442 2469/1/2449 2468/1/2448 2461/1/2441
f 325/1/325 333/1/333 2480/1/2460 2473/1/2453
f 2472/1/2452 2479/1/2459 2478/1/2458 2471/1/2451
f 2469/1/2449 2476/1/2456 2475/1/2455 2468/1/2448
f 2470/1/2450 2477/1/2457 2476/1/2456 2469/1/2449
f 2468/1/2448 2475/1/2455 2474/1/2454 2467/1/2447
f 2467/1/2447 2474/1/2454 2405/1/2385 2429/1/2409
f 2473/1/2453 2480/1/2460 2479/1/2459 2472/1/2452
f 2471/1/2451 2478/1/2458 2477/1/2457 2470/1/2450
f 2478/1/2458 2489/1/2469 2488/1/2468 2477/1/2457
f 2405/1/2385 2482/1/2462 2481/1/2461 2404/1/2384
f 2476/1/2456 2487/1/2467 2486/1/2466 2475/1/2455
f 2479/1/2459 2490/1/2470 2489/1/2469 2478/1/2458
f 2408/1/2388 2483/1/2463 2484/1/2464 2414/1/2394
f 2475/1/2455 2486/1/2466 2485/1/2465 2474/1/2454
f 2474/1/2454 2485/1/2465 2482/1/2462 2405/1/2385
f 2404/1/2384 2481/1/2461 2483/1/2463 2408/1/2388
f 2480/1/2460 2491/1/2471 2490/1/2470 2479/1/2459
f 2477/1/2457 2488/1/2468 2487/1/2467 2476/1/2456
f 333/1/333 346/1/346 2491/1/2471 2480/1/2460
f 2414/1/2394 2484/1/2464 337/1/337 259/1/259
f 383/1/383 385/1/385 2524/1/2504 2523/1/2503
f 337/1/337 2484/1/2464 2505/1/2485 361/1/361
f 2516/1/2496 2498/1/2478 354/1/354 374/1/374
f 2491/1/2471 2512/10/2492 2511/10/2491 2490/1/2470
f 2521/1/2501 2494/1/2474 2492/1/2472 2520/1/2500
f 2512/10/2492 2491/1/2471 346/1/346 370/1/370
f 2482/1/2462 2503/1/2483 2502/1/2482 2481/1/2461
f 2510/19/2490 2509/1/2489 2488/1/2468 2489/1/2469
f 2507/1/2487 2506/1/2486 2485/1/2465 2486/1/2466
f 2506/1/2486 2503/1/2483 2482/1/2462 2485/1/2465
f 2517/1/2497 2497/1/2477 2500/1/2480 2514/1/2494
f 2508/1/2488 2507/1/2487 2486/1/2466 2487/1/2467
f 2515/1/2495 2499/1/2479 2498/1/2478 2516/1/2496
f 2514/1/2494 2500/1/2480 2501/1/2481 2513/1/2493
f 2522/1/2502 2493/1/2473 2494/1/2474 2521/1/2501
f 2523/1/2503 2524/1/2504 2493/1/2473 2522/1/2502
f 2519/1/2499 2495/1/2475 2496/1/2476 2518/1/2498
f 2484/1/2464 2483/1/2463 2504/1/2484 2505/1/2485
f 2511/10/2491 2510/19/2490 2489/1/2469 2490/1/2470
f 2520/1/2500 2492/1/2472 2495/1/2475 2519/1/2499
f 2513/1/2493 2501/1/2481 2499/1/2479 2515/1/2495
f 2509/1/2489 2508/1/2488 2487/1/2467 2488/1/2468
f 2509/1/2489 2520/1/2500 2519/1/2499 2508/1/2488
f 2504/1/2484 2515/1/2495 2516/1/2496 2505/1/2485
f 370/1/370 383/1/383 2523/1/2503 2512/10/2492
f 2503/1/2483 2514/1/2494 2513/1/2493 2502/1/2482
f 2510/19/2490 2521/1/2501 2520/1/2500 2509/1/2489
f 2508/1/2488 2519/1/2499 2518/1/2498 2507/1/2487
f 2506/1/2486 2517/1/2497 2514/1/2494 2503/1/2483
f 2502/1/2482 2513/1/2493 2515/1/2495 2504/1/2484
f 2511/10/2491 2522/1/2502 2521/1/2501 2510/19/2490
f 2507/1/2487 2518/1/2498 2517/1/2497 2506/1/2486
f 2505/1/2485 2516/1/2496 374/1/374 361/1/361
f 2512/10/2492 2523/1/2503 2522/1/2502 2511/10/2491
f 2483/1/2463 2481/1/2461 2502/1/2482 2504/1/2484
f 2518/1/2498 2496/1/2476 2497/1/2477 2517/1/2497
f 2498/1/2478 2525/1/2505 387/1/387 354/1/354
f 2499/1/2479 2526/1/2506 2525/1/2505 2498/1/2478
f 2499/1/2479 2527/1/2507 2528/1/2508 2526/1/2506
f 2527/1/2507 2529/1/2509 2530/1/2510 2528/1/2508
f 2529/1/2509 2531/1/2511 2547/1/2527 2545/1/2525
f 2531/1/2511 2532/1/2512 2548/1/2528 2547/1/2527
f 2532/1/2512 2533/1/2513 2549/1/2529 2548/1/2528
f 2533/1/2513 2534/1/2514 2550/1/2530 2549/1/2529
f 2534/1/2514 2535/1/2515 2551/1/2531 2550/1/2530
f 2535/1/2515 2536/1/2516 2552/1/2532 2551/1/2531
f 2536/1/2516 2537/1/2517 2553/1/2533 2552/1/2532
f 2546/1/2526 2558/1/2538 2557/1/2537 2530/1/2510
f 2499/1/2479 2501/1/2481 2541/1/2521 2527/1/2507
f 2501/1/2481 2500/1/2480 2543/1/2523 2541/1/2521
f 2500/1/2480 2497/1/2477 2538/1/2518 2543/1/2523
f 2497/1/2477 2496/1/2476 2540/1/2520 2538/1/2518
f 2496/1/2476 2495/1/2475 2542/1/2522 2540/1/2520
f 2495/1/2475 2492/1/2472 2544/1/2524 2542/1/2522
f 2492/1/2472 2494/1/2474 2539/1/2519 2544/1/2524
f 2538/1/2518 2533/1/2513 2532/1/2512 2543/1/2523
f 2540/1/2520 2534/1/2514 2533/1/2513 2538/1/2518
f 2542/1/2522 2535/1/2515 2534/1/2514 2540/1/2520
f 2541/1/2521 2531/1/2511 2529/1/2509 2527/1/2507
f 2544/1/2524 2536/1/2516 2535/1/2515 2542/1/2522
f 2543/1/2523 2532/1/2512 2531/1/2511 2541/1/2521
f 2539/1/2519 2537/1/2517 2536/1/2516 2544/1/2524
f 2526/1/2506 2555/1/2535 2554/1/2534 2525/1/2505
f 2530/1/2510 2557/1/2537 2556/1/2536 2528/1/2508
f 2558/1/2538 2563/1/2543 2562/1/2542 2557/1/2537
f 2525/1/2505 2554/1/2534 417/1/417 387/1/387
f 2528/1/2508 2556/1/2536 2555/1/2535 2526/1/2506
f 2562/1/2542 2563/1/2543 2568/1/2548 2567/1/2547
f 2556/1/2536 2561/1/2541 2560/1/2540 2555/1/2535
f 2555/1/2535 2560/1/2540 2559/1/2539 2554/1/2534
f 2557/1/2537 2562/1/2542 2561/1/2541 2556/1/2536
f 2554/1/2534 2559/1/2539 423/1/423 417/1/417
f 2561/1/2541 2566/1/2546 2565/1/2545 2560/1/2540
f 2560/1/2540 2565/1/2545 2564/1/2544 2559/1/2539
f 2567/1/2547 2578/22/2558 2574/21/2554 2566/1/2546
f 2562/1/2542 2567/1/2547 2566/1/2546 2561/1/2541
f 2559/1/2539 2564/1/2544 429/1/429 423/1/423
f 2570/23/2550 2574/21/2554 2573/25/2553 2569/24/2549
f 2627/26/2607 2572/29/2552 2571/28/2551 2626/27/2606
f 2569/24/2549 2573/25/2553 2572/29/2552 2627/26/2607
f 2626/27/2606 2571/28/2551 2603/30/2583
f 2573/25/2553 2577/32/2557 2576/31/2556 2572/29/2552
f 2571/28/2551 2575/34/2555 2603/33/2583
f 2574/21/2554 2578/22/2558 2577/32/2557 2573/25/2553
f 2572/29/2552 2576/31/2556 2575/34/2555 2571/28/2551
f 2577/32/2557 2581/36/2561 2580/35/2560 2576/31/2556
f 2575/34/2555 2579/38/2559 2603/37/2583
f 2578/22/2558 2582/39/2562 2581/36/2561 2577/32/2557
f 2576/31/2556 2580/35/2560 2579/38/2559 2575/34/2555
f 2582/39/2562 2586/41/2566 2585/40/2565 2581/36/2561
f 2580/35/2560 2584/43/2564 2583/42/2563 2579/38/2559
f 2581/36/2561 2585/40/2565 2584/43/2564 2580/35/2560
f 2579/38/2559 2583/42/2563 2603/44/2583
f 2584/43/2564 2588/46/2568 2587/45/2567 2583/42/2563
f 2585/40/2565 2589/47/2569 2588/46/2568 2584/43/2564
f 2583/42/2563 2587/45/2567 2603/48/2583
f 2586/41/2566 2590/49/2570 2589/47/2569 2585/40/2565
f 2589/47/2569 2593/51/2573 2592/50/2572 2588/46/2568
f 2587/45/2567 2591/53/2571 2603/52/2583
f 2590/49/2570 2594/54/2574 2593/51/2573 2589/47/2569
f 2588/46/2568 2592/50/2572 2591/53/2571 2587/45/2567
f 2591/53/2571 2595/56/2575 2603/55/2583
f 2594/54/2574 2598/58/2578 2597/57/2577 2593/51/2573
f 2592/50/2572 2596/59/2576 2595/56/2575 2591/53/2571
f 2593/51/2573 2597/57/2577 2596/59/2576 2592/50/2572
f 2598/58/2578 2602/61/2582 2601/60/2581 2597/57/2577
f 2596/59/2576 2600/63/2580 2599/62/2579 2595/56/2575
f 2597/57/2577 2601/60/2581 2600/63/2580 2596/59/2576
f 2595/56/2575 2599/62/2579 2603/64/2583
f 2601/60/2581 2606/66/2586 2605/65/2585 2600/63/2580
f 2599/62/2579 2604/68/2584 2603/67/2583
f 2602/61/2582 2607/69/2587 2606/66/2586 2601/60/2581
f 2600/63/2580 2605/65/2585 2604/68/2584 2599/62/2579
f 2606/66/2586 2610/71/2590 2609/70/2589 2605/65/2585
f 2604/68/2584 2608/73/2588 2603/72/2583
f 2607/69/2587 2611/74/2591 2610/71/2590 2606/66/2586
f 2605/65/2585 2609/70/2589 2608/73/2588 2604/68/2584
f 2611/74/2591 480/76/480 479/75/479 2610/71/2590
f 2609/70/2589 2613/78/2593 2612/77/2592 2608/73/2588
f 2610/71/2590 479/75/479 2613/78/2593 2609/70/2589
f 2608/73/2588 2612/77/2592 2603/79/2583
f 2613/78/2593 2615/83/2595 2614/82/2594 2612/77/2592
f 479/75/479 483/80/483 2615/83/2595 2613/78/2593
f 2612/77/2592 2614/82/2594 2603/84/2583
f 483/85/483 487/88/487 2617/87/2597 2615/86/2595
f 2614/89/2594 2616/91/2596 2603/90/2583
f 2615/86/2595 2617/87/2597 2616/91/2596 2614/89/2594
f 487/88/487 2620/95/2600 2619/94/2599 2617/87/2597
f 2616/91/2596 2618/97/2598 2603/96/2583
f 488/93/488 2621/98/2601 2620/95/2600 487/88/487
f 2617/87/2597 2619/94/2599 2618/97/2598 2616/91/2596
f 2621/98/2601 2625/100/2605 2624/99/2604 2620/95/2600
f 2619/94/2599 2623/102/2603 2622/101/2602 2618/97/2598
f 2620/95/2600 2624/99/2604 2623/102/2603 2619/94/2599
f 2618/97/2598 2622/101/2602 2603/103/2583
f 2623/102/2603 2627/26/2607 2626/27/2606 2622/101/2602
f 2624/99/2604 2569/24/2549 2627/26/2607 2623/102/2603
f 2622/101/2602 2626/27/2606 2603/104/2583
f 2625/100/2605 2570/23/2550 2569/24/2549 2624/99/2604
f 2621/98/2601 503/98/502 504/100/503 2625/100/2605
f 488/93/488 502/93/501 503/98/502 2621/98/2601
f 2611/74/2591 499/74/499 500/76/500 480/76/480
f 429/1/429 2564/1/2544 2625/100/2605 504/100/503
f 2565/1/2545 2570/23/2550 2625/100/2605 2564/1/2544
f 2565/1/2545 2566/1/2546 2574/21/2554 2570/23/2550
f 2530/1/2510 2529/1/2509 2545/1/2525 2546/1/2526
f 2537/1/2517 2631/1/2611 2633/1/2613 2553/1/2533
f 2524/1/2504 2630/1/2610 2628/1/2608 2493/1/2473
f 2494/1/2474 2629/1/2609 2632/1/2612 2539/1/2519
f 2539/1/2519 2632/1/2612 2631/1/2611 2537/1/2517
f 2493/1/2473 2628/1/2608 2629/1/2609 2494/1/2474
f 385/1/385 508/1/507 2630/1/2610 2524/1/2504
f 2630/1/2610 2636/1/2616 2634/1/2614 2628/1/2608
f 2629/1/2609 2635/1/2615 2638/1/2618 2632/1/2612
f 2628/1/2608 2634/1/2614 2635/1/2615 2629/1/2609
f 508/1/507 515/1/514 2636/1/2616 2630/1/2610
f 2631/1/2611 2637/1/2617 2639/1/2619 2633/1/2613
f 2632/1/2612 2638/1/2618 2637/1/2617 2631/1/2611
f 2635/1/2615 2641/1/2621 2644/1/2624 2638/1/2618
f 2634/1/2614 2640/1/2620 2641/1/2621 2635/1/2615
f 515/1/514 522/1/521 2642/1/2622 2636/1/2616
f 2637/1/2617 2643/1/2623 2645/1/2625 2639/1/2619
f 2638/1/2618 2644/1/2624 2643/1/2623 2637/1/2617
f 2636/1/2616 2642/1/2622 2640/1/2620 2634/1/2614
f 2641/1/2621 2647/1/2627 2650/1/2630 2644/1/2624
f 2640/1/2620 2646/1/2626 2647/1/2627 2641/1/2621
f 522/1/521 529/1/528 2648/1/2628 2642/1/2622
f 2643/1/2623 2649/1/2629 2651/1/2631 2645/1/2625
f 2644/1/2624 2650/1/2630 2649/1/2629 2643/1/2623
f 2642/1/2622 2648/1/2628 2646/1/2626 2640/1/2620
f 2647/1/2627 2653/1/2633 2656/1/2636 2650/1/2630
f 2646/1/2626 2652/1/2632 2653/1/2633 2647/1/2627
f 529/1/528 536/1/535 2654/1/2634 2648/1/2628
f 2649/1/2629 2655/1/2635 2657/1/2637 2651/1/2631
f 2650/1/2630 2656/1/2636 2655/1/2635 2649/1/2629
f 2648/1/2628 2654/1/2634 2652/1/2632 2646/1/2626
f 2568/1/2548 2658/1/2638 2578/1/2558 2567/1/2547
f 2658/1/2638 2660/1/2640 2659/1/2639 2578/1/2558
f 2660/1/2640 2662/1/2642 2661/1/2641 2659/1/2639
f 2662/1/2642 2664/1/2644 2663/1/2643 2661/1/2641
f 2664/1/2644 2666/1/2646 2665/1/2645 2663/1/2643
f 2666/1/2646 2657/1/2637 2655/1/2635 2665/1/2645
f 2659/1/2639 2667/1/2647 2582/1/2562 2578/1/2558
f 2661/1/2641 2668/1/2648 2667/1/2647 2659/1/2639
f 2663/1/2643 2669/1/2649 2668/1/2648 2661/1/2641
f 2655/1/2635 2656/1/2636 2670/1/2650 2665/1/2645
f 2665/1/2645 2670/1/2650 2669/1/2649 2663/1/2643
f 2670/1/2650 2678/1/2658 2677/1/2657 2669/1/2649
f 2653/1/2633 2672/1/2652 2674/1/2654 2656/1/2636
f 2654/1/2634 2673/1/2653 2671/1/2651 2652/1/2632
f 2656/1/2636 2674/1/2654 2678/1/2658 2670/1/2650
f 2668/1/2648 2676/1/2656 2675/1/2655 2667/1/2647
f 2652/1/2632 2671/1/2651 2672/1/2652 2653/1/2633
f 2669/1/2649 2677/1/2657 2676/1/2656 2668/1/2648
f 2667/1/2647 2675/1/2655 2586/1/2566 2582/1/2562
f 536/1/535 556/1/555 2673/1/2653 2654/1/2634
f 2676/1/2656 2684/1/2664 2683/1/2663 2675/1/2655
f 2673/1/2653 2681/1/2661 2679/1/2659 2671/1/2651
f 2675/1/2655 2683/1/2663 2590/1/2570 2586/1/2566
f 2677/1/2657 2685/1/2665 2684/1/2664 2676/1/2656
f 2671/1/2651 2679/1/2659 2680/1/2660 2672/1/2652
f 2678/1/2658 2686/1/2666 2685/1/2665 2677/1/2657
f 2672/1/2652 2680/1/2660 2682/1/2662 2674/1/2654
f 556/1/555 565/1/564 2681/1/2661 2673/1/2653
f 2674/1/2654 2682/1/2662 2686/1/2666 2678/1/2658
f 2679/1/2659 2687/1/2667 2688/1/2668 2680/1/2660
f 2686/1/2666 2694/1/2674 2693/1/2673 2685/1/2665
f 2680/1/2660 2688/1/2668 2690/1/2670 2682/1/2662
f 565/1/564 574/1/573 2689/1/2669 2681/1/2661
f 2682/1/2662 2690/1/2670 2694/1/2674 2686/1/2666
f 2684/1/2664 2692/1/2672 2691/1/2671 2683/1/2663
f 2681/1/2661 2689/1/2669 2687/1/2667 2679/1/2659
f 2683/1/2663 2691/1/2671 2594/1/2574 2590/1/2570
f 2685/1/2665 2693/1/2673 2692/1/2672 2684/1/2664
f 2688/1/2668 2696/1/2676 2698/1/2678 2690/1/2670
f 574/1/573 583/1/582 2697/1/2677 2689/1/2669
f 2690/1/2670 2698/1/2678 2702/1/2682 2694/1/2674
f 2692/1/2672 2700/1/2680 2699/1/2679 2691/1/2671
f 2689/1/2669 2697/1/2677 2695/1/2675 2687/1/2667
f 2691/1/2671 2699/1/2679 2598/1/2578 2594/1/2574
f 2693/1/2673 2701/1/2681 2700/1/2680 2692/1/2672
f 2687/1/2667 2695/1/2675 2696/1/2676 2688/1/2668
f 2694/1/2674 2702/1/2682 2701/1/2681 2693/1/2673
f 2611/74/2591 2705/74/2685 593/74/592 499/74/499
f 2602/61/2582 2703/61/2683 2704/69/2684 2607/69/2587
f 2607/69/2587 2704/69/2684 2705/74/2685 2611/74/2591
f 2598/58/2578 2699/58/2679 2703/61/2683 2602/61/2582
f 2724/105/2704 2707/69/2687 2706/74/2686 2718/74/2698
f 2721/1/2701 2715/1/2695 2714/1/2694 2722/1/2702
f 2718/74/2698 2706/74/2686 589/74/588 608/74/607
f 2719/1/2699 2711/1/2691 2712/1/2692 2716/1/2696
f 2720/1/2700 2713/1/2693 2715/1/2695 2721/1/2701
f 2716/58/2696 2712/58/2692 2708/61/2688 2725/61/2705
f 2717/1/2697 2709/1/2689 2760/1/2740 2723/1/2703
f 605/1/604 601/1/600 2713/1/2693 2720/1/2700
f 2722/1/2702 2714/1/2694 2709/1/2689 2717/1/2697
f 2723/1/2703 2760/1/2740 2710/19/2690 2726/19/2706
f 2726/19/2706 2710/1/2690 2711/1/2691 2719/1/2699
f 2725/61/2705 2708/61/2688 2707/69/2687 2724/105/2704
f 2759/61/2739 2725/61/2705 2724/105/2704 2736/106/2716
f 2739/1/2719 2726/19/2706 2719/1/2699 2750/1/2730
f 2733/1/2713 2723/1/2703 2726/19/2706 2739/1/2719
f 2756/1/2736 2722/1/2702 2717/1/2697 2744/13/2724
f 618/1/617 605/1/604 2720/1/2700 2730/19/2710
f 2744/13/2724 2717/1/2697 2723/1/2703 2733/1/2713
f 2727/58/2707 2716/58/2696 2725/61/2705 2759/61/2739
f 2730/19/2710 2720/1/2700 2721/1/2701 2753/1/2733
f 2750/1/2730 2719/1/2699 2716/1/2696 2727/1/2707
f 2747/107/2727 2718/74/2698 608/74/607 641/74/640
f 2753/1/2733 2721/1/2701 2722/1/2702 2756/1/2736
f 2736/106/2716 2724/105/2704 2718/74/2698 2747/107/2727
f 2704/69/2684 2738/109/2718 2745/108/2725 2705/74/2685
f 2738/109/2718 2737/110/2717 2746/108/2726 2745/108/2725
f 2737/110/2717 2736/106/2716 2747/107/2727 2746/108/2726
f 2695/1/2675 2751/19/2731 2754/1/2734 2696/1/2676
f 2751/19/2731 2752/1/2732 2755/1/2735 2754/1/2734
f 2752/1/2732 2753/1/2733 2756/1/2736 2755/1/2735
f 2705/74/2685 2745/108/2725 639/111/638 593/74/592
f 2745/108/2725 2746/108/2726 640/74/639 639/111/638
f 2746/108/2726 2747/107/2727 641/74/640 640/74/639
f 2700/1/2680 2748/1/2728 2729/1/2709 2699/1/2679
f 2748/1/2728 2749/1/2729 2728/1/2708 2729/1/2709
f 2749/1/2729 2750/1/2730 2727/1/2707 2728/1/2708
f 2697/1/2677 2732/1/2712 2751/19/2731 2695/1/2675
f 2732/1/2712 2731/1/2711 2752/1/2732 2751/19/2731
f 2731/1/2711 2730/19/2710 2753/1/2733 2752/1/2732
f 2699/58/2679 2729/58/2709 2757/112/2737 2703/61/2683
f 2729/58/2709 2728/58/2708 2758/113/2738 2757/112/2737
f 2728/58/2708 2727/58/2707 2759/61/2739 2758/113/2738
f 2698/1/2678 2742/1/2722 2735/1/2715 2702/1/2682
f 2742/1/2722 2743/1/2723 2734/1/2714 2735/1/2715
f 2743/1/2723 2744/13/2724 2733/1/2713 2734/1/2714
f 583/1/582 620/1/619 2732/1/2712 2697/1/2677
f 620/1/619 619/1/618 2731/1/2711 2732/1/2712
f 619/1/618 618/1/617 2730/19/2710 2731/1/2711
f 2696/1/2676 2754/1/2734 2742/1/2722 2698/1/2678
f 2754/1/2734 2755/1/2735 2743/1/2723 2742/1/2722
f 2755/1/2735 2756/1/2736 2744/13/2724 2743/1/2723
f 2702/1/2682 2735/1/2715 2741/13/2721 2701/1/2681
f 2735/1/2715 2734/1/2714 2740/13/2720 2741/13/2721
f 2734/1/2714 2733/1/2713 2739/1/2719 2740/13/2720
f 2701/1/2681 2741/13/2721 2748/1/2728 2700/1/2680
f 2741/13/2721 2740/13/2720 2749/1/2729 2748/1/2728
f 2740/13/2720 2739/1/2719 2750/1/2730 2749/1/2729
f 2703/61/2683 2757/112/2737 2738/109/2718 2704/69/2684
f 2757/112/2737 2758/113/2738 2737/110/2717 2738/109/2718
f 2758/113/2738 2759/61/2739 2736/106/2716 2737/110/2717
f 2658/1/2638 2778/1/2758 2779/1/2759 2660/1/2640
f 2548/1/2528 2764/1/2744 2763/1/2743 2547/1/2527
f 2549/1/2529 2765/1/2745 2764/1/2744 2548/1/2528
f 2639/1/2619 2774/1/2754 2773/1/2753 2633/1/2613
f 2662/1/2642 2780/1/2760 2664/1/2644
f 2563/1/2543 2771/1/2751 2772/1/2752 2568/1/2548
f 2550/1/2530 2766/1/2746 2765/1/2745 2549/1/2529
f 2546/1/2526 2762/1/2742 2770/1/2750 2558/1/2538
f 2660/1/2640 2779/1/2759 2780/1/2760 2662/1/2642
f 2551/1/2531 2767/1/2747 2766/1/2746 2550/1/2530
f 2657/1/2637 2777/1/2757 2776/1/2756 2651/1/2631
f 2666/1/2646 2781/1/2761 2777/1/2757 2657/1/2637
f 2552/1/2532 2768/1/2748 2767/1/2747 2551/1/2531
f 2553/1/2533 2769/1/2749 2768/1/2748 2552/1/2532
f 2651/1/2631 2776/1/2756 2775/1/2755 2645/1/2625
f 2568/1/2548 2772/1/2752 2778/1/2758 2658/1/2638
f 2545/1/2525 2761/1/2741 2762/1/2742 2546/1/2526
f 2558/1/2538 2770/1/2750 2771/1/2751 2563/1/2543
f 2633/1/2613 2773/1/2753 2769/1/2749 2553/1/2533
f 2664/1/2644 2781/1/2761 2666/1/2646
f 2547/1/2527 2763/1/2743 2761/1/2741 2545/1/2525
f 2645/1/2625 2775/1/2755 2774/1/2754 2639/1/2619
f 2761/1/2741 2783/1/2763 2784/1/2764 2762/1/2742
f 2777/1/2757 2799/1/2779 2798/1/2778 2776/1/2756
f 2762/1/2742 2784/1/2764 2792/1/2772 2770/1/2750
f 2763/1/2743 2785/1/2765 2783/1/2763 2761/1/2741
f 2772/1/2752 2794/1/2774 2800/1/2780 2778/1/2758
f 2770/1/2750 2792/1/2772 2793/1/2773 2771/1/2751
f 2764/1/2744 2786/1/2766 2785/1/2765 2763/1/2743
f 2778/1/2758 2800/1/2780 2801/1/2781 2779/1/2759
f 2771/1/2751 2793/1/2773 2794/1/2774 2772/1/2752
f 2765/1/2745 2787/1/2767 2786/1/2766 2764/1/2744
f 2779/1/2759 2801/1/2781 2802/1/2782 2780/1/2760
f 2773/1/2753 2795/1/2775 2791/1/2771 2769/1/2749
f 2766/1/2746 2788/1/2768 2787/1/2767 2765/1/2745
f 2664/1/2644 2782/1/2762 2803/1/2783 2781/1/2761
f 2774/1/2754 2796/1/2776 2795/1/2775 2773/1/2753
f 2767/1/2747 2789/1/2769 2788/1/2768 2766/1/2746
f 2781/1/2761 2803/1/2783 2799/1/2779 2777/1/2757
f 2775/1/2755 2797/1/2777 2796/1/2776 2774/1/2754
f 2768/1/2748 2790/1/2770 2789/1/2769 2767/1/2747
f 2776/1/2756 2798/1/2778 2797/1/2777 2775/1/2755
f 2780/1/2760 2802/1/2782 2782/1/2762 2664/1/2644
f 2769/1/2749 2791/1/2771 2790/1/2770 2768/1/2748
f 2794/1/2774 2816/1/2796 2822/1/2802 2800/1/2780
f 2792/1/2772 2814/1/2794 2815/1/2795 2793/1/2773
f 2786/1/2766 2808/1/2788 2807/1/2787 2785/1/2765
f 2800/1/2780 2822/1/2802 2823/1/2803 2801/1/2781
f 2793/1/2773 2815/1/2795 2816/1/2796 2794/1/2774
f 2787/1/2767 2809/1/2789 2808/1/2788 2786/1/2766
f 2801/1/2781 2823/1/2803 2824/1/2804 2802/1/2782
f 2795/1/2775 2817/1/2797 2813/1/2793 2791/1/2771
f 2788/1/2768 2810/1/2790 2809/1/2789 2787/1/2767
f 2782/1/2762 2804/1/2784 2825/1/2805 2803/1/2783
f 2796/1/2776 2818/1/2798 2817/1/2797 2795/1/2775
f 2789/1/2769 2811/1/2791 2810/1/2790 2788/1/2768
f 2803/1/2783 2825/1/2805 2821/1/2801 2799/1/2779
f 2797/1/2777 2819/1/2799 2818/1/2798 2796/1/2776
f 2790/1/2770 2812/1/2792 2811/1/2791 2789/1/2769
f 2802/1/2782 2824/1/2804 2804/1/2784 2782/1/2762
f 2798/1/2778 2820/1/2800 2819/1/2799 2797/1/2777
f 2791/1/2771 2813/1/2793 2812/1/2792 2790/1/2770
f 2783/1/2763 2805/1/2785 2806/1/2786 2784/1/2764
f 2799/1/2779 2821/1/2801 2820/1/2800 2798/1/2778
f 2784/1/2764 2806/1/2786 2814/1/2794 2792/1/2772
f 2785/1/2765 2807/1/2787 2805/1/2785 2783/1/2763
f 2814/1/2794 2836/1/2816 2837/1/2817 2815/1/2795
f 2808/1/2788 2830/1/2810 2829/1/2809 2807/1/2787
f 2822/1/2802 2844/1/2824 2845/1/2825 2823/1/2803
f 2815/1/2795 2837/1/2817 2838/1/2818 2816/1/2796
f 2809/1/2789 2831/1/2811 2830/1/2810 2808/1/2788
f 2823/1/2803 2845/1/2825 2846/1/2826 2824/1/2804
f 2817/1/2797 2839/1/2819 2835/1/2815 2813/1/2793
f 2810/1/2790 2832/1/2812 2831/1/2811 2809/1/2789
f 2804/1/2784 2826/1/2806 2847/1/2827 2825/1/2805
f 2818/1/2798 2840/1/2820 2839/1/2819 2817/1/2797
f 2811/1/2791 2833/1/2813 2832/1/2812 2810/1/2790
f 2825/1/2805 2847/1/2827 2843/1/2823 2821/1/2801
f 2819/1/2799 2841/1/2821 2840/1/2820 2818/1/2798
f 2812/1/2792 2834/1/2814 2833/1/2813 2811/1/2791
f 2824/1/2804 2846/1/2826 2826/1/2806 2804/1/2784
f 2820/1/2800 2842/1/2822 2841/1/2821 2819/1/2799
f 2813/1/2793 2835/1/2815 2834/1/2814 2812/1/2792
f 2805/1/2785 2827/1/2807 2828/1/2808 2806/1/2786
f 2821/1/2801 2843/1/2823 2842/1/2822 2820/1/2800
f 2806/1/2786 2828/1/2808 2836/1/2816 2814/1/2794
f 2807/1/2787 2829/1/2809 2827/1/2807 2805/1/2785
f 2816/1/2796 2838/1/2818 2844/1/2824 2822/1/2802
f 2830/1/2810 2852/1/2832 2851/1/2831 2829/1/2809
f 2844/1/2824 2866/1/2846 2867/1/2847 2845/1/2825
f 2837/1/2817 2859/1/2839 2860/1/2840 2838/1/2818
f 2831/1/2811 2853/1/2833 2852/1/2832 2830/1/2810
f 2845/1/2825 2867/1/2847 2868/1/2848 2846/1/2826
f 2839/1/2819 2861/1/2841 2857/1/2837 2835/1/2815
f 2832/1/2812 2854/1/2834 2853/1/2833 2831/1/2811
f 2826/1/2806 2848/1/2828 2869/1/2849 2847/1/2827
f 2840/1/2820 2862/1/2842 2861/1/2841 2839/1/2819
f 2833/1/2813 2855/1/2835 2854/1/2834 2832/1/2812
f 2847/1/2827 2869/1/2849 2865/1/2845 2843/1/2823
f 2841/1/2821 2863/1/2843 2862/1/2842 2840/1/2820
f 2834/1/2814 2856/1/2836 2855/1/2835 2833/1/2813
f 2846/1/2826 2868/1/2848 2848/1/2828 2826/1/2806
f 2842/1/2822 2864/1/2844 2863/1/2843 2841/1/2821
f 2835/1/2815 2857/1/2837 2856/1/2836 2834/1/2814
f 2827/1/2807 2849/1/2829 2850/1/2830 2828/1/2808
f 2843/1/2823 2865/1/2845 2864/1/2844 2842/1/2822
f 2828/1/2808 2850/1/2830 2858/1/2838 2836/1/2816
f 2829/1/2809 2851/1/2831 2849/1/2829 2827/1/2807
f 2838/1/2818 2860/1/2840 2866/1/2846 2844/1/2824
f 2836/1/2816 2858/1/2838 2859/1/2839 2837/1/2817
f 2859/1/2839 2881/1/2861 2882/1/2862 2860/1/2840
f 2853/1/2833 2875/1/2855 2874/1/2854 2852/1/2832
f 2867/1/2847 2889/1/2869 2890/1/2870 2868/1/2848
f 2861/1/2841 2883/1/2863 2879/1/2859 2857/1/2837
f 2854/1/2834 2876/1/2856 2875/1/2855 2853/1/2833
f 2848/1/2828 2870/1/2850 2891/1/2871 2869/1/2849
f 2862/1/2842 2884/1/2864 2883/1/2863 2861/1/2841
f 2855/1/2835 2877/1/2857 2876/1/2856 2854/1/2834
f 2869/1/2849 2891/1/2871 2887/1/2867 2865/1/2845
f 2863/1/2843 2885/1/2865 2884/1/2864 2862/1/2842
f 2856/1/2836 2878/1/2858 2877/1/2857 2855/1/2835
f 2868/1/2848 2890/1/2870 2870/1/2850 2848/1/2828
f 2864/1/2844 2886/1/2866 2885/1/2865 2863/1/2843
f 2857/1/2837 2879/1/2859 2878/1/2858 2856/1/2836
f 2849/1/2829 2871/1/2851 2872/1/2852 2850/1/2830
f 2865/1/2845 2887/1/2867 2886/1/2866 2864/1/2844
f 2850/1/2830 2872/1/2852 2880/1/2860 2858/1/2838
f 2851/1/2831 2873/1/2853 2871/1/2851 2849/1/2829
f 2860/1/2840 2882/1/2862 2888/1/2868 2866/1/2846
f 2858/1/2838 2880/1/2860 2881/1/2861 2859/1/2839
f 2852/1/2832 2874/1/2854 2873/1/2853 2851/1/2831
f 2866/1/2846 2888/1/2868 2889/1/2869 2867/1/2847
f 2879/1/2859 2898/1/2878 2899/1/2879 2878/1/2858
f 2881/1/2861 2896/1/2876 2895/1/2875 2882/1/2862
f 2885/1/2865 2892/1/2872 2893/1/2873 2884/1/2864
f 2871/1/2851 2906/1/2886 2905/1/2885 2872/1/2852
f 2888/1/2868 4049/1/4001 4048/1/4000 2889/1/2869
f 2884/1/2864 2893/1/2873 2894/1/2874 2883/1/2863
f 2886/1/2866 4051/1/4003 2892/1/2872 2885/1/2865
f 2889/1/2869 4048/1/4000 4047/1/3999 2890/1/2870
f 2870/1/2850 2907/1/2887 4046/1/3998 2891/1/2871
f 2878/1/2858 2899/1/2879 2900/1/2880 2877/1/2857
f 2874/1/2854 2903/1/2883 2904/1/2884 2873/1/2853
f 2876/1/2856 2901/1/2881 2902/1/2882 2875/1/2855
f 2890/1/2870 4047/1/3999 2907/1/2887 2870/1/2850
f 2882/1/2862 2895/1/2875 4049/1/4001 2888/1/2868
f 2883/1/2863 2894/1/2874 2898/1/2878 2879/1/2859
f 2872/1/2852 2905/1/2885 2897/1/2877 2880/1/2860
f 2880/1/2860 2897/1/2877 2896/1/2876 2881/1/2861
f 2877/1/2857 2900/1/2880 2901/1/2881 2876/1/2856
f 2873/1/2853 2904/1/2884 2906/1/2886 2871/1/2851
f 2887/1/2867 4050/1/4002 4051/1/4003 2886/1/2866
f 2875/1/2855 2902/1/2882 2903/1/2883 2874/1/2854
f 2891/1/2871 4046/1/3998 4050/1/4002 2887/1/2867
f 2933/74/2913 2908/74/2888 805/74/804 843/74/842
f 2908/74/2888 2909/74/2889 807/74/806 805/74/804
f 2909/74/2889 2910/74/2890 809/74/808 807/74/806
f 2910/74/2890 2911/74/2891 811/74/810 809/74/808
f 2911/74/2891 2912/74/2892 813/74/812 811/74/810
f 2912/74/2892 2913/74/2893 815/74/814 813/74/812
f 2913/74/2893 2914/74/2894 817/74/816 815/74/814
f 2908/74/2888 2915/74/2895 2916/74/2896 2909/74/2889
f 2915/74/2895 2917/74/2897 2918/74/2898 2916/74/2896
f 2917/74/2897 2919/74/2899 2920/74/2900 2918/74/2898
f 2919/74/2899 2921/74/2901 2922/74/2902 2920/74/2900
f 2921/74/2901 2923/74/2903 2924/74/2904 2922/74/2902
f 2923/74/2903 2925/74/2905 2926/74/2906 2924/74/2904
f 2925/74/2905 2927/74/2907 2928/74/2908 2926/74/2906
f 2927/74/2907 2929/74/2909 2930/74/2910 2928/74/2908
f 2914/74/2894 2931/74/2911 819/74/818 817/74/816
f 2931/74/2911 2932/74/2912 837/74/836 819/74/818
f 2942/114/2922 858/114/857 837/74/836 2932/74/2912
f 2930/74/2910 2929/74/2909 2932/74/2912 2931/74/2911
f 2933/74/2913 2947/115/2927 2915/74/2895 2908/74/2888
f 2947/115/2927 2952/116/2932 2917/74/2897 2915/74/2895
f 2952/116/2932 2957/117/2937 2919/74/2899 2917/74/2897
f 2957/117/2937 2962/118/2942 2921/74/2901 2919/74/2899
f 2962/118/2942 2967/118/2947 2923/74/2903 2921/74/2901
f 2967/118/2947 2972/118/2952 2925/74/2905 2923/74/2903
f 2972/118/2952 2977/118/2957 2927/74/2907 2925/74/2905
f 2977/118/2957 2982/118/2962 2929/74/2909 2927/74/2907
f 2942/114/2922 2932/74/2912 2929/74/2909 2982/118/2962
f 2715/3/2695 2938/120/2918 2978/119/2958 2714/1/2694
f 2938/120/2918 2939/122/2919 2979/121/2959 2978/119/2958
f 2939/122/2919 2940/124/2920 2980/123/2960 2979/121/2959
f 2940/124/2920 2941/126/2921 2981/125/2961 2980/123/2960
f 2941/126/2921 2942/114/2922 2982/118/2962 2981/125/2961
f 2709/1/2689 2714/1/2694 2978/119/2958 2973/119/2953
f 2973/119/2953 2978/119/2958 2979/121/2959 2974/121/2954
f 2974/121/2954 2979/121/2959 2980/123/2960 2975/123/2955
f 2975/123/2955 2980/123/2960 2981/125/2961 2976/125/2956
f 2976/125/2956 2981/125/2961 2982/118/2962 2977/118/2957
f 2760/1/2740 2709/1/2689 2973/119/2953 2968/119/2948
f 2968/119/2948 2973/119/2953 2974/121/2954 2969/121/2949
f 2969/121/2949 2974/121/2954 2975/123/2955 2970/123/2950
f 2970/123/2950 2975/123/2955 2976/125/2956 2971/125/2951
f 2971/125/2951 2976/125/2956 2977/118/2957 2972/118/2952
f 2710/1/2690 2760/1/2740 2968/119/2948 2963/119/2943
f 2963/119/2943 2968/119/2948 2969/121/2949 2964/121/2944
f 2964/121/2944 2969/121/2949 2970/123/2950 2965/123/2945
f 2965/123/2945 2970/123/2950 2971/125/2951 2966/125/2946
f 2966/125/2946 2971/125/2951 2972/118/2952 2967/118/2947
f 2711/1/2691 2710/1/2690 2963/119/2943 2958/119/2938
f 2958/119/2938 2963/119/2943 2964/121/2944 2959/121/2939
f 2959/121/2939 2964/121/2944 2965/123/2945 2960/123/2940
f 2960/123/2940 2965/123/2945 2966/125/2946 2961/125/2941
f 2961/125/2941 2966/125/2946 2967/118/2947 2962/118/2942
f 2712/58/2692 2711/1/2691 2958/119/2938 2953/127/2933
f 2953/127/2933 2958/119/2938 2959/121/2939 2954/128/2934
f 2954/128/2934 2959/121/2939 2960/123/2940 2955/129/2935
f 2955/129/2935 2960/123/2940 2961/125/2941 2956/130/2936
f 2956/130/2936 2961/125/2941 2962/118/2942 2957/117/2937
f 2708/61/2688 2712/58/2692 2953/127/2933 2948/131/2928
f 2948/131/2928 2953/127/2933 2954/128/2934 2949/132/2929
f 2949/132/2929 2954/128/2934 2955/129/2935 2950/133/2930
f 2950/133/2930 2955/129/2935 2956/130/2936 2951/134/2931
f 2951/134/2931 2956/130/2936 2957/117/2937 2952/116/2932
f 2707/69/2687 2708/61/2688 2948/131/2928 2943/135/2923
f 2943/135/2923 2948/131/2928 2949/132/2929 2944/136/2924
f 2944/136/2924 2949/132/2929 2950/133/2930 2945/137/2925
f 2945/137/2925 2950/133/2930 2951/134/2931 2946/116/2926
f 2946/116/2926 2951/134/2931 2952/116/2932 2947/115/2927
f 2706/74/2686 2707/69/2687 2943/135/2923 2937/74/2917
f 2937/74/2917 2943/135/2923 2944/136/2924 2936/74/2916
f 2936/74/2916 2944/136/2924 2945/137/2925 2935/138/2915
f 2935/138/2915 2945/137/2925 2946/116/2926 2934/138/2914
f 2934/138/2914 2946/116/2926 2947/115/2927 2933/74/2913
f 2715/3/2695 601/3/600 854/120/853 2938/120/2918
f 2938/120/2918 854/120/853 855/122/854 2939/122/2919
f 2939/122/2919 855/122/854 856/124/855 2940/124/2920
f 2940/124/2920 856/124/855 857/126/856 2941/126/2921
f 2941/126/2921 857/126/856 858/114/857 2942/114/2922
f 2706/74/2686 2937/74/2917 839/74/838 589/74/588
f 2937/74/2917 2936/74/2916 840/138/839 839/74/838
f 2936/74/2916 2935/138/2915 841/138/840 840/138/839
f 2935/138/2915 2934/138/2914 842/74/841 841/138/840
f 2934/138/2914 2933/74/2913 843/74/842 842/74/841
f 2924/74/2904 2990/74/2970 2989/74/2969 2922/74/2902
f 2913/74/2893 903/74/902 2985/74/2965 2914/74/2894
f 2920/74/2900 2988/74/2968 2987/74/2967 2918/74/2898
f 2930/74/2910 2993/74/2973 2992/74/2972 2928/74/2908
f 2911/74/2891 901/74/900 902/74/901 2912/74/2892
f 2916/74/2896 2986/74/2966 2983/74/2963 2909/74/2889
f 2926/74/2906 2991/74/2971 2990/74/2970 2924/74/2904
f 2909/74/2889 2983/74/2963 2984/74/2964 2910/74/2890
f 2922/74/2902 2989/74/2969 2988/74/2968 2920/74/2900
f 2931/74/2911 2994/74/2974 2993/74/2973 2930/74/2910
f 2912/74/2892 902/74/901 903/74/902 2913/74/2893
f 2918/74/2898 2987/74/2967 2986/74/2966 2916/74/2896
f 2928/74/2908 2992/74/2972 2991/74/2971 2926/74/2906
f 2914/74/2894 2985/74/2965 2994/74/2974 2931/74/2911
f 2910/74/2890 2984/74/2964 901/74/900 2911/74/2891
f 3007/74/2987 2996/74/2976 916/74/915 930/74/929
f 3011/107/2991 3002/74/2982 3001/74/2981 3010/107/2990
f 3013/140/2993 3003/74/2983 3002/74/2982 3011/107/2991
f 3015/140/2995 3004/74/2984 3003/74/2983 3013/140/2993
f 942/74/939 918/74/917 2997/74/2977 3018/141/2998
f 3019/74/2999 3005/74/2985 3004/74/2984 3015/140/2995
f 3023/142/3003 2998/74/2978 2995/74/2975 3022/107/3002
f 3018/141/2998 2997/74/2977 3006/74/2986 3026/74/3006
f 3027/74/3007 2999/74/2979 2998/74/2978 3023/142/3003
f 3026/74/3006 3006/74/2986 3005/74/2985 3019/74/2999
f 3029/74/3009 3000/74/2980 2999/74/2979 3027/74/3007
f 3022/107/3002 2995/74/2975 2996/74/2976 3007/74/2987
f 3010/107/2990 3001/74/2981 3000/74/2980 3029/74/3009
f 2989/74/2969 3009/139/2989 3030/74/3010 2988/74/2968
f 3009/139/2989 3010/107/2990 3029/74/3009 3030/74/3010
f 2983/74/2963 3021/142/3001 3008/74/2988 2984/74/2964
f 3021/142/3001 3022/107/3002 3007/74/2987 3008/74/2988
f 2988/74/2968 3030/74/3010 3028/140/3008 2987/74/2967
f 3030/74/3010 3029/74/3009 3027/74/3007 3028/140/3008
f 2994/74/2974 3025/111/3005 3020/140/3000 2993/74/2973
f 3025/111/3005 3026/74/3006 3019/74/2999 3020/140/3000
f 2987/74/2967 3028/140/3008 3024/111/3004 2986/74/2966
f 3028/140/3008 3027/74/3007 3023/142/3003 3024/111/3004
f 2985/74/2965 3017/141/2997 3025/111/3005 2994/74/2974
f 3017/141/2997 3018/141/2998 3026/74/3006 3025/111/3005
f 2986/74/2966 3024/111/3004 3021/142/3001 2983/74/2963
f 3024/111/3004 3023/142/3003 3022/107/3002 3021/142/3001
f 2993/74/2973 3020/140/3000 3016/140/2996 2992/74/2972
f 3020/140/3000 3019/74/2999 3015/140/2995 3016/140/2996
f 903/74/902 941/74/938 3017/141/2997 2985/74/2965
f 941/74/938 942/74/939 3018/141/2998 3017/141/2997
f 2992/74/2972 3016/140/2996 3014/107/2994 2991/74/2971
f 3016/140/2996 3015/140/2995 3013/140/2993 3014/107/2994
f 2991/74/2971 3014/107/2994 3012/143/2992 2990/74/2970
f 3014/107/2994 3013/140/2993 3011/107/2991 3012/143/2992
f 2990/74/2970 3012/143/2992 3009/139/2989 2989/74/2969
f 3012/143/2992 3011/107/2991 3010/107/2990 3009/139/2989
f 2984/74/2964 3008/74/2988 929/74/928 901/74/900
f 3008/74/2988 3007/74/2987 930/74/929 929/74/928
f 3001/74/2981 3040/74/3020 3039/74/3019 3000/74/2980
f 2996/74/2976 3032/74/3012 3033/74/3013 916/74/915
f 3202/139/3182 3057/74/3037 3056/74/3036 3196/138/3176
f 3002/74/2982 3041/74/3021 3040/74/3020 3001/74/2981
f 916/74/915 3033/74/3013 3034/74/3014 917/74/916
f 3003/74/2983 3042/74/3022 3041/74/3021 3002/74/2982
f 917/74/916 3034/74/3014 3035/74/3015 918/74/917
f 3004/74/2984 3043/74/3023 3042/74/3022 3003/74/2983
f 918/74/917 3035/74/3015 3036/74/3016 2997/74/2977
f 3005/74/2985 3044/74/3024 3043/74/3023 3004/74/2984
f 2998/74/2978 3037/74/3017 3031/74/3011 2995/74/2975
f 2997/74/2977 3036/74/3016 3045/74/3025 3006/74/2986
f 2999/74/2979 3038/74/3018 3037/74/3017 2998/74/2978
f 3006/74/2986 3045/74/3025 3044/74/3024 3005/74/2985
f 3000/74/2980 3039/74/3019 3038/74/3018 2999/74/2979
f 2995/74/2975 3031/74/3011 3032/74/3012 2996/74/2976
f 3203/74/3183 3049/74/3029 3050/74/3030 3181/142/3161
f 3204/143/3184 3058/74/3038 3057/74/3037 3202/139/3182
f 3181/142/3161 3050/74/3030 3051/74/3031 3197/143/3177
f 3205/107/3185 3059/74/3039 3058/74/3038 3204/143/3184
f 3206/107/3186 3052/74/3032 3046/74/3026 3198/107/3178
f 3197/143/3177 3051/74/3031 3060/74/3040 3199/74/3179
f 3207/138/3187 3053/74/3033 3052/74/3032 3206/107/3186
f 3199/74/3179 3060/74/3040 3059/74/3039 3205/107/3185
f 3208/107/3188 3054/74/3034 3053/74/3033 3207/138/3187
f 3198/107/3178 3046/74/3026 3047/74/3027 3200/74/3180
f 3209/74/3189 3055/74/3035 3054/74/3034 3208/107/3188
f 3200/74/3180 3047/74/3027 3048/74/3028 3201/74/3181
f 3196/138/3176 3056/74/3036 3055/74/3035 3209/74/3189
f 3201/74/3181 3048/74/3028 3049/74/3029 3203/74/3183
f 3033/74/3013 3145/74/3125 3084/107/3064 3034/74/3014
f 3145/74/3125 3146/74/3126 3083/74/3063 3084/107/3064
f 3146/74/3126 3147/74/3127 3082/140/3062 3083/74/3063
f 3147/74/3127 3148/138/3128 3081/74/3061 3082/140/3062
f 3148/138/3128 3149/74/3129 3080/142/3060 3081/74/3061
f 3149/74/3129 3150/74/3130 3079/74/3059 3080/142/3060
f 3041/74/3021 3061/74/3041 3144/107/3124 3040/74/3020
f 3061/74/3041 3062/107/3042 3143/139/3123 3144/107/3124
f 3062/107/3042 3063/143/3043 3142/74/3122 3143/139/3123
f 3063/143/3043 3064/140/3044 3141/74/3121 3142/74/3122
f 3064/140/3044 3065/143/3045 3140/74/3120 3141/74/3121
f 3065/143/3045 3066/74/3046 3139/74/3119 3140/74/3120
f 3032/74/3012 3133/74/3113 3145/74/3125 3033/74/3013
f 3133/74/3113 3134/107/3114 3146/74/3126 3145/74/3125
f 3134/107/3114 3135/74/3115 3147/74/3127 3146/74/3126
f 3135/74/3115 3136/142/3116 3148/138/3128 3147/74/3127
f 3136/142/3116 3137/142/3117 3149/74/3129 3148/138/3128
f 3137/142/3117 3138/74/3118 3150/74/3130 3149/74/3129
f 3040/74/3020 3144/107/3124 3132/74/3112 3039/74/3019
f 3144/107/3124 3143/139/3123 3131/138/3111 3132/74/3112
f 3143/139/3123 3142/74/3122 3130/74/3110 3131/138/3111
f 3142/74/3122 3141/74/3121 3129/138/3109 3130/74/3110
f 3141/74/3121 3140/74/3120 3128/74/3108 3129/138/3109
f 3140/74/3120 3139/74/3119 3127/74/3107 3128/74/3108
f 3031/74/3011 3103/74/3083 3133/74/3113 3032/74/3012
f 3103/74/3083 3104/139/3084 3134/107/3114 3133/74/3113
f 3104/139/3084 3105/74/3085 3135/74/3115 3134/107/3114
f 3105/74/3085 3106/74/3086 3136/142/3116 3135/74/3115
f 3106/74/3086 3107/107/3087 3137/142/3117 3136/142/3116
f 3107/107/3087 3108/74/3088 3138/74/3118 3137/142/3117
f 3039/74/3019 3132/74/3112 3126/107/3106 3038/74/3018
f 3132/74/3112 3131/138/3111 3125/74/3105 3126/107/3106
f 3131/138/3111 3130/74/3110 3124/143/3104 3125/74/3105
f 3130/74/3110 3129/138/3109 3123/138/3103 3124/143/3104
f 3129/138/3109 3128/74/3108 3122/74/3102 3123/138/3103
f 3128/74/3108 3127/74/3107 3121/74/3101 3122/74/3102
f 3045/74/3025 3115/74/3095 3102/138/3082 3044/74/3024
f 3115/74/3095 3116/107/3096 3101/74/3081 3102/138/3082
f 3116/107/3096 3117/74/3097 3100/74/3080 3101/74/3081
f 3117/74/3097 3118/138/3098 3099/143/3079 3100/74/3080
f 3118/138/3098 3119/138/3099 3098/74/3078 3099/143/3079
f 3119/138/3099 3120/74/3100 3097/74/3077 3098/74/3078
f 3038/74/3018 3126/107/3106 3114/74/3094 3037/74/3017
f 3126/107/3106 3125/74/3105 3113/74/3093 3114/74/3094
f 3125/74/3105 3124/143/3104 3112/142/3092 3113/74/3093
f 3124/143/3104 3123/138/3103 3111/74/3091 3112/142/3092
f 3123/138/3103 3122/74/3102 3110/142/3090 3111/74/3091
f 3122/74/3102 3121/74/3101 3109/74/3089 3110/142/3090
f 3036/74/3016 3091/139/3071 3115/74/3095 3045/74/3025
f 3091/139/3071 3092/142/3072 3116/107/3096 3115/74/3095
f 3092/142/3072 3093/141/3073 3117/74/3097 3116/107/3096
f 3093/141/3073 3094/74/3074 3118/138/3098 3117/74/3097
f 3094/74/3074 3095/74/3075 3119/138/3099 3118/138/3098
f 3095/74/3075 3096/139/3076 3120/74/3100 3119/138/3099
f 3037/74/3017 3114/74/3094 3103/74/3083 3031/74/3011
f 3114/74/3094 3113/74/3093 3104/139/3084 3103/74/3083
f 3113/74/3093 3112/142/3092 3105/74/3085 3104/139/3084
f 3112/142/3092 3111/74/3091 3106/74/3086 3105/74/3085
f 3111/74/3091 3110/142/3090 3107/107/3087 3106/74/3086
f 3110/142/3090 3109/74/3089 3108/74/3088 3107/107/3087
f 3044/74/3024 3102/138/3082 3090/74/3070 3043/74/3023
f 3102/138/3082 3101/74/3081 3089/107/3069 3090/74/3070
f 3101/74/3081 3100/74/3080 3088/74/3068 3089/107/3069
f 3100/74/3080 3099/143/3079 3087/74/3067 3088/74/3068
f 3099/143/3079 3098/74/3078 3086/107/3066 3087/74/3067
f 3098/74/3078 3097/74/3077 3085/143/3065 3086/107/3066
f 3035/74/3015 3073/143/3053 3091/139/3071 3036/74/3016
f 3073/143/3053 3074/74/3054 3092/142/3072 3091/139/3071
f 3074/74/3054 3075/143/3055 3093/141/3073 3092/142/3072
f 3075/143/3055 3076/141/3056 3094/74/3074 3093/141/3073
f 3076/141/3056 3077/107/3057 3095/74/3075 3094/74/3074
f 3077/107/3057 3078/74/3058 3096/139/3076 3095/74/3075
f 3043/74/3023 3090/74/3070 3072/138/3052 3042/74/3022
f 3090/74/3070 3089/107/3069 3071/107/3051 3072/138/3052
f 3089/107/3069 3088/74/3068 3070/74/3050 3071/107/3051
f 3088/74/3068 3087/74/3067 3069/138/3049 3070/74/3050
f 3087/74/3067 3086/107/3066 3068/138/3048 3069/138/3049
f 3086/107/3066 3085/143/3065 3067/138/3047 3068/138/3048
f 3034/74/3014 3084/107/3064 3073/143/3053 3035/74/3015
f 3084/107/3064 3083/74/3063 3074/74/3054 3073/143/3053
f 3083/74/3063 3082/140/3062 3075/143/3055 3074/74/3054
f 3082/140/3062 3081/74/3061 3076/141/3056 3075/143/3055
f 3081/74/3061 3080/142/3060 3077/107/3057 3076/141/3056
f 3080/142/3060 3079/74/3059 3078/74/3058 3077/107/3057
f 3042/74/3022 3072/138/3052 3061/74/3041 3041/74/3021
f 3072/138/3052 3071/107/3051 3062/107/3042 3061/74/3041
f 3071/107/3051 3070/74/3050 3063/143/3043 3062/107/3042
f 3070/74/3050 3069/138/3049 3064/140/3044 3063/143/3043
f 3069/138/3049 3068/138/3048 3065/143/3045 3064/140/3044
f 3068/138/3048 3067/138/3047 3066/74/3046 3065/143/3045
f 3056/74/3036 3161/74/3141 3160/74/3140 3055/74/3035
f 3048/74/3028 3153/74/3133 3154/74/3134 3049/74/3029
f 3057/74/3037 3162/74/3142 3161/74/3141 3056/74/3036
f 3049/74/3029 3154/74/3134 3155/74/3135 3050/74/3030
f 3058/74/3038 3163/74/3143 3162/74/3142 3057/74/3037
f 3050/74/3030 3155/74/3135 3156/74/3136 3051/74/3031
f 3059/74/3039 3164/74/3144 3163/74/3143 3058/74/3038
f 3046/74/3026 3151/74/3131 3152/74/3132 3047/74/3027
f 3052/74/3032 3157/74/3137 3151/74/3131 3046/74/3026
f 3051/74/3031 3156/74/3136 3165/74/3145 3060/74/3040
f 3053/74/3033 3158/74/3138 3157/74/3137 3052/74/3032
f 3060/74/3040 3165/74/3145 3164/74/3144 3059/74/3039
f 3054/74/3034 3159/74/3139 3158/74/3138 3053/74/3033
f 3047/74/3027 3152/74/3132 3153/74/3133 3048/74/3028
f 3055/74/3035 3160/74/3140 3159/74/3139 3054/74/3034
f 3158/74/3138 3173/74/3153 3172/74/3152 3157/74/3137
f 3165/74/3145 3180/74/3160 3179/74/3159 3164/74/3144
f 3159/74/3139 3174/74/3154 3173/74/3153 3158/74/3138
f 3152/74/3132 3167/74/3147 3168/74/3148 3153/74/3133
f 3160/74/3140 3175/74/3155 3174/74/3154 3159/74/3139
f 3151/74/3131 3166/74/3146 3167/74/3147 3152/74/3132
f 3161/74/3141 3176/74/3156 3175/74/3155 3160/74/3140
f 3153/74/3133 3168/74/3148 3169/74/3149 3154/74/3134
f 3162/74/3142 3177/74/3157 3176/74/3156 3161/74/3141
f 3154/74/3134 3169/74/3149 3170/74/3150 3155/74/3135
f 3163/74/3143 3178/74/3158 3177/74/3157 3162/74/3142
f 3155/74/3135 3170/74/3150 3171/74/3151 3156/74/3136
f 3164/74/3144 3179/74/3159 3178/74/3158 3163/74/3143
f 3157/74/3137 3172/74/3152 3166/74/3146 3151/74/3131
f 3156/74/3136 3171/74/3151 3180/74/3160 3165/74/3145
f 3171/74/3151 3187/74/3167 3195/74/3175 3180/74/3160
f 3150/74/3130 3201/74/3181 3203/74/3183 3079/74/3059
f 3173/74/3153 3189/74/3169 3188/74/3168 3172/74/3152
f 3180/74/3160 3195/74/3175 3194/74/3174 3179/74/3159
f 3174/74/3154 3190/74/3170 3189/74/3169 3173/74/3153
f 3167/74/3147 3183/74/3163 3184/74/3164 3168/74/3148
f 3175/74/3155 3215/74/3190 3190/74/3170 3174/74/3154
f 3166/74/3146 3182/74/3162 3183/74/3163 3167/74/3147
f 3066/74/3046 3196/138/3176 3209/74/3189 3139/74/3119
f 3176/74/3156 3191/74/3171 3215/74/3190 3175/74/3155
f 3168/74/3148 3184/74/3164 3185/74/3165 3169/74/3149
f 3177/74/3157 3192/74/3172 3191/74/3171 3176/74/3156
f 3169/74/3149 3185/74/3165 3186/74/3166 3170/74/3150
f 3178/74/3158 3193/74/3173 3192/74/3172 3177/74/3157
f 3170/74/3150 3186/74/3166 3187/74/3167 3171/74/3151
f 3179/74/3159 3194/74/3174 3193/74/3173 3178/74/3158
f 3172/74/3152 3188/74/3168 3182/74/3162 3166/74/3146
f 3138/74/3118 3200/74/3180 3201/74/3181 3150/74/3130
f 3139/74/3119 3209/74/3189 3208/107/3188 3127/74/3107
f 3108/74/3088 3198/107/3178 3200/74/3180 3138/74/3118
f 3127/74/3107 3208/107/3188 3207/138/3187 3121/74/3101
f 3120/74/3100 3199/74/3179 3205/107/3185 3097/74/3077
f 3121/74/3101 3207/138/3187 3206/107/3186 3109/74/3089
f 3096/139/3076 3197/143/3177 3199/74/3179 3120/74/3100
f 3109/74/3089 3206/107/3186 3198/107/3178 3108/74/3088
f 3097/74/3077 3205/107/3185 3204/143/3184 3085/143/3065
f 3078/74/3058 3181/142/3161 3197/143/3177 3096/139/3076
f 3085/143/3065 3204/143/3184 3202/139/3182 3067/138/3047
f 3079/74/3059 3203/74/3183 3181/142/3161 3078/74/3058
f 3067/138/3047 3202/139/3182 3196/138/3176 3066/74/3046
f 3189/74/3169 3224/74/3198 3223/74/3197 3188/74/3168
f 3188/74/3168 3223/74/3197 3217/74/3191 3182/74/3162
f 3186/74/3166 3221/74/3195 3222/74/3196 3187/74/3167
f 3185/74/3165 3220/74/3194 3221/74/3195 3186/74/3166
f 3184/74/3164 3219/74/3193 3220/74/3194 3185/74/3165
f 3182/74/3162 3217/74/3191 3218/74/3192 3183/74/3163
f 3195/74/3175 3231/74/3205 3230/74/3204 3194/74/3174
f 3183/74/3163 3218/74/3192 3219/74/3193 3184/74/3164
f 3187/74/3167 3222/74/3196 3231/74/3205 3195/74/3175
f 3194/74/3174 3230/74/3204 3229/74/3203 3193/74/3173
f 3193/74/3173 3229/74/3203 3228/74/3202 3192/74/3172
f 3192/74/3172 3228/74/3202 3227/74/3201 3191/74/3171
f 3191/74/3171 3227/74/3201 3226/74/3200 3215/74/3190
f 3215/74/3190 3226/74/3200 3225/74/3199 3190/74/3170
f 3190/74/3170 3225/74/3199 3224/74/3198 3189/74/3169
f 3259/138/3233 3239/74/3213 3246/74/3220 3290/74/3264
f 3299/138/3273 3243/74/3217 3242/74/3216 3266/74/3240
f 3290/74/3264 3246/74/3220 3244/74/3218 3267/138/3241
f 3283/138/3257 3235/74/3209 3236/74/3210 3258/74/3232
f 3258/74/3232 3236/74/3210 3237/74/3211 3271/138/3245
f 3291/138/3265 3234/74/3208 3235/74/3209 3283/138/3257
f 3303/138/3277 3232/74/3206 3233/74/3207 3295/138/3269
f 3266/74/3240 3242/74/3216 3241/74/3215 3254/74/3228
f 3295/138/3269 3233/74/3207 3234/74/3208 3291/138/3265
f 3254/74/3228 3241/74/3215 3240/74/3214 3250/74/3224
f 3271/138/3245 3237/74/3211 3238/74/3212 3275/138/3249
f 3250/74/3224 3240/74/3214 3245/74/3219 3282/74/3256
f 3282/74/3256 3245/74/3219 3232/74/3206 3303/138/3277
f 3275/138/3249 3238/74/3212 3239/74/3213 3259/138/3233
f 3267/138/3241 3244/74/3218 3243/74/3217 3299/138/3273
f 3218/74/3192 3270/74/3244 3302/74/3276 3219/74/3193
f 3270/74/3244 3269/74/3243 3301/74/3275 3302/74/3276
f 3269/74/3243 3268/138/3242 3300/138/3274 3301/74/3275
f 3268/138/3242 3267/138/3241 3299/138/3273 3300/138/3274
f 3224/74/3198 3278/74/3252 3262/74/3236 3223/74/3197
f 3278/74/3252 3277/74/3251 3261/74/3235 3262/74/3236
f 3277/74/3251 3276/138/3250 3260/138/3234 3261/74/3235
f 3276/138/3250 3275/138/3249 3259/138/3233 3260/138/3234
f 3231/74/3205 3279/138/3253 3306/74/3280 3230/74/3204
f 3279/138/3253 3280/138/3254 3305/74/3279 3306/74/3280
f 3280/138/3254 3281/74/3255 3304/138/3278 3305/74/3279
f 3281/74/3255 3282/74/3256 3303/138/3277 3304/138/3278
f 3222/74/3196 3247/138/3221 3279/138/3253 3231/74/3205
f 3247/138/3221 3248/138/3222 3280/138/3254 3279/138/3253
f 3248/138/3222 3249/74/3223 3281/74/3255 3280/138/3254
f 3249/74/3223 3250/74/3224 3282/74/3256 3281/74/3255
f 3225/74/3199 3274/74/3248 3278/74/3252 3224/74/3198
f 3274/74/3248 3273/74/3247 3277/74/3251 3278/74/3252
f 3273/74/3247 3272/138/3246 3276/138/3250 3277/74/3251
f 3272/138/3246 3271/138/3245 3275/138/3249 3276/138/3250
f 3221/74/3195 3251/138/3225 3247/138/3221 3222/74/3196
f 3251/138/3225 3252/138/3226 3248/138/3222 3247/138/3221
f 3252/138/3226 3253/74/3227 3249/74/3223 3248/138/3222
f 3253/74/3227 3254/74/3228 3250/74/3224 3249/74/3223
f 3229/74/3203 3298/74/3272 3294/74/3268 3228/74/3202
f 3298/74/3272 3297/74/3271 3293/74/3267 3294/74/3268
f 3297/74/3271 3296/138/3270 3292/138/3266 3293/74/3267
f 3296/138/3270 3295/138/3269 3291/138/3265 3292/138/3266
f 3220/74/3194 3263/138/3237 3251/138/3225 3221/74/3195
f 3263/138/3237 3264/138/3238 3252/138/3226 3251/138/3225
f 3264/138/3238 3265/74/3239 3253/74/3227 3252/138/3226
f 3265/74/3239 3266/74/3240 3254/74/3228 3253/74/3227
f 3230/74/3204 3306/74/3280 3298/74/3272 3229/74/3203
f 3306/74/3280 3305/74/3279 3297/74/3271 3298/74/3272
f 3305/74/3279 3304/138/3278 3296/138/3270 3297/74/3271
f 3304/138/3278 3303/138/3277 3295/138/3269 3296/138/3270
f 3228/74/3202 3294/74/3268 3286/74/3260 3227/74/3201
f 3294/74/3268 3293/74/3267 3285/74/3259 3286/74/3260
f 3293/74/3267 3292/138/3266 3284/138/3258 3285/74/3259
f 3292/138/3266 3291/138/3265 3283/138/3257 3284/138/3258
f 3226/74/3200 3255/138/3229 3274/74/3248 3225/74/3199
f 3255/138/3229 3256/138/3230 3273/74/3247 3274/74/3248
f 3256/138/3230 3257/74/3231 3272/138/3246 3273/74/3247
f 3257/74/3231 3258/74/3232 3271/138/3245 3272/138/3246
f 3227/74/3201 3286/74/3260 3255/138/3229 3226/74/3200
f 3286/74/3260 3285/74/3259 3256/138/3230 3255/138/3229
f 3285/74/3259 3284/138/3258 3257/74/3231 3256/138/3230
f 3284/138/3258 3283/138/3257 3258/74/3232 3257/74/3231
f 3217/74/3191 3287/138/3261 3270/74/3244 3218/74/3192
f 3287/138/3261 3288/138/3262 3269/74/3243 3270/74/3244
f 3288/138/3262 3289/74/3263 3268/138/3242 3269/74/3243
f 3289/74/3263 3290/74/3264 3267/138/3241 3268/138/3242
f 3219/74/3193 3302/74/3276 3263/138/3237 3220/74/3194
f 3302/74/3276 3301/74/3275 3264/138/3238 3263/138/3237
f 3301/74/3275 3300/138/3274 3265/74/3239 3264/138/3238
f 3300/138/3274 3299/138/3273 3266/74/3240 3265/74/3239
f 3223/74/3197 3262/74/3236 3287/138/3261 3217/74/3191
f 3262/74/3236 3261/74/3235 3288/138/3262 3287/138/3261
f 3261/74/3235 3260/138/3234 3289/74/3263 3288/138/3262
f 3260/138/3234 3259/138/3233 3290/74/3264 3289/74/3263
f 3326/74/3300 3309/74/3283 3310/74/3284 3325/74/3299
f 3334/142/3308 3316/74/3290 3315/74/3289 3333/107/3307
f 3342/74/3316 3312/74/3286 3313/74/3287 3341/107/3315
f 3350/74/3324 3314/74/3288 3321/74/3295 3349/74/3323
f 3358/74/3332 3318/74/3292 3317/74/3291 3357/107/3331
f 3349/74/3323 3321/74/3295 3319/74/3293 3365/74/3339
f 3357/107/3331 3317/74/3291 3316/74/3290 3334/142/3308
f 3341/107/3315 3313/74/3287 3314/74/3288 3350/74/3324
f 3365/74/3339 3319/74/3293 3318/74/3292 3358/74/3332
f 3366/140/3340 3311/74/3285 3312/74/3286 3342/74/3316
f 3370/140/3344 3308/74/3282 3309/74/3283 3326/74/3300
f 3333/107/3307 3315/74/3289 3320/74/3294 3377/74/3351
f 3378/74/3352 3307/74/3281 3308/74/3282 3370/140/3344
f 3377/74/3351 3320/74/3294 3307/74/3281 3378/74/3352
f 3325/74/3299 3310/74/3284 3311/74/3285 3366/140/3340
f 3235/74/3209 3322/143/3296 3369/74/3343 3236/74/3210
f 3322/143/3296 3323/139/3297 3368/74/3342 3369/74/3343
f 3323/139/3297 3324/74/3298 3367/139/3341 3368/74/3342
f 3324/74/3298 3325/74/3299 3366/140/3340 3367/139/3341
f 3245/74/3219 3374/74/3348 3381/74/3355 3232/74/3206
f 3374/74/3348 3375/138/3349 3380/107/3354 3381/74/3355
f 3375/138/3349 3376/74/3350 3379/74/3353 3380/107/3354
f 3376/74/3350 3377/74/3351 3378/74/3352 3379/74/3353
f 3232/74/3206 3381/74/3355 3373/74/3347 3233/74/3207
f 3381/74/3355 3380/107/3354 3372/138/3346 3373/74/3347
f 3380/107/3354 3379/74/3353 3371/74/3345 3372/138/3346
f 3379/74/3353 3378/74/3352 3370/140/3344 3371/74/3345
f 3240/74/3214 3330/142/3304 3374/74/3348 3245/74/3219
f 3330/142/3304 3331/74/3305 3375/138/3349 3374/74/3348
f 3331/74/3305 3332/139/3306 3376/74/3350 3375/138/3349
f 3332/139/3306 3333/107/3307 3377/74/3351 3376/74/3350
f 3233/74/3207 3373/74/3347 3329/74/3303 3234/74/3208
f 3373/74/3347 3372/138/3346 3328/74/3302 3329/74/3303
f 3372/138/3346 3371/74/3345 3327/138/3301 3328/74/3302
f 3371/74/3345 3370/140/3344 3326/74/3300 3327/138/3301
f 3236/74/3210 3369/74/3343 3345/74/3319 3237/74/3211
f 3369/74/3343 3368/74/3342 3344/74/3318 3345/74/3319
f 3368/74/3342 3367/139/3341 3343/138/3317 3344/74/3318
f 3367/139/3341 3366/140/3340 3342/74/3316 3343/138/3317
f 3244/74/3218 3362/139/3336 3361/74/3335 3243/74/3217
f 3362/139/3336 3363/74/3337 3360/74/3334 3361/74/3335
f 3363/74/3337 3364/74/3338 3359/139/3333 3360/74/3334
f 3364/74/3338 3365/74/3339 3358/74/3332 3359/139/3333
f 3238/74/3212 3338/74/3312 3353/107/3327 3239/74/3213
f 3338/74/3312 3339/74/3313 3352/74/3326 3353/107/3327
f 3339/74/3313 3340/74/3314 3351/143/3325 3352/74/3326
f 3340/74/3314 3341/107/3315 3350/74/3324 3351/143/3325
f 3242/74/3216 3354/74/3328 3337/142/3311 3241/74/3215
f 3354/74/3328 3355/138/3329 3336/74/3310 3337/142/3311
f 3355/138/3329 3356/143/3330 3335/74/3309 3336/74/3310
f 3356/143/3330 3357/107/3331 3334/142/3308 3335/74/3309
f 3246/74/3220 3346/141/3320 3362/139/3336 3244/74/3218
f 3346/141/3320 3347/140/3321 3363/74/3337 3362/139/3336
f 3347/140/3321 3348/74/3322 3364/74/3338 3363/74/3337
f 3348/74/3322 3349/74/3323 3365/74/3339 3364/74/3338
f 3243/74/3217 3361/74/3335 3354/74/3328 3242/74/3216
f 3361/74/3335 3360/74/3334 3355/138/3329 3354/74/3328
f 3360/74/3334 3359/139/3333 3356/143/3330 3355/138/3329
f 3359/139/3333 3358/74/3332 3357/107/3331 3356/143/3330
f 3239/74/3213 3353/107/3327 3346/141/3320 3246/74/3220
f 3353/107/3327 3352/74/3326 3347/140/3321 3346/141/3320
f 3352/74/3326 3351/143/3325 3348/74/3322 3347/140/3321
f 3351/143/3325 3350/74/3324 3349/74/3323 3348/74/3322
f 3237/74/3211 3345/74/3319 3338/74/3312 3238/74/3212
f 3345/74/3319 3344/74/3318 3339/74/3313 3338/74/3312
f 3344/74/3318 3343/138/3317 3340/74/3314 3339/74/3313
f 3343/138/3317 3342/74/3316 3341/107/3315 3340/74/3314
f 3241/74/3215 3337/142/3311 3330/142/3304 3240/74/3214
f 3337/142/3311 3336/74/3310 3331/74/3305 3330/142/3304
f 3336/74/3310 3335/74/3309 3332/139/3306 3331/74/3305
f 3335/74/3309 3334/142/3308 3333/107/3307 3332/139/3306
f 3234/74/3208 3329/74/3303 3322/143/3296 3235/74/3209
f 3329/74/3303 3328/74/3302 3323/139/3297 3322/143/3296
f 3328/74/3302 3327/138/3301 3324/74/3298 3323/139/3297
f 3327/138/3301 3326/74/3300 3325/74/3299 3324/74/3298
f 3310/74/3284 3385/74/3359 3386/74/3360 3311/74/3285
f 3315/74/3289 3390/74/3364 3395/74/3369 3320/74/3294
f 3312/74/3286 3387/74/3361 3388/74/3362 3313/74/3287
f 3320/74/3294 3395/74/3369 3382/74/3356 3307/74/3281
f 3321/74/3295 3396/74/3370 3394/74/3368 3319/74/3293
f 3309/74/3283 3384/74/3358 3385/74/3359 3310/74/3284
f 3316/74/3290 3391/74/3365 3390/74/3364 3315/74/3289
f 3314/74/3288 3389/74/3363 3396/74/3370 3321/74/3295
f 3318/74/3292 3393/74/3367 3392/74/3366 3317/74/3291
f 3317/74/3291 3392/74/3366 3391/74/3365 3316/74/3290
f 3313/74/3287 3388/74/3362 3389/74/3363 3314/74/3288
f 3319/74/3293 3394/74/3368 3393/74/3367 3318/74/3292
f 3311/74/3285 3386/74/3360 3387/74/3361 3312/74/3286
f 3307/74/3281 3382/74/3356 3383/74/3357 3308/74/3282
f 3308/74/3282 3383/74/3357 3384/74/3358 3309/74/3283
f 3383/74/3357 3398/74/3372 3399/74/3373 3384/74/3358
f 3392/74/3366 3404/74/3378 3403/74/3377 3391/74/3365
f 3393/74/3367 3405/74/3379 3404/74/3378 3392/74/3366
f 3395/74/3369 3407/74/3381 3397/74/3371 3382/74/3356
f 3390/74/3364 3402/74/3376 3407/74/3381 3395/74/3369
f 3394/74/3368 3406/74/3380 3405/74/3379 3393/74/3367
f 3384/74/3358 3399/74/3373 3400/74/3374 3385/74/3359
f 3382/74/3356 3397/74/3371 3398/74/3372 3383/74/3357
f 3391/74/3365 3403/74/3377 3402/74/3376 3390/74/3364
f 3385/74/3359 3400/74/3374 3401/74/3375 3386/74/3360
f 3407/74/3381 3418/74/3392 3408/74/3382 3397/74/3371
f 3405/74/3379 3416/74/3390 3415/74/3389 3404/74/3378
f 3397/74/3371 3408/74/3382 3409/74/3383 3398/74/3372
f 3399/74/3373 3410/74/3384 3411/74/3385 3400/74/3374
f 3398/74/3372 3409/74/3383 3410/74/3384 3399/74/3373
f 3400/74/3374 3411/74/3385 3412/74/3386 3401/74/3375
f 3404/74/3378 3415/74/3389 3414/74/3388 3403/74/3377
f 3402/74/3376 3413/74/3387 3418/74/3392 3407/74/3381
f 3403/74/3377 3414/74/3388 3413/74/3387 3402/74/3376
f 3406/74/3380 3417/74/3391 3416/74/3390 3405/74/3379
f 3417/74/3391 3428/74/3402 3427/74/3401 3416/74/3390
f 3418/74/3392 3429/74/3403 3419/74/3393 3408/74/3382
f 3416/74/3390 3427/74/3401 3426/74/3400 3415/74/3389
f 3408/74/3382 3419/74/3393 3420/74/3394 3409/74/3383
f 3410/74/3384 3421/74/3395 3422/74/3396 3411/74/3385
f 3409/74/3383 3420/74/3394 3421/74/3395 3410/74/3384
f 3411/74/3385 3422/74/3396 3423/74/3397 3412/74/3386
f 3415/74/3389 3426/74/3400 3425/74/3399 3414/74/3388
f 3413/74/3387 3424/74/3398 3429/74/3403 3418/74/3392
f 3414/74/3388 3425/74/3399 3424/74/3398 3413/74/3387
f 3430/144/3404 3432/147/3405 3433/146/3406 3431/145/1350
f 3455/148/3427 3434/151/3407 3435/150/3408 3456/149/3428
f 3434/151/3407 3436/153/3409 3437/152/1356 3435/150/3408
f 3436/153/3409 3438/155/3410 3439/154/3411 3437/152/1356
f 3456/156/3428 3435/159/3408 3437/158/1356 3457/157/1376
f 3438/155/3410 3459/161/3430 3458/160/3429 3439/154/3411
f 3440/162/3412 3430/165/3404 3431/164/1350 3441/163/3413
f 3455/148/3427 3443/148/3415 3444/151/3416 3434/151/3407
f 3438/155/3410 3446/155/3418 3447/161/3419 3459/161/3430
f 3454/92/3426 3442/92/3414 3443/148/3415 3455/148/3427
f 3434/151/3407 3444/151/3416 3445/153/3417 3436/153/3409
f 3459/161/3430 3447/161/3419 3442/166/3414 3454/166/3426
f 3436/153/3409 3445/153/3417 3446/155/3418 3438/155/3410
f 3446/155/3418 3452/155/3424 3453/161/3425 3447/161/3419
f 3444/151/3416 3450/151/3422 3451/153/3423 3445/153/3417
f 3442/92/3414 3448/92/3420 3449/148/3421 3443/148/3415
f 3447/161/3419 3453/161/3425 3448/166/3420 3442/166/3414
f 3445/153/3417 3451/153/3423 3452/155/3424 3446/155/3418
f 3443/148/3415 3449/148/3421 3450/151/3422 3444/151/3416
f 3430/144/3404 3454/92/3426 3455/148/3427 3432/147/3405
f 3433/146/3406 3456/149/3428 3457/2/1376 3431/145/1350
f 3432/147/3405 3455/148/3427 3456/149/3428 3433/146/3406
f 3441/163/3413 3458/160/3429 3459/161/3430 3440/162/3412
f 3440/162/3412 3459/161/3430 3454/166/3426 3430/165/3404
f 3431/164/1350 3457/167/1376 3458/160/3429 3441/163/3413
f 3437/158/1356 3439/169/3411 3458/168/3429 3457/157/1376
f 3460/144/3431 3462/147/3432 3463/146/3433 3461/145/1380
f 3485/148/3454 3464/151/3434 3465/150/3435 3486/149/3455
f 3464/151/3434 3466/153/3436 3467/152/1386 3465/150/3435
f 3466/153/3436 3468/155/3437 3469/154/3438 3467/152/1386
f 3486/156/3455 3465/159/3435 3467/158/1386 3487/157/1406
f 3468/155/3437 3489/161/3457 3488/160/3456 3469/154/3438
f 3470/162/3439 3460/165/3431 3461/164/1380 3471/163/3440
f 3485/148/3454 3473/148/3442 3474/151/3443 3464/151/3434
f 3468/155/3437 3476/155/3445 3477/161/3446 3489/161/3457
f 3484/92/3453 3472/92/3441 3473/148/3442 3485/148/3454
f 3464/151/3434 3474/151/3443 3475/153/3444 3466/153/3436
f 3489/161/3457 3477/161/3446 3472/166/3441 3484/166/3453
f 3466/153/3436 3475/153/3444 3476/155/3445 3468/155/3437
f 3476/155/3445 3482/155/3451 3483/161/3452 3477/161/3446
f 3474/151/3443 3480/151/3449 3481/153/3450 3475/153/3444
f 3472/92/3441 3478/92/3447 3479/148/3448 3473/148/3442
f 3477/161/3446 3483/161/3452 3478/166/3447 3472/166/3441
f 3475/153/3444 3481/153/3450 3482/155/3451 3476/155/3445
f 3473/148/3442 3479/148/3448 3480/151/3449 3474/151/3443
f 3460/144/3431 3484/92/3453 3485/148/3454 3462/147/3432
f 3463/146/3433 3486/149/3455 3487/2/1406 3461/145/1380
f 3462/147/3432 3485/148/3454 3486/149/3455 3463/146/3433
f 3471/163/3440 3488/160/3456 3489/161/3457 3470/162/3439
f 3470/162/3439 3489/161/3457 3484/166/3453 3460/165/3431
f 3461/164/1380 3487/167/1406 3488/160/3456 3471/163/3440
f 3467/158/1386 3469/169/3438 3488/168/3456 3487/157/1406
f 3490/144/3458 3492/147/3459 3493/146/3460 3491/145/1410
f 3515/148/3481 3494/151/3461 3495/150/3462 3516/149/3482
f 3494/151/3461 3496/153/3463 3497/152/1416 3495/150/3462
f 3496/153/3463 3498/155/3464 3499/154/3465 3497/152/1416
f 3516/156/3482 3495/159/3462 3497/158/1416 3517/157/1436
f 3498/155/3464 3519/161/3484 3518/160/3483 3499/154/3465
f 3500/162/3466 3490/165/3458 3491/164/1410 3501/163/3467
f 3515/148/3481 3503/148/3469 3504/151/3470 3494/151/3461
f 3498/155/3464 3506/155/3472 3507/161/3473 3519/161/3484
f 3514/92/3480 3502/92/3468 3503/148/3469 3515/148/3481
f 3494/151/3461 3504/151/3470 3505/153/3471 3496/153/3463
f 3519/161/3484 3507/161/3473 3502/166/3468 3514/166/3480
f 3496/153/3463 3505/153/3471 3506/155/3472 3498/155/3464
f 3506/155/3472 3512/155/3478 3513/161/3479 3507/161/3473
f 3504/151/3470 3510/151/3476 3511/153/3477 3505/153/3471
f 3502/92/3468 3508/92/3474 3509/148/3475 3503/148/3469
f 3507/161/3473 3513/161/3479 3508/166/3474 3502/166/3468
f 3505/153/3471 3511/153/3477 3512/155/3478 3506/155/3472
f 3503/148/3469 3509/148/3475 3510/151/3476 3504/151/3470
f 3490/144/3458 3514/92/3480 3515/148/3481 3492/147/3459
f 3493/146/3460 3516/149/3482 3517/2/1436 3491/145/1410
f 3492/147/3459 3515/148/3481 3516/149/3482 3493/146/3460
f 3501/163/3467 3518/160/3483 3519/161/3484 3500/162/3466
f 3500/162/3466 3519/161/3484 3514/166/3480 3490/165/3458
f 3491/164/1410 3517/167/1436 3518/160/3483 3501/163/3467
f 3497/158/1416 3499/169/3465 3518/168/3483 3517/157/1436
f 3520/144/3485 3522/147/3487 3523/146/3488 3521/145/3486
f 3545/148/3510 3659/171/3623 3655/170/3619 3546/149/3511
f 3524/151/3489 3526/153/3491 3527/152/3492 3525/150/3490
f 3526/153/3491 3528/155/3493 3529/154/3494 3527/152/3492
f 3546/156/3511 3655/172/3619 3525/159/3490 3527/158/3492 3547/157/3512
f 3528/155/3493 3549/161/3514 3548/160/3513 3529/154/3494
f 3530/162/3495 3520/165/3485 3521/164/3486 3531/163/3496
f 3545/148/3510 3533/148/3498 3657/173/3621 3659/171/3623
f 3528/155/3493 3536/155/3501 3537/161/3502 3549/161/3514
f 3544/92/3509 3532/92/3497 3533/148/3498 3545/148/3510
f 3524/151/3489 3534/151/3499 3535/153/3500 3526/153/3491
f 3549/161/3514 3537/161/3502 3532/166/3497 3544/166/3509
f 3526/153/3491 3535/153/3500 3536/155/3501 3528/155/3493
f 3536/155/3501 3542/155/3507 3543/161/3508 3537/161/3502
f 3534/151/3499 3540/151/3505 3541/153/3506 3535/153/3500
f 3532/92/3497 3538/92/3503 3539/148/3504 3533/148/3498
f 3537/161/3502 3543/161/3508 3538/166/3503 3532/166/3497
f 3535/153/3500 3541/153/3506 3542/155/3507 3536/155/3501
f 3533/148/3498 3539/148/3504 3656/174/3620 3657/173/3621
f 3520/144/3485 3544/92/3509 3545/148/3510 3522/147/3487
f 3523/146/3488 3546/149/3511 3547/2/3512 3521/145/3486
f 3522/147/3487 3545/148/3510 3546/149/3511 3523/146/3488
f 3531/163/3496 3548/160/3513 3549/161/3514 3530/162/3495
f 3530/162/3495 3549/161/3514 3544/166/3509 3520/165/3485
f 3521/164/3486 3547/167/3512 3548/160/3513 3531/163/3496
f 3527/158/3492 3529/169/3494 3548/168/3513 3547/157/3512
f 3550/144/3515 3552/147/3517 3553/146/3518 3551/145/3516
f 3575/148/3539 3554/151/3519 3555/150/3520 3576/149/3540
f 3554/151/3519 3556/153/3521 3557/152/3522 3555/150/3520
f 3556/153/3521 3558/155/3523 3559/154/3524 3557/152/3522
f 3576/156/3540 3555/159/3520 3557/158/3522 3577/157/3541
f 3558/155/3523 3663/176/3627 3667/175/3631 3559/154/3524
f 3560/162/3525 3550/165/3515 3551/164/3516 3561/163/3526
f 3581/177/3545 3563/148/3528 3564/151/3529 3580/151/3544
f 3583/178/3547 3566/155/3531 3662/180/3626 3666/179/3630
f 3584/92/3548 3562/92/3527 3563/148/3528 3581/177/3545
f 3580/151/3544 3564/151/3529 3565/153/3530 3585/181/3549
f 3582/134/3546 3567/161/3532 3562/166/3527 3584/182/3548
f 3585/181/3549 3565/153/3530 3566/155/3531 3583/178/3547
f 3452/155/3424 3564/151/3529 3563/148/3528 3453/161/3425
f 3479/148/3448 3513/161/3479 3512/155/3478 3480/151/3449
f 3564/151/3529 3569/151/3534 3599/153/3563 3565/153/3530
f 3479/148/3448 3587/148/3551 3513/161/3479
f 3449/148/3421 3483/161/3452 3482/155/3451 3450/151/3422
f 3509/148/3475 3543/161/3508 3542/155/3507 3510/151/3476
f 3550/144/3515 3574/92/1493 3575/148/3539 3552/147/3517
f 3553/146/3518 3576/149/3540 3577/2/3541 3551/145/3516
f 3552/147/3517 3575/148/3539 3576/149/3540 3553/146/3518
f 3561/163/3526 3578/160/3542 3579/161/3543 3560/162/3525
f 3560/162/3525 3579/161/3543 3574/166/1493 3550/165/3515
f 3551/164/3516 3577/167/3541 3578/160/3542 3561/163/3526
f 3557/158/3522 3559/169/3524 3667/183/3631 3578/168/3542 3577/157/3541
f 3556/153/3521 3585/181/3549 3583/178/3547 3558/155/3523
f 3579/161/3543 3582/134/3546 3584/182/3548 3574/166/1493
f 3554/151/3519 3580/151/3544 3585/181/3549 3556/153/3521
f 3574/92/1493 3584/92/3548 3581/177/3545 3575/148/3539
f 3558/155/3523 3583/178/3547 3666/179/3630 3663/176/3627
f 3575/148/3539 3581/177/3545 3580/151/3544 3554/151/3519
f 3543/161/3508 3591/161/3555 3594/166/3558 3538/166/3503
f 3449/148/3421 3572/148/3537 3483/161/3452
f 3565/153/3530 3599/153/3563 3600/155/3564 3566/155/3531
f 3566/155/3531 3600/155/3564 3660/184/3624 3662/180/3626
f 3452/155/3424 3569/155/3534 3564/151/3529
f 3567/161/3532 3601/161/3565 3598/166/3562 3562/166/3527
f 3563/148/3528 3568/148/3533 3453/161/3425
f 3448/92/3420 3573/92/3538 3572/148/3537 3449/148/3421
f 3482/155/3451 3571/155/3536 3450/151/3422
f 3512/155/3478 3588/155/3552 3480/151/3449
f 3478/92/3447 3586/92/3550 3587/148/3551 3479/148/3448
f 3450/151/3422 3571/151/3536 3570/153/3535 3451/153/3423
f 3542/155/3507 3592/155/3556 3510/151/3476
f 3508/92/3474 3590/92/3554 3591/148/3555 3509/148/3475
f 3451/153/3423 3570/153/3535 3569/155/3534 3452/155/3424
f 3480/151/3449 3588/151/3552 3589/153/3553 3481/153/3450
f 3538/92/3503 3594/92/3558 3595/148/3559 3539/148/3504
f 3481/153/3450 3589/153/3553 3571/155/3536 3482/155/3451
f 3510/151/3476 3592/151/3556 3593/153/3557 3511/153/3477
f 3453/161/3425 3568/161/3533 3573/166/3538 3448/166/3420
f 3539/148/3504 3595/148/3559 3653/185/3617 3656/174/3620
f 3511/153/3477 3593/153/3557 3588/155/3552 3512/155/3478
f 3540/151/3505 3596/151/3560 3597/153/3561 3541/153/3506
f 3483/161/3452 3572/161/3537 3586/166/3550 3478/166/3447
f 3562/92/3527 3598/92/3562 3568/148/3533 3563/148/3528
f 3541/153/3506 3597/153/3561 3592/155/3556 3542/155/3507
f 3509/148/3475 3591/148/3555 3543/161/3508
f 3513/161/3479 3587/161/3551 3590/166/3554 3508/166/3474
f 3587/161/3551 3605/161/3569 3590/166/3554
f 3590/92/3554 3605/92/3569 3591/148/3555
f 3593/153/3557 3606/153/3570 3588/155/3552
f 3591/161/3555 3605/161/3569 3609/166/3573
f 3594/92/3558 3609/92/3573 3610/148/3574 3595/148/3559
f 3589/153/3553 3607/153/3571 3571/155/3536
f 3597/153/3561 3612/153/3576 3592/155/3556
f 3570/153/3535 3603/153/3567 3569/155/3534
f 3595/148/3559 3610/148/3574 3639/186/3603 3653/185/3617
f 3596/151/3560 3611/151/3575 3612/153/3576 3597/153/3561
f 3569/151/3534 3603/151/3567 3614/153/3578
f 3572/161/3537 3602/161/3566 3604/166/3568
f 3599/153/3563 3614/153/3578 3615/155/3579 3600/155/3564
f 3568/161/3533 3602/161/3566 3573/166/3538
f 3586/92/3550 3604/92/3568 3587/148/3551
f 3600/155/3564 3615/155/3579 3664/187/3628 3660/184/3624
f 3573/92/3538 3602/92/3566 3572/148/3537
f 3588/151/3552 3606/151/3570 3607/153/3571
f 3598/92/3562 3613/92/3577 3608/188/3572 3568/148/3533
f 3601/161/3565 3616/161/3580 3613/166/3577 3598/166/3562
f 3608/188/3572 3602/148/3566 3568/148/3533
f 3604/166/3568 3586/166/3550 3572/161/3537
f 3604/92/3568 3605/148/3569 3587/148/3551
f 3609/166/3573 3594/166/3558 3591/161/3555
f 3614/153/3578 3599/153/3563 3569/151/3534
f 3603/153/3567 3570/153/3535 3571/151/3536
f 3607/153/3571 3603/155/3567 3571/155/3536
f 3607/153/3571 3589/153/3553 3588/151/3552
f 3606/153/3570 3593/153/3557 3592/151/3556
f 3612/153/3576 3606/155/3570 3592/155/3556
f 3612/153/3576 3627/153/3591 3621/155/3585 3606/155/3570
f 3606/151/3570 3621/151/3585 3622/153/3586 3607/153/3571
f 3613/92/3577 3628/92/3592 3623/188/3587 3608/188/3572
f 3603/151/3567 3618/151/3582 3629/153/3593 3614/153/3578
f 3609/92/3573 3624/92/3588 3625/148/3589 3610/148/3574
f 3602/161/3566 3617/161/3581 3619/166/3583 3604/166/3568
f 3610/148/3574 3625/148/3589 3658/189/3622 3639/186/3603
f 3607/153/3571 3622/153/3586 3618/155/3582 3603/155/3567
f 3611/151/3575 3626/151/3590 3627/153/3591 3612/153/3576
f 3608/188/3572 3623/188/3587 3617/148/3581 3602/148/3566
f 3614/153/3578 3629/153/3593 3630/155/3594 3615/155/3579
f 3615/155/3579 3630/155/3594 3661/190/3625 3664/187/3628
f 3604/92/3568 3619/92/3583 3620/148/3584 3605/148/3569
f 3605/161/3569 3620/161/3584 3624/166/3588 3609/166/3573
f 3616/161/3580 3631/161/3595 3628/166/3592 3613/166/3577
f 3640/148/3604 3635/148/3599 3387/74/3361 3649/191/3613
f 3628/92/3592 3643/92/3607 3638/188/3602 3623/188/3587
f 3625/148/3589 3640/148/3604 3654/192/3618 3658/189/3622
f 3625/148/3589 3624/166/3588 3620/148/3584 3635/148/3599 3640/148/3604
f 3626/151/3590 3641/151/3605 3642/153/3606 3627/153/3591
f 3617/161/3581 3632/161/3596 3634/166/3598 3619/166/3583
f 3629/153/3593 3644/153/3608 3645/155/3609 3630/155/3594
f 3627/153/3591 3642/153/3606 3636/155/3600 3621/155/3585
f 3630/155/3594 3645/155/3609 3665/193/3629 3661/190/3625
f 3622/153/3586 3637/153/3601 3633/155/3597 3618/155/3582
f 3631/161/3595 3646/161/3610 3643/166/3607 3628/166/3592
f 3619/92/3583 3634/92/3598 3635/148/3599 3620/148/3584
f 3618/151/3582 3633/151/3597 3644/153/3608 3629/153/3593
f 3621/151/3585 3636/151/3600 3637/153/3601 3622/153/3586
f 3623/188/3587 3638/188/3602 3632/148/3596 3617/148/3581
f 3387/74/3361 3386/74/3360 3401/74/3375 3649/191/3613
f 3394/74/3368 3396/74/3370 3651/194/3615 3406/74/3380
f 3401/74/3375 3412/74/3386 3650/195/3614 3649/191/3613
f 3669/196/3633 3647/3/3611 3636/155/3600 3642/153/3606
f 3651/194/3615 3652/197/3616 3417/74/3391 3406/74/3380
f 3652/197/3616 3648/3/3612 3428/74/3402 3417/74/3391
f 3643/3/3607 3396/74/3370 3389/74/3363 3632/3/3596
f 3388/74/3362 3634/166/3598 3632/161/3596 3389/74/3363
f 3387/74/3361 3635/148/3599 3634/92/3598 3388/74/3362
f 3640/148/3604 3649/191/3613 3650/195/3614 3654/192/3618
f 3658/189/3622 3626/151/3590 3611/151/3575 3639/186/3603
f 3654/192/3618 3641/151/3605 3626/151/3590 3658/189/3622
f 3656/174/3620 3540/151/3505 3534/151/3499 3657/173/3621
f 3653/185/3617 3596/151/3560 3540/151/3505 3656/174/3620
f 3659/171/3623 3524/151/3489 3525/150/3490 3655/170/3619
f 3657/173/3621 3534/151/3499 3524/151/3489 3659/171/3623
f 3639/186/3603 3611/151/3575 3596/151/3560 3653/185/3617
f 3396/74/3370 3638/3/3602 3646/3/3610 3651/194/3615
f 3661/190/3625 3631/161/3595 3616/161/3580 3664/187/3628
f 3664/187/3628 3616/161/3580 3601/161/3565 3660/184/3624
f 3666/179/3630 3582/134/3546 3579/161/3543 3663/176/3627
f 3660/184/3624 3601/161/3565 3567/161/3532 3662/180/3626
f 3665/193/3629 3646/161/3610 3631/161/3595 3661/190/3625
f 3662/180/3626 3567/161/3532 3582/134/3546 3666/179/3630
f 3663/176/3627 3579/161/3543 3578/160/3542 3667/175/3631
f 3665/193/3629 3652/197/3616 3651/194/3615 3646/3/3610
f 3652/197/3616 3665/193/3629 3645/155/3609 3648/3/3612
f 3668/198/3632 3669/196/3633 3642/153/3606 3641/151/3605
f 3636/155/3600 3647/3/3611 3670/3/3634 3637/153/3601
f 3645/155/3609 3644/153/3608 3648/3/3612
f 3654/192/3618 3650/195/3614 3668/198/3632 3641/151/3605
f 3670/3/3634 3671/3/3635 3633/151/3597 3637/153/3601
f 3671/3/3635 3648/3/3612 3644/153/3608 3633/151/3597
f 3423/74/3397 3647/3/3611 3669/196/3633 3668/198/3632 3650/195/3614 3412/74/3386
f 3647/3/3611 3676/3/3640 3670/3/3634
f 3421/74/3395 3674/74/3638 3675/74/3639 3422/74/3396
f 3424/74/3398 3677/74/3641 3682/74/3646 3429/74/3403
f 3426/74/3400 3679/74/3643 3678/74/3642 3425/74/3399
f 3670/3/3634 3676/3/3640 3681/3/3645 3671/3/3635
f 3428/74/3402 3681/74/3645 3680/74/3644 3427/74/3401
f 3419/74/3393 3672/74/3636 3673/74/3637 3420/74/3394
f 3648/3/3612 3681/3/3645 3428/74/3402
f 3671/3/3635 3681/3/3645 3648/3/3612
f 3423/74/3397 3676/74/3640 3647/3/3611
f 3422/74/3396 3675/74/3639 3676/74/3640 3423/74/3397
f 3425/74/3399 3678/74/3642 3677/74/3641 3424/74/3398
f 3427/74/3401 3680/74/3644 3679/74/3643 3426/74/3400
f 3429/74/3403 3682/74/3646 3672/74/3636 3419/74/3393
f 3420/74/3394 3673/74/3637 3674/74/3638 3421/74/3395
f 3682/74/3646 3677/74/3641 3688/199/3652 3672/74/3636
f 3643/92/3607 3646/3/3610 3638/188/3602
f 3675/74/3639 3674/74/3638 3684/74/3648
f 3677/74/3641 3678/74/3642 3688/199/3652
f 3679/74/3643 3680/74/3644 3681/74/3645 3685/74/3649
f 3683/200/3647 3676/3/3640 3675/74/3639
f 3681/74/3645 3676/3/3640 3683/200/3647
f 3686/201/3650 3683/200/3647 3675/74/3639 3684/74/3648
f 3685/74/3649 3681/74/3645 3683/200/3647 3686/201/3650
f 3674/74/3638 3673/74/3637 3684/74/3648
f 3687/202/3651 3686/201/3650 3684/74/3648 3673/74/3637
f 3679/74/3643 3685/74/3649 3686/201/3650 3687/202/3651
f 3688/199/3652 3687/202/3651 3673/74/3637 3672/74/3636
f 3678/74/3642 3679/74/3643 3687/202/3651 3688/199/3652
f 3715/203/3679 3690/2/3654 3692/149/3656 3716/204/3680
f 3716/204/3680 3692/149/3656 3694/150/3658 3717/205/3681
f 3717/205/3681 3694/150/3658 3696/152/3660 3718/206/3682
f 3718/206/3682 3696/152/3660 3698/154/3662 3719/207/3683
f 3719/207/3683 3698/154/3662 3700/160/3664 3720/208/3684
f 3720/208/3684 3700/160/3664 3690/167/3654 3715/209/3679
f 3731/210/3695 3712/213/3676 3701/212/3665 3749/211/3713
f 3726/214/3690 3711/217/3675 3702/216/3666 3721/215/3685
f 3730/218/3694 3710/219/3674 3712/213/3676 3731/210/3695
f 3725/220/3689 3709/221/3673 3711/217/3675 3726/214/3690
f 3729/222/3693 3708/223/3672 3710/219/3674 3730/218/3694
f 3724/224/3688 3707/225/3671 3709/221/3673 3725/220/3689
f 3748/226/3712 3706/227/3670 3708/223/3672 3729/222/3693
f 3723/228/3687 3705/229/3669 3707/225/3671 3724/224/3688
f 3727/230/3691 3704/231/3668 3706/227/3670 3748/226/3712
f 3722/232/3686 3703/233/3667 3705/229/3669 3723/228/3687
f 3749/234/3713 3701/235/3665 3704/231/3668 3727/230/3691
f 3721/236/3685 3702/237/3666 3703/233/3667 3722/232/3686
f 3695/238/3659 3697/240/3661 3714/239/3678
f 3746/241/3710 3745/243/3709 3713/242/3677
f 3745/243/3709 3747/244/3711 3713/242/3677
f 3699/245/3663 3746/241/3710 3713/242/3677 3714/239/3678
f 3697/240/3661 3699/245/3663 3714/239/3678
f 3747/244/3711 3695/238/3659 3714/239/3678 3713/242/3677
f 3737/246/3701 3720/208/3684 3715/209/3679 3738/247/3702
f 3736/248/3700 3719/207/3683 3720/208/3684 3737/246/3701
f 3735/249/3699 3718/206/3682 3719/207/3683 3736/248/3700
f 3734/250/3698 3717/205/3681 3718/206/3682 3735/249/3699
f 3733/251/3697 3716/204/3680 3717/205/3681 3734/250/3698
f 3738/252/3702 3715/203/3679 3716/204/3680 3733/251/3697
f 3744/253/3708 3721/236/3685 3722/232/3686 3739/254/3703
f 3739/254/3703 3722/232/3686 3723/228/3687 3740/255/3704
f 3740/255/3704 3723/228/3687 3724/224/3688 3741/256/3705
f 3741/256/3705 3724/224/3688 3725/220/3689 3742/257/3706
f 3742/257/3706 3725/220/3689 3726/214/3690 3743/258/3707
f 3743/258/3707 3726/214/3690 3721/215/3685 3744/259/3708
f 3689/260/3653 3732/263/3696 3750/262/3714 3691/261/3655
f 3691/261/3655 3750/262/3714 3728/265/3692 3693/264/3657
f 3747/244/3711 3748/226/3712 3729/222/3693 3695/238/3659
f 3695/238/3659 3729/222/3693 3730/218/3694 3697/240/3661
f 3697/240/3661 3730/218/3694 3731/210/3695 3699/245/3663
f 3699/245/3663 3731/210/3695 3749/211/3713 3746/241/3710
f 3702/237/3666 3738/252/3702 3733/251/3697 3703/233/3667
f 3703/233/3667 3733/251/3697 3734/250/3698 3705/229/3669
f 3705/229/3669 3734/250/3698 3735/249/3699 3707/225/3671
f 3707/225/3671 3735/249/3699 3736/248/3700 3709/221/3673
f 3709/221/3673 3736/248/3700 3737/246/3701 3711/217/3675
f 3711/217/3675 3737/246/3701 3738/247/3702 3702/216/3666
f 3712/213/3676 3743/258/3707 3744/259/3708 3701/212/3665
f 3710/219/3674 3742/257/3706 3743/258/3707 3712/213/3676
f 3708/223/3672 3741/256/3705 3742/257/3706 3710/219/3674
f 3706/227/3670 3740/255/3704 3741/256/3705 3708/223/3672
f 3704/231/3668 3739/254/3703 3740/255/3704 3706/227/3670
f 3701/235/3665 3744/253/3708 3739/254/3703 3704/231/3668
f 3689/260/3653 3691/261/3655 3745/243/3709 3746/11/3710
f 3691/261/3655 3693/264/3657 3747/244/3711 3745/243/3709
f 3693/264/3657 3728/265/3692 3748/226/3712 3747/244/3711
f 3732/263/3696 3689/260/3653 3746/11/3710 3749/234/3713
f 3750/262/3714 3732/263/3696 3749/234/3713 3727/230/3691
f 3728/265/3692 3750/262/3714 3727/230/3691 3748/226/3712
f 3777/203/3740 3752/2/3716 3754/149/3718 3778/204/3741
f 3778/204/3741 3754/149/3718 3756/150/3720 3779/205/3742
f 3779/205/3742 3756/150/3720 3758/152/3722 3780/206/3743
f 3780/206/3743 3758/152/3722 3760/154/3724 3781/207/3744
f 3781/207/3744 3760/154/3724 3762/160/3726 3782/208/3745
f 3782/208/3745 3762/160/3726 3752/167/3716 3777/209/3740
f 3793/210/3755 3774/213/3737 3763/212/3727 3811/211/3773
f 3788/214/3750 3773/217/3736 3764/216/3728 3783/215/3746
f 3792/218/3754 3772/219/3735 3774/213/3737 3793/210/3755
f 3787/220/3749 3771/221/3734 3773/217/3736 3788/214/3750
f 3791/222/3753 3770/223/3733 3772/219/3735 3792/218/3754
f 3786/224/3748 3769/225/3732 3771/221/3734 3787/220/3749
f 3810/226/3772 3768/227/3731 3770/223/3733 3791/222/3753
f 3785/228/3747 3767/229/3730 3769/225/3732 3786/224/3748
f 3789/230/3751 3766/231/3729 3768/227/3731 3810/226/3772
f 3784/232/3686 3765/233/3667 3767/229/3730 3785/228/3747
f 3811/234/3773 3763/235/3727 3766/231/3729 3789/230/3751
f 3783/236/3746 3764/237/3728 3765/233/3667 3784/232/3686
f 3757/238/3721 3759/240/3723 3776/239/3739
f 3808/241/3770 3807/243/3769 3775/242/3738
f 3807/243/3769 3809/244/3771 3775/242/3738
f 3761/245/3725 3808/241/3770 3775/242/3738 3776/239/3739
f 3759/240/3723 3761/245/3725 3776/239/3739
f 3809/244/3771 3757/238/3721 3776/239/3739 3775/242/3738
f 3799/246/3761 3782/208/3745 3777/209/3740 3800/247/3762
f 3798/248/3760 3781/207/3744 3782/208/3745 3799/246/3761
f 3797/249/3759 3780/206/3743 3781/207/3744 3798/248/3760
f 3796/250/3758 3779/205/3742 3780/206/3743 3797/249/3759
f 3795/251/3757 3778/204/3741 3779/205/3742 3796/250/3758
f 3800/252/3762 3777/203/3740 3778/204/3741 3795/251/3757
f 3806/253/3768 3783/236/3746 3784/232/3686 3801/254/3763
f 3801/254/3763 3784/232/3686 3785/228/3747 3802/255/3764
f 3802/255/3764 3785/228/3747 3786/224/3748 3803/256/3765
f 3803/256/3765 3786/224/3748 3787/220/3749 3804/257/3766
f 3804/257/3766 3787/220/3749 3788/214/3750 3805/258/3767
f 3805/258/3767 3788/214/3750 3783/215/3746 3806/259/3768
f 3751/260/3715 3794/263/3756 3812/262/3774 3753/261/3717
f 3753/261/3717 3812/262/3774 3790/265/3752 3755/264/3719
f 3809/244/3771 3810/226/3772 3791/222/3753 3757/238/3721
f 3757/238/3721 3791/222/3753 3792/218/3754 3759/240/3723
f 3759/240/3723 3792/218/3754 3793/210/3755 3761/245/3725
f 3761/245/3725 3793/210/3755 3811/211/3773 3808/241/3770
f 3764/237/3728 3800/252/3762 3795/251/3757 3765/233/3667
f 3765/233/3667 3795/251/3757 3796/250/3758 3767/229/3730
f 3767/229/3730 3796/250/3758 3797/249/3759 3769/225/3732
f 3769/225/3732 3797/249/3759 3798/248/3760 3771/221/3734
f 3771/221/3734 3798/248/3760 3799/246/3761 3773/217/3736
f 3773/217/3736 3799/246/3761 3800/247/3762 3764/216/3728
f 3774/213/3737 3805/258/3767 3806/259/3768 3763/212/3727
f 3772/219/3735 3804/257/3766 3805/258/3767 3774/213/3737
f 3770/223/3733 3803/256/3765 3804/257/3766 3772/219/3735
f 3768/227/3731 3802/255/3764 3803/256/3765 3770/223/3733
f 3766/231/3729 3801/254/3763 3802/255/3764 3768/227/3731
f 3763/235/3727 3806/253/3768 3801/254/3763 3766/231/3729
f 3751/260/3715 3753/261/3717 3807/243/3769 3808/11/3770
f 3753/261/3717 3755/264/3719 3809/244/3771 3807/243/3769
f 3755/264/3719 3790/265/3752 3810/226/3772 3809/244/3771
f 3794/263/3756 3751/260/3715 3808/11/3770 3811/234/3773
f 3812/262/3774 3794/263/3756 3811/234/3773 3789/230/3751
f 3790/265/3752 3812/262/3774 3789/230/3751 3810/226/3772
f 3839/203/3796 3814/2/3776 3816/149/3778 3840/204/3797
f 3840/204/3797 3816/149/3778 3818/150/3780 3841/205/3798
f 3841/205/3798 3818/150/3780 3820/152/3782 3842/206/3799
f 3842/206/3799 3820/152/3782 3822/154/3783 3843/207/3800
f 3843/207/3800 3822/154/3783 3824/160/3785 3844/208/3801
f 3844/208/3801 3824/160/3785 3814/167/3776 3839/209/3796
f 3855/210/3809 3836/213/3793 3825/212/3786 3873/211/3825
f 3850/214/3804 3835/217/3792 3826/216/3787 3845/215/3802
f 3854/218/3808 3834/219/3791 3836/213/3793 3855/210/3809
f 3849/220/3689 3833/221/3673 3835/217/3792 3850/214/3804
f 3853/222/3807 3832/223/3790 3834/219/3791 3854/218/3808
f 3848/224/3688 3831/225/3671 3833/221/3673 3849/220/3689
f 3872/226/3712 3830/227/3789 3832/223/3790 3853/222/3807
f 3847/228/3803 3829/229/3669 3831/225/3671 3848/224/3688
f 3851/230/3805 3828/231/3788 3830/227/3789 3872/226/3712
f 3846/232/3686 3827/233/3667 3829/229/3669 3847/228/3803
f 3873/234/3825 3825/235/3786 3828/231/3788 3851/230/3805
f 3845/236/3802 3826/237/3787 3827/233/3667 3846/232/3686
f 3819/238/3781 3821/240/3661 3838/239/3795
f 3870/241/3823 3869/243/3709 3837/242/3794
f 3869/243/3709 3871/244/3824 3837/242/3794
f 3823/245/3784 3870/241/3823 3837/242/3794 3838/239/3795
f 3821/240/3661 3823/245/3784 3838/239/3795
f 3871/244/3824 3819/238/3781 3838/239/3795 3837/242/3794
f 3861/246/3815 3844/208/3801 3839/209/3796 3862/247/3816
f 3860/248/3814 3843/207/3800 3844/208/3801 3861/246/3815
f 3859/249/3813 3842/206/3799 3843/207/3800 3860/248/3814
f 3858/250/3812 3841/205/3798 3842/206/3799 3859/249/3813
f 3857/251/3811 3840/204/3797 3841/205/3798 3858/250/3812
f 3862/252/3816 3839/203/3796 3840/204/3797 3857/251/3811
f 3868/253/3822 3845/236/3802 3846/232/3686 3863/254/3817
f 3863/254/3817 3846/232/3686 3847/228/3803 3864/255/3818
f 3864/255/3818 3847/228/3803 3848/224/3688 3865/256/3819
f 3865/256/3819 3848/224/3688 3849/220/3689 3866/257/3820
f 3866/257/3820 3849/220/3689 3850/214/3804 3867/258/3821
f 3867/258/3821 3850/214/3804 3845/215/3802 3868/259/3822
f 3813/260/3775 3856/263/3810 3874/262/3826 3815/261/3777
f 3815/261/3777 3874/262/3826 3852/265/3806 3817/264/3779
f 3871/244/3824 3872/226/3712 3853/222/3807 3819/238/3781
f 3819/238/3781 3853/222/3807 3854/218/3808 3821/240/3661
f 3821/240/3661 3854/218/3808 3855/210/3809 3823/245/3784
f 3823/245/3784 3855/210/3809 3873/211/3825 3870/241/3823
f 3826/237/3787 3862/252/3816 3857/251/3811 3827/233/3667
f 3827/233/3667 3857/251/3811 3858/250/3812 3829/229/3669
f 3829/229/3669 3858/250/3812 3859/249/3813 3831/225/3671
f 3831/225/3671 3859/249/3813 3860/248/3814 3833/221/3673
f 3833/221/3673 3860/248/3814 3861/246/3815 3835/217/3792
f 3835/217/3792 3861/246/3815 3862/247/3816 3826/216/3787
f 3836/213/3793 3867/258/3821 3868/259/3822 3825/212/3786
f 3834/219/3791 3866/257/3820 3867/258/3821 3836/213/3793
f 3832/223/3790 3865/256/3819 3866/257/3820 3834/219/3791
f 3830/227/3789 3864/255/3818 3865/256/3819 3832/223/3790
f 3828/231/3788 3863/254/3817 3864/255/3818 3830/227/3789
f 3825/235/3786 3868/253/3822 3863/254/3817 3828/231/3788
f 3813/260/3775 3815/261/3777 3869/243/3709 3870/11/3823
f 3815/261/3777 3817/264/3779 3871/244/3824 3869/243/3709
f 3817/264/3779 3852/265/3806 3872/226/3712 3871/244/3824
f 3856/263/3810 3813/260/3775 3870/11/3823 3873/234/3825
f 3874/262/3826 3856/263/3810 3873/234/3825 3851/230/3805
f 3852/265/3806 3874/262/3826 3851/230/3805 3872/226/3712
f 3901/203/3853 3876/2/3828 3878/149/3830 3902/204/3854
f 3902/204/3854 3878/149/3830 3880/150/3832 3903/205/3855
f 3903/205/3855 3880/150/3832 3882/152/3834 3904/206/3856
f 3904/206/3856 3882/152/3834 3884/154/3836 3905/207/3857
f 3905/207/3857 3884/154/3836 3886/160/3838 3906/208/3858
f 3906/208/3858 3886/160/3838 3876/167/3828 3901/209/3853
f 3917/210/3869 3898/213/3850 3887/212/3839 3935/211/3887
f 3912/214/3864 3897/217/3849 3888/216/3840 3907/215/3859
f 3916/218/3868 3896/219/3848 3898/213/3850 3917/210/3869
f 3911/220/3863 3895/221/3847 3897/217/3849 3912/214/3864
f 3915/222/3867 3894/223/3846 3896/219/3848 3916/218/3868
f 3910/224/3862 3893/225/3845 3895/221/3847 3911/220/3863
f 3934/226/3886 3892/227/3844 3894/223/3846 3915/222/3867
f 3909/228/3861 3891/229/3843 3893/225/3845 3910/224/3862
f 3913/230/3865 3890/231/3842 3892/227/3844 3934/226/3886
f 3908/232/3860 3889/233/3841 3891/229/3843 3909/228/3861
f 3935/234/3887 3887/235/3839 3890/231/3842 3913/230/3865
f 3907/236/3859 3888/237/3840 3889/233/3841 3908/232/3860
f 3881/238/3833 3883/240/3835 3900/239/3852
f 3932/241/3884 3931/243/3883 3899/242/3851
f 3931/243/3883 3933/244/3885 3899/242/3851
f 3885/245/3837 3932/241/3884 3899/242/3851 3900/239/3852
f 3883/240/3835 3885/245/3837 3900/239/3852
f 3933/244/3885 3881/238/3833 3900/239/3852 3899/242/3851
f 3923/246/3875 3906/208/3858 3901/209/3853 3924/247/3876
f 3922/248/3874 3905/207/3857 3906/208/3858 3923/246/3875
f 3921/249/3873 3904/206/3856 3905/207/3857 3922/248/3874
f 3920/250/3872 3903/205/3855 3904/206/3856 3921/249/3873
f 3919/251/3871 3902/204/3854 3903/205/3855 3920/250/3872
f 3924/252/3876 3901/203/3853 3902/204/3854 3919/251/3871
f 3930/253/3882 3907/236/3859 3908/232/3860 3925/254/3877
f 3925/254/3877 3908/232/3860 3909/228/3861 3926/255/3878
f 3926/255/3878 3909/228/3861 3910/224/3862 3927/256/3879
f 3927/256/3879 3910/224/3862 3911/220/3863 3928/257/3880
f 3928/257/3880 3911/220/3863 3912/214/3864 3929/258/3881
f 3929/258/3881 3912/214/3864 3907/215/3859 3930/259/3882
f 3875/260/3827 3918/263/3870 3936/262/3888 3877/261/3829
f 3877/261/3829 3936/262/3888 3914/265/3866 3879/264/3831
f 3933/244/3885 3934/226/3886 3915/222/3867 3881/238/3833
f 3881/238/3833 3915/222/3867 3916/218/3868 3883/240/3835
f 3883/240/3835 3916/218/3868 3917/210/3869 3885/245/3837
f 3885/245/3837 3917/210/3869 3935/211/3887 3932/241/3884
f 3888/237/3840 3924/252/3876 3919/251/3871 3889/233/3841
f 3889/233/3841 3919/251/3871 3920/250/3872 3891/229/3843
f 3891/229/3843 3920/250/3872 3921/249/3873 3893/225/3845
f 3893/225/3845 3921/249/3873 3922/248/3874 3895/221/3847
f 3895/221/3847 3922/248/3874 3923/246/3875 3897/217/3849
f 3897/217/3849 3923/246/3875 3924/247/3876 3888/216/3840
f 3898/213/3850 3929/258/3881 3930/259/3882 3887/212/3839
f 3896/219/3848 3928/257/3880 3929/258/3881 3898/213/3850
f 3894/223/3846 3927/256/3879 3928/257/3880 3896/219/3848
f 3892/227/3844 3926/255/3878 3927/256/3879 3894/223/3846
f 3890/231/3842 3925/254/3877 3926/255/3878 3892/227/3844
f 3887/235/3839 3930/253/3882 3925/254/3877 3890/231/3842
f 3875/260/3827 3877/261/3829 3931/243/3883 3932/11/3884
f 3877/261/3829 3879/264/3831 3933/244/3885 3931/243/3883
f 3879/264/3831 3914/265/3866 3934/226/3886 3933/244/3885
f 3918/263/3870 3875/260/3827 3932/11/3884 3935/234/3887
f 3936/262/3888 3918/263/3870 3935/234/3887 3913/230/3865
f 3914/265/3866 3936/262/3888 3913/230/3865 3934/226/3886
f 3971/210/3923 3954/213/3906 3943/212/3895 3989/211/3941
f 3966/214/3918 3953/217/3905 3944/216/3896 3961/215/3913
f 3970/218/3922 3952/219/3904 3954/213/3906 3971/210/3923
f 3965/220/3917 3951/221/3903 3953/217/3905 3966/214/3918
f 3969/222/3921 3950/223/3902 3952/219/3904 3970/218/3922
f 3964/224/3916 3949/225/3901 3951/221/3903 3965/220/3917
f 3988/226/3940 3948/227/3900 3950/223/3902 3969/222/3921
f 3963/228/3915 3947/229/3899 3949/225/3901 3964/224/3916
f 3967/230/3919 3946/231/3898 3948/227/3900 3988/226/3940
f 3962/232/3914 3945/233/3897 3947/229/3899 3963/228/3915
f 3989/234/3941 3943/235/3895 3946/231/3898 3967/230/3919
f 3961/236/3913 3944/237/3896 3945/233/3897 3962/232/3914
f 3940/238/3892 3941/240/3893 3956/239/3908
f 3986/241/3938 3985/243/3937 3955/242/3907
f 3985/243/3937 3987/244/3939 3955/242/3907
f 3942/245/3894 3986/241/3938 3955/242/3907 3956/239/3908
f 3941/240/3893 3942/245/3894 3956/239/3908
f 3987/244/3939 3940/238/3892 3956/239/3908 3955/242/3907
f 3977/246/3929 3960/208/3912 3957/209/3909 3978/247/3930
f 3976/248/3928 3959/207/3911 3960/208/3912 3977/246/3929
f 3975/249/3927 3958/206/3910 3959/207/3911 3976/248/3928
f 3984/253/3936 3961/236/3913 3962/232/3914 3979/254/3931
f 3979/254/3931 3962/232/3914 3963/228/3915 3980/255/3932
f 3980/255/3932 3963/228/3915 3964/224/3916 3981/256/3933
f 3981/256/3933 3964/224/3916 3965/220/3917 3982/257/3934
f 3982/257/3934 3965/220/3917 3966/214/3918 3983/258/3935
f 3983/258/3935 3966/214/3918 3961/215/3913 3984/259/3936
f 3937/260/3889 3972/263/3924 3990/262/3942 3938/261/3890
f 3938/261/3890 3990/262/3942 3968/265/3920 3939/264/3891
f 3987/244/3939 3988/226/3940 3969/222/3921 3940/238/3892
f 3940/238/3892 3969/222/3921 3970/218/3922 3941/240/3893
f 3941/240/3893 3970/218/3922 3971/210/3923 3942/245/3894
f 3942/245/3894 3971/210/3923 3989/211/3941 3986/241/3938
f 3944/237/3896 3978/252/3930 3973/251/3925 3945/233/3897
f 3945/233/3897 3973/251/3925 3974/250/3926 3947/229/3899
f 3947/229/3899 3974/250/3926 3975/249/3927 3949/225/3901
f 3949/225/3901 3975/249/3927 3976/248/3928 3951/221/3903
f 3951/221/3903 3976/248/3928 3977/246/3929 3953/217/3905
f 3953/217/3905 3977/246/3929 3978/247/3930 3944/216/3896
f 3954/213/3906 3983/258/3935 3984/259/3936 3943/212/3895
f 3952/219/3904 3982/257/3934 3983/258/3935 3954/213/3906
f 3950/223/3902 3981/256/3933 3982/257/3934 3952/219/3904
f 3948/227/3900 3980/255/3932 3981/256/3933 3950/223/3902
f 3946/231/3898 3979/254/3931 3980/255/3932 3948/227/3900
f 3943/235/3895 3984/253/3936 3979/254/3931 3946/231/3898
f 3937/260/3889 3938/261/3890 3985/243/3937 3986/11/3938
f 3938/261/3890 3939/264/3891 3987/244/3939 3985/243/3937
f 3939/264/3891 3968/265/3920 3988/226/3940 3987/244/3939
f 3972/263/3924 3937/260/3889 3986/11/3938 3989/234/3941
f 3990/262/3942 3972/263/3924 3989/234/3941 3967/230/3919
f 3968/265/3920 3990/262/3942 3967/230/3919 3988/226/3940
f 3820/152/3782 3818/150/3780 3876/167/3828 3886/160/3838
f 3758/152/3722 3756/150/3720 3814/167/3776 3824/160/3785
f 3696/152/3660 3694/150/3658 3752/167/3716 3762/160/3726
f 3820/152/3782 3886/160/3838 4004/152/3956
f 3882/152/3834 3880/150/3832 4008/150/3960 4009/152/3961
f 3694/150/3658 3692/149/3656 3992/149/3944 3993/150/3945
f 3822/154/3783 3820/152/3782 4004/152/3956 4005/154/3957
f 3762/160/3726 3760/154/3724 4000/154/3952 3994/160/3946
f 3876/167/3828 3818/150/3780 4003/167/3955
f 3878/149/3830 3876/2/3828 4003/2/3955 4007/149/3959
f 3700/160/3664 3698/154/3662 3995/154/3947 3996/160/3948
f 3818/150/3780 3816/149/3778 4002/149/3954 4003/150/3955
f 3758/152/3722 3824/160/3785 3999/152/3951
f 3814/167/3776 3756/150/3720 3998/167/3950
f 3884/154/3836 3882/152/3834 4009/152/3961 4010/154/3962
f 3824/160/3785 3822/154/3783 4005/154/3957 3999/160/3951
f 3754/149/3718 3752/2/3716 3993/2/3945 3997/149/3949
f 3752/167/3716 3694/150/3658 3993/167/3945
f 3880/150/3832 3878/149/3830 4007/149/3959 4008/150/3960
f 3692/149/3656 3690/2/3654 3991/2/3943 3992/149/3944
f 3690/167/3654 3700/160/3664 3996/160/3948 3991/167/3943
f 3696/152/3660 3762/160/3726 3994/152/3946
f 3760/154/3724 3758/152/3722 3999/152/3951 4000/154/3952
f 3886/160/3838 3884/154/3836 4010/154/3962 4004/160/3956
f 3698/154/3662 3696/152/3660 3994/152/3946 3995/154/3947
f 3816/149/3778 3814/2/3776 3998/2/3950 4002/149/3954
f 3756/150/3720 3754/149/3718 3997/149/3949 3998/150/3950
f 4008/150/3960 4007/149/3959 4017/149/3969 4018/150/3970
f 4009/152/3961 4008/150/3960 4018/150/3970 4019/152/3971
f 3998/150/3950 3997/149/3949 4011/149/3963
f 4010/154/3962 4009/152/3961 4019/152/3971 4015/154/3967
f 4003/2/3955 4014/2/3966 4017/149/3969
f 4000/154/3952 3999/152/3951 4012/154/3964
f 3999/160/3951 4005/154/3957 4016/154/3968
f 3994/160/3946 4000/154/3952 4012/160/3964
f 4002/149/3954 3998/2/3950 4014/149/3966
f 3997/149/3949 3993/2/3945 4011/149/3963
f 3992/149/3944 3991/2/3943 4001/2/3953 4006/149/3958
f 4004/160/3956 4010/154/3962 4015/160/3967
f 4003/150/3955 4002/149/3954 4014/150/3966
f 3993/150/3945 3992/149/3944 4006/149/3958
f 4005/154/3957 4004/152/3956 4015/152/3967
f 3994/152/3946 4012/152/3964 4013/154/3965
f 4007/149/3959 4003/2/3955 4017/149/3969
f 4014/150/3966 3998/150/3950 4011/149/3963
f 4011/150/3963 3993/150/3945 4006/149/3958
f 4016/154/3968 4005/154/3957 4015/152/3967
f 4012/160/3964 3999/160/3951 4016/154/3968
f 3995/154/3947 3994/152/3946 4013/154/3965
f 4013/154/3965 4012/152/3964 4044/152/3996 4041/154/3993
f 4016/154/3968 4015/152/3967 4045/152/3997 4043/154/3995
f 4014/150/3966 4011/149/3963 4022/149/3974 4026/150/3978
f 4017/149/3969 4014/2/3966 4026/2/3978 4029/149/3981
f 4018/150/3970 4017/149/3969 4029/149/3981 4030/150/3982
f 4015/154/3967 4019/152/3971 4042/152/3994 4045/154/3997
f 4011/150/3963 4006/149/3958 4021/149/3973 4022/150/3974
f 4019/152/3971 4018/150/3970 4030/150/3982 4042/152/3994
f 4012/160/3964 4016/154/3968 4043/154/3995 4044/160/3996
f 4006/149/3958 4001/2/3953 4020/2/3972 4021/149/3973
f 3957/209/3909 3960/208/3912 4038/267/3990 4033/266/3985
f 4020/167/3972 4035/268/3987 4033/266/3985
f 3960/208/3912 3959/207/3911 4039/269/3991 4038/267/3990
f 3959/207/3911 3958/206/3910 4040/270/3992 4039/269/3991
f 3973/251/3925 4032/272/3984 4037/271/3989 3974/250/3926
f 3957/209/3909 4035/268/3987 4036/273/3988 3973/251/3925 3978/252/3930
f 3991/2/3943 3996/160/3948 4032/272/3984 4036/274/3988 4001/2/3953
f 3995/154/3947 4013/154/3965 4037/271/3989
f 3975/249/3927 3974/250/3926 4013/154/3965 3958/206/3910
f 4024/154/3976 4040/270/3992 4041/154/3993
f 4033/266/3985 4034/275/3986 4020/167/3972
f 4036/273/3988 4035/268/3987 4001/167/3953
f 4033/266/3985 4035/268/3987 3957/209/3909
f 4036/274/3988 4032/272/3984 3973/251/3925
f 4037/271/3989 4032/272/3984 3996/160/3948 3995/154/3947
f 4037/271/3989 4013/154/3965 3974/250/3926
f 4038/267/3990 4039/269/3991 4024/154/3976 4025/160/3977
f 4033/266/3985 4038/267/3990 4025/160/3977 4034/275/3986
f 4041/154/3993 4040/270/3992 3958/206/3910 4013/154/3965
f 4039/269/3991 4040/270/3992 4024/154/3976
f 4041/154/3993 4044/152/3996 4023/152/3975 4024/154/3976
f 4044/160/3996 4043/154/3995 4028/154/3980 4023/160/3975
f 4045/154/3997 4042/152/3994 4031/152/3983 4027/154/3979
f 4043/154/3995 4045/152/3997 4027/152/3979 4028/154/3980
f 4042/152/3994 4030/150/3982 4031/152/3983
f 4035/268/3987 4020/167/3972 4001/167/3953
f 4029/149/3981 4026/2/3978 4055/2/4007 4056/149/4008
f 4069/1/4021 4072/1/4024 4081/277/4033 4083/276/4035
f 4026/150/3978 4022/149/3974 4054/149/4006 4055/150/4007
f 4030/150/3982 4029/149/3981 4056/149/4008 4057/150/4009
f 4072/1/4024 4073/1/4025 4082/278/4034 4081/277/4033
f 4020/167/3972 4034/275/3986 4058/275/4010 4052/167/4004
f 4034/275/3986 4025/160/3977 4058/275/4010
f 4030/150/3982 4057/150/4009 4031/152/3983
f 4028/154/3980 4027/152/3979 4061/152/4013 4062/154/4014
f 4027/154/3979 4031/152/3983 4063/152/4015 4061/154/4013
f 4057/150/4009 4063/152/4015 4031/152/3983
f 4024/154/3976 4023/152/3975 4059/152/4011 4060/154/4012
f 4023/160/3975 4028/154/3980 4062/154/4014 4059/160/4011
f 4024/154/3976 4060/154/4012 4058/275/4010 4025/160/3977
f 2895/1/2875 4067/1/4019 4078/1/4030 4049/1/4001
f 2893/1/2873 4065/1/4017 4066/1/4018 2894/1/2874
f 2904/1/2884 4071/1/4023 4073/1/4025 2906/1/2886
f 4048/1/4000 4077/1/4029 4076/1/4028 4047/1/3999
f 2897/1/2877 4069/1/4021 4068/1/4020 2896/1/2876
f 2898/1/2878 2894/1/2874 4066/1/4018 4070/1/4022 2903/1/2883 2902/1/2882 2901/1/2881 2900/1/2880 2899/1/2879
f 2903/1/2883 4070/1/4022 4071/1/4023 2904/1/2884
f 4049/1/4001 4078/1/4030 4077/1/4029 4048/1/4000
f 2896/1/2876 4068/1/4020 4067/1/4019 2895/1/2875
f 4046/1/3998 4075/1/4027 4079/1/4031 4050/1/4002
f 4071/1/4023 4070/3/4022 4054/149/4006 4084/279/4036
f 2905/1/2885 4072/1/4024 4069/1/4021 2897/1/2877
f 2907/1/2887 4074/1/4026 4075/1/4027 4046/1/3998
f 4051/1/4003 4080/1/4032 4064/1/4016 2892/1/2872
f 4047/1/3999 4076/1/4028 4074/1/4026 2907/1/2887
f 4050/1/4002 4079/1/4031 4080/1/4032 4051/1/4003
f 2906/1/2886 4073/1/4025 4072/1/4024 2905/1/2885
f 4055/2/4007 4054/149/4006 4070/3/4022 4066/1/4018
f 2892/1/2872 4064/1/4016 4065/1/4017 2893/1/2873
f 4062/154/4014 4061/152/4013 4079/1/4031 4075/1/4027
f 4062/154/4014 4075/1/4027 4074/1/4026 4059/160/4011
f 4060/154/4012 4059/160/4011 4074/1/4026 4076/1/4028
f 4058/275/4010 4060/154/4012 4076/1/4028 4077/1/4029
f 4061/152/4013 4063/152/4015 4080/1/4032 4079/1/4031
f 4063/152/4015 4057/150/4009 4064/1/4016 4080/1/4032
f 4057/150/4009 4056/149/4008 4065/1/4017 4064/1/4016
f 4056/149/4008 4055/2/4007 4066/1/4018 4065/1/4017
f 4077/1/4029 4078/1/4030 4058/275/4010
f 4052/167/4004 4058/275/4010 4078/1/4030 4067/1/4019
f 4073/1/4025 4071/1/4023 4084/279/4036 4082/278/4034
f 4054/149/4006 4022/149/3974 4020/167/3972 4052/167/4004 4053/280/4005 4083/276/4035 4081/277/4033 4082/278/4034 4084/279/4036
f 4068/1/4020 4053/280/4005 4052/167/4004 4067/1/4019
f 4053/280/4005 4068/1/4020 4069/1/4021 4083/276/4035
f 4085/3/4037 4087/1/4039 4088/2/4040 4086/11/4038
f 4086/11/4038 4090/11/4042 4089/3/4041 4085/3/4037
f 4090/11/4042 4092/11/4044 4091/3/4043 4089/3/4041
f 4092/11/4044 4094/11/4046 4093/3/4045 4091/3/4043
f 4094/11/4046 4152/11/4104 4151/3/4103 4093/3/4045
f 4096/11/4048 4098/11/4050 4097/3/4049 4095/3/4047
f 4098/11/4050 4100/11/4052 4099/3/4051 4097/3/4049
f 4100/11/4052 4102/11/4054 4101/3/4053 4099/3/4051
f 4102/11/4054 4104/11/4056 4103/3/4055 4101/3/4053
f 4104/11/4056 4106/11/4058 4105/3/4057 4103/3/4055
f 4106/11/4058 4108/11/4060 4107/3/4059 4105/3/4057
f 4108/11/4060 4110/11/4062 4109/3/4061 4107/3/4059
f 4110/11/4062 4112/11/4064 4111/3/4063 4109/3/4061
f 4112/11/4064 4114/11/4066 4113/3/4065 4111/3/4063
f 4114/11/4066 4116/11/4068 4115/3/4067 4113/3/4065
f 4116/11/4068 4118/11/4070 4117/3/4069 4115/3/4067
f 4120/11/4072 4122/11/4074 4121/3/4073 4119/3/4071
f 4121/3/4073 4124/3/4076 4123/3/4075 4119/3/4071
f 4124/3/4076 4126/3/4078 4125/3/4077 4123/3/4075
f 4126/3/4078 4128/3/4080 4127/3/4079 4125/3/4077
f 4128/3/4080 4130/3/4082 4129/3/4081 4127/3/4079
f 4130/3/4082 4132/3/4084 4131/3/4083 4129/3/4081
f 4132/3/4084 4134/3/4086 4133/3/4085 4131/3/4083
f 4134/3/4086 4136/3/4088 4135/3/4087 4133/3/4085
f 4136/3/4088 4138/3/4090 4137/3/4089 4135/3/4087
f 4138/3/4090 4140/3/4092 4139/3/4091 4137/3/4089
f 4140/3/4092 4142/3/4094 4141/3/4093 4139/3/4091
f 4142/3/4094 4144/3/4096 4143/3/4095 4141/3/4093
f 4144/3/4096 4146/3/4098 4145/3/4097 4143/3/4095
f 4125/3/4077 4148/3/4100 4147/3/4099 4123/3/4075
f 4148/3/4100 4150/3/4102 4149/3/4101 4147/3/4099
f 4092/11/4044 4145/3/4097 4146/3/4098 4094/11/4046
f 4152/11/4104 4096/11/4048 4095/3/4047 4151/3/4103
f 4115/3/4067 4117/3/4069 4140/3/4092 4138/3/4090
f 4113/3/4065 4115/3/4067 4138/3/4090 4136/3/4088
f 4111/3/4063 4113/3/4065 4136/3/4088 4134/3/4086
f 4109/3/4061 4111/3/4063 4134/3/4086 4132/3/4084
f 4129/3/4081 4180/3/4132 4178/3/4130 4127/3/4079
f 4147/3/4099 4191/3/4143 4174/3/4126 4123/3/4075
f 4101/3/4053 4165/3/4117 4164/3/4116 4099/3/4051
f 4122/11/4074 4173/11/4125 4172/3/4124 4121/3/4073
f 4132/3/4084 4183/3/4135 4169/3/4121 4109/3/4061
f 4128/3/4080 4179/3/4131 4181/3/4133 4130/3/4082
f 4125/3/4077 4176/3/4128 4192/3/4144 4148/3/4100
f 4139/3/4091 4187/3/4139 4186/3/4138 4137/3/4089
f 4093/3/4045 4161/3/4113 4159/3/4111 4091/3/4043
f 4150/3/4102 4194/3/4146 4193/3/4145 4149/3/4101
f 4120/11/4072 4171/11/4123 4173/11/4125 4122/11/4074
f 4131/3/4083 4182/3/4134 4180/3/4132 4129/3/4081
f 4149/3/4101 4193/3/4145 4191/3/4143 4147/3/4099
f 4103/3/4055 4166/3/4118 4165/3/4117 4101/3/4053
f 4130/3/4082 4181/3/4133 4183/3/4135 4132/3/4084
f 4085/3/4037 4153/3/4105 4155/1/4107 4087/1/4039
f 4148/3/4100 4192/3/4144 4194/3/4146 4150/3/4102
f 4123/3/4075 4174/3/4126 4170/3/4122 4119/3/4071
f 4141/3/4093 4188/3/4140 4187/3/4139 4139/3/4091
f 4095/3/4047 4162/3/4114 4195/3/4147 4151/3/4103
f 4151/3/4103 4195/3/4147 4161/3/4113 4093/3/4045
f 4121/3/4073 4172/3/4124 4175/3/4127 4124/3/4076
f 4133/3/4085 4184/3/4136 4182/3/4134 4131/3/4083
f 4088/2/4040 4156/2/4108 4154/11/4106 4086/11/4038
f 4105/3/4057 4167/3/4119 4166/3/4118 4103/3/4055
f 4087/1/4039 4155/1/4107 4156/2/4108 4088/2/4040
f 4143/3/4095 4203/3/4155 4202/3/4154 4141/3/4093
f 4097/3/4049 4163/3/4115 4162/3/4114 4095/3/4047
f 4124/3/4076 4175/3/4127 4177/3/4129 4126/3/4078
f 4133/3/4085 4208/3/4160 4211/3/4163 4184/3/4136
f 4089/3/4041 4157/3/4109 4153/3/4105 4085/3/4037
f 4092/11/4044 4160/11/4112 4190/3/4142 4145/3/4097
f 4107/3/4059 4168/3/4120 4167/3/4119 4105/3/4057
f 4086/11/4038 4154/11/4106 4158/11/4110 4090/11/4042
f 4127/3/4079 4178/3/4130 4176/3/4128 4125/3/4077
f 4141/3/4093 4202/3/4154 4205/3/4157 4188/3/4140
f 4099/3/4051 4164/3/4116 4163/3/4115 4097/3/4049
f 4126/3/4078 4177/3/4129 4179/3/4131 4128/3/4080
f 4135/3/4087 4209/3/4161 4208/3/4160 4133/3/4085
f 4091/3/4043 4159/3/4111 4157/3/4109 4089/3/4041
f 4109/3/4061 4169/3/4121 4168/3/4120 4107/3/4059
f 4119/3/4071 4170/3/4122 4171/11/4123 4120/11/4072
f 4090/11/4042 4158/11/4110 4160/11/4112 4092/11/4044
f 4163/3/4115 4173/11/4125 4171/11/4123 4162/3/4114
f 4163/3/4115 4164/3/4116 4172/3/4124 4173/11/4125
f 4164/3/4116 4165/3/4117 4175/3/4127 4172/3/4124
f 4165/3/4117 4166/3/4118 4177/3/4129 4175/3/4127
f 4166/3/4118 4167/3/4119 4179/3/4131 4177/3/4129
f 4155/1/4107 4153/3/4105 4176/3/4128 4178/3/4130
f 4153/3/4105 4157/3/4109 4192/3/4144 4176/3/4128
f 4157/3/4109 4159/3/4111 4194/3/4146 4192/3/4144
f 4159/3/4111 4161/3/4113 4193/3/4145 4194/3/4146
f 4195/3/4147 4196/281/4148 4193/3/4145 4161/3/4113
f 4171/11/4123 4170/3/4122 4197/3/4149 4196/281/4148
f 4170/3/4122 4174/3/4126 4191/3/4143 4197/3/4149
f 4197/3/4149 4191/3/4143 4193/3/4145 4196/281/4148
f 4196/281/4148 4195/3/4147 4162/3/4114 4171/11/4123
f 4154/11/4106 4199/3/4151 4189/3/4141 4158/11/4110
f 4156/2/4108 4155/1/4107 4178/3/4130 4180/3/4132
f 4189/3/4141 4190/3/4142 4160/11/4112 4158/11/4110
f 4182/3/4134 4184/3/4136 4200/3/4152 4201/3/4153
f 4203/3/4155 4206/3/4158 4205/3/4157 4202/3/4154
f 4184/3/4136 4185/3/4137 4200/3/4152
f 4199/3/4151 4154/11/4106 4156/2/4108 4201/3/4153
f 4186/3/4138 4187/3/4139 4188/3/4140 4198/3/4150
f 4198/3/4150 4188/3/4140 4189/3/4141 4199/3/4151
f 4156/2/4108 4180/3/4132 4182/3/4134 4201/3/4153
f 4185/3/4137 4186/3/4138 4198/3/4150 4200/3/4152
f 4200/3/4152 4198/3/4150 4199/3/4151 4201/3/4153
f 4204/3/4156 4207/3/4159 4206/3/4158 4203/3/4155
f 4189/3/4141 4206/3/4158 4207/3/4159 4190/3/4142
f 4190/3/4142 4207/3/4159 4204/3/4156 4145/3/4097
f 4145/3/4097 4204/3/4156 4203/3/4155 4143/3/4095
f 4188/3/4140 4205/3/4157 4206/3/4158 4189/3/4141
f 4209/3/4161 4212/3/4164 4211/3/4163 4208/3/4160
f 4210/3/4162 4213/3/4165 4212/3/4164 4209/3/4161
f 4184/3/4136 4211/3/4163 4212/3/4164 4185/3/4137
f 4186/3/4138 4213/3/4165 4210/3/4162 4137/3/4089
f 4137/3/4089 4210/3/4162 4209/3/4161 4135/3/4087
f 4185/3/4137 4212/3/4164 4213/3/4165 4186/3/4138
f 4167/3/4119 4168/3/4120 4181/3/4133 4179/3/4131
f 4168/3/4120 4169/3/4121 4183/3/4135 4181/3/4133
f 4096/11/4048 4215/11/4167 4216/11/4168 4098/11/4050
f 4106/11/4058 4224/11/4176 4219/11/4171 4108/11/4060
f 4142/3/4094 4231/3/4183 4232/3/4184 4144/3/4096
f 4116/11/4068 4228/11/4180 4229/11/4181 4118/11/4070
f 4117/3/4069 4220/3/4172 4230/3/4182 4140/3/4092
f 4102/11/4054 4223/11/4175 4218/11/4170 4104/11/4056
f 4112/11/4064 4226/11/4178 4227/11/4179 4114/11/4066
f 4098/11/4050 4216/11/4168 4217/11/4169 4100/11/4052
f 4108/11/4060 4219/11/4171 4225/11/4177 4110/11/4062
f 4144/3/4096 4232/3/4184 4221/3/4173 4146/3/4098
f 4152/11/4104 4222/11/4174 4215/11/4167 4096/11/4048
f 4094/11/4046 4214/11/4166 4222/11/4174 4152/11/4104
f 4104/11/4056 4218/11/4170 4224/11/4176 4106/11/4058
f 4140/3/4092 4230/3/4182 4231/3/4183 4142/3/4094
f 4114/11/4066 4227/11/4179 4228/11/4180 4116/11/4068
f 4118/11/4070 4229/11/4181 4220/3/4172 4117/3/4069
f 4146/3/4098 4221/3/4173 4214/11/4166 4094/11/4046
f 4100/11/4052 4217/11/4169 4223/11/4175 4102/11/4054
f 4110/11/4062 4225/11/4177 4226/11/4178 4112/11/4064
f 4243/11/4195 4242/1/4194 4249/3/4201 4248/3/4200 4247/3/4199 4245/3/4197 4246/11/4198 4244/11/4196
f 4219/11/4171 4240/11/4192 4241/11/4193 4225/11/4177
f 4214/11/4166 4233/11/4185 4250/11/4202 4222/11/4174
f 4225/11/4177 4241/11/4193 4242/11/4194 4226/11/4178
f 4215/11/4167 4234/11/4186 4235/11/4187 4216/11/4168
f 4222/11/4174 4250/11/4202 4234/11/4186 4215/11/4167
f 4226/11/4178 4242/11/4194 4243/11/4195 4227/11/4179
f 4216/11/4168 4235/11/4187 4236/11/4188 4217/11/4169
f 4221/3/4173 4249/3/4201 4233/11/4185 4214/11/4166
f 4227/11/4179 4243/11/4195 4244/11/4196 4228/11/4180
f 4217/11/4169 4236/11/4188 4237/11/4189 4223/11/4175
f 4220/3/4172 4245/3/4197 4247/3/4199 4230/3/4182
f 4229/11/4181 4246/11/4198 4245/3/4197 4220/3/4172
f 4223/11/4175 4237/11/4189 4238/11/4190 4218/11/4170
f 4228/11/4180 4244/11/4196 4246/11/4198 4229/11/4181
f 4218/11/4170 4238/11/4190 4239/11/4191 4224/11/4176
f 4230/3/4182 4247/3/4199 4248/3/4200 4231/3/4183
f 4224/11/4176 4239/11/4191 4240/11/4192 4219/11/4171
f 2418/1/2398 2411/1/2391 2376/1/2356 4251/1/4203
f 2420/1/2400 4234/1/4186 4250/1/4202 2415/1/2395
f 2411/1/2391 4249/1/4201 4242/1/4194 2416/1/2396
f 2431/1/2411 4235/1/4187 4234/1/4186 2420/1/2400
f 2417/1/2397 4241/1/4193 4240/1/4192 2430/1/2410
f 2415/1/2395 4250/1/4202 4233/1/4185 2418/1/2398
f 2430/1/2410 4240/1/4192 4239/1/4191 2428/1/2408
f 2418/1/2398 4233/1/4185 4249/1/4201 2411/1/2391
f 2428/1/2408 4239/1/4191 4238/1/4190 2426/1/2406
f 2426/1/2406 4238/1/4190 4237/1/4189 2424/1/2404
f 2424/1/2404 4237/1/4189 4236/1/4188 2422/1/2402
f 2422/1/2402 4236/1/4188 4235/1/4187 2431/1/2411
f 2416/1/2396 4242/1/4194 4241/1/4193 2417/1/2397
f 4252/1/4204 2421/1/2401 2422/1/2402 2431/1/2411
f 4249/3/4201 4221/3/4173 4232/3/4184 4231/3/4183 4248/3/4200
f 4258/1/4210 2444/1/2424 2443/1/2423 4256/1/4208
f 4253/1/4205 2445/1/2425 2444/1/2424 4258/1/4210
f 4256/1/4208 2443/1/2423 2442/1/2422 4257/1/4209
f 4257/1/4209 2442/1/2422 2441/1/2421 4255/1/4207
f 4255/1/4207 2441/1/2421 2440/1/2420 4254/1/4206
f 4254/1/4206 2440/1/2420 2439/1/2419 4259/1/4211
f 2186/1/2166 293/1/293 2445/1/2425 4253/1/4205
f 4259/1/4211 2439/1/2419 2421/1/2401 4252/1/4204
f 2278/1/2258 2348/13/2328 2349/1/2329 2286/1/2266 2285/20/2265 2284/20/2264
f 2202/3/2182 2228/3/2208 2200/3/2180 2359/1/2339
l 1140 1139
l 1141 1140
l 1142 1141
l 1144 1142
l 3212 3211
l 3213 3212
l 3214 3213
l 3216 3214
