# Blender 4.4.3
# www.blender.org
mtllib body_S.mtl
o S
v 0.090945 3.660499 0.064063
v 0.142477 3.697516 0.024275
v 0.056688 3.636870 0.096170
v 0.000118 3.593506 0.146581
v 0.022226 3.628009 0.124685
v 0.093044 3.705336 -0.008789
v 0.085897 3.706693 -0.018234
v 0.084781 3.707917 -0.029327
v 0.079688 3.708223 -0.034401
v 0.065515 3.709446 -0.040136
v 0.045493 3.709677 -0.043369
v 0.020314 3.710618 -0.045081
v 0.000118 3.710083 -0.047029
v 0.085326 3.638115 0.052822
v 0.099523 3.645984 0.019356
v 0.054468 3.622232 0.086327
v 0.000118 3.601992 0.127789
v 0.030197 3.611676 0.112346
v 0.082503 3.644374 -0.011939
v 0.075472 3.643165 -0.022960
v 0.069125 3.643250 -0.031757
v 0.065142 3.643428 -0.037654
v 0.055533 3.644525 -0.042396
v 0.042070 3.643526 -0.045926
v 0.021833 3.644087 -0.047999
v 0.000118 3.643917 -0.050508
v 0.093066 3.512662 -0.056598
v 0.046578 3.499319 -0.081466
v 0.064744 3.500469 -0.070965
v 0.107374 3.522068 -0.045359
v 0.124240 3.535013 -0.031608
v 0.123424 3.543462 -0.009648
v 0.032340 3.500952 0.092561
v 0.000118 3.499071 0.105844
v 0.047534 3.504254 0.074330
v 0.120150 3.541203 0.017625
v 0.099039 3.525117 0.046417
v 0.083187 3.597562 0.048541
v 0.099993 3.603467 0.018647
v 0.055994 3.588589 0.079869
v 0.000118 3.570078 0.114611
v 0.031114 3.577761 0.099690
v 0.086507 3.601197 -0.012778
v 0.076408 3.600000 -0.025062
v 0.070949 3.600142 -0.032668
v 0.066911 3.599893 -0.039331
v 0.055197 3.599027 -0.045997
v 0.041314 3.598871 -0.050403
v 0.020698 3.599021 -0.053371
v 0.000118 3.599723 -0.056031
v 0.085100 3.559136 0.046327
v 0.099408 3.567557 0.017440
v 0.054435 3.547079 0.076010
v 0.000118 3.526427 0.109323
v 0.031277 3.538275 0.093846
v 0.093045 3.566712 -0.012480
v 0.086401 3.565705 -0.027938
v 0.081818 3.564353 -0.037454
v 0.072732 3.560476 -0.045148
v 0.059853 3.557034 -0.051494
v 0.042808 3.551564 -0.059740
v 0.020442 3.549053 -0.066759
v 0.000118 3.547441 -0.070601
v 0.021399 3.495873 -0.090398
v 0.000118 3.494929 -0.100260
v 0.026609 3.477535 0.120751
v 0.000118 3.462015 0.131263
v 0.056791 3.488055 0.120572
v 0.134162 3.507140 0.078565
v 0.132095 3.490087 0.122499
v 0.208361 3.506315 0.067267
v 0.206172 3.493920 0.100502
v 0.212092 3.514571 0.040864
v 0.219175 3.523020 0.015756
v 0.222183 3.522510 -0.016722
v 0.220805 3.520058 -0.030285
v 0.215657 3.509377 -0.045861
v 0.213408 3.501395 -0.057985
v 0.212644 3.493378 -0.070172
v 0.157931 3.531653 -0.011384
v 0.118694 3.498121 -0.070326
v 0.147734 3.529288 -0.031145
v 0.140963 3.520221 0.043617
v 0.142885 3.521064 -0.046312
v 0.159397 3.528960 0.016399
v 0.130292 3.507424 -0.057816
v 0.275479 3.499852 0.064840
v 0.276084 3.489527 0.092198
v 0.272319 3.504839 0.040404
v 0.273885 3.506806 0.015225
v 0.273636 3.506355 -0.017429
v 0.274390 3.505965 -0.029119
v 0.274103 3.503366 -0.044344
v 0.273002 3.498653 -0.056380
v 0.271462 3.491068 -0.069115
v 0.025822 3.468133 0.140790
v 0.000118 3.450696 0.149105
v 0.057730 3.476018 0.138414
v 0.132331 3.480980 0.142556
v 0.206856 3.484276 0.126183
v 0.275613 3.477204 0.115423
v 0.028052 3.442361 0.161065
v 0.000118 3.433450 0.168922
v 0.064781 3.456177 0.155671
v 0.135561 3.465229 0.149948
v 0.208400 3.464309 0.141523
v 0.274838 3.453413 0.136389
v 0.034957 3.410306 0.182777
v 0.000118 3.399738 0.191092
v 0.078113 3.412336 0.182942
v 0.142633 3.414512 0.174448
v 0.215965 3.410650 0.162978
v 0.264998 3.407812 0.157087
v 0.123692 3.322745 0.262758
v 0.099428 3.370145 0.210692
v 0.166601 3.223697 0.355978
v 0.175782 3.269172 0.321273
v 0.176476 3.315964 0.259194
v 0.158416 3.368515 0.206469
v 0.184908 3.212461 0.357070
v 0.214328 3.245394 0.322385
v 0.229910 3.293403 0.241674
v 0.227001 3.326626 0.184022
v 0.196858 3.197701 0.358387
v 0.242421 3.213948 0.323718
v 0.270759 3.213638 0.248802
v 0.268888 3.210048 0.174423
v 0.202595 3.171890 0.361535
v 0.255262 3.167805 0.327514
v 0.284027 3.164782 0.251570
v 0.264625 3.155392 0.179267
v 0.199136 3.148680 0.368995
v 0.250346 3.126681 0.332320
v 0.279886 3.102651 0.264656
v 0.266585 3.099548 0.204639
v 0.187187 3.130256 0.371953
v 0.223471 3.088399 0.341663
v 0.246612 3.065916 0.286551
v 0.230696 3.064439 0.238520
v 0.170019 3.117807 0.378456
v 0.189006 3.065155 0.350581
v 0.194348 3.032367 0.306988
v 0.197476 3.028599 0.277312
v 0.151625 3.114339 0.379864
v 0.148750 3.059553 0.363316
v 0.148428 3.025565 0.320616
v 0.146332 3.022700 0.291336
v 0.151023 3.172488 0.381366
v 0.127113 3.120806 0.382201
v 0.108707 3.071509 0.361490
v 0.091228 3.039327 0.319618
v 0.088585 3.030904 0.298672
v 0.109229 3.132446 0.379499
v 0.074493 3.096434 0.356696
v 0.048423 3.063442 0.310251
v 0.045028 3.062225 0.282661
v 0.097280 3.149867 0.375455
v 0.056823 3.124247 0.349082
v 0.023557 3.101645 0.298340
v 0.019801 3.103185 0.284763
v 0.094022 3.173230 0.370685
v 0.046233 3.172091 0.340269
v 0.010120 3.167860 0.294746
v 0.000118 3.165797 0.285125
v 0.097280 3.190964 0.365916
v 0.052748 3.207136 0.331455
v 0.011320 3.213966 0.283231
v 0.004428 3.214613 0.272973
v 0.109229 3.208385 0.361872
v 0.074784 3.239969 0.323984
v 0.034021 3.265515 0.273469
v 0.017287 3.276150 0.255857
v 0.127113 3.220025 0.359170
v 0.103261 3.261415 0.315036
v 0.074559 3.301518 0.266947
v 0.042118 3.354483 0.223467
v 0.147456 3.226053 0.356278
v 0.136373 3.274979 0.322298
v 0.000118 3.070280 0.281771
v 0.000118 3.103640 0.270730
v 0.000118 3.166193 0.275791
v 0.000118 3.214615 0.272973
v 0.000118 3.277279 0.255857
v 0.000118 3.354745 0.223467
v 0.046578 3.472171 -0.114109
v 0.064744 3.473320 -0.108525
v 0.021399 3.472119 -0.116488
v 0.000118 3.471174 -0.117340
v 0.209029 3.466345 -0.093426
v 0.100421 3.474698 -0.102759
v 0.261278 3.455213 -0.095435
v 0.046578 3.446832 -0.126779
v 0.064744 3.447982 -0.124362
v 0.021399 3.448426 -0.129157
v 0.000118 3.447481 -0.130009
v 0.206211 3.439870 -0.107491
v 0.093269 3.449359 -0.119247
v 0.259214 3.423953 -0.108890
v 0.046179 3.381703 -0.144164
v 0.065241 3.383449 -0.139681
v 0.021623 3.382215 -0.144647
v 0.000118 3.381064 -0.145048
v 0.201986 3.391437 -0.120778
v 0.091261 3.387089 -0.130124
v 0.260165 3.394290 -0.112716
v 0.046281 3.300055 -0.145609
v 0.065682 3.301057 -0.144245
v 0.021677 3.300331 -0.145922
v 0.000118 3.298878 -0.145915
v 0.212821 3.335181 -0.117326
v 0.094793 3.302070 -0.134205
v 0.259047 3.356081 -0.111440
v 0.048180 3.209410 -0.132874
v 0.068919 3.209425 -0.125739
v 0.022314 3.209417 -0.137528
v 0.000118 3.209567 -0.139156
v 0.231913 3.280751 -0.107286
v 0.195307 3.208878 -0.120252
v 0.260107 3.315287 -0.094726
v 0.273060 3.334324 0.152129
v 0.270148 3.269382 0.127481
v 0.271480 3.293054 0.115500
v 0.279890 3.240056 0.077873
v 0.279457 3.263996 0.075623
v 0.287303 3.226089 0.014315
v 0.295564 3.246286 0.014454
v 0.269430 3.239691 -0.067189
v 0.279454 3.263988 -0.054044
v 0.279332 3.209434 0.143860
v 0.274266 3.210229 0.083781
v 0.287172 3.208878 0.013954
v 0.264114 3.208878 -0.067886
v 0.049428 3.159130 -0.115667
v 0.071219 3.159130 -0.111457
v 0.023846 3.159130 -0.118942
v 0.000118 3.159109 -0.120542
v 0.190848 3.159194 -0.097885
v 0.280248 3.158668 0.159730
v 0.283040 3.159194 0.099180
v 0.288558 3.159194 0.019105
v 0.265741 3.159194 -0.057999
v 0.049544 3.104570 -0.078896
v 0.071587 3.104570 -0.075118
v 0.023504 3.104570 -0.084899
v 0.000118 3.104608 -0.086575
v 0.189595 3.104458 -0.068416
v 0.269321 3.102023 0.183576
v 0.273085 3.104458 0.117444
v 0.276847 3.104458 0.029847
v 0.252667 3.104458 -0.039275
v 0.046919 3.064739 -0.051483
v 0.068975 3.064739 -0.049205
v 0.023059 3.064739 -0.049986
v 0.000118 3.064802 -0.048002
v 0.185158 3.064550 -0.041068
v 0.241097 3.064581 0.212192
v 0.257554 3.064550 0.145158
v 0.260193 3.064550 0.044892
v 0.251121 3.064550 -0.009839
v 0.044921 3.027900 -0.030417
v 0.068076 3.027700 -0.031878
v 0.022353 3.027907 -0.033303
v 0.000118 3.027982 -0.031041
v 0.181713 3.027661 -0.025080
v 0.210816 3.025516 0.242872
v 0.248412 3.028755 0.164616
v 0.248920 3.028755 0.056356
v 0.242261 3.028755 0.000111
v 0.000118 2.810063 0.266236
v 0.146386 3.024698 0.291267
v 0.090314 3.028756 0.293370
v 0.039170 3.037274 0.290810
v 0.000118 3.056108 0.287583
v 0.047197 2.810063 0.273993
v 0.099269 2.810063 0.272507
v 0.136277 2.811859 0.266243
v 0.174052 2.810356 -0.028501
v 0.241746 2.806057 0.047910
v 0.236315 2.811220 0.150099
v 0.181146 2.812507 0.238055
v 0.000118 2.810063 -0.027397
v 0.026658 2.810063 -0.027397
v 0.064035 2.810063 -0.027397
v 0.044688 2.810063 -0.027397
v 0.000118 2.864463 -0.018655
v 0.171856 2.864464 0.247729
v 0.180908 2.864390 -0.010719
v 0.000118 2.864463 0.268375
v 0.054415 2.864463 0.276131
v 0.228767 2.864419 0.161582
v 0.025608 2.864463 -0.018655
v 0.044693 2.864463 -0.018655
v 0.064708 2.864463 -0.018655
v 0.219502 2.864234 0.007483
v 0.099675 2.864463 0.276365
v 0.136358 2.864463 0.274030
v 0.233933 2.863766 0.053597
v 0.000118 2.907054 -0.014284
v 0.000118 2.955029 -0.014284
v 0.000118 2.999790 -0.017562
v 0.175856 2.907054 0.248448
v 0.181902 2.955029 0.249123
v 0.193804 3.001888 0.249035
v 0.024798 2.907054 -0.014284
v 0.023382 2.955029 -0.014284
v 0.023090 2.999790 -0.017562
v 0.221856 2.907054 0.012173
v 0.225340 2.955029 0.010668
v 0.234729 2.999790 0.005893
v 0.098028 2.907054 0.282083
v 0.095803 2.955029 0.289840
v 0.084427 3.005023 0.290357
v 0.232674 2.907055 0.057479
v 0.233521 2.955029 0.060315
v 0.241337 2.999790 0.058893
v 0.181898 2.999790 -0.015685
v 0.182094 2.955029 -0.006436
v 0.181168 2.907054 -0.006149
v 0.000118 3.003628 0.290391
v 0.000118 2.955029 0.284012
v 0.000118 2.907054 0.274093
v 0.049708 3.004974 0.286739
v 0.055525 2.955029 0.285862
v 0.057488 2.907054 0.281849
v 0.238041 3.001519 0.166951
v 0.230017 2.955029 0.166584
v 0.228863 2.907055 0.163949
v 0.044706 2.999790 -0.017562
v 0.044275 2.955029 -0.014284
v 0.044698 2.907054 -0.014284
v 0.066322 2.999790 -0.020709
v 0.065484 2.955029 -0.014284
v 0.065227 2.907054 -0.014284
v 0.138309 3.001650 0.294249
v 0.138457 2.955029 0.287578
v 0.137622 2.907054 0.279757
v 0.218440 2.805990 -0.007910
v 0.321680 3.472204 0.063828
v 0.312355 3.478834 0.086443
v 0.325674 3.469422 0.040075
v 0.323634 3.474970 0.014414
v 0.326352 3.470183 -0.012432
v 0.324300 3.472903 -0.028395
v 0.321013 3.474972 -0.042425
v 0.313950 3.480061 -0.053232
v 0.308050 3.480269 -0.063775
v 0.311916 3.467359 0.108070
v 0.311195 3.445204 0.127595
v 0.310042 3.404236 0.146719
v 0.298567 3.446881 -0.088284
v 0.296646 3.417771 -0.100815
v 0.297531 3.390148 -0.104377
v 0.296490 3.354568 -0.103189
v 0.297477 3.316579 -0.087625
v 0.309539 3.352323 0.142252
v 0.307360 3.307894 0.108141
v 0.306717 3.281984 0.071008
v 0.306719 3.281997 -0.048496
v 0.371944 3.171396 0.015114
v 0.387207 3.417470 0.066824
v 0.387833 3.406780 0.095146
v 0.386335 3.423601 0.041803
v 0.386494 3.424741 0.015859
v 0.385299 3.424201 -0.018346
v 0.386080 3.423798 -0.030448
v 0.385782 3.421107 -0.046209
v 0.384642 3.416228 -0.058669
v 0.383048 3.408376 -0.071854
v 0.387346 3.394023 0.119189
v 0.386543 3.369393 0.140895
v 0.385262 3.323848 0.162156
v 0.372505 3.371257 -0.099101
v 0.370369 3.338895 -0.113031
v 0.371353 3.308187 -0.116991
v 0.370196 3.268631 -0.115671
v 0.371293 3.226399 -0.098368
v 0.384702 3.266135 0.157189
v 0.382280 3.216744 0.119269
v 0.381566 3.187939 0.077987
v 0.381567 3.187953 -0.054867
v 0.449542 3.099591 0.013884
v 0.470963 3.298842 0.055914
v 0.471080 3.290139 0.078935
v 0.470480 3.303853 0.035577
v 0.470651 3.304772 0.014489
v 0.469661 3.304379 -0.013314
v 0.470280 3.304022 -0.023150
v 0.469939 3.301848 -0.035961
v 0.468835 3.297927 -0.046090
v 0.467252 3.291610 -0.056806
v 0.470216 3.279798 0.098478
v 0.468661 3.259828 0.116121
v 0.465949 3.222893 0.133403
v 0.457330 3.261858 -0.078954
v 0.454408 3.235657 -0.090276
v 0.454080 3.210686 -0.093495
v 0.451690 3.178610 -0.092422
v 0.451032 3.144277 -0.078357
v 0.463377 3.176051 0.129366
v 0.459599 3.136034 0.098543
v 0.457962 3.112671 0.064988
v 0.457964 3.112683 -0.042999
v 0.582774 3.019635 0.012704
v 0.622379 3.173402 0.045452
v 0.621557 3.166670 0.063389
v 0.622532 3.177320 0.029606
v 0.622760 3.178012 0.013175
v 0.621954 3.177812 -0.008488
v 0.622395 3.177472 -0.016152
v 0.621904 3.175830 -0.026134
v 0.620641 3.172918 -0.034025
v 0.618756 3.168206 -0.042375
v 0.619806 3.158776 0.078617
v 0.616511 3.143521 0.092363
v 0.610545 3.115288 0.105829
v 0.607976 3.146276 -0.059632
v 0.602973 3.126354 -0.068454
v 0.600102 3.107109 -0.070962
v 0.594893 3.082593 -0.070126
v 0.588609 3.053979 -0.059167
v 0.603648 3.079392 0.102683
v 0.594360 3.046717 0.078667
v 0.590646 3.028850 0.052522
v 0.590649 3.028859 -0.031618
v 0.711309 2.912787 0.012882
v 0.750343 3.070877 0.047035
v 0.749485 3.063857 0.065741
v 0.750502 3.074964 0.030509
v 0.750740 3.075686 0.013374
v 0.749900 3.075478 -0.009218
v 0.750359 3.075123 -0.017210
v 0.749847 3.073410 -0.027621
v 0.748530 3.070374 -0.035850
v 0.746564 3.065460 -0.044558
v 0.747659 3.055625 0.081621
v 0.744223 3.039716 0.095957
v 0.738001 3.010273 0.109999
v 0.735322 3.042589 -0.062555
v 0.730104 3.021813 -0.071755
v 0.727110 3.001743 -0.074370
v 0.721678 2.976177 -0.073498
v 0.717394 2.948604 -0.062070
v 0.730809 2.972838 0.106719
v 0.723391 2.941031 0.081673
v 0.719518 2.922398 0.054408
v 0.711310 2.929733 -0.041846
v 0.884530 2.800332 0.012643
v 0.921418 2.949730 0.044918
v 0.920608 2.943096 0.062596
v 0.921569 2.953592 0.029301
v 0.921793 2.954274 0.013108
v 0.920999 2.954077 -0.008241
v 0.921434 2.953742 -0.015795
v 0.920950 2.952122 -0.025632
v 0.919705 2.949254 -0.033410
v 0.917848 2.944610 -0.041639
v 0.918882 2.935316 0.077603
v 0.915635 2.920282 0.091151
v 0.909755 2.892458 0.104421
v 0.907223 2.922997 -0.058646
v 0.902293 2.903363 -0.067340
v 0.899463 2.884397 -0.069812
v 0.894329 2.860236 -0.068988
v 0.890281 2.834179 -0.058188
v 0.902958 2.857081 0.101321
v 0.895948 2.827022 0.077652
v 0.892288 2.809414 0.051886
v 0.892291 2.809423 -0.031037
v 1.121057 2.721469 -0.039513
v 1.122802 2.733161 -0.037990
v 1.127329 2.748537 -0.031160
v 1.127402 2.726439 0.067891
v 1.131027 2.743590 0.059710
v 1.133028 2.752858 0.051359
v 1.132390 2.758587 -0.022146
v 1.133535 2.761450 -0.017074
v 1.134303 2.763218 -0.012279
v 1.134601 2.764216 -0.006215
v 1.134333 2.764423 -0.001559
v 1.134823 2.764544 0.011602
v 1.134684 2.764124 0.021584
v 1.134092 2.757654 0.042108
v 1.134592 2.761743 0.031211
v 1.111729 2.670218 0.014017
v 0.000118 2.316235 0.186666
v 0.032292 2.316235 0.194423
v 0.000118 2.267885 0.166809
v 0.032070 2.276298 0.184968
v 0.000118 2.236804 0.131410
v 0.025139 2.237916 0.131242
v 0.000118 2.224716 0.079607
v 0.029418 2.224716 0.087363
v 0.000118 2.222989 0.021760
v 0.029418 2.222989 0.029516
v 0.000118 2.221262 -0.038332
v 0.029418 2.221262 -0.030575
v 0.000118 2.231019 -0.106971
v 0.029418 2.231019 -0.099214
v 0.000118 2.255664 -0.155548
v 0.108164 2.395407 0.211081
v 0.123175 2.337781 0.201092
v 0.202473 2.471295 0.210004
v 0.220604 2.418766 0.218260
v 0.284438 2.534152 0.157136
v 0.296336 2.486305 0.146816
v 0.321642 2.571268 0.067580
v 0.336842 2.527359 0.057247
v 0.317529 2.581604 -0.020814
v 0.333174 2.542326 -0.030480
v 0.280236 2.541725 -0.143156
v 0.287789 2.490596 -0.148851
v 0.203482 2.482260 -0.208931
v 0.214066 2.425004 -0.219649
v 0.118982 2.402255 -0.213933
v 0.119538 2.344269 -0.212789
v 0.029418 2.255664 -0.147791
v 0.000118 2.311342 -0.202023
v 0.029872 2.312226 -0.200569
v 0.000118 2.749309 0.252974
v 0.000118 2.662694 0.239713
v 0.000118 2.576079 0.226451
v 0.000118 2.487516 0.217087
v 0.000118 2.402850 0.199928
v 0.029418 2.402850 0.207685
v 0.029418 2.493128 0.214555
v 0.029418 2.576079 0.234208
v 0.029418 2.662694 0.247469
v 0.038690 2.750529 0.260533
v 0.027327 2.751299 -0.041927
v 0.026230 2.673402 -0.083627
v 0.025482 2.590519 -0.138743
v 0.028647 2.500727 -0.171775
v 0.029000 2.411680 -0.183104
v 0.000118 2.751299 -0.043219
v 0.000118 2.672287 -0.087102
v 0.000118 2.586668 -0.146727
v 0.000118 2.500794 -0.177112
v 0.000118 2.411680 -0.189568
v 0.092114 2.762887 0.261887
v 0.085498 2.687410 0.249943
v 0.088154 2.613153 0.237801
v 0.090810 2.538896 0.225659
v 0.097341 2.465187 0.213035
v 0.140295 2.774462 0.258821
v 0.145129 2.712927 0.246581
v 0.156802 2.651380 0.234394
v 0.170135 2.590012 0.221822
v 0.183108 2.528617 0.209282
v 0.189846 2.785867 0.228889
v 0.203537 2.735472 0.212551
v 0.223515 2.685507 0.197572
v 0.244029 2.635996 0.182776
v 0.266623 2.586483 0.166611
v 0.240964 2.781575 0.143796
v 0.254896 2.739083 0.122213
v 0.272118 2.698389 0.106602
v 0.283351 2.655261 0.092315
v 0.301569 2.613239 0.079136
v 0.245829 2.777995 0.043908
v 0.255284 2.739678 0.032721
v 0.267863 2.706486 0.010604
v 0.279967 2.661963 -0.002646
v 0.302625 2.626702 -0.012660
v 0.208903 2.777969 -0.022259
v 0.216372 2.738200 -0.039229
v 0.226718 2.699564 -0.062072
v 0.251195 2.648476 -0.094182
v 0.268762 2.589765 -0.125193
v 0.165298 2.773447 -0.045497
v 0.158355 2.728493 -0.073046
v 0.171961 2.674084 -0.102848
v 0.187954 2.605811 -0.151103
v 0.196926 2.539398 -0.185396
v 0.061349 2.758807 -0.046080
v 0.081501 2.700672 -0.088238
v 0.090903 2.628972 -0.133809
v 0.109151 2.553151 -0.182153
v 0.122653 2.483891 -0.204866
v 0.065652 2.225959 0.163258
v 0.038952 2.213850 0.121228
v 0.025972 2.201552 0.073323
v 0.024995 2.199188 0.029462
v 0.026377 2.198529 -0.018706
v 0.034583 2.206913 -0.073678
v 0.130146 2.272344 0.202113
v 0.240620 2.354137 0.227278
v 0.313162 2.398777 0.150351
v 0.361149 2.457666 0.056363
v 0.350903 2.459286 -0.035691
v 0.294866 2.418257 -0.155991
v 0.215178 2.375389 -0.217771
v 0.122243 2.296178 -0.207107
v 0.045765 2.228155 -0.128984
v 0.074932 2.144645 0.163997
v 0.042700 2.140624 0.117944
v 0.028824 2.136336 0.073461
v 0.026707 2.135162 0.029857
v 0.028089 2.135433 -0.018311
v 0.036161 2.135746 -0.073283
v 0.135362 2.145953 0.203763
v 0.235330 2.147098 0.238431
v 0.329340 2.155139 0.161721
v 0.399079 2.165814 0.062723
v 0.392966 2.175990 -0.034191
v 0.304285 2.166929 -0.125204
v 0.219769 2.157427 -0.141615
v 0.141547 2.145208 -0.139208
v 0.066591 2.134329 -0.114865
v 0.025215 2.186769 0.073469
v 0.026369 2.177181 0.073469
v 0.040482 2.179741 0.117912
v 0.039540 2.192314 0.117992
v 0.381454 2.360612 0.056363
v 0.395798 2.263558 0.056363
v 0.385643 2.259260 -0.032815
v 0.371649 2.360395 -0.037014
v 0.024238 2.184561 0.029608
v 0.025392 2.175127 0.029608
v 0.303429 2.233140 -0.125204
v 0.287594 2.326676 -0.147510
v 0.025619 2.184286 -0.018560
v 0.026774 2.175237 -0.018560
v 0.218423 2.221046 -0.139546
v 0.203386 2.297178 -0.189258
v 0.033826 2.190129 -0.073532
v 0.034980 2.178539 -0.073532
v 0.140378 2.202886 -0.137138
v 0.125659 2.246989 -0.179757
v 0.069198 2.207365 0.163997
v 0.071367 2.188772 0.163997
v 0.134384 2.202904 0.202601
v 0.131298 2.235221 0.202601
v 0.060556 2.203856 -0.126824
v 0.067838 2.187204 -0.120041
v 0.245381 2.224725 0.237689
v 0.247148 2.293068 0.233444
v 0.332668 2.237009 0.164973
v 0.325693 2.328194 0.159846
v 0.304285 2.167162 -0.125204
v 0.082205 2.028624 0.158929
v 0.050561 2.029225 0.114387
v 0.037085 2.027930 0.071534
v 0.035494 2.027651 0.029190
v 0.036827 2.027914 -0.021335
v 0.044620 2.028215 -0.070380
v 0.135761 2.028599 0.190486
v 0.233353 2.032304 0.231465
v 0.325994 2.031112 0.157247
v 0.397375 2.027745 0.061126
v 0.387067 2.037284 -0.035586
v 0.304048 2.029006 -0.117703
v 0.222029 2.029408 -0.139628
v 0.146515 2.029167 -0.137304
v 0.075259 2.028682 -0.111412
v 0.108133 1.304198 0.047842
v 0.092319 1.304550 0.009279
v 0.084428 1.303792 -0.015812
v 0.083496 1.303628 -0.040605
v 0.084277 1.303782 -0.070189
v 0.088840 1.303959 -0.107589
v 0.135304 1.304183 0.066319
v 0.191609 1.304678 0.090313
v 0.243340 1.303980 0.040887
v 0.289931 1.304226 -0.029949
v 0.277485 1.304512 -0.094172
v 0.238028 1.304421 -0.135298
v 0.190004 1.306285 -0.152477
v 0.145788 1.306144 -0.151116
v 0.104066 1.304232 -0.131614
v 0.376996 1.933849 -0.038905
v 0.357984 1.823678 -0.042869
v 0.336349 1.710190 -0.048315
v 0.322861 1.610545 -0.058977
v 0.306377 1.506026 -0.070014
v 0.298833 1.419169 -0.079785
v 0.246427 1.424661 -0.124198
v 0.256884 1.510820 -0.114195
v 0.269495 1.615399 -0.115406
v 0.278320 1.715116 -0.113830
v 0.292259 1.821971 -0.112186
v 0.304550 1.925493 -0.114889
v 0.053152 1.924466 -0.024227
v 0.062198 1.821031 -0.027563
v 0.072697 1.714276 -0.028915
v 0.078677 1.614619 -0.039141
v 0.080849 1.510090 -0.049816
v 0.072953 1.423232 -0.059539
v 0.072070 1.423059 -0.026092
v 0.079958 1.509915 -0.016062
v 0.077725 1.614432 -0.003062
v 0.071671 1.714074 0.009964
v 0.061050 1.820805 0.015936
v 0.051897 1.924219 0.023307
v 0.195555 1.424221 -0.137848
v 0.202091 1.511089 -0.128842
v 0.210927 1.615686 -0.131063
v 0.215207 1.715426 -0.130701
v 0.221646 1.822318 -0.131063
v 0.227388 1.925872 -0.135516
v 0.060483 1.924750 -0.070368
v 0.068907 1.821291 -0.069789
v 0.078694 1.714508 -0.066655
v 0.084242 1.614835 -0.074164
v 0.086055 1.510292 -0.082581
v 0.078112 1.423432 -0.092007
v 0.145565 1.424062 -0.136310
v 0.151643 1.510928 -0.127290
v 0.157003 1.615515 -0.129403
v 0.157100 1.715240 -0.128913
v 0.156632 1.822110 -0.129061
v 0.156345 1.925645 -0.133329
v 0.095843 1.925135 0.145364
v 0.101265 1.821643 0.127633
v 0.107614 1.714822 0.109796
v 0.111080 1.615127 0.089582
v 0.108680 1.510565 0.070611
v 0.102992 1.423703 0.059795
v 0.133711 1.423686 0.080685
v 0.139681 1.510548 0.097487
v 0.144217 1.615109 0.117911
v 0.143322 1.714803 0.139873
v 0.141216 1.821621 0.160596
v 0.139499 1.925111 0.175052
v 0.089308 1.925189 -0.108971
v 0.095285 1.821692 -0.106770
v 0.102269 1.714867 -0.108990
v 0.106120 1.615168 -0.110914
v 0.104040 1.510603 -0.109992
v 0.098394 1.423741 -0.119170
v 0.197370 1.424245 0.107813
v 0.203922 1.511112 0.124864
v 0.212884 1.615712 0.147174
v 0.217317 1.715453 0.171406
v 0.224005 1.822348 0.195877
v 0.229967 1.925906 0.213604
v 0.255857 1.423456 0.058681
v 0.262945 1.510316 0.069487
v 0.275973 1.614861 0.088381
v 0.285301 1.714535 0.108502
v 0.300069 1.821322 0.126185
v 0.313085 1.924784 0.143781
v 0.066073 1.925700 0.103458
v 0.074022 1.822160 0.089285
v 0.083265 1.715285 0.075521
v 0.088484 1.615556 0.057775
v 0.090024 1.510967 0.040854
v 0.082045 1.424100 0.030308
v 0.308533 1.423120 -0.009135
v 0.316104 1.509978 0.001050
v 0.332794 1.614499 0.015229
v 0.346530 1.714146 0.029673
v 0.367074 1.820886 0.042841
v 0.384259 1.924307 0.055634
v 0.053395 1.924482 0.063143
v 0.062420 1.821046 0.052391
v 0.072895 1.714289 0.042547
v 0.078861 1.614631 0.027175
v 0.081021 1.510101 0.012226
v 0.073123 1.423243 0.001940
v 0.119287 1.245167 0.031018
v 0.103472 1.245519 -0.007544
v 0.095582 1.244761 -0.032635
v 0.094650 1.244597 -0.057429
v 0.095430 1.244751 -0.087012
v 0.099993 1.244928 -0.124412
v 0.143744 1.245152 0.056008
v 0.191453 1.245647 0.080002
v 0.250152 1.244949 0.030033
v 0.296743 1.245195 -0.045687
v 0.284297 1.244938 -0.104483
v 0.244839 1.245390 -0.152121
v 0.198444 1.246711 -0.167672
v 0.154228 1.246570 -0.166311
v 0.115220 1.245201 -0.148438
v 0.127726 1.205629 0.025049
v 0.111912 1.205981 -0.013514
v 0.104021 1.205223 -0.038605
v 0.103089 1.205060 -0.063398
v 0.103870 1.205213 -0.104921
v 0.108433 1.205390 -0.142321
v 0.152184 1.205615 0.043526
v 0.195439 1.206109 0.067570
v 0.260219 1.204868 0.018637
v 0.301814 1.205657 -0.054370
v 0.291853 1.204212 -0.115709
v 0.249021 1.207270 -0.171663
v 0.206884 1.206088 -0.182867
v 0.162668 1.205947 -0.181506
v 0.123659 1.205663 -0.166346
v 0.076444 1.363507 -0.064864
v 0.110003 1.123485 -0.039266
v 0.102300 1.122745 -0.063760
v 0.101391 1.122585 -0.087962
v 0.106607 1.122908 -0.175177
v 0.149315 1.123127 0.016415
v 0.211822 1.123610 0.039708
v 0.276498 1.122928 -0.002584
v 0.317101 1.122639 -0.073322
v 0.307590 1.122559 -0.144211
v 0.266248 1.124354 -0.205608
v 0.214897 1.123589 -0.214757
v 0.159550 1.123452 -0.213429
v 0.121471 1.123174 -0.198630
v 0.291415 1.361840 -0.086978
v 0.081305 1.363695 -0.099798
v 0.103392 1.363950 0.053818
v 0.099059 1.363986 -0.125392
v 0.085011 1.364325 0.019793
v 0.076605 1.363518 -0.006936
v 0.241747 1.364188 -0.130715
v 0.075612 1.363343 -0.033348
v 0.192780 1.365253 -0.145163
v 0.145677 1.365103 -0.143713
v 0.134508 1.363935 0.073502
v 0.194489 1.364461 0.099063
v 0.252854 1.363718 0.049784
v 0.302488 1.363673 -0.019542
v 0.125441 1.123141 -0.001622
v 0.102153 1.122735 -0.138667
v 0.125441 1.055623 -0.015126
v 0.110003 1.055966 -0.052770
v 0.102300 1.055226 -0.077263
v 0.101391 1.055067 -0.101466
v 0.102153 1.055217 -0.152171
v 0.106607 1.055389 -0.188680
v 0.149315 1.055608 0.002911
v 0.223072 1.056091 0.026518
v 0.283062 1.056347 -0.016088
v 0.323665 1.056058 -0.086826
v 0.314154 1.055978 -0.157714
v 0.275405 1.056778 -0.217498
v 0.214897 1.056071 -0.228261
v 0.159550 1.055933 -0.226932
v 0.121471 1.055656 -0.212133
v 0.164081 0.656582 -0.196542
v 0.208596 0.656692 -0.204175
v 0.259251 0.657262 -0.187532
v 0.288429 0.656618 -0.150458
v 0.296079 0.656682 -0.093443
v 0.263421 0.656915 -0.036548
v 0.206120 0.656709 0.005779
v 0.155849 0.656320 -0.021268
v 0.121499 0.656144 -0.169033
v 0.117917 0.656005 -0.146000
v 0.117304 0.655885 -0.105218
v 0.118035 0.656013 -0.085752
v 0.124231 0.656608 -0.066052
v 0.133454 0.656359 -0.184640
v 0.136647 0.656332 -0.035775
v 0.104897 0.975540 -0.186017
v 0.107875 0.895691 -0.183354
v 0.115542 0.815842 -0.180691
v 0.118521 0.735993 -0.178027
v 0.100617 0.975374 -0.150937
v 0.103770 0.895532 -0.149702
v 0.106922 0.815690 -0.148468
v 0.114764 0.735848 -0.147234
v 0.331652 0.976183 -0.088149
v 0.335137 0.896308 -0.089472
v 0.327369 0.816432 -0.090796
v 0.315100 0.736557 -0.092119
v 0.154543 0.736178 -0.016432
v 0.153236 0.816036 -0.011596
v 0.151929 0.895893 -0.006761
v 0.150622 0.975751 -0.001925
v 0.099884 0.975230 -0.102216
v 0.103067 0.895394 -0.102967
v 0.106250 0.815558 -0.103717
v 0.114121 0.735721 -0.104467
v 0.121385 0.736480 -0.063395
v 0.118540 0.816352 -0.060739
v 0.115694 0.896223 -0.058083
v 0.108160 0.976095 -0.055426
v 0.280853 0.736801 -0.032456
v 0.291533 0.816688 -0.028364
v 0.297712 0.896574 -0.024272
v 0.292638 0.976461 -0.020180
v 0.209300 0.736585 0.009676
v 0.217225 0.815506 0.017848
v 0.223398 0.896338 0.018997
v 0.224688 0.977166 0.020768
v 0.123867 0.975796 -0.208552
v 0.126264 0.895937 -0.204971
v 0.128661 0.816077 -0.201390
v 0.131057 0.736218 -0.194190
v 0.307078 0.736490 -0.151909
v 0.318974 0.816362 -0.153361
v 0.326370 0.896234 -0.154812
v 0.322513 0.976106 -0.156263
v 0.127682 0.975765 -0.019256
v 0.129923 0.895907 -0.023386
v 0.132165 0.816048 -0.027515
v 0.134406 0.736190 -0.031645
v 0.276480 0.737165 -0.197223
v 0.286957 0.817068 -0.204563
v 0.292932 0.896972 -0.208285
v 0.287655 0.976875 -0.212007
v 0.209856 0.736568 -0.214357
v 0.211116 0.816444 -0.222188
v 0.212377 0.896319 -0.231284
v 0.213637 0.976195 -0.232783
v 0.114888 0.735856 -0.084054
v 0.107053 0.815698 -0.082356
v 0.103906 0.895541 -0.080659
v 0.100759 0.975384 -0.078961
v 0.163175 0.736452 -0.206672
v 0.162269 0.816322 -0.214451
v 0.161362 0.896192 -0.218611
v 0.160456 0.976063 -0.222772
v 0.169454 0.283320 -0.158211
v 0.199814 0.283395 -0.158940
v 0.234361 0.283783 -0.152066
v 0.254261 0.283344 -0.116443
v 0.259478 0.283388 -0.077557
v 0.237206 0.283547 -0.036584
v 0.198953 0.283406 -0.007539
v 0.163839 0.283142 -0.026162
v 0.140412 0.283021 -0.137228
v 0.137969 0.282927 -0.113402
v 0.137550 0.282844 -0.085588
v 0.138050 0.282932 -0.072312
v 0.142275 0.283338 -0.058876
v 0.148565 0.283168 -0.150093
v 0.150743 0.283149 -0.036056
v 0.281595 0.581963 -0.135778
v 0.274762 0.507308 -0.133476
v 0.267928 0.432654 -0.121047
v 0.261095 0.357999 -0.118745
v 0.239339 0.358479 -0.153536
v 0.244317 0.433175 -0.158805
v 0.249295 0.507870 -0.169644
v 0.254273 0.582566 -0.179471
v 0.125282 0.581519 -0.159100
v 0.129064 0.506895 -0.150656
v 0.132847 0.432270 -0.141201
v 0.136629 0.357646 -0.137315
v 0.133958 0.357542 -0.115421
v 0.129948 0.432158 -0.117439
v 0.125938 0.506774 -0.129585
v 0.121927 0.581390 -0.131603
v 0.206302 0.582555 0.000554
v 0.203819 0.507388 -0.003433
v 0.202001 0.432727 -0.006195
v 0.200769 0.358067 -0.007457
v 0.242449 0.358221 -0.039239
v 0.247692 0.432894 -0.040591
v 0.252935 0.507568 -0.040567
v 0.258178 0.582241 -0.039532
v 0.139466 0.581695 -0.038808
v 0.142286 0.507059 -0.039892
v 0.145105 0.432422 -0.039966
v 0.147924 0.357786 -0.038662
v 0.162241 0.357777 -0.027845
v 0.160643 0.432413 -0.028226
v 0.159045 0.507049 -0.027230
v 0.157447 0.581685 -0.025223
v 0.121353 0.581277 -0.093415
v 0.125402 0.506669 -0.093990
v 0.129452 0.432061 -0.084438
v 0.133501 0.357452 -0.085013
v 0.134047 0.357548 -0.070499
v 0.130044 0.432164 -0.068685
v 0.126041 0.506781 -0.077000
v 0.122038 0.581397 -0.075187
v 0.127839 0.581954 -0.056739
v 0.131448 0.507300 -0.059806
v 0.135057 0.432646 -0.052744
v 0.138666 0.357992 -0.055810
v 0.266798 0.358047 -0.079489
v 0.274118 0.432706 -0.083049
v 0.281439 0.507365 -0.088597
v 0.288759 0.582023 -0.094327
v 0.201570 0.358055 -0.161051
v 0.203327 0.432714 -0.166962
v 0.205083 0.507373 -0.178441
v 0.206840 0.582033 -0.188910
v 0.136476 0.581720 -0.176763
v 0.139498 0.507082 -0.167119
v 0.142521 0.432444 -0.156465
v 0.145543 0.357806 -0.151380
v 0.168379 0.357972 -0.160255
v 0.167305 0.432624 -0.166097
v 0.166230 0.507277 -0.177508
v 0.165156 0.581929 -0.187909
v 0.169454 0.209862 -0.166026
v 0.199814 0.209937 -0.166755
v 0.234361 0.210326 -0.159880
v 0.254261 0.209886 -0.116443
v 0.259478 0.209930 -0.077557
v 0.237206 0.210089 -0.000766
v 0.198953 0.209949 0.028278
v 0.163839 0.209684 0.009655
v 0.140412 0.209563 -0.145043
v 0.136091 0.209469 -0.114486
v 0.134211 0.211391 -0.087991
v 0.134710 0.211479 -0.074715
v 0.142275 0.209880 -0.058876
v 0.148565 0.209710 -0.157908
v 0.150743 0.209692 -0.000239
v 0.169454 0.155051 -0.178508
v 0.199814 0.155126 -0.179236
v 0.234361 0.155514 -0.172362
v 0.254261 0.155075 -0.128925
v 0.259478 0.155119 -0.077557
v 0.140412 0.154752 -0.157525
v 0.135622 0.154658 -0.127239
v 0.130504 0.153601 -0.090309
v 0.131003 0.153689 -0.077033
v 0.141483 0.158590 -0.061015
v 0.148565 0.154899 -0.170390
v 0.169454 0.099697 -0.184477
v 0.199814 0.099772 -0.185206
v 0.234361 0.100161 -0.178332
v 0.254261 0.099721 -0.134894
v 0.259478 0.099765 -0.077557
v 0.140412 0.099398 -0.163494
v 0.134975 0.098190 -0.133605
v 0.130490 0.099909 -0.092336
v 0.130989 0.099996 -0.079060
v 0.138005 0.097636 -0.061216
v 0.148565 0.099545 -0.176359
v 0.169454 0.044886 -0.165483
v 0.199814 0.044961 -0.166212
v 0.234361 0.045349 -0.159338
v 0.254261 0.044910 -0.116443
v 0.259478 0.044954 -0.077557
v 0.140412 0.044587 -0.135817
v 0.137694 0.042280 -0.113148
v 0.137276 0.042198 -0.085334
v 0.137775 0.042285 -0.072058
v 0.142000 0.042691 -0.058622
v 0.148565 0.044733 -0.157365
v 0.184532 0.061684 0.312766
v 0.184532 0.061684 0.341796
v 0.194522 0.061480 0.312766
v 0.194522 0.061480 0.337441
v 0.199715 0.043842 0.308689
v 0.202731 0.049288 0.336187
v 0.184532 0.035075 0.308689
v 0.184532 0.035075 0.336840
v 0.169348 0.043842 0.308689
v 0.166332 0.049288 0.336187
v 0.174542 0.061480 0.312766
v 0.174542 0.061480 0.337441
v 0.184532 0.073367 0.281932
v 0.199715 0.073057 0.281932
v 0.199715 0.055524 0.281932
v 0.184532 0.046758 0.281932
v 0.169348 0.055524 0.281932
v 0.169348 0.073057 0.281932
v 0.184532 0.076570 0.244622
v 0.204900 0.076154 0.244622
v 0.204900 0.052635 0.244622
v 0.184532 0.040876 0.244622
v 0.164164 0.052635 0.244622
v 0.164164 0.076154 0.244622
v 0.184532 0.061684 0.308689
v 0.199715 0.061374 0.308689
v 0.199715 0.061374 0.339483
v 0.184532 0.061684 0.348108
v 0.169348 0.061374 0.339483
v 0.169348 0.061374 0.308689
v 0.222846 0.061264 0.301051
v 0.222846 0.061264 0.326555
v 0.231623 0.061085 0.301051
v 0.231623 0.061085 0.322729
v 0.236186 0.045589 0.297469
v 0.238836 0.050374 0.321628
v 0.222846 0.037888 0.297469
v 0.222846 0.037888 0.322201
v 0.209507 0.045589 0.297469
v 0.206857 0.050374 0.321628
v 0.214070 0.061085 0.301051
v 0.214070 0.061085 0.322729
v 0.222846 0.071528 0.273962
v 0.236186 0.071256 0.273962
v 0.236186 0.055853 0.273962
v 0.222846 0.048151 0.273962
v 0.209507 0.055853 0.273962
v 0.209507 0.071256 0.273962
v 0.222846 0.074343 0.241184
v 0.240741 0.073977 0.241184
v 0.240741 0.053315 0.241184
v 0.222846 0.042984 0.241184
v 0.204952 0.053315 0.241184
v 0.204952 0.073977 0.241184
v 0.222846 0.061264 0.297469
v 0.236186 0.060992 0.297469
v 0.236186 0.060992 0.324523
v 0.222846 0.061264 0.332101
v 0.209507 0.060992 0.324523
v 0.209507 0.060992 0.297469
v 0.257078 0.060942 0.285546
v 0.257078 0.060942 0.308340
v 0.264922 0.060782 0.285546
v 0.264922 0.060782 0.304921
v 0.269000 0.046932 0.282346
v 0.271368 0.051209 0.303936
v 0.257078 0.040049 0.282346
v 0.257078 0.040049 0.304449
v 0.245157 0.046932 0.282346
v 0.242788 0.051209 0.303936
v 0.249234 0.060782 0.285546
v 0.249234 0.060782 0.304921
v 0.257078 0.070115 0.261336
v 0.269000 0.069871 0.261336
v 0.269000 0.056105 0.261336
v 0.257078 0.049222 0.261336
v 0.245157 0.056105 0.261336
v 0.245157 0.069871 0.261336
v 0.257078 0.072630 0.232042
v 0.273071 0.072304 0.232042
v 0.273071 0.053837 0.232042
v 0.257078 0.044604 0.232042
v 0.241086 0.053837 0.232042
v 0.241086 0.072304 0.232042
v 0.257078 0.060942 0.282346
v 0.269000 0.060698 0.282346
v 0.269000 0.060698 0.306524
v 0.257078 0.060942 0.313297
v 0.245157 0.060698 0.306524
v 0.245157 0.060698 0.282346
v 0.285657 0.060244 0.265272
v 0.285657 0.060244 0.282200
v 0.291482 0.060125 0.265272
v 0.291482 0.060125 0.279661
v 0.294511 0.049840 0.262895
v 0.296269 0.053016 0.278930
v 0.285657 0.044728 0.262895
v 0.285657 0.044728 0.279310
v 0.276804 0.049840 0.262895
v 0.275045 0.053016 0.278930
v 0.279832 0.060125 0.265272
v 0.279832 0.060125 0.279661
v 0.285657 0.067056 0.247293
v 0.294511 0.066875 0.247293
v 0.294511 0.056652 0.247293
v 0.285657 0.051540 0.247293
v 0.276804 0.056652 0.247293
v 0.276804 0.066875 0.247293
v 0.285657 0.068924 0.225538
v 0.297534 0.068681 0.225538
v 0.297534 0.054967 0.225538
v 0.285657 0.048111 0.225538
v 0.273781 0.054967 0.225538
v 0.273781 0.068681 0.225538
v 0.285657 0.060244 0.262895
v 0.294511 0.060063 0.262895
v 0.294511 0.060063 0.280851
v 0.285657 0.060244 0.285881
v 0.276804 0.060063 0.280851
v 0.276804 0.060063 0.262895
v 0.141192 0.062610 0.315031
v 0.141192 0.062610 0.351840
v 0.153859 0.062351 0.315031
v 0.153859 0.062351 0.346318
v 0.163850 0.038336 0.309862
v 0.164268 0.046893 0.344728
v 0.141192 0.025254 0.309862
v 0.141192 0.028872 0.345556
v 0.118534 0.038336 0.309862
v 0.118116 0.046893 0.344728
v 0.128526 0.062351 0.315031
v 0.128526 0.062351 0.346318
v 0.141192 0.077423 0.275936
v 0.160444 0.077029 0.275936
v 0.160444 0.054800 0.275936
v 0.141192 0.043685 0.275936
v 0.121941 0.054800 0.275936
v 0.121941 0.077029 0.275936
v 0.162304 0.087060 0.219577
v 0.162304 0.047565 0.219577
v 0.184532 0.025393 0.203920
v 0.204926 0.046283 0.202201
v 0.204926 0.084425 0.202201
v 0.184532 0.087022 0.203920
v 0.141192 0.064962 0.309862
v 0.163850 0.064499 0.309862
v 0.160444 0.062216 0.348906
v 0.141192 0.062610 0.359843
v 0.121941 0.062216 0.348906
v 0.118534 0.064499 0.309862
v 0.160444 0.041433 0.298462
v 0.160444 0.063663 0.298462
v 0.121941 0.063663 0.298462
v 0.121941 0.041433 0.298462
v 0.141192 0.064056 0.298462
v 0.141192 0.030318 0.298462
v 0.222846 0.083176 0.200482
v 0.240913 0.081100 0.195911
v 0.240913 0.047321 0.195911
v 0.222846 0.029032 0.200482
v 0.257078 0.080219 0.191340
v 0.273426 0.076528 0.188088
v 0.273426 0.048748 0.188088
v 0.257078 0.031830 0.191340
v 0.285657 0.073820 0.184836
v 0.295402 0.073401 0.185989
v 0.297534 0.049723 0.184836
v 0.285657 0.037884 0.184836
v 0.141192 0.088494 0.235234
v 0.141192 0.030243 0.235234
v 0.121941 0.049434 0.235234
v 0.121670 0.083254 0.234278
v 0.187208 0.102703 0.153272
v 0.184464 0.027105 0.153279
v 0.220850 0.098565 0.153199
v 0.250428 0.095383 0.153034
v 0.257071 0.035058 0.153005
v 0.223101 0.031602 0.153195
v 0.150115 0.104279 0.153400
v 0.275062 0.091649 0.154648
v 0.294864 0.086815 0.154451
v 0.297319 0.057169 0.153795
v 0.285975 0.042540 0.153038
v 0.149937 0.104286 0.153400
v 0.141658 0.033097 0.153426
v 0.131311 0.058447 0.157717
v 0.128274 0.093503 0.155339
v 0.184215 0.157932 0.076379
v 0.188239 0.035228 0.075672
v 0.212288 0.152745 0.073525
v 0.235572 0.145811 0.075306
v 0.250539 0.042850 0.075437
v 0.221391 0.036507 0.075600
v 0.165237 0.159902 0.075823
v 0.250284 0.140465 0.077338
v 0.268331 0.128953 0.079365
v 0.282711 0.074841 0.075086
v 0.265522 0.057817 0.075054
v 0.150263 0.149204 0.073889
v 0.151509 0.039252 0.075798
v 0.143309 0.072198 0.071329
v 0.147783 0.135667 0.070454
v 0.179134 0.185679 0.046672
v 0.188239 0.035228 0.045715
v 0.204371 0.181916 0.048089
v 0.234110 0.171487 0.048477
v 0.250539 0.042850 0.045480
v 0.221391 0.036507 0.045643
v 0.158152 0.173523 0.040664
v 0.299289 0.070428 0.152637
v 0.259743 0.151903 0.049339
v 0.278865 0.087472 0.043807
v 0.270649 0.059494 0.043093
v 0.157977 0.173539 0.040665
v 0.151509 0.039252 0.045842
v 0.140297 0.074189 0.042529
v 0.146508 0.148513 0.042844
v 0.249747 0.042601 -0.002263
v 0.148613 0.040062 0.001360
v 0.268409 0.158337 -0.006556
v 0.268409 0.102714 -0.006556
v 0.144136 0.156029 0.002419
v 0.139990 0.106814 0.002063
v 0.301759 0.058998 0.182755
v 0.277629 0.114335 0.047036
v 0.295398 0.056506 0.279881
v 0.299789 0.060914 0.224615
v 0.294511 0.061507 0.247293
v 0.283959 0.095929 0.074379
v 0.294511 0.055541 0.262895
v 0.119671 0.069020 0.234817
v 0.140457 0.105589 0.070089
v 0.119671 0.063461 0.275519
v 0.118534 0.052048 0.309862
v 0.124501 0.076021 0.155670
v 0.140367 0.121763 0.043539
v 0.119671 0.053673 0.298045
v 0.119454 0.052253 0.346190
v 0.267359 0.082534 -0.005740
v 0.261536 0.059845 -0.001766
v 0.222254 0.037926 -0.003194
v 0.189400 0.036174 -0.002057
v 0.171161 0.033534 -0.156297
v 0.197498 0.033599 -0.156929
v 0.227468 0.033936 -0.150965
v 0.243510 0.034790 -0.114420
v 0.237318 0.034850 -0.037355
v 0.145967 0.033275 -0.130561
v 0.143929 0.031459 -0.105197
v 0.142192 0.032506 -0.088340
v 0.143918 0.033198 -0.075471
v 0.167171 0.032335 -0.028342
v 0.153040 0.033402 -0.149254
v 0.208308 0.029380 -0.064576
v 0.217082 0.030349 -0.137657
v 0.152373 0.030130 -0.065250
v 0.178532 0.028039 -0.092884
v 0.166115 0.028259 -0.110385
v 0.152921 0.031087 -0.122904
v 1.485797 2.408420 0.084870
v 1.345219 2.534125 0.097506
v 1.489857 2.407447 0.078145
v 1.351813 2.536621 0.077832
v 1.485560 2.408053 0.071748
v 1.344327 2.533133 0.058927
v 1.477392 2.401394 0.069372
v 1.330245 2.515875 0.059697
v 1.472254 2.401830 0.078901
v 1.323650 2.507743 0.079371
v 1.477824 2.401875 0.088057
v 1.331137 2.516868 0.098276
v 1.455490 2.434645 0.092118
v 1.411034 2.473664 0.093244
v 1.416150 2.474337 0.077980
v 1.460222 2.434844 0.078000
v 1.410341 2.472895 0.063313
v 1.454849 2.433933 0.064435
v 1.399416 2.459505 0.063910
v 1.444745 2.421549 0.064987
v 1.394300 2.453195 0.079174
v 1.440013 2.415713 0.079105
v 1.400108 2.460275 0.093841
v 1.445385 2.422261 0.092670
v 1.486643 2.400707 0.078640
v 1.483694 2.400875 0.078710
v 1.378432 2.504311 0.092386
v 1.384557 2.505968 0.078025
v 1.377604 2.503389 0.064227
v 1.364525 2.487360 0.064789
v 1.358400 2.479807 0.079149
v 1.365353 2.488282 0.092947
v 1.425963 2.461202 0.090375
v 1.431203 2.461744 0.078091
v 1.425254 2.460413 0.066287
v 1.414067 2.446702 0.066768
v 1.408827 2.440240 0.079052
v 1.414775 2.447490 0.090855
v 1.466951 2.429208 0.077990
v 1.463464 2.424762 0.067696
v 1.450828 2.417087 0.064817
v 1.445698 2.411945 0.079108
v 1.451476 2.417808 0.092839
v 1.463855 2.425357 0.088800
v 1.412424 2.478068 0.077968
v 1.406480 2.476491 0.062959
v 1.395301 2.462790 0.063570
v 1.390066 2.456334 0.079190
v 1.396009 2.463578 0.094198
v 1.407188 2.477279 0.093587
v 1.457346 2.437509 0.077996
v 1.451917 2.436556 0.064286
v 1.441705 2.424041 0.064844
v 1.436923 2.418143 0.079112
v 1.442352 2.424761 0.092822
v 1.452564 2.437276 0.092264
v 1.490447 2.402730 0.078155
v 1.485373 2.405130 0.087684
v 1.484941 2.404649 0.068999
v 1.461184 2.428729 0.064258
v 1.461832 2.429450 0.092280
v 1.467613 2.425505 0.077998
v 1.502345 2.404083 0.037475
v 1.345515 2.545605 0.053648
v 1.506840 2.403005 0.030030
v 1.354017 2.546009 0.029683
v 1.502084 2.403676 0.022948
v 1.345729 2.542147 0.008755
v 1.493041 2.396305 0.020317
v 1.330140 2.523042 0.009607
v 1.487352 2.396787 0.030866
v 1.322840 2.514039 0.031387
v 1.493519 2.396837 0.041003
v 1.331128 2.524141 0.052316
v 1.468794 2.433115 0.045499
v 1.419578 2.476312 0.046746
v 1.425242 2.477057 0.029847
v 1.474033 2.433335 0.029870
v 1.418812 2.475460 0.013610
v 1.468085 2.432327 0.014852
v 1.406717 2.460637 0.014271
v 1.456899 2.418617 0.015463
v 1.401053 2.453652 0.031169
v 1.451660 2.412157 0.031092
v 1.407483 2.461489 0.047407
v 1.457607 2.419406 0.046110
v 1.503282 2.395544 0.030578
v 1.500017 2.395730 0.030655
v 1.383486 2.510240 0.045795
v 1.390267 2.512074 0.029897
v 1.382569 2.509220 0.014622
v 1.368090 2.491474 0.015243
v 1.361309 2.483112 0.031141
v 1.369007 2.492495 0.046417
v 1.436106 2.462515 0.043569
v 1.441907 2.463115 0.029970
v 1.435322 2.461642 0.016902
v 1.422936 2.446463 0.017434
v 1.417135 2.439310 0.031034
v 1.423721 2.447336 0.044101
v 1.481482 2.427097 0.029858
v 1.477622 2.422174 0.018462
v 1.463633 2.413677 0.015275
v 1.457954 2.407985 0.031095
v 1.464350 2.414475 0.046297
v 1.478055 2.422833 0.041825
v 1.421117 2.481187 0.029833
v 1.414537 2.479441 0.013218
v 1.402161 2.464274 0.013895
v 1.396365 2.457126 0.031186
v 1.402945 2.465146 0.047801
v 1.415321 2.480314 0.047125
v 1.470850 2.436286 0.029865
v 1.464839 2.435231 0.014687
v 1.453534 2.421376 0.015305
v 1.448239 2.414847 0.031101
v 1.454250 2.422173 0.046278
v 1.465555 2.436028 0.045660
v 1.507494 2.397784 0.030041
v 1.501876 2.400440 0.040590
v 1.501398 2.399908 0.019905
v 1.475098 2.426566 0.014656
v 1.475815 2.427364 0.045678
v 1.482215 2.422996 0.029867
v 1.485576 2.407868 -0.015864
v 1.343082 2.535286 -0.003056
v 1.489692 2.406881 -0.022681
v 1.349766 2.537816 -0.022998
v 1.485336 2.407495 -0.029165
v 1.342178 2.534281 -0.042161
v 1.477057 2.400747 -0.031574
v 1.327904 2.516788 -0.041380
v 1.471848 2.401188 -0.021915
v 1.321220 2.508544 -0.021438
v 1.477494 2.401233 -0.012634
v 1.328808 2.517794 -0.002276
v 1.454856 2.434450 -0.008517
v 1.409794 2.474001 -0.007376
v 1.414980 2.474683 -0.022848
v 1.459653 2.434651 -0.022828
v 1.409092 2.473221 -0.037715
v 1.454207 2.433728 -0.036578
v 1.398018 2.459649 -0.037110
v 1.443965 2.421176 -0.036018
v 1.392832 2.453254 -0.021638
v 1.439168 2.415260 -0.021708
v 1.398720 2.460429 -0.006771
v 1.444614 2.421898 -0.007958
v 1.486434 2.400050 -0.022179
v 1.483444 2.400220 -0.022108
v 1.376748 2.505066 -0.008246
v 1.382957 2.506746 -0.022802
v 1.375908 2.504132 -0.036789
v 1.362651 2.487884 -0.036219
v 1.356442 2.480228 -0.021663
v 1.363491 2.488818 -0.007677
v 1.424927 2.461369 -0.010285
v 1.430238 2.461918 -0.022736
v 1.424209 2.460570 -0.034700
v 1.412868 2.446671 -0.034213
v 1.407557 2.440122 -0.021762
v 1.413587 2.447470 -0.009798
v 1.466473 2.428939 -0.022839
v 1.462939 2.424432 -0.033272
v 1.450131 2.416653 -0.036191
v 1.444931 2.411441 -0.021705
v 1.450788 2.417384 -0.007786
v 1.463336 2.425036 -0.011881
v 1.411203 2.478465 -0.022861
v 1.405178 2.476867 -0.038074
v 1.393847 2.462979 -0.037454
v 1.388540 2.456435 -0.021622
v 1.394565 2.463778 -0.006409
v 1.405896 2.477665 -0.007029
v 1.456738 2.437353 -0.022832
v 1.451235 2.436388 -0.036729
v 1.440884 2.423702 -0.036163
v 1.436036 2.417724 -0.021701
v 1.441539 2.424432 -0.007804
v 1.451890 2.437117 -0.008370
v 1.490290 2.402101 -0.022671
v 1.485147 2.404533 -0.013012
v 1.484709 2.404046 -0.031952
v 1.460628 2.428454 -0.036758
v 1.461285 2.429184 -0.008353
v 1.467145 2.425185 -0.022830
v 1.465414 2.412854 -0.061852
v 1.340219 2.524803 -0.050598
v 1.469030 2.411986 -0.067841
v 1.346092 2.527025 -0.068120
v 1.465204 2.412526 -0.073538
v 1.339424 2.523919 -0.084955
v 1.457929 2.406596 -0.075654
v 1.326884 2.508550 -0.084270
v 1.453353 2.406984 -0.067168
v 1.321011 2.501307 -0.066749
v 1.458314 2.407024 -0.059014
v 1.327678 2.509434 -0.049913
v 1.438423 2.436208 -0.055397
v 1.398832 2.470958 -0.054394
v 1.403389 2.471557 -0.067988
v 1.442638 2.436385 -0.067970
v 1.398216 2.470272 -0.081050
v 1.437853 2.435574 -0.080051
v 1.388486 2.458348 -0.080518
v 1.428854 2.424546 -0.079559
v 1.383929 2.452729 -0.066924
v 1.424640 2.419348 -0.066986
v 1.389102 2.459034 -0.053862
v 1.429424 2.425180 -0.054905
v 1.466167 2.405984 -0.067400
v 1.463541 2.406134 -0.067338
v 1.369798 2.498251 -0.055158
v 1.375253 2.499727 -0.067947
v 1.369060 2.497430 -0.080236
v 1.357412 2.483155 -0.079736
v 1.351958 2.476428 -0.066947
v 1.358150 2.483976 -0.054658
v 1.412128 2.459859 -0.056949
v 1.416794 2.460342 -0.067889
v 1.411497 2.459157 -0.078401
v 1.401533 2.446946 -0.077973
v 1.396867 2.441191 -0.067033
v 1.402164 2.447648 -0.056522
v 1.448630 2.431366 -0.067979
v 1.445525 2.427407 -0.077146
v 1.434272 2.420572 -0.079711
v 1.429703 2.415992 -0.066984
v 1.434849 2.421214 -0.054755
v 1.445873 2.427937 -0.058352
v 1.400070 2.474880 -0.067999
v 1.394777 2.473475 -0.081365
v 1.384821 2.461274 -0.080821
v 1.380159 2.455524 -0.066911
v 1.385452 2.461976 -0.053545
v 1.395408 2.474177 -0.054089
v 1.440077 2.438759 -0.067974
v 1.435242 2.437911 -0.080183
v 1.426147 2.426765 -0.079686
v 1.421888 2.421513 -0.066979
v 1.426723 2.427406 -0.054770
v 1.435818 2.438552 -0.055267
v 1.469555 2.407786 -0.067832
v 1.465037 2.409923 -0.059346
v 1.464652 2.409495 -0.075986
v 1.443494 2.430940 -0.080208
v 1.444072 2.431582 -0.055252
v 1.449220 2.428068 -0.067972
v 1.287561 2.445197 0.149199
v 1.292368 2.444010 0.141647
v 1.292199 2.445573 0.131672
v 1.283301 2.436280 0.125639
v 1.275850 2.436945 0.137707
v 1.275832 2.435690 0.147533
v 1.263964 2.472667 0.150229
v 1.241868 2.511370 0.142024
v 1.256722 2.512600 0.128706
v 1.276483 2.475241 0.136607
v 1.253821 2.515974 0.109370
v 1.278357 2.475853 0.116189
v 1.240877 2.504998 0.103918
v 1.265794 2.461062 0.113206
v 1.228502 2.494661 0.123358
v 1.252455 2.453991 0.131186
v 1.229445 2.499069 0.140285
v 1.251424 2.458916 0.147759
v 1.285647 2.433764 0.140873
v 1.283623 2.434354 0.140241
v 1.228729 2.554150 0.137509
v 1.220777 2.537390 0.099025
v 1.200890 2.526737 0.116826
v 1.201133 2.533313 0.134310
v 1.249187 2.497027 0.142285
v 1.264051 2.498602 0.131551
v 1.262291 2.501662 0.113118
v 1.247798 2.490137 0.110378
v 1.234787 2.482623 0.125604
v 1.234995 2.488249 0.139926
v 1.280134 2.469174 0.137589
v 1.281264 2.465417 0.122039
v 1.269365 2.455803 0.114074
v 1.255784 2.449462 0.132262
v 1.254859 2.453646 0.149103
v 1.272769 2.464816 0.147316
v 1.254664 2.528832 0.129121
v 1.255686 2.527590 0.111263
v 1.238693 2.508842 0.102721
v 1.226065 2.498359 0.122614
v 1.224461 2.507295 0.140091
v 1.236851 2.520868 0.142512
v 1.274915 2.478278 0.136132
v 1.276804 2.478865 0.115495
v 1.264145 2.463960 0.112480
v 1.250699 2.456827 0.130651
v 1.249658 2.461805 0.147446
v 1.262293 2.475669 0.149948
v 1.288759 2.435224 0.141353
v 1.281646 2.437809 0.149236
v 1.290150 2.438416 0.129861
v 1.281424 2.469011 0.117514
v 1.267489 2.468158 0.151508
v 1.279896 2.464992 0.137567
v 1.321232 2.556773 0.097506
v 1.327827 2.559268 0.077832
v 1.321535 2.560837 0.055196
v 1.306700 2.542656 0.056006
v 1.300158 2.518103 0.077387
v 1.304518 2.534963 0.095718
v 1.330031 2.568656 0.029683
v 1.320419 2.561364 0.002849
v 1.305488 2.543066 0.003665
v 1.298853 2.536686 0.031387
v 1.290560 2.582339 0.100092
v 1.325780 2.560463 -0.022998
v 1.317212 2.552189 -0.046379
v 1.303805 2.535758 -0.045647
v 1.297233 2.531192 -0.021438
v 1.300354 2.593182 0.076151
v 1.322106 2.549673 -0.068120
v 1.315438 2.546567 -0.084955
v 1.302898 2.531198 -0.084270
v 1.297025 2.523955 -0.066749
v 1.302131 2.596117 0.029683
v 1.246670 2.586913 0.031387
v 1.271764 2.557851 0.079371
v 1.297880 2.587924 -0.022998
v 1.275905 2.563219 -0.045647
v 1.245050 2.581419 -0.021438
v 1.294205 2.577134 -0.068120
v 1.287538 2.574028 -0.084955
v 1.274296 2.551436 -0.081730
v 1.231133 2.639130 0.081269
v 1.234339 2.648435 0.064289
v 1.235675 2.658684 0.021904
v 1.155749 2.607564 0.013656
v 1.154649 2.607158 0.053554
v 1.161963 2.617322 0.105464
v 1.232108 2.650891 -0.020946
v 1.167421 2.609700 -0.043733
v 1.159750 2.612407 -0.019565
v 1.230279 2.638394 -0.058408
v 1.225177 2.622138 -0.075080
v 1.179323 2.621497 -0.072008
v 1.280241 2.548967 0.114836
v 1.216552 2.593092 0.125000
v 1.195296 2.630539 0.100309
v 1.252913 2.595762 0.107978
v 1.263071 2.566785 0.126110
v 1.285609 2.522472 0.091690
v 1.181909 2.572838 0.118162
v 1.177789 2.562352 0.085305
v 1.204872 2.565645 0.071094
v 1.213296 2.585406 0.064520
v 1.218566 2.603080 -0.067763
v 1.213408 2.592569 -0.021026
v 1.213558 2.591209 0.020885
v 1.216694 2.590610 -0.043034
v 1.116865 2.675253 -0.011975
v 1.116635 2.675247 0.035506
v 1.118891 2.686102 0.051389
v 1.124422 2.708985 0.066569
v 1.115397 2.690514 -0.032348
v 1.117893 2.706576 -0.039005
v 1.191952 2.678601 0.070397
v 1.198498 2.687262 0.062501
v 1.203057 2.699340 0.015513
v 1.197251 2.688782 -0.017967
v 1.196910 2.677581 -0.045073
v 1.184692 2.670122 -0.060620
v 1.167654 2.662898 0.078218
v 1.134215 2.644507 0.011066
v 1.138074 2.648275 0.041890
v 1.142712 2.656979 -0.038521
v 1.137572 2.647266 -0.009510
v 1.157918 2.665463 -0.059930
v 1.151763 2.698902 -0.039864
v 1.160237 2.707404 -0.035959
v 1.167904 2.724119 -0.023063
v 1.154149 2.709641 0.065355
v 1.162295 2.719578 0.059661
v 1.165603 2.724839 0.052016
v 1.170542 2.740062 0.013998
v 1.170876 2.739546 0.024145
v 1.168878 2.730588 0.043412
v 1.171272 2.736611 0.033278
v 1.121721 2.663771 0.013699
v 1.125447 2.667479 -0.012029
v 1.125517 2.666471 0.038109
v 1.132191 2.677629 0.052188
v 1.143988 2.694314 0.064093
v 1.131730 2.675781 -0.032085
v 1.141581 2.687376 -0.039208
v 1.203044 2.695970 0.043619
v 1.204102 2.698754 0.033601
v 1.200587 2.692249 0.053267
v 1.205128 2.700756 0.025284
v 0.012227 3.810287 0.287923
v 0.000118 3.810564 0.289496
v 0.013479 3.775359 0.282582
v 0.000118 3.775496 0.287531
v 0.034333 3.808161 0.270017
v 0.032632 3.776838 0.271733
v 0.055987 3.794173 0.226983
v 0.055986 3.785152 0.226680
v 0.013135 3.765722 0.286085
v 0.000118 3.766511 0.293963
v 0.034129 3.764096 0.276357
v 0.062708 3.773996 0.236128
v 0.041710 3.834962 0.251811
v 0.061376 3.814481 0.237890
v 0.056803 3.886514 0.282581
v 0.067037 3.821010 0.245774
v 0.083057 3.869296 0.268898
v 0.081058 3.829186 0.246698
v 0.111273 3.870268 0.244145
v 0.096065 3.828416 0.245839
v 0.139549 3.865911 0.217313
v 0.109560 3.826817 0.236049
v 0.157607 3.846131 0.189069
v 0.117674 3.819051 0.230797
v 0.168542 3.823484 0.170928
v 0.126073 3.807319 0.217362
v 0.130198 4.037891 0.204474
v 0.167727 3.999372 0.171849
v 0.160418 3.776006 0.176198
v 0.129035 3.784159 0.215179
v 0.144736 3.743241 0.205334
v 0.122986 3.771163 0.223003
v 0.110849 3.729249 0.225091
v 0.101864 3.761770 0.230855
v 0.079724 3.731228 0.248421
v 0.085312 3.761415 0.240123
v 0.052523 3.741668 0.254522
v 0.075068 3.763225 0.242923
v 0.041950 3.777888 0.240083
v 0.042794 3.801722 0.240856
v 0.046007 3.766078 0.253771
v 0.047431 3.825359 0.250386
v 0.059748 3.852462 0.256894
v 0.081964 3.858034 0.252615
v 0.105054 3.856559 0.241001
v 0.130470 3.854091 0.222262
v 0.143666 3.833467 0.202579
v 0.153280 3.814703 0.192922
v 0.152852 3.916508 0.202855
v 0.152600 3.780694 0.191915
v 0.138452 3.753780 0.215106
v 0.107616 3.741897 0.229224
v 0.082450 3.744072 0.246269
v 0.063408 3.752379 0.251138
v 0.049612 3.782687 0.232931
v 0.055182 3.769693 0.241625
v 0.049589 3.795725 0.235410
v 0.053625 3.819833 0.247280
v 0.062899 3.835312 0.253143
v 0.081064 3.841540 0.252461
v 0.100741 3.841506 0.244454
v 0.117566 3.839022 0.228300
v 0.129805 3.825217 0.217329
v 0.140393 3.810545 0.207134
v 0.179496 3.878811 0.158781
v 0.142490 3.783784 0.205361
v 0.131761 3.762210 0.220788
v 0.105457 3.751710 0.231335
v 0.084179 3.752319 0.244648
v 0.068787 3.757447 0.246614
v 0.055347 3.791393 0.219365
v 0.056444 3.782411 0.218668
v 0.065041 3.769817 0.227280
v 0.061299 3.814323 0.229920
v 0.068020 3.820189 0.237666
v 0.080750 3.827474 0.238188
v 0.094184 3.826420 0.237483
v 0.105227 3.823745 0.231896
v 0.113510 3.817682 0.221932
v 0.122002 3.807759 0.210906
v 0.193106 3.922995 0.116336
v 0.126642 3.781908 0.206051
v 0.118771 3.762669 0.212143
v 0.099228 3.757062 0.222411
v 0.083288 3.761600 0.232731
v 0.074095 3.762639 0.233133
v 0.069211 3.688912 0.256742
v 0.012625 3.753348 0.303748
v 0.000118 3.754374 0.310710
v 0.039333 3.747767 0.284175
v 0.130687 3.645606 0.128068
v 0.041200 3.719194 0.295837
v 0.039112 3.707766 0.302951
v 0.000118 3.713377 0.326178
v 0.010899 3.713420 0.315851
v 0.013159 3.734042 0.324501
v 0.000118 3.734865 0.330302
v 0.060354 3.943252 0.285351
v 0.082182 3.693640 0.240255
v 0.060395 3.712102 0.267981
v 0.041224 3.704177 0.298483
v 0.007603 3.698880 0.317081
v 0.000118 3.698228 0.318614
v 0.007874 3.691729 0.310919
v 0.000118 3.692216 0.314814
v 0.014362 3.699140 0.306022
v 0.007278 3.689021 0.308907
v 0.000118 3.689617 0.309850
v 0.014657 3.698447 0.302620
v 0.007775 3.687282 0.306459
v 0.000118 3.687493 0.304316
v 0.014514 3.695750 0.300913
v 0.105840 3.653202 0.203717
v 0.023608 3.699548 0.305184
v 0.041141 3.684679 0.286445
v 0.007293 3.683711 0.301762
v 0.000118 3.683160 0.297885
v 0.041006 3.672885 0.286565
v 0.011330 3.674217 0.298783
v 0.000118 3.673840 0.297524
v 0.040956 3.671163 0.286046
v 0.013509 3.671361 0.295963
v 0.000118 3.669546 0.292093
v 0.041139 3.668412 0.286118
v 0.016075 3.667599 0.296436
v 0.000118 3.664657 0.293886
v 0.040800 3.659954 0.283746
v 0.017980 3.659445 0.290437
v 0.000118 3.658588 0.290248
v 0.040549 3.651375 0.269469
v 0.017732 3.648819 0.270393
v 0.000118 3.648677 0.267551
v 0.040995 3.643610 0.273012
v 0.018404 3.640843 0.272935
v 0.000118 3.640006 0.272675
v 0.041361 3.631634 0.265756
v 0.018986 3.626304 0.265478
v 0.000118 3.623593 0.264748
v 0.060574 3.670035 0.268859
v 0.060379 3.666827 0.270768
v 0.060141 3.664521 0.271465
v 0.059732 3.659160 0.270410
v 0.059223 3.652136 0.261864
v 0.059634 3.648788 0.262019
v 0.059736 3.641683 0.258815
v 0.078874 3.656198 0.247261
v 0.078000 3.655627 0.248209
v 0.076949 3.655103 0.253248
v 0.041043 3.628845 0.246882
v 0.077560 3.654605 0.249386
v 0.076511 3.653433 0.252416
v 0.077587 3.651826 0.247877
v 0.019115 3.622404 0.248009
v 0.000118 3.619360 0.248606
v 0.059167 3.637896 0.244233
v 0.078502 3.653112 0.247398
v 0.000118 3.643663 0.268405
v 0.018536 3.644029 0.267007
v 0.040704 3.647047 0.267849
v 0.058850 3.649956 0.260741
v 0.076135 3.653622 0.255249
v 0.059869 3.678681 0.264530
v 0.079651 3.660365 0.242859
v 0.079330 3.647461 0.241219
v 0.058921 3.635659 0.241224
v 0.041061 3.624972 0.244932
v 0.019286 3.617256 0.249191
v 0.000118 3.615175 0.248646
v 0.087512 3.656639 0.230790
v 0.086896 3.649986 0.229392
v 0.069469 3.625947 0.223727
v 0.044094 3.615935 0.222776
v 0.020119 3.608697 0.239194
v 0.000118 3.592735 0.238626
v 0.068346 3.725248 0.258802
v 0.067393 3.691870 0.264777
v 0.024776 3.775778 0.277252
v 0.025417 3.809443 0.283570
v 0.025187 3.765013 0.279886
v 0.025626 3.752279 0.291746
v 0.024443 3.731394 0.305287
v 0.019921 3.713842 0.312091
v 0.016472 3.700579 0.309129
v 0.111915 3.695480 0.220105
v 0.112417 3.713214 0.223617
v 0.149857 3.729196 0.193498
v 0.166364 3.772388 0.160295
v 0.201356 3.870724 0.086269
v 0.181767 3.834505 0.149371
v 0.170097 3.861401 0.171736
v 0.146526 3.893113 0.211315
v 0.117861 3.899019 0.243557
v 0.087280 3.898519 0.269062
v 0.039707 3.885521 0.294906
v 0.150493 3.710946 0.177636
v 0.171577 3.765332 0.139931
v 0.190169 3.845206 0.128133
v 0.122385 3.931519 0.241405
v 0.090418 3.938898 0.270967
v 0.041525 3.945415 0.296806
v 0.015282 3.947440 0.300892
v 0.013578 3.885002 0.302110
v 0.000118 3.948627 0.306257
v 0.000118 3.884753 0.305529
v 0.079212 3.714619 0.245145
v 0.139716 3.666371 0.143450
v 0.175697 3.736448 0.099929
v 0.090227 4.063775 0.235753
v 0.061439 4.076000 0.249660
v 0.042249 4.082415 0.259887
v 0.018031 4.082633 0.258412
v 0.000118 4.086255 0.264000
v 0.168391 3.711107 0.068896
v 0.206391 3.887221 0.056145
v 0.201836 3.954175 0.077252
v 0.172098 4.038477 0.106734
v 0.132382 4.090800 0.128420
v 0.087333 4.119515 0.143106
v 0.059432 4.131156 0.148985
v 0.041890 4.136765 0.149852
v 0.018599 4.139851 0.152826
v 0.000118 4.142128 0.153744
v 0.158491 3.943961 0.194382
v 0.188716 3.898047 0.140041
v 0.085696 3.674661 0.235521
v 0.196086 3.858122 0.107122
v 0.127249 3.978733 0.231181
v 0.145462 3.690880 0.161474
v 0.174012 3.753201 0.120130
v 0.090515 3.994756 0.265218
v 0.060227 4.003727 0.277922
v 0.042894 4.008157 0.287159
v 0.018076 4.009339 0.292687
v 0.000118 4.010584 0.297145
v 0.109387 3.675038 0.212419
v 0.080357 3.614043 0.182783
v 0.112234 3.638300 0.114548
v 0.000118 3.606963 0.246722
v 0.020072 3.595673 0.229760
v 0.095487 3.631641 0.194419
v 0.149873 3.692009 0.053722
v 0.073535 3.605831 0.165814
v 0.019894 3.584662 0.210005
v 0.000118 3.578061 0.197028
v 0.063207 3.615038 0.141755
v 0.017223 3.581643 0.186998
v 0.000118 3.581108 0.220702
v 0.000118 3.577890 0.181400
v 0.016254 3.584172 0.171296
v 0.172828 3.743589 0.046393
v 0.000118 3.578805 0.170950
v 0.016077 3.589942 0.153455
v 0.192931 3.839653 0.037131
v 0.156015 3.710439 0.037069
v 0.185546 3.790200 0.044140
v 0.204122 3.898004 0.023894
v 0.197237 3.858114 0.020956
v 0.198722 3.876590 -0.045109
v 0.187777 3.851447 -0.032730
v 0.198277 3.837598 -0.074546
v 0.184478 3.819481 -0.053325
v 0.183717 3.782844 -0.076111
v 0.178286 3.776184 -0.055179
v 0.168920 3.738312 -0.061033
v 0.167614 3.746458 -0.043884
v 0.197084 3.860015 -0.004501
v 0.202333 3.963938 0.025386
v 0.170203 4.050516 0.028417
v 0.123717 4.108142 0.028988
v 0.082668 4.134930 0.029539
v 0.057315 4.143922 0.030334
v 0.041935 4.147689 0.029723
v 0.018577 4.153352 0.030235
v 0.000118 4.155592 0.030129
v 0.195353 3.923645 -0.079264
v 0.163593 3.976383 -0.114344
v 0.119430 4.005434 -0.134773
v 0.082327 4.018288 -0.144062
v 0.059571 4.024737 -0.149437
v 0.041800 4.027906 -0.152525
v 0.018465 4.031756 -0.155068
v 0.000118 4.033641 -0.156294
v 0.189771 3.866040 -0.108427
v 0.160510 3.899178 -0.149433
v 0.118375 3.917366 -0.168972
v 0.081904 3.926780 -0.176455
v 0.058175 3.931540 -0.182004
v 0.040056 3.934688 -0.185732
v 0.018391 3.936900 -0.188587
v 0.000118 3.938498 -0.189821
v 0.178343 3.789853 -0.104009
v 0.155128 3.797202 -0.139897
v 0.121303 3.803811 -0.157039
v 0.085767 3.811569 -0.164058
v 0.061977 3.815164 -0.171619
v 0.040055 3.819357 -0.173133
v 0.015761 3.820833 -0.175639
v 0.000118 3.830842 -0.165099
v 0.160415 3.734790 -0.080084
v 0.142458 3.733340 -0.097501
v 0.116308 3.734281 -0.106062
v 0.083530 3.735130 -0.114063
v 0.058946 3.735001 -0.116943
v 0.040164 3.736970 -0.119808
v 0.015808 3.736310 -0.123397
v 0.000118 3.736200 -0.125743
v 0.202846 3.778576 0.000368
v 0.198484 3.771453 0.006273
v 0.203454 3.765313 -0.011270
v 0.200776 3.760023 -0.008723
v 0.201187 3.787184 0.011028
v 0.197461 3.784056 0.018233
v 0.199201 3.794869 0.021305
v 0.197143 3.792907 0.026666
v 0.203381 3.805390 0.018256
v 0.197433 3.809894 0.033791
v 0.212387 3.819886 0.004960
v 0.210730 3.834035 0.016708
v 0.216329 3.819610 -0.005140
v 0.219074 3.835689 -0.002940
v 0.221329 3.815091 -0.020866
v 0.226935 3.829000 -0.027818
v 0.222030 3.799970 -0.033029
v 0.226510 3.803583 -0.044263
v 0.215108 3.774694 -0.033381
v 0.217747 3.772377 -0.043431
v 0.209117 3.758365 -0.029321
v 0.210223 3.751207 -0.039390
v 0.203891 3.746722 -0.023935
v 0.203562 3.738147 -0.031431
v 0.196088 3.736044 -0.011369
v 0.196488 3.725742 -0.022293
v 0.187064 3.728789 0.007099
v 0.182388 3.709048 0.001338
v 0.182113 3.731153 0.021244
v 0.173716 3.708979 0.023175
v 0.179373 3.735208 0.031054
v 0.170635 3.716223 0.035847
v 0.177091 3.748629 0.043156
v 0.173098 3.733955 0.042666
v 0.213556 3.806858 -0.005269
v 0.213009 3.815126 -0.000319
v 0.216690 3.810606 -0.012497
v 0.215533 3.814888 -0.006344
v 0.211709 3.798360 -0.007162
v 0.216166 3.798493 -0.019284
v 0.209784 3.782730 -0.013241
v 0.212820 3.778790 -0.024381
v 0.205591 3.764411 -0.015839
v 0.207754 3.760036 -0.025058
v 0.202542 3.757015 -0.013256
v 0.203077 3.750985 -0.019482
v 0.195904 3.746021 -0.003062
v 0.195816 3.739880 -0.008522
v 0.191200 3.741827 0.007271
v 0.187374 3.731074 0.007633
v 0.184478 3.739664 0.021005
v 0.182629 3.733097 0.021284
v 0.183240 3.747078 0.028386
v 0.180213 3.737551 0.030545
v 0.183956 3.755566 0.033496
v 0.178246 3.752861 0.042809
v 0.185972 3.762808 0.031503
v 0.183105 3.767396 0.040692
v 0.190719 3.774722 0.029931
v 0.187151 3.777377 0.037640
v 0.194856 3.783558 0.026301
v 0.190820 3.789606 0.036725
v 0.207720 3.800709 0.004698
v 0.204901 3.791878 0.004896
v 0.203298 3.804690 0.016653
v 0.200642 3.796139 0.017563
v 0.207626 3.814205 0.013602
v 0.202604 3.824452 0.030304
v 0.202203 3.780020 -0.002387
v 0.191434 3.770907 0.005657
v 0.202315 3.766246 -0.011726
v 0.200968 3.760865 -0.007663
v 0.200333 3.788015 0.008240
v 0.190635 3.784782 0.019994
v 0.199709 3.795878 0.017830
v 0.191958 3.783256 0.020766
v 0.198735 3.804986 0.013259
v 0.210479 3.818421 0.002718
v 0.213567 3.818432 -0.005388
v 0.221407 3.815587 -0.019250
v 0.222406 3.798578 -0.031069
v 0.212667 3.774759 -0.031743
v 0.205692 3.760393 -0.027927
v 0.196301 3.751184 -0.022159
v 0.191124 3.744189 -0.014704
v 0.205738 3.807762 -0.005074
v 0.209686 3.817286 0.002459
v 0.216411 3.811488 -0.014477
v 0.212301 3.819824 -0.005924
v 0.210466 3.804240 -0.009048
v 0.218587 3.797043 -0.022248
v 0.205508 3.781464 -0.007423
v 0.212736 3.777276 -0.028271
v 0.203539 3.765880 -0.013379
v 0.203167 3.760319 -0.029400
v 0.201523 3.760012 -0.010892
v 0.195823 3.750179 -0.022774
v 0.193738 3.748878 -0.005435
v 0.191215 3.743183 -0.015935
v 0.185906 3.747327 0.007930
v 0.176502 3.747199 0.016889
v 0.181522 3.754826 0.021981
v 0.178040 3.756718 0.027206
v 0.179452 3.764619 0.024167
v 0.191118 3.782102 0.018054
v 0.192438 3.784242 0.022200
v 0.202496 3.803221 -0.000447
v 0.202176 3.790552 0.004722
v 0.199382 3.807188 0.017182
v 0.194855 3.797848 0.019013
v 0.207596 3.813855 0.011477
v 0.204506 3.810607 0.004745
v 0.205139 3.805977 -0.004971
v 0.183104 3.758559 0.015919
v 0.186855 3.764234 0.009933
v 0.184956 3.746359 0.010559
v 0.187665 3.754170 0.003092
v 0.189209 3.766253 0.025604
v 0.193314 3.771841 0.020301
v 0.194858 3.782328 0.021949
v 0.184616 3.766513 0.019220
v 0.188973 3.773140 0.016218
v 0.191102 3.783796 0.017476
v 0.192626 3.744514 0.011996
v 0.189776 3.748888 0.019342
v 0.187316 3.747394 0.025857
v 0.181244 3.751776 0.007769
v 0.178720 3.753549 0.014141
v 0.176092 3.754499 0.019663
v 0.188377 3.812762 0.031298
v 0.200629 3.837663 0.012917
v 0.208757 3.839411 -0.007174
v 0.216636 3.832414 -0.032346
v 0.207427 3.775098 -0.048435
v 0.193290 3.740263 -0.036158
v 0.165597 3.751733 0.039546
v 0.182030 3.792559 0.034459
v 0.192994 3.827803 0.027122
v 0.216231 3.806674 -0.049087
v 0.200014 3.753818 -0.044279
v 0.186063 3.727553 -0.026637
v 0.172064 3.710999 -0.003113
v 0.164025 3.710538 0.019402
v 0.159335 3.719162 0.031978
v 0.161671 3.737063 0.038913
v 0.167022 3.755960 0.039203
v 0.175022 3.768673 0.039328
v 0.179763 3.778426 0.036577
v 0.172253 3.799371 0.029020
v 0.176231 3.820333 0.016204
v 0.178776 3.821630 -0.004830
v 0.184288 3.815988 -0.027110
v 0.185011 3.794533 -0.041139
v 0.180502 3.767800 -0.040180
v 0.176872 3.749337 -0.036279
v 0.173120 3.737200 -0.028634
v 0.153955 3.727552 0.011890
v 0.159078 3.713073 0.025151
v 0.161114 3.711572 0.022462
v 0.161121 3.717377 0.031437
v 0.162493 3.744683 0.037407
v 0.160380 3.732569 0.036580
v 0.163304 3.748145 0.037266
v 0.167563 3.760107 0.036629
v 0.163257 3.753193 0.038363
v 0.175759 3.811246 0.026334
v 0.186068 3.795823 0.066702
v 0.203198 3.897338 -0.007122
v 0.018583 4.113517 -0.087167
v 0.171275 4.022802 -0.042353
v 0.122322 4.071827 -0.063507
v 0.059697 4.100196 -0.082178
v 0.082570 4.092909 -0.077076
v 0.000118 4.115540 -0.086883
v 0.041994 4.106815 -0.084737
v 0.202296 3.956544 -0.022277
v -0.090710 3.660499 0.064063
v -0.142242 3.697516 0.024275
v -0.056453 3.636870 0.096170
v -0.021990 3.628009 0.124685
v -0.092808 3.705336 -0.008789
v -0.085661 3.706693 -0.018234
v -0.084546 3.707917 -0.029327
v -0.079452 3.708223 -0.034401
v -0.065280 3.709446 -0.040136
v -0.045257 3.709677 -0.043369
v -0.020078 3.710618 -0.045081
v -0.085091 3.638115 0.052822
v -0.099288 3.645984 0.019356
v -0.054233 3.622232 0.086327
v -0.029962 3.611676 0.112346
v -0.082268 3.644374 -0.011939
v -0.075237 3.643165 -0.022960
v -0.068889 3.643250 -0.031757
v -0.064907 3.643428 -0.037654
v -0.055297 3.644525 -0.042396
v -0.041835 3.643526 -0.045926
v -0.021598 3.644087 -0.047999
v -0.092831 3.512662 -0.056598
v -0.046343 3.499319 -0.081466
v -0.064509 3.500469 -0.070965
v -0.107139 3.522068 -0.045359
v -0.124004 3.535013 -0.031608
v -0.123189 3.543462 -0.009648
v -0.032104 3.500952 0.092561
v -0.047299 3.504254 0.074330
v -0.119915 3.541203 0.017625
v -0.098804 3.525117 0.046417
v -0.082952 3.597562 0.048541
v -0.099758 3.603467 0.018647
v -0.055759 3.588589 0.079869
v -0.030879 3.577761 0.099690
v -0.086272 3.601197 -0.012778
v -0.076172 3.600000 -0.025062
v -0.070714 3.600142 -0.032668
v -0.066675 3.599893 -0.039331
v -0.054962 3.599027 -0.045997
v -0.041078 3.598871 -0.050403
v -0.020463 3.599021 -0.053371
v -0.084865 3.559136 0.046327
v -0.099173 3.567557 0.017440
v -0.054199 3.547079 0.076010
v -0.031042 3.538275 0.093846
v -0.092810 3.566712 -0.012480
v -0.086166 3.565705 -0.027938
v -0.081583 3.564353 -0.037454
v -0.072497 3.560476 -0.045148
v -0.059617 3.557034 -0.051494
v -0.042573 3.551564 -0.059740
v -0.020207 3.549053 -0.066759
v -0.021164 3.495873 -0.090398
v -0.026374 3.477535 0.120751
v -0.056556 3.488055 0.120572
v -0.133926 3.507140 0.078565
v -0.131860 3.490087 0.122499
v -0.208126 3.506315 0.067267
v -0.205936 3.493920 0.100502
v -0.211857 3.514571 0.040864
v -0.218940 3.523020 0.015756
v -0.221947 3.522510 -0.016722
v -0.220570 3.520058 -0.030285
v -0.215422 3.509377 -0.045861
v -0.213173 3.501395 -0.057985
v -0.212409 3.493378 -0.070172
v -0.157696 3.531653 -0.011384
v -0.118459 3.498121 -0.070326
v -0.147498 3.529288 -0.031145
v -0.140728 3.520221 0.043617
v -0.142650 3.521064 -0.046312
v -0.159161 3.528960 0.016399
v -0.130056 3.507424 -0.057816
v -0.275244 3.499852 0.064840
v -0.275849 3.489527 0.092198
v -0.272084 3.504839 0.040404
v -0.273650 3.506806 0.015225
v -0.273400 3.506355 -0.017429
v -0.274155 3.505965 -0.029119
v -0.273867 3.503366 -0.044344
v -0.272767 3.498653 -0.056380
v -0.271226 3.491068 -0.069115
v -0.025587 3.468133 0.140790
v -0.057494 3.476018 0.138414
v -0.132096 3.480980 0.142556
v -0.206621 3.484276 0.126183
v -0.275378 3.477204 0.115423
v -0.027816 3.442361 0.161065
v -0.064546 3.456177 0.155671
v -0.135326 3.465229 0.149948
v -0.208165 3.464309 0.141523
v -0.274603 3.453413 0.136389
v -0.034722 3.410306 0.182777
v -0.077878 3.412336 0.182942
v -0.142397 3.414512 0.174448
v -0.215730 3.410650 0.162978
v -0.264763 3.407812 0.157087
v -0.123457 3.322745 0.262758
v -0.099193 3.370145 0.210692
v -0.166366 3.223697 0.355978
v -0.175547 3.269172 0.321273
v -0.176241 3.315964 0.259194
v -0.158181 3.368515 0.206469
v -0.184673 3.212461 0.357070
v -0.214092 3.245394 0.322385
v -0.229675 3.293403 0.241674
v -0.226766 3.326626 0.184022
v -0.196623 3.197701 0.358387
v -0.242186 3.213948 0.323718
v -0.270524 3.213638 0.248802
v -0.268653 3.210048 0.174423
v -0.202360 3.171890 0.361535
v -0.255027 3.167805 0.327514
v -0.283791 3.164782 0.251570
v -0.264389 3.155392 0.179267
v -0.198901 3.148680 0.368995
v -0.250110 3.126681 0.332320
v -0.279651 3.102651 0.264656
v -0.266349 3.099548 0.204639
v -0.186951 3.130256 0.371953
v -0.223236 3.088399 0.341663
v -0.246376 3.065916 0.286551
v -0.230461 3.064439 0.238520
v -0.169784 3.117807 0.378456
v -0.188771 3.065155 0.350581
v -0.194112 3.032367 0.306988
v -0.197241 3.028599 0.277312
v -0.151390 3.114339 0.379864
v -0.148514 3.059553 0.363316
v -0.148192 3.025565 0.320616
v -0.146097 3.022700 0.291336
v -0.150787 3.172488 0.381366
v -0.126877 3.120806 0.382201
v -0.108472 3.071509 0.361490
v -0.090993 3.039327 0.319618
v -0.088349 3.030904 0.298672
v -0.108994 3.132446 0.379499
v -0.074258 3.096434 0.356696
v -0.048187 3.063442 0.310251
v -0.044792 3.062225 0.282661
v -0.097044 3.149867 0.375455
v -0.056587 3.124247 0.349082
v -0.023322 3.101645 0.298340
v -0.019566 3.103185 0.284763
v -0.093786 3.173230 0.370685
v -0.045997 3.172091 0.340269
v -0.009885 3.167860 0.294746
v -0.097044 3.190964 0.365916
v -0.052513 3.207136 0.331455
v -0.011085 3.213966 0.283231
v -0.004193 3.214613 0.272973
v -0.108994 3.208385 0.361872
v -0.074549 3.239969 0.323984
v -0.033786 3.265515 0.273469
v -0.017052 3.276150 0.255857
v -0.126877 3.220025 0.359170
v -0.103025 3.261415 0.315036
v -0.074324 3.301518 0.266947
v -0.041883 3.354483 0.223467
v -0.147221 3.226053 0.356278
v -0.136138 3.274979 0.322298
v -0.046343 3.472171 -0.114109
v -0.064509 3.473320 -0.108525
v -0.021164 3.472119 -0.116488
v -0.208793 3.466345 -0.093426
v -0.100186 3.474698 -0.102759
v -0.261042 3.455213 -0.095435
v -0.046343 3.446832 -0.126779
v -0.064509 3.447982 -0.124362
v -0.021164 3.448426 -0.129157
v -0.205975 3.439870 -0.107491
v -0.093034 3.449359 -0.119247
v -0.258979 3.423953 -0.108890
v -0.045943 3.381703 -0.144164
v -0.065006 3.383449 -0.139681
v -0.021388 3.382215 -0.144647
v -0.201751 3.391437 -0.120778
v -0.091025 3.387089 -0.130124
v -0.259929 3.394290 -0.112716
v -0.046045 3.300055 -0.145609
v -0.065447 3.301057 -0.144245
v -0.021442 3.300331 -0.145922
v -0.212586 3.335181 -0.117326
v -0.094558 3.302070 -0.134205
v -0.258812 3.356081 -0.111440
v -0.047945 3.209410 -0.132874
v -0.068683 3.209425 -0.125739
v -0.022079 3.209417 -0.137528
v -0.231678 3.280751 -0.107286
v -0.195072 3.208878 -0.120252
v -0.259872 3.315287 -0.094726
v -0.272824 3.334324 0.152129
v -0.269913 3.269382 0.127481
v -0.271244 3.293054 0.115500
v -0.279655 3.240056 0.077873
v -0.279222 3.263996 0.075623
v -0.287067 3.226089 0.014315
v -0.295329 3.246286 0.014454
v -0.269195 3.239691 -0.067189
v -0.279218 3.263988 -0.054044
v -0.279096 3.209434 0.143860
v -0.274030 3.210229 0.083781
v -0.286937 3.208878 0.013954
v -0.263879 3.208878 -0.067886
v -0.049192 3.159130 -0.115667
v -0.070984 3.159130 -0.111457
v -0.023610 3.159130 -0.118942
v -0.190612 3.159194 -0.097885
v -0.280012 3.158668 0.159730
v -0.282805 3.159194 0.099180
v -0.288323 3.159194 0.019105
v -0.265505 3.159194 -0.057999
v -0.049309 3.104570 -0.078896
v -0.071352 3.104570 -0.075118
v -0.023269 3.104570 -0.084899
v -0.189359 3.104458 -0.068416
v -0.269085 3.102023 0.183576
v -0.272850 3.104458 0.117444
v -0.276612 3.104458 0.029847
v -0.252432 3.104458 -0.039275
v -0.046684 3.064739 -0.051483
v -0.068740 3.064739 -0.049205
v -0.022824 3.064739 -0.049986
v -0.184922 3.064550 -0.041068
v -0.240862 3.064581 0.212192
v -0.257318 3.064550 0.145158
v -0.259958 3.064550 0.044892
v -0.250886 3.064550 -0.009839
v -0.044685 3.027900 -0.030417
v -0.067841 3.027700 -0.031878
v -0.022118 3.027907 -0.033303
v -0.181478 3.027661 -0.025080
v -0.210581 3.025516 0.242872
v -0.248177 3.028755 0.164616
v -0.248684 3.028755 0.056356
v -0.242026 3.028755 0.000111
v -0.146151 3.024698 0.291267
v -0.090078 3.028756 0.293370
v -0.038935 3.037274 0.290810
v -0.046961 2.810063 0.273993
v -0.099034 2.810063 0.272507
v -0.136042 2.811859 0.266243
v -0.173817 2.810356 -0.028501
v -0.241511 2.806057 0.047910
v -0.236079 2.811220 0.150099
v -0.180911 2.812507 0.238055
v -0.026422 2.810063 -0.027397
v -0.063800 2.810063 -0.027397
v -0.044453 2.810063 -0.027397
v -0.171620 2.864464 0.247729
v -0.180672 2.864390 -0.010719
v -0.054179 2.864463 0.276131
v -0.228531 2.864419 0.161582
v -0.025372 2.864463 -0.018655
v -0.044458 2.864463 -0.018655
v -0.064473 2.864463 -0.018655
v -0.219267 2.864234 0.007483
v -0.099440 2.864463 0.276365
v -0.136122 2.864463 0.274030
v -0.233698 2.863766 0.053597
v -0.175621 2.907054 0.248448
v -0.181667 2.955029 0.249123
v -0.193569 3.001888 0.249035
v -0.024563 2.907054 -0.014284
v -0.023147 2.955029 -0.014284
v -0.022854 2.999790 -0.017562
v -0.221621 2.907054 0.012173
v -0.225105 2.955029 0.010668
v -0.234494 2.999790 0.005893
v -0.097792 2.907054 0.282083
v -0.095568 2.955029 0.289840
v -0.084192 3.005023 0.290357
v -0.232439 2.907055 0.057479
v -0.233285 2.955029 0.060315
v -0.241102 2.999790 0.058893
v -0.181663 2.999790 -0.015685
v -0.181858 2.955029 -0.006436
v -0.180932 2.907054 -0.006149
v -0.049473 3.004974 0.286739
v -0.055289 2.955029 0.285862
v -0.057252 2.907054 0.281849
v -0.237806 3.001519 0.166951
v -0.229782 2.955029 0.166584
v -0.228627 2.907055 0.163949
v -0.044471 2.999790 -0.017562
v -0.044040 2.955029 -0.014284
v -0.044462 2.907054 -0.014284
v -0.066087 2.999790 -0.020709
v -0.065249 2.955029 -0.014284
v -0.064992 2.907054 -0.014284
v -0.138074 3.001650 0.294249
v -0.138222 2.955029 0.287578
v -0.137387 2.907054 0.279757
v -0.218204 2.805990 -0.007910
v -0.321445 3.472204 0.063828
v -0.312120 3.478834 0.086443
v -0.325439 3.469422 0.040075
v -0.323398 3.474970 0.014414
v -0.326117 3.470183 -0.012432
v -0.324064 3.472903 -0.028395
v -0.320778 3.474972 -0.042425
v -0.313715 3.480061 -0.053232
v -0.307815 3.480269 -0.063775
v -0.311681 3.467359 0.108070
v -0.310959 3.445204 0.127595
v -0.309807 3.404236 0.146719
v -0.298331 3.446881 -0.088284
v -0.296410 3.417771 -0.100815
v -0.297295 3.390148 -0.104377
v -0.296254 3.354568 -0.103189
v -0.297242 3.316579 -0.087625
v -0.309303 3.352323 0.142252
v -0.307125 3.307894 0.108141
v -0.306482 3.281984 0.071008
v -0.306483 3.281997 -0.048496
v -0.371709 3.171396 0.015114
v -0.386971 3.417470 0.066824
v -0.387598 3.406780 0.095146
v -0.386100 3.423601 0.041803
v -0.386258 3.424741 0.015859
v -0.385063 3.424201 -0.018346
v -0.385844 3.423798 -0.030448
v -0.385547 3.421107 -0.046209
v -0.384407 3.416228 -0.058669
v -0.382812 3.408376 -0.071854
v -0.387110 3.394023 0.119189
v -0.386308 3.369393 0.140895
v -0.385027 3.323848 0.162156
v -0.372269 3.371257 -0.099101
v -0.370134 3.338895 -0.113031
v -0.371117 3.308187 -0.116991
v -0.369960 3.268631 -0.115671
v -0.371058 3.226399 -0.098368
v -0.384467 3.266135 0.157189
v -0.382045 3.216744 0.119269
v -0.381330 3.187939 0.077987
v -0.381332 3.187953 -0.054867
v -0.449307 3.099591 0.013884
v -0.470728 3.298842 0.055914
v -0.470844 3.290139 0.078935
v -0.470245 3.303853 0.035577
v -0.470415 3.304772 0.014489
v -0.469425 3.304379 -0.013314
v -0.470045 3.304022 -0.023150
v -0.469704 3.301848 -0.035961
v -0.468600 3.297927 -0.046090
v -0.467017 3.291610 -0.056806
v -0.469980 3.279798 0.098478
v -0.468425 3.259828 0.116121
v -0.465714 3.222893 0.133403
v -0.457094 3.261858 -0.078954
v -0.454173 3.235657 -0.090276
v -0.453845 3.210686 -0.093495
v -0.451454 3.178610 -0.092422
v -0.450796 3.144277 -0.078357
v -0.463142 3.176051 0.129366
v -0.459363 3.136034 0.098543
v -0.457727 3.112671 0.064988
v -0.457728 3.112683 -0.042999
v -0.582539 3.019635 0.012704
v -0.622144 3.173402 0.045452
v -0.621322 3.166670 0.063389
v -0.622297 3.177320 0.029606
v -0.622525 3.178012 0.013175
v -0.621719 3.177812 -0.008488
v -0.622160 3.177472 -0.016152
v -0.621669 3.175830 -0.026134
v -0.620405 3.172918 -0.034025
v -0.618521 3.168206 -0.042375
v -0.619570 3.158776 0.078617
v -0.616276 3.143521 0.092363
v -0.610310 3.115288 0.105829
v -0.607740 3.146276 -0.059632
v -0.602738 3.126354 -0.068454
v -0.599866 3.107109 -0.070962
v -0.594657 3.082593 -0.070126
v -0.588374 3.053979 -0.059167
v -0.603413 3.079392 0.102683
v -0.594124 3.046717 0.078667
v -0.590411 3.028850 0.052522
v -0.590413 3.028859 -0.031618
v -0.711073 2.912787 0.012882
v -0.750108 3.070877 0.047035
v -0.749250 3.063857 0.065741
v -0.750267 3.074964 0.030509
v -0.750505 3.075686 0.013374
v -0.749664 3.075478 -0.009218
v -0.750124 3.075123 -0.017210
v -0.749612 3.073410 -0.027621
v -0.748294 3.070374 -0.035850
v -0.746329 3.065460 -0.044558
v -0.747424 3.055625 0.081621
v -0.743988 3.039716 0.095957
v -0.737766 3.010273 0.109999
v -0.735086 3.042589 -0.062555
v -0.729869 3.021813 -0.071755
v -0.726875 3.001743 -0.074370
v -0.721443 2.976177 -0.073498
v -0.717159 2.948604 -0.062070
v -0.730574 2.972838 0.106719
v -0.723155 2.941031 0.081673
v -0.719283 2.922398 0.054408
v -0.711075 2.929733 -0.041846
v -0.884295 2.800332 0.012643
v -0.921183 2.949730 0.044918
v -0.920372 2.943096 0.062596
v -0.921333 2.953592 0.029301
v -0.921558 2.954274 0.013108
v -0.920764 2.954077 -0.008241
v -0.921199 2.953742 -0.015795
v -0.920715 2.952122 -0.025632
v -0.919470 2.949254 -0.033410
v -0.917612 2.944610 -0.041639
v -0.918647 2.935316 0.077603
v -0.915400 2.920282 0.091151
v -0.909520 2.892458 0.104421
v -0.906988 2.922997 -0.058646
v -0.902057 2.903363 -0.067340
v -0.899228 2.884397 -0.069812
v -0.894094 2.860236 -0.068988
v -0.890046 2.834179 -0.058188
v -0.902723 2.857081 0.101321
v -0.895713 2.827022 0.077652
v -0.892053 2.809414 0.051886
v -0.892055 2.809423 -0.031037
v -1.120822 2.721469 -0.039513
v -1.122566 2.733161 -0.037990
v -1.127093 2.748537 -0.031160
v -1.127167 2.726439 0.067891
v -1.130791 2.743590 0.059710
v -1.132793 2.752858 0.051359
v -1.132155 2.758587 -0.022146
v -1.133300 2.761450 -0.017074
v -1.134068 2.763218 -0.012279
v -1.134366 2.764216 -0.006215
v -1.134098 2.764423 -0.001559
v -1.134588 2.764544 0.011602
v -1.134449 2.764124 0.021584
v -1.133857 2.757654 0.042108
v -1.134356 2.761743 0.031211
v -1.111494 2.670218 0.014017
v -0.032057 2.316235 0.194423
v -0.031835 2.276298 0.184968
v -0.024904 2.237916 0.131242
v -0.029182 2.224716 0.087363
v -0.029182 2.222989 0.029516
v -0.029182 2.221262 -0.030575
v -0.029182 2.231019 -0.099214
v -0.107928 2.395407 0.211081
v -0.122940 2.337781 0.201092
v -0.202237 2.471295 0.210004
v -0.220369 2.418766 0.218260
v -0.284203 2.534152 0.157136
v -0.296101 2.486305 0.146816
v -0.321406 2.571268 0.067580
v -0.336607 2.527359 0.057247
v -0.317293 2.581604 -0.020814
v -0.332939 2.542326 -0.030480
v -0.280001 2.541725 -0.143156
v -0.287554 2.490596 -0.148851
v -0.203246 2.482260 -0.208931
v -0.213831 2.425004 -0.219649
v -0.118746 2.402255 -0.213933
v -0.119303 2.344269 -0.212789
v -0.029182 2.255664 -0.147791
v -0.029637 2.312226 -0.200569
v -0.029182 2.402850 0.207685
v -0.029182 2.493128 0.214555
v -0.029182 2.576079 0.234208
v -0.029182 2.662694 0.247469
v -0.038454 2.750529 0.260533
v -0.027092 2.751299 -0.041927
v -0.025995 2.673402 -0.083627
v -0.025247 2.590519 -0.138743
v -0.028411 2.500727 -0.171775
v -0.028764 2.411680 -0.183104
v -0.091878 2.762887 0.261887
v -0.085263 2.687410 0.249943
v -0.087919 2.613153 0.237801
v -0.090575 2.538896 0.225659
v -0.097106 2.465187 0.213035
v -0.140060 2.774462 0.258821
v -0.144894 2.712927 0.246581
v -0.156567 2.651380 0.234394
v -0.169900 2.590012 0.221822
v -0.182873 2.528617 0.209282
v -0.189611 2.785867 0.228889
v -0.203302 2.735472 0.212551
v -0.223279 2.685507 0.197572
v -0.243794 2.635996 0.182776
v -0.266387 2.586483 0.166611
v -0.240729 2.781575 0.143796
v -0.254661 2.739083 0.122213
v -0.271882 2.698389 0.106602
v -0.283116 2.655261 0.092315
v -0.301334 2.613239 0.079136
v -0.245594 2.777995 0.043908
v -0.255049 2.739678 0.032721
v -0.267628 2.706486 0.010604
v -0.279732 2.661963 -0.002646
v -0.302390 2.626702 -0.012660
v -0.208668 2.777969 -0.022259
v -0.216137 2.738200 -0.039229
v -0.226482 2.699564 -0.062072
v -0.250960 2.648476 -0.094182
v -0.268527 2.589765 -0.125193
v -0.165062 2.773447 -0.045497
v -0.158120 2.728493 -0.073046
v -0.171725 2.674084 -0.102848
v -0.187718 2.605811 -0.151103
v -0.196691 2.539398 -0.185396
v -0.061113 2.758807 -0.046080
v -0.081265 2.700672 -0.088238
v -0.090668 2.628972 -0.133809
v -0.108916 2.553151 -0.182153
v -0.122418 2.483891 -0.204866
v -0.065417 2.225959 0.163258
v -0.038716 2.213850 0.121228
v -0.025737 2.201552 0.073323
v -0.024760 2.199188 0.029462
v -0.026141 2.198529 -0.018706
v -0.034348 2.206913 -0.073678
v -0.129911 2.272344 0.202113
v -0.240385 2.354137 0.227278
v -0.312926 2.398777 0.150351
v -0.360914 2.457666 0.056363
v -0.350667 2.459286 -0.035691
v -0.294631 2.418257 -0.155991
v -0.214943 2.375389 -0.217771
v -0.122007 2.296178 -0.207107
v -0.045529 2.228155 -0.128984
v -0.074697 2.144645 0.163997
v -0.042464 2.140624 0.117944
v -0.028589 2.136336 0.073461
v -0.026472 2.135162 0.029857
v -0.027853 2.135433 -0.018311
v -0.035925 2.135746 -0.073283
v -0.135127 2.145953 0.203763
v -0.235095 2.147098 0.238431
v -0.329105 2.155139 0.161721
v -0.398844 2.165814 0.062723
v -0.392730 2.175990 -0.034191
v -0.304050 2.166929 -0.125204
v -0.219534 2.157427 -0.141615
v -0.141312 2.145208 -0.139208
v -0.066355 2.134329 -0.114865
v -0.024979 2.186769 0.073469
v -0.026134 2.177181 0.073469
v -0.040246 2.179741 0.117912
v -0.039305 2.192314 0.117992
v -0.381218 2.360612 0.056363
v -0.395562 2.263558 0.056363
v -0.385407 2.259260 -0.032815
v -0.371414 2.360395 -0.037014
v -0.024002 2.184561 0.029608
v -0.025157 2.175127 0.029608
v -0.303194 2.233140 -0.125204
v -0.287359 2.326676 -0.147510
v -0.025384 2.184286 -0.018560
v -0.026538 2.175237 -0.018560
v -0.218187 2.221046 -0.139546
v -0.203151 2.297178 -0.189258
v -0.033590 2.190129 -0.073532
v -0.034745 2.178539 -0.073532
v -0.140142 2.202886 -0.137138
v -0.125424 2.246989 -0.179757
v -0.068963 2.207365 0.163997
v -0.071132 2.188772 0.163997
v -0.134149 2.202904 0.202601
v -0.131063 2.235221 0.202601
v -0.060320 2.203856 -0.126824
v -0.067603 2.187204 -0.120041
v -0.245146 2.224725 0.237689
v -0.246913 2.293068 0.233444
v -0.332432 2.237009 0.164973
v -0.325458 2.328194 0.159846
v -0.304050 2.167162 -0.125204
v -0.081970 2.028624 0.158929
v -0.050326 2.029225 0.114387
v -0.036850 2.027930 0.071534
v -0.035258 2.027651 0.029190
v -0.036592 2.027914 -0.021335
v -0.044385 2.028215 -0.070380
v -0.135526 2.028599 0.190486
v -0.233118 2.032304 0.231465
v -0.325759 2.031112 0.157247
v -0.397139 2.027745 0.061126
v -0.386832 2.037284 -0.035586
v -0.303813 2.029006 -0.117703
v -0.221794 2.029408 -0.139628
v -0.146279 2.029167 -0.137304
v -0.075023 2.028682 -0.111412
v -0.107898 1.304198 0.047842
v -0.092084 1.304550 0.009279
v -0.084193 1.303792 -0.015812
v -0.083261 1.303628 -0.040605
v -0.084042 1.303782 -0.070189
v -0.088605 1.303959 -0.107589
v -0.135069 1.304183 0.066319
v -0.191373 1.304678 0.090313
v -0.243104 1.303980 0.040887
v -0.289696 1.304226 -0.029949
v -0.277250 1.304512 -0.094172
v -0.237792 1.304421 -0.135298
v -0.189769 1.306285 -0.152477
v -0.145553 1.306144 -0.151116
v -0.103831 1.304232 -0.131614
v -0.376760 1.933849 -0.038905
v -0.357749 1.823678 -0.042869
v -0.336113 1.710190 -0.048315
v -0.322626 1.610545 -0.058977
v -0.306142 1.506026 -0.070014
v -0.298598 1.419169 -0.079785
v -0.246191 1.424661 -0.124198
v -0.256649 1.510820 -0.114195
v -0.269259 1.615399 -0.115406
v -0.278084 1.715116 -0.113830
v -0.292023 1.821971 -0.112186
v -0.304315 1.925493 -0.114889
v -0.052917 1.924466 -0.024227
v -0.061962 1.821031 -0.027563
v -0.072462 1.714276 -0.028915
v -0.078442 1.614619 -0.039141
v -0.080614 1.510090 -0.049816
v -0.072717 1.423232 -0.059539
v -0.071834 1.423059 -0.026092
v -0.079723 1.509915 -0.016062
v -0.077489 1.614432 -0.003062
v -0.071435 1.714074 0.009964
v -0.060814 1.820805 0.015936
v -0.051662 1.924219 0.023307
v -0.195320 1.424221 -0.137848
v -0.201856 1.511089 -0.128842
v -0.210691 1.615686 -0.131063
v -0.214972 1.715426 -0.130701
v -0.221410 1.822318 -0.131063
v -0.227153 1.925872 -0.135516
v -0.060248 1.924750 -0.070368
v -0.068672 1.821291 -0.069789
v -0.078458 1.714508 -0.066655
v -0.084006 1.614835 -0.074164
v -0.085820 1.510292 -0.082581
v -0.077876 1.423432 -0.092007
v -0.145330 1.424062 -0.136310
v -0.151408 1.510928 -0.127290
v -0.156768 1.615515 -0.129403
v -0.156865 1.715240 -0.128913
v -0.156397 1.822110 -0.129061
v -0.156109 1.925645 -0.133329
v -0.095607 1.925135 0.145364
v -0.101030 1.821643 0.127633
v -0.107379 1.714822 0.109796
v -0.110845 1.615127 0.089582
v -0.108445 1.510565 0.070611
v -0.102757 1.423703 0.059795
v -0.133476 1.423686 0.080685
v -0.139445 1.510548 0.097487
v -0.143981 1.615109 0.117911
v -0.143086 1.714803 0.139873
v -0.140981 1.821621 0.160596
v -0.139264 1.925111 0.175052
v -0.089072 1.925189 -0.108971
v -0.095050 1.821692 -0.106770
v -0.102034 1.714867 -0.108990
v -0.105885 1.615168 -0.110914
v -0.103804 1.510603 -0.109992
v -0.098159 1.423741 -0.119170
v -0.197134 1.424245 0.107813
v -0.203687 1.511112 0.124864
v -0.212649 1.615712 0.147174
v -0.217081 1.715453 0.171406
v -0.223770 1.822348 0.195877
v -0.229731 1.925906 0.213604
v -0.255621 1.423456 0.058681
v -0.262710 1.510316 0.069487
v -0.275738 1.614861 0.088381
v -0.285065 1.714535 0.108502
v -0.299834 1.821322 0.126185
v -0.312850 1.924784 0.143781
v -0.065837 1.925700 0.103458
v -0.073787 1.822160 0.089285
v -0.083030 1.715285 0.075521
v -0.088249 1.615556 0.057775
v -0.089789 1.510967 0.040854
v -0.081809 1.424100 0.030308
v -0.308298 1.423120 -0.009135
v -0.315868 1.509978 0.001050
v -0.332559 1.614499 0.015229
v -0.346295 1.714146 0.029673
v -0.366839 1.820886 0.042841
v -0.384024 1.924307 0.055634
v -0.053159 1.924482 0.063143
v -0.062185 1.821046 0.052391
v -0.072660 1.714289 0.042547
v -0.078626 1.614631 0.027175
v -0.080786 1.510101 0.012226
v -0.072888 1.423243 0.001940
v -0.119051 1.245167 0.031018
v -0.103237 1.245519 -0.007544
v -0.095346 1.244761 -0.032635
v -0.094414 1.244597 -0.057429
v -0.095195 1.244751 -0.087012
v -0.099758 1.244928 -0.124412
v -0.143508 1.245152 0.056008
v -0.191217 1.245647 0.080002
v -0.249916 1.244949 0.030033
v -0.296508 1.245195 -0.045687
v -0.284061 1.244938 -0.104483
v -0.244604 1.245390 -0.152121
v -0.198208 1.246711 -0.167672
v -0.153993 1.246570 -0.166311
v -0.114984 1.245201 -0.148438
v -0.127491 1.205629 0.025049
v -0.111677 1.205981 -0.013514
v -0.103786 1.205223 -0.038605
v -0.102854 1.205060 -0.063398
v -0.103635 1.205213 -0.104921
v -0.108198 1.205390 -0.142321
v -0.151948 1.205615 0.043526
v -0.195204 1.206109 0.067570
v -0.259984 1.204868 0.018637
v -0.301578 1.205657 -0.054370
v -0.291617 1.204212 -0.115709
v -0.248786 1.207270 -0.171663
v -0.206648 1.206088 -0.182867
v -0.162433 1.205947 -0.181506
v -0.123424 1.205663 -0.166346
v -0.076209 1.363507 -0.064864
v -0.109768 1.123485 -0.039266
v -0.102065 1.122745 -0.063760
v -0.101155 1.122585 -0.087962
v -0.106372 1.122908 -0.175177
v -0.149080 1.123127 0.016415
v -0.211587 1.123610 0.039708
v -0.276262 1.122928 -0.002584
v -0.316866 1.122639 -0.073322
v -0.307355 1.122559 -0.144211
v -0.266013 1.124354 -0.205608
v -0.214661 1.123589 -0.214757
v -0.159315 1.123452 -0.213429
v -0.121235 1.123174 -0.198630
v -0.291180 1.361840 -0.086978
v -0.081070 1.363695 -0.099798
v -0.103157 1.363950 0.053818
v -0.098824 1.363986 -0.125392
v -0.084776 1.364325 0.019793
v -0.076370 1.363518 -0.006936
v -0.241512 1.364188 -0.130715
v -0.075377 1.363343 -0.033348
v -0.192544 1.365253 -0.145163
v -0.145441 1.365103 -0.143713
v -0.134272 1.363935 0.073502
v -0.194254 1.364461 0.099063
v -0.252619 1.363718 0.049784
v -0.302253 1.363673 -0.019542
v -0.125205 1.123141 -0.001622
v -0.101918 1.122735 -0.138667
v -0.125205 1.055623 -0.015126
v -0.109768 1.055966 -0.052770
v -0.102065 1.055226 -0.077263
v -0.101155 1.055067 -0.101466
v -0.101918 1.055217 -0.152171
v -0.106372 1.055389 -0.188680
v -0.149080 1.055608 0.002911
v -0.222837 1.056091 0.026518
v -0.282827 1.056347 -0.016088
v -0.323430 1.056058 -0.086826
v -0.313919 1.055978 -0.157714
v -0.275170 1.056778 -0.217498
v -0.214661 1.056071 -0.228261
v -0.159315 1.055933 -0.226932
v -0.121235 1.055656 -0.212133
v -0.163846 0.656582 -0.196542
v -0.208361 0.656692 -0.204175
v -0.259015 0.657262 -0.187532
v -0.288193 0.656618 -0.150458
v -0.295843 0.656682 -0.093443
v -0.263186 0.656915 -0.036548
v -0.205885 0.656709 0.005779
v -0.155614 0.656320 -0.021268
v -0.121264 0.656144 -0.169033
v -0.117681 0.656005 -0.146000
v -0.117068 0.655885 -0.105218
v -0.117800 0.656013 -0.085752
v -0.123995 0.656608 -0.066052
v -0.133219 0.656359 -0.184640
v -0.136412 0.656332 -0.035775
v -0.104661 0.975540 -0.186017
v -0.107640 0.895691 -0.183354
v -0.115307 0.815842 -0.180691
v -0.118286 0.735993 -0.178027
v -0.100382 0.975374 -0.150937
v -0.103534 0.895532 -0.149702
v -0.106687 0.815690 -0.148468
v -0.114529 0.735848 -0.147234
v -0.331416 0.976183 -0.088149
v -0.334902 0.896308 -0.089472
v -0.327134 0.816432 -0.090796
v -0.314864 0.736557 -0.092119
v -0.154307 0.736178 -0.016432
v -0.153000 0.816036 -0.011596
v -0.151694 0.895893 -0.006761
v -0.150387 0.975751 -0.001925
v -0.099649 0.975230 -0.102216
v -0.102832 0.895394 -0.102967
v -0.106014 0.815558 -0.103717
v -0.113886 0.735721 -0.104467
v -0.121150 0.736480 -0.063395
v -0.118304 0.816352 -0.060739
v -0.115459 0.896223 -0.058083
v -0.107924 0.976095 -0.055426
v -0.280618 0.736801 -0.032456
v -0.291298 0.816688 -0.028364
v -0.297477 0.896574 -0.024272
v -0.292402 0.976461 -0.020180
v -0.209065 0.736585 0.009676
v -0.216990 0.815506 0.017848
v -0.223163 0.896338 0.018997
v -0.224452 0.977166 0.020768
v -0.123632 0.975796 -0.208552
v -0.126029 0.895937 -0.204971
v -0.128425 0.816077 -0.201390
v -0.130822 0.736218 -0.194190
v -0.306842 0.736490 -0.151909
v -0.318739 0.816362 -0.153361
v -0.326135 0.896234 -0.154812
v -0.322277 0.976106 -0.156263
v -0.127447 0.975765 -0.019256
v -0.129688 0.895907 -0.023386
v -0.131929 0.816048 -0.027515
v -0.134171 0.736190 -0.031645
v -0.276244 0.737165 -0.197223
v -0.286721 0.817068 -0.204563
v -0.292697 0.896972 -0.208285
v -0.287420 0.976875 -0.212007
v -0.209621 0.736568 -0.214357
v -0.210881 0.816444 -0.222188
v -0.212141 0.896319 -0.231284
v -0.213401 0.976195 -0.232783
v -0.114653 0.735856 -0.084054
v -0.106817 0.815698 -0.082356
v -0.103670 0.895541 -0.080659
v -0.100523 0.975384 -0.078961
v -0.162940 0.736452 -0.206672
v -0.162033 0.816322 -0.214451
v -0.161127 0.896192 -0.218611
v -0.160221 0.976063 -0.222772
v -0.169218 0.283320 -0.158211
v -0.199578 0.283395 -0.158940
v -0.234126 0.283783 -0.152066
v -0.254026 0.283344 -0.116443
v -0.259243 0.283388 -0.077557
v -0.236970 0.283547 -0.036584
v -0.198718 0.283406 -0.007539
v -0.163604 0.283142 -0.026162
v -0.140177 0.283021 -0.137228
v -0.137733 0.282927 -0.113402
v -0.137315 0.282844 -0.085588
v -0.137814 0.282932 -0.072312
v -0.142039 0.283338 -0.058876
v -0.148330 0.283168 -0.150093
v -0.150508 0.283149 -0.036056
v -0.281360 0.581963 -0.135778
v -0.274526 0.507308 -0.133476
v -0.267693 0.432654 -0.121047
v -0.260859 0.357999 -0.118745
v -0.239104 0.358479 -0.153536
v -0.244081 0.433175 -0.158805
v -0.249059 0.507870 -0.169644
v -0.254037 0.582566 -0.179471
v -0.125047 0.581519 -0.159100
v -0.128829 0.506895 -0.150656
v -0.132612 0.432270 -0.141201
v -0.136394 0.357646 -0.137315
v -0.133723 0.357542 -0.115421
v -0.129713 0.432158 -0.117439
v -0.125702 0.506774 -0.129585
v -0.121692 0.581390 -0.131603
v -0.206066 0.582555 0.000554
v -0.203583 0.507388 -0.003433
v -0.201766 0.432727 -0.006195
v -0.200534 0.358067 -0.007457
v -0.242213 0.358221 -0.039239
v -0.247457 0.432894 -0.040591
v -0.252700 0.507568 -0.040567
v -0.257943 0.582241 -0.039532
v -0.139231 0.581695 -0.038808
v -0.142050 0.507059 -0.039892
v -0.144869 0.432422 -0.039966
v -0.147689 0.357786 -0.038662
v -0.162006 0.357777 -0.027845
v -0.160408 0.432413 -0.028226
v -0.158810 0.507049 -0.027230
v -0.157212 0.581685 -0.025223
v -0.121118 0.581277 -0.093415
v -0.125167 0.506669 -0.093990
v -0.129216 0.432061 -0.084438
v -0.133266 0.357452 -0.085013
v -0.133811 0.357548 -0.070499
v -0.129809 0.432164 -0.068685
v -0.125806 0.506781 -0.077000
v -0.121803 0.581397 -0.075187
v -0.127604 0.581954 -0.056739
v -0.131213 0.507300 -0.059806
v -0.134822 0.432646 -0.052744
v -0.138431 0.357992 -0.055810
v -0.266563 0.358047 -0.079489
v -0.273883 0.432706 -0.083049
v -0.281203 0.507365 -0.088597
v -0.288523 0.582023 -0.094327
v -0.201335 0.358055 -0.161051
v -0.203091 0.432714 -0.166962
v -0.204848 0.507373 -0.178441
v -0.206604 0.582033 -0.188910
v -0.136241 0.581720 -0.176763
v -0.139263 0.507082 -0.167119
v -0.142285 0.432444 -0.156465
v -0.145308 0.357806 -0.151380
v -0.168144 0.357972 -0.160255
v -0.167069 0.432624 -0.166097
v -0.165995 0.507277 -0.177508
v -0.164920 0.581929 -0.187909
v -0.169218 0.209862 -0.166026
v -0.199578 0.209937 -0.166755
v -0.234126 0.210326 -0.159880
v -0.254026 0.209886 -0.116443
v -0.259243 0.209930 -0.077557
v -0.236970 0.210089 -0.000766
v -0.198718 0.209949 0.028278
v -0.163604 0.209684 0.009655
v -0.140177 0.209563 -0.145043
v -0.135856 0.209469 -0.114486
v -0.133976 0.211391 -0.087991
v -0.134475 0.211479 -0.074715
v -0.142039 0.209880 -0.058876
v -0.148330 0.209710 -0.157908
v -0.150508 0.209692 -0.000239
v -0.169218 0.155051 -0.178508
v -0.199578 0.155126 -0.179236
v -0.234126 0.155514 -0.172362
v -0.254026 0.155075 -0.128925
v -0.259243 0.155119 -0.077557
v -0.140177 0.154752 -0.157525
v -0.135387 0.154658 -0.127239
v -0.130269 0.153601 -0.090309
v -0.130768 0.153689 -0.077033
v -0.141248 0.158590 -0.061015
v -0.148330 0.154899 -0.170390
v -0.169218 0.099697 -0.184477
v -0.199578 0.099772 -0.185206
v -0.234126 0.100161 -0.178332
v -0.254026 0.099721 -0.134894
v -0.259243 0.099765 -0.077557
v -0.140177 0.099398 -0.163494
v -0.134740 0.098190 -0.133605
v -0.130254 0.099909 -0.092336
v -0.130753 0.099996 -0.079060
v -0.137770 0.097636 -0.061216
v -0.148330 0.099545 -0.176359
v -0.169218 0.044886 -0.165483
v -0.199578 0.044961 -0.166212
v -0.234126 0.045349 -0.159338
v -0.254026 0.044910 -0.116443
v -0.259243 0.044954 -0.077557
v -0.140177 0.044587 -0.135817
v -0.137459 0.042280 -0.113148
v -0.137040 0.042198 -0.085334
v -0.137540 0.042285 -0.072058
v -0.141765 0.042691 -0.058622
v -0.148330 0.044733 -0.157365
v -0.184296 0.061684 0.312766
v -0.184296 0.061684 0.341796
v -0.194287 0.061480 0.312766
v -0.194287 0.061480 0.337441
v -0.199480 0.043842 0.308689
v -0.202496 0.049288 0.336187
v -0.184296 0.035075 0.308689
v -0.184296 0.035075 0.336840
v -0.169113 0.043842 0.308689
v -0.166097 0.049288 0.336187
v -0.174306 0.061480 0.312766
v -0.174306 0.061480 0.337441
v -0.184296 0.073367 0.281932
v -0.199480 0.073057 0.281932
v -0.199480 0.055524 0.281932
v -0.184296 0.046758 0.281932
v -0.169113 0.055524 0.281932
v -0.169113 0.073057 0.281932
v -0.184296 0.076570 0.244622
v -0.204664 0.076154 0.244622
v -0.204664 0.052635 0.244622
v -0.184296 0.040876 0.244622
v -0.163928 0.052635 0.244622
v -0.163928 0.076154 0.244622
v -0.184296 0.061684 0.308689
v -0.199480 0.061374 0.308689
v -0.199480 0.061374 0.339483
v -0.184296 0.061684 0.348108
v -0.169113 0.061374 0.339483
v -0.169113 0.061374 0.308689
v -0.222611 0.061264 0.301051
v -0.222611 0.061264 0.326555
v -0.231388 0.061085 0.301051
v -0.231388 0.061085 0.322729
v -0.235950 0.045589 0.297469
v -0.238600 0.050374 0.321628
v -0.222611 0.037888 0.297469
v -0.222611 0.037888 0.322201
v -0.209272 0.045589 0.297469
v -0.206622 0.050374 0.321628
v -0.213834 0.061085 0.301051
v -0.213834 0.061085 0.322729
v -0.222611 0.071528 0.273962
v -0.235950 0.071256 0.273962
v -0.235950 0.055853 0.273962
v -0.222611 0.048151 0.273962
v -0.209272 0.055853 0.273962
v -0.209272 0.071256 0.273962
v -0.222611 0.074343 0.241184
v -0.240505 0.073977 0.241184
v -0.240505 0.053315 0.241184
v -0.222611 0.042984 0.241184
v -0.204717 0.053315 0.241184
v -0.204717 0.073977 0.241184
v -0.222611 0.061264 0.297469
v -0.235950 0.060992 0.297469
v -0.235950 0.060992 0.324523
v -0.222611 0.061264 0.332101
v -0.209272 0.060992 0.324523
v -0.209272 0.060992 0.297469
v -0.256843 0.060942 0.285546
v -0.256843 0.060942 0.308340
v -0.264687 0.060782 0.285546
v -0.264687 0.060782 0.304921
v -0.268764 0.046932 0.282346
v -0.271133 0.051209 0.303936
v -0.256843 0.040049 0.282346
v -0.256843 0.040049 0.304449
v -0.244921 0.046932 0.282346
v -0.242553 0.051209 0.303936
v -0.248999 0.060782 0.285546
v -0.248999 0.060782 0.304921
v -0.256843 0.070115 0.261336
v -0.268764 0.069871 0.261336
v -0.268764 0.056105 0.261336
v -0.256843 0.049222 0.261336
v -0.244921 0.056105 0.261336
v -0.244921 0.069871 0.261336
v -0.256843 0.072630 0.232042
v -0.272835 0.072304 0.232042
v -0.272835 0.053837 0.232042
v -0.256843 0.044604 0.232042
v -0.240850 0.053837 0.232042
v -0.240850 0.072304 0.232042
v -0.256843 0.060942 0.282346
v -0.268764 0.060698 0.282346
v -0.268764 0.060698 0.306524
v -0.256843 0.060942 0.313297
v -0.244921 0.060698 0.306524
v -0.244921 0.060698 0.282346
v -0.285422 0.060244 0.265272
v -0.285422 0.060244 0.282200
v -0.291247 0.060125 0.265272
v -0.291247 0.060125 0.279661
v -0.294275 0.049840 0.262895
v -0.296034 0.053016 0.278930
v -0.285422 0.044728 0.262895
v -0.285422 0.044728 0.279310
v -0.276568 0.049840 0.262895
v -0.274810 0.053016 0.278930
v -0.279597 0.060125 0.265272
v -0.279597 0.060125 0.279661
v -0.285422 0.067056 0.247293
v -0.294275 0.066875 0.247293
v -0.294275 0.056652 0.247293
v -0.285422 0.051540 0.247293
v -0.276568 0.056652 0.247293
v -0.276568 0.066875 0.247293
v -0.285422 0.068924 0.225538
v -0.297298 0.068681 0.225538
v -0.297298 0.054967 0.225538
v -0.285422 0.048111 0.225538
v -0.273545 0.054967 0.225538
v -0.273545 0.068681 0.225538
v -0.285422 0.060244 0.262895
v -0.294275 0.060063 0.262895
v -0.294275 0.060063 0.280851
v -0.285422 0.060244 0.285881
v -0.276568 0.060063 0.280851
v -0.276568 0.060063 0.262895
v -0.140957 0.062610 0.315031
v -0.140957 0.062610 0.351840
v -0.153624 0.062351 0.315031
v -0.153624 0.062351 0.346318
v -0.163615 0.038336 0.309862
v -0.164033 0.046893 0.344728
v -0.140957 0.025254 0.309862
v -0.140957 0.028872 0.345556
v -0.118299 0.038336 0.309862
v -0.117881 0.046893 0.344728
v -0.128290 0.062351 0.315031
v -0.128290 0.062351 0.346318
v -0.140957 0.077423 0.275936
v -0.160209 0.077029 0.275936
v -0.160209 0.054800 0.275936
v -0.140957 0.043685 0.275936
v -0.121705 0.054800 0.275936
v -0.121705 0.077029 0.275936
v -0.162069 0.087060 0.219577
v -0.162069 0.047565 0.219577
v -0.184296 0.025393 0.203920
v -0.204691 0.046283 0.202201
v -0.204691 0.084425 0.202201
v -0.184296 0.087022 0.203920
v -0.140957 0.064962 0.309862
v -0.163615 0.064499 0.309862
v -0.160209 0.062216 0.348906
v -0.140957 0.062610 0.359843
v -0.121705 0.062216 0.348906
v -0.118299 0.064499 0.309862
v -0.160209 0.041433 0.298462
v -0.160209 0.063663 0.298462
v -0.121705 0.063663 0.298462
v -0.121705 0.041433 0.298462
v -0.140957 0.064056 0.298462
v -0.140957 0.030318 0.298462
v -0.222611 0.083176 0.200482
v -0.240678 0.081100 0.195911
v -0.240678 0.047321 0.195911
v -0.222611 0.029032 0.200482
v -0.256843 0.080219 0.191340
v -0.273190 0.076528 0.188088
v -0.273190 0.048748 0.188088
v -0.256843 0.031830 0.191340
v -0.285422 0.073820 0.184836
v -0.295167 0.073401 0.185989
v -0.297298 0.049723 0.184836
v -0.285422 0.037884 0.184836
v -0.140957 0.088494 0.235234
v -0.140957 0.030243 0.235234
v -0.121705 0.049434 0.235234
v -0.121434 0.083254 0.234278
v -0.186973 0.102703 0.153272
v -0.184229 0.027105 0.153279
v -0.220614 0.098565 0.153199
v -0.250193 0.095383 0.153034
v -0.256836 0.035058 0.153005
v -0.222865 0.031602 0.153195
v -0.149879 0.104279 0.153400
v -0.274827 0.091649 0.154648
v -0.294629 0.086815 0.154451
v -0.297083 0.057169 0.153795
v -0.285739 0.042540 0.153038
v -0.149701 0.104286 0.153400
v -0.141423 0.033097 0.153426
v -0.131076 0.058447 0.157717
v -0.128038 0.093503 0.155339
v -0.183980 0.157932 0.076379
v -0.188003 0.035228 0.075672
v -0.212053 0.152745 0.073525
v -0.235336 0.145811 0.075306
v -0.250304 0.042850 0.075437
v -0.221156 0.036507 0.075600
v -0.165002 0.159902 0.075823
v -0.250048 0.140465 0.077338
v -0.268096 0.128953 0.079365
v -0.282476 0.074841 0.075086
v -0.265287 0.057817 0.075054
v -0.150028 0.149204 0.073889
v -0.151274 0.039252 0.075798
v -0.143074 0.072198 0.071329
v -0.147548 0.135667 0.070454
v -0.178898 0.185679 0.046672
v -0.188003 0.035228 0.045715
v -0.204136 0.181916 0.048089
v -0.233875 0.171487 0.048477
v -0.250304 0.042850 0.045480
v -0.221156 0.036507 0.045643
v -0.157917 0.173523 0.040664
v -0.299054 0.070428 0.152637
v -0.259507 0.151903 0.049339
v -0.278630 0.087472 0.043807
v -0.270414 0.059494 0.043093
v -0.157741 0.173539 0.040665
v -0.151274 0.039252 0.045842
v -0.140062 0.074189 0.042529
v -0.146273 0.148513 0.042844
v -0.249511 0.042601 -0.002263
v -0.148378 0.040062 0.001360
v -0.268174 0.158337 -0.006556
v -0.268174 0.102714 -0.006556
v -0.143901 0.156029 0.002419
v -0.139754 0.106814 0.002063
v -0.301524 0.058998 0.182755
v -0.277394 0.114335 0.047036
v -0.295163 0.056506 0.279881
v -0.299553 0.060914 0.224615
v -0.294275 0.061507 0.247293
v -0.283723 0.095929 0.074379
v -0.294275 0.055541 0.262895
v -0.119436 0.069020 0.234817
v -0.140221 0.105589 0.070089
v -0.119436 0.063461 0.275519
v -0.118299 0.052048 0.309862
v -0.124265 0.076021 0.155670
v -0.140132 0.121763 0.043539
v -0.119436 0.053673 0.298045
v -0.119219 0.052253 0.346190
v -0.267124 0.082534 -0.005740
v -0.261301 0.059845 -0.001766
v -0.222018 0.037926 -0.003194
v -0.189165 0.036174 -0.002057
v -0.170925 0.033534 -0.156297
v -0.197263 0.033599 -0.156929
v -0.227232 0.033936 -0.150965
v -0.243274 0.034790 -0.114420
v -0.237083 0.034850 -0.037355
v -0.145732 0.033275 -0.130561
v -0.143693 0.031459 -0.105197
v -0.141956 0.032506 -0.088340
v -0.143682 0.033198 -0.075471
v -0.166936 0.032335 -0.028342
v -0.152805 0.033402 -0.149254
v -0.208073 0.029380 -0.064576
v -0.216847 0.030349 -0.137657
v -0.152138 0.030130 -0.065250
v -0.178296 0.028039 -0.092884
v -0.165879 0.028259 -0.110385
v -0.152686 0.031087 -0.122904
v -1.485561 2.408420 0.084870
v -1.344983 2.534125 0.097506
v -1.489622 2.407447 0.078145
v -1.351578 2.536621 0.077832
v -1.485325 2.408053 0.071748
v -1.344091 2.533133 0.058927
v -1.477156 2.401394 0.069372
v -1.330010 2.515875 0.059697
v -1.472018 2.401830 0.078901
v -1.323415 2.507743 0.079371
v -1.477588 2.401875 0.088057
v -1.330902 2.516868 0.098276
v -1.455254 2.434645 0.092118
v -1.410798 2.473664 0.093244
v -1.415915 2.474337 0.077980
v -1.459986 2.434844 0.078000
v -1.410106 2.472895 0.063313
v -1.454614 2.433933 0.064435
v -1.399181 2.459505 0.063910
v -1.444510 2.421549 0.064987
v -1.394065 2.453195 0.079174
v -1.439777 2.415713 0.079105
v -1.399873 2.460275 0.093841
v -1.445150 2.422261 0.092670
v -1.486407 2.400707 0.078640
v -1.483458 2.400875 0.078710
v -1.378197 2.504311 0.092386
v -1.384322 2.505968 0.078025
v -1.377368 2.503389 0.064227
v -1.364289 2.487360 0.064789
v -1.358164 2.479807 0.079149
v -1.365118 2.488282 0.092947
v -1.425728 2.461202 0.090375
v -1.430967 2.461744 0.078091
v -1.425019 2.460413 0.066287
v -1.413831 2.446702 0.066768
v -1.408592 2.440240 0.079052
v -1.414540 2.447490 0.090855
v -1.466716 2.429208 0.077990
v -1.463229 2.424762 0.067696
v -1.450593 2.417087 0.064817
v -1.445462 2.411945 0.079108
v -1.451241 2.417808 0.092839
v -1.463620 2.425357 0.088800
v -1.412189 2.478068 0.077968
v -1.406245 2.476491 0.062959
v -1.395066 2.462790 0.063570
v -1.389830 2.456334 0.079190
v -1.395774 2.463578 0.094198
v -1.406953 2.477279 0.093587
v -1.457111 2.437509 0.077996
v -1.451682 2.436556 0.064286
v -1.441470 2.424041 0.064844
v -1.436687 2.418143 0.079112
v -1.442117 2.424761 0.092822
v -1.452329 2.437276 0.092264
v -1.490211 2.402730 0.078155
v -1.485138 2.405130 0.087684
v -1.484705 2.404649 0.068999
v -1.460949 2.428729 0.064258
v -1.461596 2.429450 0.092280
v -1.467378 2.425505 0.077998
v -1.502110 2.404083 0.037475
v -1.345279 2.545605 0.053648
v -1.506605 2.403005 0.030030
v -1.353782 2.546009 0.029683
v -1.501848 2.403676 0.022948
v -1.345494 2.542147 0.008755
v -1.492805 2.396305 0.020317
v -1.329905 2.523042 0.009607
v -1.487117 2.396787 0.030866
v -1.322604 2.514039 0.031387
v -1.493284 2.396837 0.041003
v -1.330893 2.524141 0.052316
v -1.468558 2.433115 0.045499
v -1.419343 2.476312 0.046746
v -1.425007 2.477057 0.029847
v -1.473797 2.433335 0.029870
v -1.418576 2.475460 0.013610
v -1.467850 2.432327 0.014852
v -1.406482 2.460637 0.014271
v -1.456663 2.418617 0.015463
v -1.400818 2.453652 0.031169
v -1.451424 2.412157 0.031092
v -1.407248 2.461489 0.047407
v -1.457372 2.419406 0.046110
v -1.503047 2.395544 0.030578
v -1.499782 2.395730 0.030655
v -1.383251 2.510240 0.045795
v -1.390032 2.512074 0.029897
v -1.382334 2.509220 0.014622
v -1.367854 2.491474 0.015243
v -1.361074 2.483112 0.031141
v -1.368772 2.492495 0.046417
v -1.435871 2.462515 0.043569
v -1.441671 2.463115 0.029970
v -1.435086 2.461642 0.016902
v -1.422701 2.446463 0.017434
v -1.416900 2.439310 0.031034
v -1.423485 2.447336 0.044101
v -1.481247 2.427097 0.029858
v -1.477386 2.422174 0.018462
v -1.463398 2.413677 0.015275
v -1.457718 2.407985 0.031095
v -1.464115 2.414475 0.046297
v -1.477820 2.422833 0.041825
v -1.420882 2.481187 0.029833
v -1.414302 2.479441 0.013218
v -1.401926 2.464274 0.013895
v -1.396130 2.457126 0.031186
v -1.402710 2.465146 0.047801
v -1.415086 2.480314 0.047125
v -1.470614 2.436286 0.029865
v -1.464603 2.435231 0.014687
v -1.453298 2.421376 0.015305
v -1.448004 2.414847 0.031101
v -1.454015 2.422173 0.046278
v -1.465320 2.436028 0.045660
v -1.507258 2.397784 0.030041
v -1.501641 2.400440 0.040590
v -1.501163 2.399908 0.019905
v -1.474862 2.426566 0.014656
v -1.475580 2.427364 0.045678
v -1.481980 2.422996 0.029867
v -1.485341 2.407868 -0.015864
v -1.342846 2.535286 -0.003056
v -1.489456 2.406881 -0.022681
v -1.349531 2.537816 -0.022998
v -1.485101 2.407495 -0.029165
v -1.341942 2.534281 -0.042161
v -1.476821 2.400747 -0.031574
v -1.327669 2.516788 -0.041380
v -1.471613 2.401188 -0.021915
v -1.320984 2.508544 -0.021438
v -1.477259 2.401233 -0.012634
v -1.328573 2.517794 -0.002276
v -1.454620 2.434450 -0.008517
v -1.409558 2.474001 -0.007376
v -1.414745 2.474683 -0.022848
v -1.459417 2.434651 -0.022828
v -1.408857 2.473221 -0.037715
v -1.453972 2.433728 -0.036578
v -1.397783 2.459649 -0.037110
v -1.443729 2.421176 -0.036018
v -1.392597 2.453254 -0.021638
v -1.438933 2.415260 -0.021708
v -1.398484 2.460429 -0.006771
v -1.444378 2.421898 -0.007958
v -1.486198 2.400050 -0.022179
v -1.483209 2.400220 -0.022108
v -1.376512 2.505066 -0.008246
v -1.382721 2.506746 -0.022802
v -1.375673 2.504132 -0.036789
v -1.362416 2.487884 -0.036219
v -1.356207 2.480228 -0.021663
v -1.363256 2.488818 -0.007677
v -1.424692 2.461369 -0.010285
v -1.430003 2.461918 -0.022736
v -1.423973 2.460570 -0.034700
v -1.412633 2.446671 -0.034213
v -1.407322 2.440122 -0.021762
v -1.413352 2.447470 -0.009798
v -1.466238 2.428939 -0.022839
v -1.462703 2.424432 -0.033272
v -1.449896 2.416653 -0.036191
v -1.444695 2.411441 -0.021705
v -1.450552 2.417384 -0.007786
v -1.463100 2.425036 -0.011881
v -1.410968 2.478465 -0.022861
v -1.404943 2.476867 -0.038074
v -1.393611 2.462979 -0.037454
v -1.388305 2.456435 -0.021622
v -1.394330 2.463778 -0.006409
v -1.405661 2.477665 -0.007029
v -1.456503 2.437353 -0.022832
v -1.450999 2.436388 -0.036729
v -1.440648 2.423702 -0.036163
v -1.435801 2.417724 -0.021701
v -1.441304 2.424432 -0.007804
v -1.451655 2.437117 -0.008370
v -1.490054 2.402101 -0.022671
v -1.484911 2.404533 -0.013012
v -1.484473 2.404046 -0.031952
v -1.460392 2.428454 -0.036758
v -1.461049 2.429184 -0.008353
v -1.466909 2.425185 -0.022830
v -1.465179 2.412854 -0.061852
v -1.339984 2.524803 -0.050598
v -1.468794 2.411986 -0.067841
v -1.345857 2.527025 -0.068120
v -1.464968 2.412526 -0.073538
v -1.339189 2.523919 -0.084955
v -1.457693 2.406596 -0.075654
v -1.326649 2.508550 -0.084270
v -1.453117 2.406984 -0.067168
v -1.320776 2.501307 -0.066749
v -1.458078 2.407024 -0.059014
v -1.327443 2.509434 -0.049913
v -1.438188 2.436208 -0.055397
v -1.398597 2.470958 -0.054394
v -1.403153 2.471557 -0.067988
v -1.442402 2.436385 -0.067970
v -1.397980 2.470272 -0.081050
v -1.437618 2.435574 -0.080051
v -1.388251 2.458348 -0.080518
v -1.428619 2.424546 -0.079559
v -1.383694 2.452729 -0.066924
v -1.424405 2.419348 -0.066986
v -1.388867 2.459034 -0.053862
v -1.429189 2.425180 -0.054905
v -1.465932 2.405984 -0.067400
v -1.463306 2.406134 -0.067338
v -1.369563 2.498251 -0.055158
v -1.375018 2.499727 -0.067947
v -1.368825 2.497430 -0.080236
v -1.357177 2.483155 -0.079736
v -1.351722 2.476428 -0.066947
v -1.357915 2.483976 -0.054658
v -1.411893 2.459859 -0.056949
v -1.416559 2.460342 -0.067889
v -1.411261 2.459157 -0.078401
v -1.401298 2.446946 -0.077973
v -1.396632 2.441191 -0.067033
v -1.401929 2.447648 -0.056522
v -1.448395 2.431366 -0.067979
v -1.445290 2.427407 -0.077146
v -1.434037 2.420572 -0.079711
v -1.429468 2.415992 -0.066984
v -1.434614 2.421214 -0.054755
v -1.445638 2.427937 -0.058352
v -1.399835 2.474880 -0.067999
v -1.394542 2.473475 -0.081365
v -1.384585 2.461274 -0.080821
v -1.379923 2.455524 -0.066911
v -1.385216 2.461976 -0.053545
v -1.395172 2.474177 -0.054089
v -1.439842 2.438759 -0.067974
v -1.435006 2.437911 -0.080183
v -1.425912 2.426765 -0.079686
v -1.421653 2.421513 -0.066979
v -1.426488 2.427406 -0.054770
v -1.435583 2.438552 -0.055267
v -1.469320 2.407786 -0.067832
v -1.464801 2.409923 -0.059346
v -1.464417 2.409495 -0.075986
v -1.443259 2.430940 -0.080208
v -1.443836 2.431582 -0.055252
v -1.448985 2.428068 -0.067972
v -1.287326 2.445197 0.149199
v -1.292133 2.444010 0.141647
v -1.291964 2.445573 0.131672
v -1.283066 2.436280 0.125639
v -1.275615 2.436945 0.137707
v -1.275597 2.435690 0.147533
v -1.263729 2.472667 0.150229
v -1.241633 2.511370 0.142024
v -1.256487 2.512600 0.128706
v -1.276248 2.475241 0.136607
v -1.253586 2.515974 0.109370
v -1.278122 2.475853 0.116189
v -1.240642 2.504998 0.103918
v -1.265559 2.461062 0.113206
v -1.228267 2.494661 0.123358
v -1.252220 2.453991 0.131186
v -1.229210 2.499069 0.140285
v -1.251189 2.458916 0.147759
v -1.285412 2.433764 0.140873
v -1.283388 2.434354 0.140241
v -1.228493 2.554150 0.137509
v -1.220542 2.537390 0.099025
v -1.200655 2.526737 0.116826
v -1.200898 2.533313 0.134310
v -1.248952 2.497027 0.142285
v -1.263815 2.498602 0.131551
v -1.262056 2.501662 0.113118
v -1.247562 2.490137 0.110378
v -1.234551 2.482623 0.125604
v -1.234759 2.488249 0.139926
v -1.279899 2.469174 0.137589
v -1.281028 2.465417 0.122039
v -1.269130 2.455803 0.114074
v -1.255549 2.449462 0.132262
v -1.254624 2.453646 0.149103
v -1.272534 2.464816 0.147316
v -1.254429 2.528832 0.129121
v -1.255450 2.527590 0.111263
v -1.238457 2.508842 0.102721
v -1.225830 2.498359 0.122614
v -1.224225 2.507295 0.140091
v -1.236615 2.520868 0.142512
v -1.274679 2.478278 0.136132
v -1.276568 2.478865 0.115495
v -1.263910 2.463960 0.112480
v -1.250464 2.456827 0.130651
v -1.249422 2.461805 0.147446
v -1.262057 2.475669 0.149948
v -1.288524 2.435224 0.141353
v -1.281411 2.437809 0.149236
v -1.289914 2.438416 0.129861
v -1.281188 2.469011 0.117514
v -1.267254 2.468158 0.151508
v -1.279661 2.464992 0.137567
v -1.320997 2.556773 0.097506
v -1.327591 2.559268 0.077832
v -1.321300 2.560837 0.055196
v -1.306465 2.542656 0.056006
v -1.299923 2.518103 0.077387
v -1.304282 2.534963 0.095718
v -1.329796 2.568656 0.029683
v -1.320184 2.561364 0.002849
v -1.305253 2.543066 0.003665
v -1.298618 2.536686 0.031387
v -1.290324 2.582339 0.100092
v -1.325544 2.560463 -0.022998
v -1.316977 2.552189 -0.046379
v -1.303570 2.535758 -0.045647
v -1.296998 2.531192 -0.021438
v -1.300119 2.593182 0.076151
v -1.321870 2.549673 -0.068120
v -1.315203 2.546567 -0.084955
v -1.302662 2.531198 -0.084270
v -1.296789 2.523955 -0.066749
v -1.301896 2.596117 0.029683
v -1.246434 2.586913 0.031387
v -1.271529 2.557851 0.079371
v -1.297644 2.587924 -0.022998
v -1.275669 2.563219 -0.045647
v -1.244814 2.581419 -0.021438
v -1.293970 2.577134 -0.068120
v -1.287303 2.574028 -0.084955
v -1.274061 2.551436 -0.081730
v -1.230897 2.639130 0.081269
v -1.234104 2.648435 0.064289
v -1.235439 2.658684 0.021904
v -1.155514 2.607564 0.013656
v -1.154414 2.607158 0.053554
v -1.161728 2.617322 0.105464
v -1.231872 2.650891 -0.020946
v -1.167186 2.609700 -0.043733
v -1.159514 2.612407 -0.019565
v -1.230044 2.638394 -0.058408
v -1.224942 2.622138 -0.075080
v -1.179088 2.621497 -0.072008
v -1.280006 2.548967 0.114836
v -1.216316 2.593092 0.125000
v -1.195060 2.630539 0.100309
v -1.252678 2.595762 0.107978
v -1.262836 2.566785 0.126110
v -1.285374 2.522472 0.091690
v -1.181673 2.572838 0.118162
v -1.177554 2.562352 0.085305
v -1.204636 2.565645 0.071094
v -1.213061 2.585406 0.064520
v -1.218331 2.603080 -0.067763
v -1.213172 2.592569 -0.021026
v -1.213322 2.591209 0.020885
v -1.216459 2.590610 -0.043034
v -1.116630 2.675253 -0.011975
v -1.116400 2.675247 0.035506
v -1.118655 2.686102 0.051389
v -1.124187 2.708985 0.066569
v -1.115162 2.690514 -0.032348
v -1.117658 2.706576 -0.039005
v -1.191717 2.678601 0.070397
v -1.198263 2.687262 0.062501
v -1.202822 2.699340 0.015513
v -1.197016 2.688782 -0.017967
v -1.196675 2.677581 -0.045073
v -1.184457 2.670122 -0.060620
v -1.167419 2.662898 0.078218
v -1.133980 2.644507 0.011066
v -1.137839 2.648275 0.041890
v -1.142476 2.656979 -0.038521
v -1.137337 2.647266 -0.009510
v -1.157683 2.665463 -0.059930
v -1.151527 2.698902 -0.039864
v -1.160002 2.707404 -0.035959
v -1.167668 2.724119 -0.023063
v -1.153913 2.709641 0.065355
v -1.162059 2.719578 0.059661
v -1.165368 2.724839 0.052016
v -1.170307 2.740062 0.013998
v -1.170641 2.739546 0.024145
v -1.168643 2.730588 0.043412
v -1.171037 2.736611 0.033278
v -1.121486 2.663771 0.013699
v -1.125211 2.667479 -0.012029
v -1.125281 2.666471 0.038109
v -1.131956 2.677629 0.052188
v -1.143753 2.694314 0.064093
v -1.131494 2.675781 -0.032085
v -1.141345 2.687376 -0.039208
v -1.202808 2.695970 0.043619
v -1.203866 2.698754 0.033601
v -1.200351 2.692249 0.053267
v -1.204893 2.700756 0.025284
v -0.011992 3.810287 0.287923
v -0.013243 3.775359 0.282582
v -0.034097 3.808161 0.270017
v -0.032396 3.776838 0.271733
v -0.055751 3.794173 0.226983
v -0.055751 3.785152 0.226680
v -0.012900 3.765722 0.286085
v -0.033894 3.764096 0.276357
v -0.062472 3.773996 0.236128
v -0.041475 3.834962 0.251811
v -0.061141 3.814481 0.237890
v -0.056568 3.886514 0.282581
v -0.066801 3.821010 0.245774
v -0.082821 3.869296 0.268898
v -0.080823 3.829186 0.246698
v -0.111037 3.870268 0.244145
v -0.095829 3.828416 0.245839
v -0.139313 3.865911 0.217313
v -0.109325 3.826817 0.236049
v -0.157371 3.846131 0.189069
v -0.117439 3.819051 0.230797
v -0.168306 3.823484 0.170928
v -0.125838 3.807319 0.217362
v -0.129962 4.037891 0.204474
v -0.167492 3.999372 0.171849
v -0.160183 3.776006 0.176198
v -0.128799 3.784159 0.215179
v -0.144501 3.743241 0.205334
v -0.122750 3.771163 0.223003
v -0.110613 3.729249 0.225091
v -0.101629 3.761770 0.230855
v -0.079489 3.731228 0.248421
v -0.085076 3.761415 0.240123
v -0.052287 3.741668 0.254522
v -0.074833 3.763225 0.242923
v -0.041715 3.777888 0.240083
v -0.042559 3.801722 0.240856
v -0.045772 3.766078 0.253771
v -0.047196 3.825359 0.250386
v -0.059513 3.852462 0.256894
v -0.081729 3.858034 0.252615
v -0.104819 3.856559 0.241001
v -0.130235 3.854091 0.222262
v -0.143431 3.833467 0.202579
v -0.153045 3.814703 0.192922
v -0.152616 3.916508 0.202855
v -0.152365 3.780694 0.191915
v -0.138217 3.753780 0.215106
v -0.107380 3.741897 0.229224
v -0.082215 3.744072 0.246269
v -0.063173 3.752379 0.251138
v -0.049377 3.782687 0.232931
v -0.054947 3.769693 0.241625
v -0.049354 3.795725 0.235410
v -0.053389 3.819833 0.247280
v -0.062664 3.835312 0.253143
v -0.080829 3.841540 0.252461
v -0.100505 3.841506 0.244454
v -0.117330 3.839022 0.228300
v -0.129569 3.825217 0.217329
v -0.140158 3.810545 0.207134
v -0.179261 3.878811 0.158781
v -0.142255 3.783784 0.205361
v -0.131526 3.762210 0.220788
v -0.105222 3.751710 0.231335
v -0.083943 3.752319 0.244648
v -0.068552 3.757447 0.246614
v -0.055112 3.791393 0.219365
v -0.056209 3.782411 0.218668
v -0.064806 3.769817 0.227280
v -0.061064 3.814323 0.229920
v -0.067785 3.820189 0.237666
v -0.080515 3.827474 0.238188
v -0.093949 3.826420 0.237483
v -0.104991 3.823745 0.231896
v -0.113275 3.817682 0.221932
v -0.121766 3.807759 0.210906
v -0.192871 3.922995 0.116336
v -0.126406 3.781908 0.206051
v -0.118536 3.762669 0.212143
v -0.098993 3.757062 0.222411
v -0.083052 3.761600 0.232731
v -0.073860 3.762639 0.233133
v -0.068976 3.688912 0.256742
v -0.012390 3.753348 0.303748
v -0.039098 3.747767 0.284175
v -0.130452 3.645606 0.128068
v -0.040965 3.719194 0.295837
v -0.038877 3.707766 0.302951
v -0.010663 3.713420 0.315851
v -0.012924 3.734042 0.324501
v -0.060119 3.943252 0.285351
v -0.081947 3.693640 0.240255
v -0.060160 3.712102 0.267981
v -0.040988 3.704177 0.298483
v -0.007367 3.698880 0.317081
v -0.007638 3.691729 0.310919
v -0.014127 3.699140 0.306022
v -0.007043 3.689021 0.308907
v -0.014421 3.698447 0.302620
v -0.007540 3.687282 0.306459
v -0.014279 3.695750 0.300913
v -0.105605 3.653202 0.203717
v -0.023372 3.699548 0.305184
v -0.040906 3.684679 0.286445
v -0.007058 3.683711 0.301762
v -0.040771 3.672885 0.286565
v -0.011094 3.674217 0.298783
v -0.040720 3.671163 0.286046
v -0.013273 3.671361 0.295963
v -0.040904 3.668412 0.286118
v -0.015839 3.667599 0.296436
v -0.040565 3.659954 0.283746
v -0.017745 3.659445 0.290437
v -0.040314 3.651375 0.269469
v -0.017497 3.648819 0.270393
v -0.040760 3.643610 0.273012
v -0.018169 3.640843 0.272935
v -0.041126 3.631634 0.265756
v -0.018751 3.626304 0.265478
v -0.060338 3.670035 0.268859
v -0.060144 3.666827 0.270768
v -0.059905 3.664521 0.271465
v -0.059497 3.659160 0.270410
v -0.058987 3.652136 0.261864
v -0.059399 3.648788 0.262019
v -0.059500 3.641683 0.258815
v -0.078639 3.656198 0.247261
v -0.077765 3.655627 0.248209
v -0.076714 3.655103 0.253248
v -0.040807 3.628845 0.246882
v -0.077324 3.654605 0.249386
v -0.076276 3.653433 0.252416
v -0.077352 3.651826 0.247877
v -0.018879 3.622404 0.248009
v -0.058931 3.637896 0.244233
v -0.078266 3.653112 0.247398
v -0.018301 3.644029 0.267007
v -0.040469 3.647047 0.267849
v -0.058615 3.649956 0.260741
v -0.075900 3.653622 0.255249
v -0.059633 3.678681 0.264530
v -0.079416 3.660365 0.242859
v -0.079095 3.647461 0.241219
v -0.058686 3.635659 0.241224
v -0.040826 3.624972 0.244932
v -0.019051 3.617256 0.249191
v -0.087276 3.656639 0.230790
v -0.086660 3.649986 0.229392
v -0.069234 3.625947 0.223727
v -0.043858 3.615935 0.222776
v -0.019884 3.608697 0.239194
v -0.068111 3.725248 0.258802
v -0.067158 3.691870 0.264777
v -0.024541 3.775778 0.277252
v -0.025181 3.809443 0.283570
v -0.024952 3.765013 0.279886
v -0.025391 3.752279 0.291746
v -0.024208 3.731394 0.305287
v -0.019686 3.713842 0.312091
v -0.016237 3.700579 0.309129
v -0.111679 3.695480 0.220105
v -0.112182 3.713214 0.223617
v -0.149621 3.729196 0.193498
v -0.166129 3.772388 0.160295
v -0.201121 3.870724 0.086269
v -0.181532 3.834505 0.149371
v -0.169862 3.861401 0.171736
v -0.146291 3.893113 0.211315
v -0.117626 3.899019 0.243557
v -0.087045 3.898519 0.269062
v -0.039472 3.885521 0.294906
v -0.150258 3.710946 0.177636
v -0.171341 3.765332 0.139931
v -0.189934 3.845206 0.128133
v -0.122150 3.931519 0.241405
v -0.090183 3.938898 0.270967
v -0.041289 3.945415 0.296806
v -0.015047 3.947440 0.300892
v -0.013343 3.885002 0.302110
v -0.078977 3.714619 0.245145
v -0.139481 3.666371 0.143450
v -0.175462 3.736448 0.099929
v -0.089992 4.063775 0.235753
v -0.061203 4.076000 0.249660
v -0.042014 4.082415 0.259887
v -0.017795 4.082633 0.258412
v -0.168155 3.711107 0.068896
v -0.206156 3.887221 0.056145
v -0.201601 3.954175 0.077252
v -0.171862 4.038477 0.106734
v -0.132147 4.090800 0.128420
v -0.087098 4.119515 0.143106
v -0.059197 4.131156 0.148985
v -0.041655 4.136765 0.149852
v -0.018364 4.139851 0.152826
v -0.158255 3.943961 0.194382
v -0.188481 3.898047 0.140041
v -0.085460 3.674661 0.235521
v -0.195851 3.858122 0.107122
v -0.127013 3.978733 0.231181
v -0.145226 3.690880 0.161474
v -0.173777 3.753201 0.120130
v -0.090280 3.994756 0.265218
v -0.059991 4.003727 0.277922
v -0.042658 4.008157 0.287159
v -0.017840 4.009339 0.292687
v -0.109152 3.675038 0.212419
v -0.080122 3.614043 0.182783
v -0.111999 3.638300 0.114548
v -0.019837 3.595673 0.229760
v -0.095252 3.631641 0.194419
v -0.149638 3.692009 0.053722
v -0.073300 3.605831 0.165814
v -0.019659 3.584662 0.210005
v -0.062971 3.615038 0.141755
v -0.016987 3.581643 0.186998
v -0.016019 3.584172 0.171296
v -0.172592 3.743589 0.046393
v -0.015842 3.589942 0.153455
v -0.192696 3.839653 0.037131
v -0.155779 3.710439 0.037069
v -0.185311 3.790200 0.044140
v -0.203887 3.898004 0.023894
v -0.197001 3.858114 0.020956
v -0.198487 3.876590 -0.045109
v -0.187542 3.851447 -0.032730
v -0.198042 3.837598 -0.074546
v -0.184243 3.819481 -0.053325
v -0.183482 3.782844 -0.076111
v -0.178051 3.776184 -0.055179
v -0.168684 3.738312 -0.061033
v -0.167379 3.746458 -0.043884
v -0.196849 3.860015 -0.004501
v -0.202098 3.963938 0.025386
v -0.169968 4.050516 0.028417
v -0.123482 4.108142 0.028988
v -0.082432 4.134930 0.029539
v -0.057080 4.143922 0.030334
v -0.041699 4.147689 0.029723
v -0.018342 4.153352 0.030235
v -0.195117 3.923645 -0.079264
v -0.163358 3.976383 -0.114344
v -0.119194 4.005434 -0.134773
v -0.082091 4.018288 -0.144062
v -0.059336 4.024737 -0.149437
v -0.041565 4.027906 -0.152525
v -0.018230 4.031756 -0.155068
v -0.189535 3.866040 -0.108427
v -0.160274 3.899178 -0.149433
v -0.118139 3.917366 -0.168972
v -0.081669 3.926780 -0.176455
v -0.057940 3.931540 -0.182004
v -0.039821 3.934688 -0.185732
v -0.018155 3.936900 -0.188587
v -0.178108 3.789853 -0.104009
v -0.154892 3.797202 -0.139897
v -0.121068 3.803811 -0.157039
v -0.085532 3.811569 -0.164058
v -0.061742 3.815164 -0.171619
v -0.039820 3.819357 -0.173133
v -0.015526 3.820833 -0.175639
v -0.160180 3.734790 -0.080084
v -0.142223 3.733340 -0.097501
v -0.116073 3.734281 -0.106062
v -0.083294 3.735130 -0.114063
v -0.058710 3.735001 -0.116943
v -0.039928 3.736970 -0.119808
v -0.015572 3.736310 -0.123397
v -0.202611 3.778576 0.000368
v -0.198249 3.771453 0.006273
v -0.203218 3.765313 -0.011270
v -0.200540 3.760023 -0.008723
v -0.200952 3.787184 0.011028
v -0.197225 3.784056 0.018233
v -0.198965 3.794869 0.021305
v -0.196908 3.792907 0.026666
v -0.203145 3.805390 0.018256
v -0.197197 3.809894 0.033791
v -0.212152 3.819886 0.004960
v -0.210495 3.834035 0.016708
v -0.216093 3.819610 -0.005140
v -0.218839 3.835689 -0.002940
v -0.221094 3.815091 -0.020866
v -0.226700 3.829000 -0.027818
v -0.221794 3.799970 -0.033029
v -0.226274 3.803583 -0.044263
v -0.214873 3.774694 -0.033381
v -0.217512 3.772377 -0.043431
v -0.208882 3.758365 -0.029321
v -0.209988 3.751207 -0.039390
v -0.203655 3.746722 -0.023935
v -0.203327 3.738147 -0.031431
v -0.195853 3.736044 -0.011369
v -0.196253 3.725742 -0.022293
v -0.186828 3.728789 0.007099
v -0.182153 3.709048 0.001338
v -0.181877 3.731153 0.021244
v -0.173481 3.708979 0.023175
v -0.179138 3.735208 0.031054
v -0.170399 3.716223 0.035847
v -0.176856 3.748629 0.043156
v -0.172862 3.733955 0.042666
v -0.213321 3.806858 -0.005269
v -0.212773 3.815126 -0.000319
v -0.216455 3.810606 -0.012497
v -0.215298 3.814888 -0.006344
v -0.211473 3.798360 -0.007162
v -0.215930 3.798493 -0.019284
v -0.209549 3.782730 -0.013241
v -0.212585 3.778790 -0.024381
v -0.205355 3.764411 -0.015839
v -0.207518 3.760036 -0.025058
v -0.202307 3.757015 -0.013256
v -0.202841 3.750985 -0.019482
v -0.195669 3.746021 -0.003062
v -0.195580 3.739880 -0.008522
v -0.190965 3.741827 0.007271
v -0.187138 3.731074 0.007633
v -0.184242 3.739664 0.021005
v -0.182394 3.733097 0.021284
v -0.183005 3.747078 0.028386
v -0.179978 3.737551 0.030545
v -0.183721 3.755566 0.033496
v -0.178010 3.752861 0.042809
v -0.185737 3.762808 0.031503
v -0.182870 3.767396 0.040692
v -0.190484 3.774722 0.029931
v -0.186916 3.777377 0.037640
v -0.194621 3.783558 0.026301
v -0.190585 3.789606 0.036725
v -0.207484 3.800709 0.004698
v -0.204665 3.791878 0.004896
v -0.203062 3.804690 0.016653
v -0.200407 3.796139 0.017563
v -0.207391 3.814205 0.013602
v -0.202369 3.824452 0.030304
v -0.201967 3.780020 -0.002387
v -0.191199 3.770907 0.005657
v -0.202080 3.766246 -0.011726
v -0.200733 3.760865 -0.007663
v -0.200098 3.788015 0.008240
v -0.190399 3.784782 0.019994
v -0.199474 3.795878 0.017830
v -0.191722 3.783256 0.020766
v -0.198499 3.804986 0.013259
v -0.210244 3.818421 0.002718
v -0.213332 3.818432 -0.005388
v -0.221172 3.815587 -0.019250
v -0.222171 3.798578 -0.031069
v -0.212432 3.774759 -0.031743
v -0.205456 3.760393 -0.027927
v -0.196065 3.751184 -0.022159
v -0.190888 3.744189 -0.014704
v -0.205502 3.807762 -0.005074
v -0.209451 3.817286 0.002459
v -0.216175 3.811488 -0.014477
v -0.212066 3.819824 -0.005924
v -0.210231 3.804240 -0.009048
v -0.218351 3.797043 -0.022248
v -0.205273 3.781464 -0.007423
v -0.212500 3.777276 -0.028271
v -0.203303 3.765880 -0.013379
v -0.202932 3.760319 -0.029400
v -0.201287 3.760012 -0.010892
v -0.195588 3.750179 -0.022774
v -0.193503 3.748878 -0.005435
v -0.190979 3.743183 -0.015935
v -0.185671 3.747327 0.007930
v -0.176267 3.747199 0.016889
v -0.181287 3.754826 0.021981
v -0.177805 3.756718 0.027206
v -0.179217 3.764619 0.024167
v -0.190883 3.782102 0.018054
v -0.192202 3.784242 0.022200
v -0.202260 3.803221 -0.000447
v -0.201941 3.790552 0.004722
v -0.199147 3.807188 0.017182
v -0.194619 3.797848 0.019013
v -0.207360 3.813855 0.011477
v -0.204271 3.810607 0.004745
v -0.204904 3.805977 -0.004971
v -0.182869 3.758559 0.015919
v -0.186620 3.764234 0.009933
v -0.184720 3.746359 0.010559
v -0.187430 3.754170 0.003092
v -0.188973 3.766253 0.025604
v -0.193079 3.771841 0.020301
v -0.194622 3.782328 0.021949
v -0.184380 3.766513 0.019220
v -0.188738 3.773140 0.016218
v -0.190867 3.783796 0.017476
v -0.192391 3.744514 0.011996
v -0.189540 3.748888 0.019342
v -0.187081 3.747394 0.025857
v -0.181008 3.751776 0.007769
v -0.178485 3.753549 0.014141
v -0.175857 3.754499 0.019663
v -0.188141 3.812762 0.031298
v -0.200394 3.837663 0.012917
v -0.208521 3.839411 -0.007174
v -0.216400 3.832414 -0.032346
v -0.207192 3.775098 -0.048435
v -0.193055 3.740263 -0.036158
v -0.165362 3.751733 0.039546
v -0.181794 3.792559 0.034459
v -0.192759 3.827803 0.027122
v -0.215995 3.806674 -0.049087
v -0.199778 3.753818 -0.044279
v -0.185828 3.727553 -0.026637
v -0.171829 3.710999 -0.003113
v -0.163790 3.710538 0.019402
v -0.159099 3.719162 0.031978
v -0.161435 3.737063 0.038913
v -0.166787 3.755960 0.039203
v -0.174787 3.768673 0.039328
v -0.179527 3.778426 0.036577
v -0.172018 3.799371 0.029020
v -0.175995 3.820333 0.016204
v -0.178541 3.821630 -0.004830
v -0.184052 3.815988 -0.027110
v -0.184776 3.794533 -0.041139
v -0.180266 3.767800 -0.040180
v -0.176637 3.749337 -0.036279
v -0.172885 3.737200 -0.028634
v -0.153720 3.727552 0.011890
v -0.158843 3.713073 0.025151
v -0.160878 3.711572 0.022462
v -0.160885 3.717377 0.031437
v -0.162257 3.744683 0.037407
v -0.160145 3.732569 0.036580
v -0.163068 3.748145 0.037266
v -0.167328 3.760107 0.036629
v -0.163022 3.753193 0.038363
v -0.175524 3.811246 0.026334
v -0.185833 3.795823 0.066702
v -0.202962 3.897338 -0.007122
v -0.018348 4.113517 -0.087167
v -0.171040 4.022802 -0.042353
v -0.122086 4.071827 -0.063507
v -0.059462 4.100196 -0.082178
v -0.082334 4.092909 -0.077076
v -0.041759 4.106815 -0.084737
v -0.202060 3.956544 -0.022277
vn 0.6262 -0.7794 -0.0217
vn 0.5983 -0.7121 -0.3673
vn 0.5981 -0.7997 0.0522
vn -0.0000 -0.8333 -0.5529
vn 0.4413 -0.8789 -0.1813
vn 0.6861 -0.5816 -0.4370
vn 0.7765 -0.5686 -0.2716
vn 0.6196 -0.7177 -0.3178
vn 0.4295 -0.6724 -0.6028
vn 0.2133 -0.6171 -0.7574
vn 0.1049 -0.5762 -0.8106
vn 0.0825 -0.5697 -0.8177
vn -0.0000 -0.5760 -0.8175
vn 0.8226 -0.3093 0.4771
vn 0.9480 -0.2811 -0.1490
vn 0.7421 -0.2585 0.6185
vn -0.0000 -0.6489 0.7609
vn 0.6786 -0.3424 0.6498
vn 0.8112 -0.0587 -0.5818
vn 0.8490 -0.0384 -0.5271
vn 0.8392 -0.0544 -0.5410
vn 0.6290 -0.0155 -0.7773
vn 0.3325 0.0295 -0.9426
vn 0.1715 0.0624 -0.9832
vn 0.1085 0.0779 -0.9910
vn -0.0000 0.0849 -0.9964
vn 0.2070 0.5724 -0.7934
vn 0.2464 0.5918 -0.7675
vn 0.2351 0.6042 -0.7613
vn 0.2501 0.5969 -0.7623
vn 0.3261 0.7865 -0.5244
vn 0.4929 0.8611 -0.1249
vn 0.3006 0.4872 0.8200
vn -0.0000 0.3684 0.9297
vn 0.3848 0.5475 0.7431
vn 0.5030 0.7939 0.3417
vn 0.3639 0.6417 0.6752
vn 0.8269 -0.0505 0.5601
vn 0.9989 0.0228 0.0398
vn 0.7163 -0.1051 0.6899
vn -0.0000 -0.2386 0.9711
vn 0.5862 -0.1761 0.7908
vn 0.8751 0.1080 -0.4717
vn 0.8189 0.1613 -0.5508
vn 0.7949 0.1599 -0.5852
vn 0.6222 0.1395 -0.7704
vn 0.3811 0.1266 -0.9158
vn 0.2391 0.1490 -0.9595
vn 0.1509 0.1786 -0.9723
vn -0.0000 0.1915 -0.9815
vn 0.7370 0.1005 0.6683
vn 0.9174 0.3350 0.2147
vn 0.6501 -0.0442 0.7585
vn -0.0000 -0.0927 0.9957
vn 0.5669 -0.0914 0.8187
vn 0.8168 0.4847 -0.3130
vn 0.7018 0.4572 -0.5464
vn 0.6065 0.3701 -0.7037
vn 0.4602 0.2957 -0.8371
vn 0.3665 0.2613 -0.8930
vn 0.3014 0.2948 -0.9068
vn 0.2151 0.3320 -0.9184
vn -0.0000 0.3670 -0.9302
vn 0.1888 0.5800 -0.7924
vn -0.0000 0.5869 -0.8097
vn -0.0999 0.8020 0.5889
vn -0.0000 0.8201 0.5722
vn -0.0985 0.8903 0.4446
vn 0.0241 0.9218 0.3869
vn 0.0019 0.9183 0.3959
vn 0.0909 0.9406 0.3270
vn 0.0869 0.9235 0.3737
vn 0.1245 0.9466 0.2973
vn 0.1844 0.9709 0.1526
vn 0.2090 0.9756 -0.0680
vn 0.1763 0.9321 -0.3163
vn 0.1122 0.8339 -0.5404
vn 0.0644 0.8110 -0.5815
vn 0.0612 0.7504 -0.6581
vn 0.2024 0.9760 -0.0806
vn 0.0617 0.7565 -0.6511
vn 0.1649 0.8871 -0.4311
vn 0.1073 0.8942 0.4346
vn 0.0844 0.7519 -0.6538
vn 0.1749 0.9542 0.2428
vn 0.0517 0.7401 -0.6705
vn 0.3119 0.9289 0.1997
vn 0.2479 0.9061 0.3428
vn 0.3504 0.9204 0.1733
vn 0.4105 0.9087 0.0755
vn 0.4217 0.9062 -0.0319
vn 0.3974 0.9061 -0.1452
vn 0.3263 0.8999 -0.2893
vn 0.2472 0.8845 -0.3957
vn 0.1951 0.7329 -0.6517
vn -0.2252 0.7635 0.6052
vn -0.0000 0.7504 0.6610
vn -0.1190 0.7527 0.6475
vn 0.0172 0.7437 0.6683
vn 0.1235 0.7870 0.6045
vn 0.2366 0.7700 0.5925
vn -0.0611 0.6009 0.7970
vn -0.0000 0.6045 0.7966
vn -0.0405 0.5541 0.8314
vn 0.0697 0.5062 0.8596
vn 0.1451 0.5036 0.8516
vn 0.2257 0.5087 0.8309
vn -0.0000 0.5609 0.8279
vn -0.0000 0.5761 0.8174
vn 0.0202 0.5439 0.8389
vn 0.1439 0.4832 0.8636
vn 0.2430 0.3485 0.9053
vn 0.2558 0.2208 0.9412
vn -0.0357 0.7274 0.6853
vn 0.0197 0.6340 0.7731
vn 0.1736 0.5008 0.8480
vn 0.2663 0.6826 0.6806
vn 0.3311 0.7556 0.5652
vn 0.2636 0.6193 0.7396
vn 0.3143 0.4292 0.8468
vn 0.5343 0.5679 0.6261
vn 0.7283 0.5969 0.3365
vn 0.6777 0.3695 0.6358
vn 0.4208 0.2983 0.8567
vn 0.7161 0.3801 0.5854
vn 0.9346 0.3188 0.1579
vn 0.9568 0.2052 0.2058
vn 0.4724 0.1786 0.8631
vn 0.7905 0.1417 0.5959
vn 0.9956 0.0603 0.0720
vn 0.9853 0.0527 0.1625
vn 0.4425 0.0230 0.8965
vn 0.7555 -0.1452 0.6389
vn 0.9204 -0.3772 0.1032
vn 0.9259 -0.3749 0.0465
vn 0.3991 -0.1131 0.9099
vn 0.6040 -0.4032 0.6875
vn 0.7083 -0.6704 0.2210
vn 0.7764 -0.6200 0.1132
vn 0.2893 -0.1649 0.9429
vn 0.4177 -0.5414 0.7296
vn 0.4173 -0.8535 0.3121
vn 0.4036 -0.9118 0.0759
vn 0.0906 -0.2011 0.9754
vn 0.0589 -0.5831 0.8103
vn 0.0255 -0.9040 0.4267
vn 0.0004 -0.9946 0.1041
vn 0.0803 0.2091 0.9746
vn -0.1187 -0.1531 0.9811
vn -0.2869 -0.5137 0.8086
vn -0.3817 -0.8016 0.4602
vn -0.3376 -0.7887 0.5137
vn -0.2889 -0.0629 0.9553
vn -0.5317 -0.3272 0.7812
vn -0.6895 -0.5846 0.4276
vn -0.4909 -0.2348 0.8390
vn -0.3772 0.0533 0.9246
vn -0.6672 -0.1223 0.7348
vn -0.8376 -0.3164 0.4454
vn -0.7102 -0.2052 0.6734
vn -0.3794 0.2027 0.9028
vn -0.6790 0.1171 0.7247
vn -0.7991 0.0350 0.6002
vn -0.0000 -0.0306 0.9995
vn -0.3447 0.3532 0.8697
vn -0.5929 0.3678 0.7164
vn -0.6906 0.3123 0.6524
vn -0.5967 0.2640 0.7578
vn -0.2560 0.4655 0.8472
vn -0.4236 0.5530 0.7175
vn -0.5024 0.4829 0.7172
vn -0.2319 0.3998 0.8868
vn -0.1684 0.5129 0.8418
vn -0.3093 0.6302 0.7122
vn -0.2903 0.6107 0.7367
vn -0.0667 0.5524 0.8309
vn -0.0291 0.5199 0.8537
vn -0.0855 0.6827 0.7256
vn -0.0000 0.1738 0.9848
vn -0.0000 -0.0725 0.9974
vn -0.0000 -0.0356 0.9994
vn -0.0000 0.2575 0.9663
vn -0.0000 0.3265 0.9452
vn -0.0000 0.4887 0.8725
vn 0.1414 0.6206 -0.7713
vn 0.1440 0.6635 -0.7342
vn 0.0928 0.5936 -0.7994
vn -0.0000 0.5720 -0.8203
vn 0.0870 0.5727 -0.8151
vn 0.0913 0.6558 -0.7494
vn 0.1635 0.4841 -0.8596
vn 0.1210 0.3542 -0.9273
vn 0.1732 0.3633 -0.9154
vn 0.0492 0.3547 -0.9337
vn -0.0000 0.3466 -0.9380
vn 0.0963 0.3437 -0.9341
vn 0.1445 0.3665 -0.9191
vn 0.1603 0.2816 -0.9460
vn 0.0969 0.1307 -0.9867
vn 0.2220 0.1331 -0.9659
vn 0.0275 0.1274 -0.9915
vn -0.0000 0.1157 -0.9933
vn 0.1082 0.1007 -0.9890
vn 0.1961 0.1217 -0.9730
vn 0.1682 0.0720 -0.9831
vn 0.1181 -0.0569 -0.9914
vn 0.1976 -0.0458 -0.9792
vn 0.0398 -0.0407 -0.9984
vn -0.0000 -0.0374 -0.9993
vn 0.2056 -0.0519 -0.9773
vn 0.1762 -0.0274 -0.9840
vn 0.2159 -0.1426 -0.9659
vn 0.1741 -0.2223 -0.9593
vn 0.1592 -0.2278 -0.9606
vn 0.0861 -0.2191 -0.9719
vn -0.0000 -0.2146 -0.9767
vn 0.4567 -0.1089 -0.8829
vn 0.3142 -0.1991 -0.9282
vn 0.3961 -0.3122 -0.8635
vn 0.5005 -0.2293 0.8348
vn 0.9479 0.0556 0.3138
vn 0.7225 -0.4064 0.5594
vn 0.9887 -0.0489 0.1418
vn 0.8521 -0.3910 0.3478
vn 0.9856 -0.1652 -0.0368
vn 0.3135 -0.9496 0.0048
vn 0.8116 -0.1768 -0.5568
vn 0.7031 -0.4541 -0.5472
vn 0.9697 0.1299 0.2071
vn 0.9961 0.0456 0.0761
vn 0.9971 -0.0255 -0.0712
vn 0.7957 -0.1526 -0.5862
vn 0.1756 -0.4269 -0.8871
vn 0.1353 -0.4295 -0.8929
vn 0.1050 -0.4370 -0.8933
vn -0.0000 -0.4380 -0.8990
vn 0.2731 -0.3950 -0.8772
vn 0.9725 0.0032 0.2327
vn 0.9983 -0.0357 0.0456
vn 0.9904 -0.0902 -0.1046
vn 0.7663 -0.2561 -0.5892
vn 0.1201 -0.5673 -0.8147
vn 0.0958 -0.5455 -0.8326
vn 0.0693 -0.5924 -0.8027
vn -0.0000 -0.6043 -0.7968
vn 0.2284 -0.5148 -0.8263
vn 0.9470 -0.2219 0.2323
vn 0.9599 -0.2746 0.0559
vn 0.9495 -0.2906 -0.1182
vn 0.6675 -0.4406 -0.6002
vn 0.0569 -0.5274 -0.8477
vn 0.0594 -0.4990 -0.8646
vn 0.0014 -0.5479 -0.8365
vn -0.0000 -0.5498 -0.8353
vn 0.2156 -0.4880 -0.8458
vn 0.8748 -0.4098 0.2584
vn 0.9356 -0.3351 0.1110
vn 0.9429 -0.3241 -0.0768
vn 0.7441 -0.4256 -0.5149
vn 0.0005 -0.4405 -0.8977
vn 0.0078 -0.4040 -0.9147
vn -0.0130 -0.4461 -0.8949
vn -0.0000 -0.4387 -0.8986
vn 0.2138 -0.3599 -0.9081
vn 0.7988 -0.4184 0.4322
vn 0.9291 -0.3012 0.2145
vn 0.9574 -0.2844 -0.0492
vn 0.7559 -0.3494 -0.5536
vn -0.0000 -0.1187 0.9929
vn 0.2388 -0.7527 0.6136
vn -0.1104 -0.3995 0.9101
vn -0.0361 0.0728 0.9967
vn -0.0000 0.2086 0.9780
vn -0.0694 -0.1281 0.9893
vn 0.0769 -0.1505 0.9856
vn 0.3388 -0.1346 0.9312
vn 0.2270 0.2891 -0.9300
vn 0.9778 0.1157 -0.1749
vn 0.9502 0.0931 0.2974
vn 0.7028 -0.0372 0.7104
vn -0.0000 0.2034 -0.9791
vn -0.0000 0.1587 -0.9873
vn -0.0286 0.2715 -0.9620
vn -0.0309 0.2213 -0.9747
vn -0.0000 0.1304 -0.9915
vn 0.7132 -0.0609 0.6983
vn 0.2495 0.1683 -0.9536
vn -0.0000 -0.0784 0.9969
vn -0.0685 -0.0872 0.9938
vn 0.9476 0.0243 0.3184
vn 0.0244 0.1506 -0.9883
vn 0.7524 0.1208 -0.6476
vn 0.0470 -0.1077 0.9931
vn 0.3486 -0.1109 0.9307
vn 0.9887 0.0702 -0.1325
vn -0.0000 0.0511 -0.9987
vn -0.0000 -0.0365 -0.9993
vn -0.0000 -0.2726 -0.9621
vn 0.7471 -0.0894 0.6587
vn 0.7567 -0.1290 0.6409
vn 0.7353 -0.2079 0.6451
vn 0.0037 -0.2703 -0.9628
vn 0.7766 0.0048 -0.6300
vn 0.7710 -0.1335 -0.6227
vn 0.7668 -0.2701 -0.5823
vn 0.0150 -0.1376 0.9904
vn -0.0272 -0.0991 0.9947
vn -0.0607 -0.0621 0.9962
vn 0.9954 -0.0102 -0.0955
vn 0.9919 -0.1088 -0.0650
vn 0.9705 -0.2358 -0.0503
vn 0.2143 -0.2511 -0.9439
vn 0.2267 -0.1006 -0.9688
vn 0.2407 0.0384 -0.9699
vn -0.0000 -0.0440 0.9990
vn -0.0000 -0.1090 0.9940
vn -0.0000 -0.1367 0.9906
vn -0.0435 -0.0689 0.9967
vn -0.0570 -0.0927 0.9941
vn -0.0676 -0.1323 0.9889
vn 0.9291 -0.2712 0.2516
vn 0.9521 -0.1202 0.2811
vn 0.9550 -0.0401 0.2939
vn -0.0275 -0.2583 -0.9657
vn -0.0181 -0.0449 -0.9988
vn -0.0181 -0.2589 -0.9657
vn 0.0124 -0.0710 -0.9974
vn 0.0345 0.0506 -0.9981
vn 0.2823 -0.0914 0.9550
vn 0.3517 -0.1285 0.9273
vn 0.3632 -0.1321 0.9223
vn 0.7375 0.1702 -0.6535
vn 0.5755 0.8099 0.1137
vn 0.4898 0.8266 0.2772
vn 0.5823 0.8085 0.0851
vn 0.5798 0.8144 0.0241
vn 0.5920 0.8059 -0.0083
vn 0.5884 0.8083 -0.0225
vn 0.5830 0.8001 -0.1412
vn 0.5261 0.8011 -0.2854
vn 0.4083 0.6924 -0.5948
vn 0.4455 0.7107 0.5445
vn 0.3496 0.5201 0.7793
vn 0.1963 0.2270 0.9539
vn 0.2978 0.4476 -0.8432
vn 0.2151 0.2796 -0.9357
vn 0.0748 0.0669 -0.9950
vn -0.0419 -0.1678 -0.9849
vn -0.1860 -0.5113 -0.8390
vn -0.0455 -0.2603 0.9644
vn -0.1434 -0.6870 0.7124
vn -0.1660 -0.8203 0.5473
vn -0.2525 -0.7901 -0.5586
vn -0.7144 -0.6995 0.0176
vn 0.7302 0.6675 0.1454
vn 0.7232 0.6341 0.2739
vn 0.7188 0.6906 0.0801
vn 0.7246 0.6891 0.0058
vn 0.7237 0.6901 -0.0040
vn 0.7276 0.6851 -0.0358
vn 0.7238 0.6664 -0.1790
vn 0.7036 0.6259 -0.3365
vn 0.5983 0.5205 -0.6092
vn 0.6507 0.5727 0.4987
vn 0.5146 0.4401 0.7358
vn 0.2020 0.1385 0.9695
vn 0.4355 0.3746 -0.8185
vn 0.2800 0.2261 -0.9330
vn 0.1075 0.0479 -0.9930
vn -0.1631 -0.2041 -0.9653
vn -0.5056 -0.5180 -0.6900
vn -0.2364 -0.3074 0.9217
vn -0.5725 -0.5672 0.5920
vn -0.6540 -0.6418 0.4005
vn -0.6585 -0.6538 -0.3727
vn -0.5988 -0.8008 0.0135
vn 0.7307 0.6542 0.1950
vn 0.7185 0.6276 0.3000
vn 0.7396 0.6669 0.0908
vn 0.7362 0.6768 0.0001
vn 0.7373 0.6755 -0.0074
vn 0.7368 0.6738 -0.0565
vn 0.7268 0.6478 -0.2284
vn 0.6978 0.6046 -0.3841
vn 0.6119 0.4919 -0.6193
vn 0.6822 0.5484 0.4837
vn 0.5842 0.4063 0.7026
vn 0.3470 0.1097 0.9314
vn 0.5003 0.3469 -0.7933
vn 0.3887 0.2100 -0.8971
vn 0.2313 0.0279 -0.9725
vn -0.0060 -0.2270 -0.9739
vn -0.3534 -0.5657 -0.7450
vn -0.1156 -0.3651 0.9238
vn -0.4125 -0.6401 0.6481
vn -0.5304 -0.7448 0.4049
vn -0.5273 -0.7455 -0.4076
vn -0.5789 -0.8152 0.0183
vn 0.6173 0.7489 0.2408
vn 0.5981 0.7181 0.3558
vn 0.6297 0.7685 0.1133
vn 0.6323 0.7747 0.0045
vn 0.6322 0.7747 -0.0135
vn 0.6312 0.7721 -0.0737
vn 0.6150 0.7463 -0.2543
vn 0.5795 0.6956 -0.4246
vn 0.4891 0.5710 -0.6593
vn 0.5413 0.6288 0.5582
vn 0.4191 0.4552 0.7856
vn 0.1974 0.1462 0.9694
vn 0.3582 0.3912 -0.8477
vn 0.2389 0.2272 -0.9441
vn 0.0942 0.0397 -0.9948
vn -0.0751 -0.1870 -0.9795
vn -0.3383 -0.5209 -0.7837
vn -0.1703 -0.3161 0.9333
vn -0.4148 -0.6170 0.6688
vn -0.5269 -0.7418 0.4149
vn -0.5324 -0.7294 -0.4295
vn -0.5911 -0.8063 0.0200
vn 0.5821 0.7718 0.2561
vn 0.5581 0.7403 0.3749
vn 0.5983 0.7920 0.1212
vn 0.6018 0.7986 0.0062
vn 0.6025 0.7980 -0.0152
vn 0.5998 0.7961 -0.0806
vn 0.5807 0.7701 -0.2641
vn 0.5416 0.7180 -0.4373
vn 0.4430 0.5883 -0.6766
vn 0.4866 0.6458 0.5883
vn 0.3482 0.4638 0.8147
vn 0.1045 0.1450 0.9839
vn 0.3028 0.4020 -0.8642
vn 0.1680 0.2262 -0.9595
vn 0.0302 0.0415 -0.9987
vn -0.1406 -0.1849 -0.9727
vn -0.3681 -0.4973 -0.7856
vn -0.2304 -0.3082 0.9230
vn -0.4447 -0.6032 0.6621
vn -0.5353 -0.7346 0.4169
vn -0.5308 -0.7185 -0.4495
vn -0.5211 -0.8533 0.0165
vn 0.6057 0.7550 0.2512
vn 0.5858 0.7220 0.3682
vn 0.6178 0.7773 0.1193
vn 0.6230 0.7822 0.0056
vn 0.6212 0.7835 -0.0146
vn 0.6219 0.7791 -0.0788
vn 0.6052 0.7521 -0.2610
vn 0.5695 0.6989 -0.4326
vn 0.4817 0.5717 -0.6642
vn 0.5234 0.6273 0.5766
vn 0.4034 0.4458 0.7991
vn 0.1918 0.1337 0.9723
vn 0.3466 0.3877 -0.8541
vn 0.2284 0.2143 -0.9497
vn 0.1039 0.0311 -0.9941
vn -0.0592 -0.2026 -0.9775
vn -0.2865 -0.5328 -0.7963
vn -0.1289 -0.3271 0.9361
vn -0.3577 -0.6342 0.6854
vn -0.4642 -0.7761 0.4268
vn -0.4569 -0.7753 -0.4361
vn 0.1115 0.0548 -0.9922
vn 0.2730 0.2408 -0.9314
vn 0.4578 0.4632 -0.7588
vn 0.2026 0.1171 0.9722
vn 0.4244 0.4473 0.7873
vn 0.5391 0.6085 0.5824
vn 0.5795 0.6189 -0.5303
vn 0.6195 0.6774 -0.3966
vn 0.6382 0.7054 -0.3084
vn 0.6518 0.7265 -0.2177
vn 0.6554 0.7324 -0.1848
vn 0.6398 0.7638 -0.0859
vn 0.6118 0.7820 0.1185
vn 0.5802 0.7000 0.4164
vn 0.5947 0.7536 0.2799
vn -0.5621 -0.8270 0.0144
vn -0.0000 -0.2377 0.9713
vn -0.1567 -0.2005 0.9671
vn -0.0000 -0.6482 0.7614
vn -0.2512 -0.3994 0.8817
vn -0.0000 -0.8961 0.4438
vn -0.4040 -0.7776 0.4818
vn -0.0000 -0.9922 0.1249
vn -0.6690 -0.7206 0.1821
vn -0.0000 -0.9996 0.0292
vn -0.7641 -0.6449 0.0176
vn -0.0000 -0.9975 -0.0701
vn -0.7099 -0.7006 -0.0722
vn -0.0000 -0.9458 -0.3247
vn -0.4323 -0.8387 -0.3312
vn -0.0000 -0.7761 -0.6306
vn -0.0359 -0.0790 0.9962
vn -0.1254 -0.0982 0.9872
vn 0.2615 0.0550 0.9636
vn 0.2527 0.0967 0.9627
vn 0.7124 0.1622 0.6828
vn 0.7337 0.1878 0.6530
vn 0.9277 0.2888 0.2365
vn 0.9397 0.2596 0.2227
vn 0.9187 0.3490 -0.1851
vn 0.9303 0.2828 -0.2335
vn 0.6841 0.3387 -0.6460
vn 0.7489 0.1998 -0.6319
vn 0.2289 0.2350 -0.9447
vn 0.2966 0.0817 -0.9515
vn -0.1515 0.0576 -0.9868
vn -0.0657 -0.2304 -0.9709
vn -0.1395 -0.6616 -0.7368
vn -0.0000 -0.2877 -0.9577
vn 0.0371 -0.2815 -0.9588
vn -0.0000 -0.1703 0.9854
vn -0.0000 -0.1447 0.9895
vn -0.0000 -0.1594 0.9872
vn -0.0000 -0.1498 0.9887
vn -0.0000 -0.1459 0.9893
vn -0.1025 -0.1252 0.9868
vn -0.0437 -0.1476 0.9881
vn -0.0722 -0.1714 0.9826
vn -0.1086 -0.1484 0.9829
vn -0.0863 -0.1775 0.9803
vn -0.0739 0.3846 -0.9201
vn -0.0895 0.5167 -0.8515
vn -0.0577 0.4637 -0.8841
vn -0.0498 0.2520 -0.9664
vn -0.0711 0.1500 -0.9861
vn -0.0000 0.3671 -0.9302
vn -0.0000 0.5238 -0.8519
vn -0.0000 0.4378 -0.8991
vn -0.0000 0.2364 -0.9717
vn -0.0000 0.1409 -0.9900
vn 0.0741 -0.1928 0.9784
vn 0.0727 -0.1599 0.9845
vn 0.0835 -0.1655 0.9827
vn 0.0764 -0.1671 0.9830
vn 0.0175 -0.0854 0.9962
vn 0.3409 -0.1599 0.9264
vn 0.3249 -0.1345 0.9361
vn 0.3267 -0.1140 0.9382
vn 0.3290 -0.1139 0.9374
vn 0.2915 -0.0407 0.9557
vn 0.7182 -0.0315 0.6951
vn 0.7138 0.0034 0.7003
vn 0.7148 0.0587 0.6968
vn 0.7195 0.0692 0.6910
vn 0.7180 0.1391 0.6820
vn 0.9453 0.1197 0.3033
vn 0.9376 0.2350 0.2562
vn 0.9378 0.2583 0.2321
vn 0.9299 0.2873 0.2295
vn 0.9088 0.3417 0.2395
vn 0.9549 0.2119 -0.2080
vn 0.8994 0.3833 -0.2103
vn 0.8737 0.4238 -0.2389
vn 0.8743 0.4445 -0.1948
vn 0.8839 0.4348 -0.1720
vn 0.6380 0.3165 -0.7020
vn 0.5991 0.4764 -0.6436
vn 0.5581 0.5503 -0.6211
vn 0.5780 0.5549 -0.5983
vn 0.6357 0.4510 -0.6265
vn 0.1844 0.4292 -0.8842
vn 0.1499 0.5284 -0.8357
vn 0.1562 0.5593 -0.8141
vn 0.1694 0.5209 -0.8366
vn 0.2023 0.3903 -0.8982
vn -0.1270 0.4291 -0.8943
vn -0.1397 0.5187 -0.8435
vn -0.1473 0.5077 -0.8488
vn -0.1375 0.3854 -0.9124
vn -0.1523 0.2305 -0.9611
vn -0.5710 -0.2637 0.7774
vn -0.8757 -0.2680 0.4017
vn -0.9934 0.0280 0.1117
vn -0.9945 0.1050 -0.0056
vn -0.9961 0.0601 -0.0641
vn -0.9578 -0.1835 -0.2212
vn -0.2748 -0.0596 0.9597
vn 0.2447 0.1324 0.9605
vn 0.7365 0.2038 0.6450
vn 0.9445 0.2353 0.2294
vn 0.9405 0.1807 -0.2878
vn 0.7550 0.0270 -0.6552
vn 0.3403 -0.1441 -0.9292
vn -0.1269 -0.3618 -0.9236
vn -0.6407 -0.4793 -0.5998
vn -0.6859 -0.0583 0.7254
vn -0.8934 -0.0670 0.4442
vn -0.9826 -0.0653 0.1740
vn -0.9982 -0.0601 0.0063
vn -0.9945 -0.0559 -0.0881
vn -0.9234 -0.0572 -0.3797
vn -0.4347 -0.0354 0.8999
vn 0.1527 -0.0434 0.9873
vn 0.7373 -0.0353 0.6746
vn 0.9660 0.0011 0.2585
vn 0.9123 0.0140 -0.4094
vn 0.4799 0.0003 -0.8773
vn 0.0851 0.0009 -0.9964
vn -0.1645 -0.0142 -0.9863
vn -0.5908 -0.0492 -0.8053
vn -0.9856 -0.0453 0.1627
vn -0.9819 -0.0794 0.1719
vn -0.8943 -0.0720 0.4416
vn -0.9005 -0.0744 0.4285
vn 0.9611 0.1729 0.2155
vn 0.9726 0.0868 0.2155
vn 0.9171 0.0713 -0.3922
vn 0.9276 0.1073 -0.3578
vn -0.9993 -0.0365 -0.0023
vn -0.9967 -0.0806 0.0020
vn 0.5559 -0.0501 -0.8297
vn 0.6594 -0.1333 -0.7398
vn -0.9954 -0.0365 -0.0889
vn -0.9931 -0.0740 -0.0905
vn 0.1930 -0.2237 -0.9554
vn 0.3256 -0.3851 -0.8635
vn -0.9283 -0.1867 -0.3216
vn -0.9186 -0.1326 -0.3723
vn -0.0508 -0.3284 -0.9432
vn -0.0800 -0.5237 -0.8481
vn -0.6784 -0.0729 0.7311
vn -0.6863 -0.0527 0.7254
vn -0.4147 0.0009 0.9100
vn -0.4019 0.0012 0.9157
vn -0.5427 -0.4887 -0.6831
vn -0.5198 -0.3050 -0.7980
vn 0.2093 0.0154 0.9777
vn 0.2295 0.0883 0.9693
vn 0.7565 0.0291 0.6534
vn 0.7551 0.1409 0.6403
vn -0.6810 -0.1273 0.7211
vn -0.8871 -0.1269 0.4438
vn -0.9769 -0.1230 0.1750
vn -0.9929 -0.1186 0.0074
vn -0.9891 -0.1162 -0.0905
vn -0.9180 -0.1111 -0.3808
vn -0.4506 -0.1180 0.8849
vn 0.1500 -0.1237 0.9809
vn 0.7179 -0.0981 0.6892
vn 0.9590 -0.0853 0.2702
vn 0.9071 -0.0512 -0.4177
vn 0.4967 -0.0313 -0.8674
vn 0.1052 -0.0295 -0.9940
vn -0.1851 -0.0429 -0.9818
vn -0.5939 -0.0826 -0.8003
vn -0.7612 -0.2070 0.6146
vn -0.9139 -0.2120 0.3460
vn -0.9656 -0.1927 0.1748
vn -0.9871 -0.1601 0.0072
vn -0.9869 -0.1435 -0.0732
vn -0.9392 -0.0802 -0.3339
vn -0.4975 -0.1738 0.8499
vn 0.1467 -0.1699 0.9745
vn 0.7440 -0.1376 0.6539
vn 0.9727 -0.0914 0.2134
vn 0.8808 0.0470 -0.4712
vn 0.5298 0.1512 -0.8346
vn 0.1370 0.1866 -0.9728
vn -0.2334 0.1586 -0.9594
vn -0.6638 0.0542 -0.7460
vn 0.9035 -0.1030 -0.4161
vn 0.9001 -0.1413 -0.4121
vn 0.9028 -0.1140 -0.4147
vn 0.8970 -0.0962 -0.4313
vn 0.8843 -0.0672 -0.4620
vn 0.8796 -0.0344 -0.4745
vn 0.4689 0.0549 -0.8815
vn 0.4852 -0.0040 -0.8744
vn 0.5060 -0.0394 -0.8617
vn 0.5143 -0.0423 -0.8565
vn 0.5157 -0.0720 -0.8537
vn 0.5155 -0.0570 -0.8550
vn -0.9887 -0.1185 -0.0919
vn -0.9916 -0.0900 -0.0924
vn -0.9932 -0.0736 -0.0903
vn -0.9953 -0.0308 -0.0921
vn -0.9948 0.0447 -0.0915
vn -0.9956 0.0262 -0.0895
vn -0.9999 0.0147 0.0057
vn -0.9994 0.0342 0.0055
vn -0.9991 -0.0417 0.0056
vn -0.9967 -0.0805 0.0064
vn -0.9956 -0.0939 0.0055
vn -0.9924 -0.1228 0.0058
vn 0.1169 0.1024 -0.9879
vn 0.1151 0.0316 -0.9928
vn 0.1166 -0.0162 -0.9930
vn 0.1142 -0.0057 -0.9934
vn 0.1153 -0.0298 -0.9929
vn 0.1197 -0.0412 -0.9920
vn -0.9155 -0.1076 -0.3876
vn -0.9261 -0.0789 -0.3690
vn -0.9394 -0.0575 -0.3379
vn -0.9399 -0.0114 -0.3413
vn -0.9303 0.0639 -0.3613
vn -0.9276 0.0581 -0.3691
vn -0.1949 0.1153 -0.9740
vn -0.1887 0.0525 -0.9806
vn -0.1858 -0.0027 -0.9826
vn -0.1883 0.0014 -0.9821
vn -0.1888 -0.0216 -0.9818
vn -0.1835 -0.0479 -0.9818
vn -0.6903 -0.1591 0.7059
vn -0.7181 -0.1490 0.6798
vn -0.7258 -0.1571 0.6697
vn -0.7356 -0.1336 0.6641
vn -0.7377 -0.0768 0.6707
vn -0.7241 -0.0697 0.6862
vn -0.4903 -0.1108 0.8645
vn -0.5131 -0.1310 0.8483
vn -0.5179 -0.1666 0.8391
vn -0.5134 -0.1820 0.8386
vn -0.5022 -0.1572 0.8503
vn -0.4740 -0.1469 0.8682
vn -0.5915 -0.0764 -0.8027
vn -0.6157 -0.0466 -0.7866
vn -0.6335 -0.0218 -0.7734
vn -0.6315 0.0017 -0.7754
vn -0.6208 0.0703 -0.7808
vn -0.6105 0.1014 -0.7855
vn 0.1483 -0.1705 0.9741
vn 0.1607 -0.2049 0.9655
vn 0.1736 -0.2316 0.9572
vn 0.1614 -0.2354 0.9584
vn 0.1565 -0.2076 0.9656
vn 0.1499 -0.1825 0.9717
vn 0.7186 -0.1525 0.6785
vn 0.7215 -0.1823 0.6680
vn 0.7222 -0.2044 0.6608
vn 0.7175 -0.2065 0.6652
vn 0.7114 -0.2032 0.6728
vn 0.7065 -0.1754 0.6857
vn -0.8830 -0.1546 0.4432
vn -0.8878 -0.1310 0.4413
vn -0.8864 -0.1301 0.4442
vn -0.8939 -0.1018 0.4366
vn -0.9012 -0.0282 0.4325
vn -0.9055 -0.0348 0.4229
vn 0.9587 -0.1239 0.2560
vn 0.9540 -0.1525 0.2582
vn 0.9503 -0.1771 0.2562
vn 0.9444 -0.1926 0.2666
vn 0.9410 -0.2024 0.2712
vn 0.9450 -0.1669 0.2812
vn -0.9756 -0.1356 0.1725
vn -0.9795 -0.1074 0.1706
vn -0.9797 -0.0992 0.1739
vn -0.9831 -0.0649 0.1709
vn -0.9854 0.0129 0.1700
vn -0.9853 -0.0072 0.1708
vn -0.7855 -0.2802 0.5518
vn -0.9090 -0.2547 0.3298
vn -0.9598 -0.2277 0.1640
vn -0.9803 -0.1972 0.0053
vn -0.9823 -0.1738 -0.0702
vn -0.9419 -0.0732 -0.3277
vn -0.5293 -0.2739 0.8030
vn 0.1126 -0.2188 0.9692
vn 0.7502 -0.0591 0.6586
vn 0.9798 0.0997 0.1734
vn 0.8806 0.2365 -0.4107
vn 0.5426 0.3343 -0.7706
vn 0.1321 0.3302 -0.9346
vn -0.2221 0.2667 -0.9378
vn -0.6610 0.1294 -0.7392
vn -0.7706 -0.2347 0.5926
vn -0.9256 -0.1674 0.3395
vn -0.9745 -0.1354 0.1789
vn -0.9953 -0.0961 0.0103
vn -0.9954 -0.0652 -0.0708
vn -0.9378 0.0602 -0.3420
vn -0.5081 -0.3024 0.8065
vn 0.0952 -0.2666 0.9591
vn 0.7458 -0.0436 0.6647
vn 0.9746 0.1324 0.1808
vn 0.8857 0.2860 -0.3658
vn 0.5068 0.3984 -0.7645
vn 0.1041 0.3841 -0.9174
vn -0.1842 0.3428 -0.9212
vn -0.6126 0.2553 -0.7480
vn -0.9930 -0.0839 -0.0828
vn -0.9380 -0.0755 0.3383
vn -0.9855 -0.0306 0.1668
vn -0.9999 0.0083 0.0100
vn -0.9325 0.1148 -0.3423
vn -0.4778 -0.2321 0.8472
vn 0.1284 -0.2114 0.9689
vn 0.7406 -0.0422 0.6706
vn 0.9773 0.1015 0.1862
vn 0.9065 0.2325 -0.3525
vn 0.5197 0.3004 -0.7998
vn 0.0802 0.2853 -0.9551
vn -0.1909 0.2748 -0.9424
vn -0.6165 0.2274 -0.7538
vn 0.8767 -0.0811 -0.4742
vn -0.9313 -0.0344 -0.3626
vn -0.7326 -0.1178 0.6704
vn -0.6288 0.0537 -0.7757
vn -0.9136 -0.1278 0.3859
vn -0.9783 -0.1176 0.1705
vn 0.4922 0.0415 -0.8695
vn -0.9954 -0.0959 0.0056
vn 0.1321 0.1065 -0.9855
vn -0.2058 0.1120 -0.9722
vn -0.4687 -0.1113 0.8763
vn 0.1510 -0.1610 0.9753
vn 0.7284 -0.1793 0.6613
vn 0.9587 -0.1798 0.2206
vn -0.7909 -0.1432 0.5950
vn -0.9969 0.0329 -0.0715
vn -0.7890 -0.0792 0.6093
vn -0.9357 -0.0363 0.3508
vn -0.9865 -0.0075 0.1634
vn -0.9999 0.0086 0.0097
vn -0.9973 0.0165 -0.0717
vn -0.9295 0.0330 -0.3673
vn -0.4633 -0.1253 0.8773
vn 0.1590 -0.1048 0.9817
vn 0.7348 -0.0096 0.6782
vn 0.9813 0.0809 0.1748
vn 0.9253 0.1309 -0.3559
vn 0.5448 0.1280 -0.8287
vn 0.0691 0.1008 -0.9925
vn -0.2137 0.0832 -0.9734
vn -0.6114 0.0558 -0.7893
vn -0.2469 -0.1297 -0.9603
vn 0.0681 -0.1506 -0.9862
vn 0.5539 -0.1789 -0.8131
vn 0.9066 -0.1830 -0.3802
vn 0.9676 -0.1686 0.1877
vn 0.7292 -0.1203 0.6736
vn 0.0591 -0.0815 0.9949
vn -0.5330 -0.0544 0.8444
vn -0.9237 -0.0829 -0.3741
vn -0.9954 -0.0548 -0.0789
vn -0.9989 -0.0464 0.0099
vn -0.9858 -0.0363 0.1640
vn -0.9348 -0.0295 0.3538
vn -0.6050 -0.1133 -0.7881
vn -0.7810 -0.0461 0.6229
vn -0.9234 -0.0260 -0.3830
vn -0.9147 -0.0610 -0.3996
vn -0.9147 -0.0713 -0.3979
vn -0.9166 -0.0722 -0.3933
vn -0.9976 -0.0111 -0.0681
vn -0.9952 -0.0481 -0.0857
vn -0.9922 -0.0700 -0.1033
vn -0.9939 -0.0641 -0.0898
vn 0.9793 0.0667 0.1912
vn 0.9814 -0.0289 0.1899
vn 0.9738 -0.1245 0.1904
vn 0.9635 -0.1900 0.1884
vn -0.5220 -0.0542 0.8512
vn -0.5046 -0.0493 0.8619
vn -0.4794 -0.0450 0.8764
vn -0.4606 -0.0567 0.8858
vn -0.9999 -0.0107 0.0113
vn -0.9991 -0.0399 0.0113
vn -0.9975 -0.0692 0.0114
vn -0.9975 -0.0691 0.0114
vn -0.9301 -0.0520 0.3637
vn -0.9129 -0.0521 0.4049
vn -0.9081 -0.0594 0.4146
vn -0.9222 -0.0378 0.3848
vn 0.7149 -0.1527 0.6824
vn 0.7127 -0.1093 0.6929
vn 0.7182 -0.0377 0.6948
vn 0.7208 0.0204 0.6928
vn 0.0449 -0.0961 0.9944
vn 0.0680 -0.0770 0.9947
vn 0.1009 -0.0418 0.9940
vn 0.1282 -0.0387 0.9910
vn -0.5937 -0.0473 -0.8033
vn -0.5916 -0.0594 -0.8041
vn -0.6078 -0.0741 -0.7906
vn -0.6048 -0.0976 -0.7904
vn 0.9170 -0.1892 -0.3512
vn 0.9326 -0.1215 -0.3399
vn 0.9414 -0.0268 -0.3363
vn 0.9384 0.0669 -0.3390
vn -0.7743 -0.0538 0.6305
vn -0.7821 -0.0608 0.6201
vn -0.7912 -0.0537 0.6092
vn 0.5706 -0.1650 -0.8045
vn 0.5827 -0.1155 -0.8044
vn 0.6060 -0.0441 -0.7942
vn 0.5976 0.0287 -0.8013
vn 0.0483 -0.1222 -0.9913
vn 0.0330 -0.0956 -0.9949
vn 0.0285 -0.0585 -0.9979
vn 0.0474 -0.0120 -0.9988
vn -0.9787 -0.0646 0.1949
vn -0.9692 -0.0653 0.2376
vn -0.9702 -0.0505 0.2371
vn -0.9810 -0.0210 0.1927
vn -0.2615 -0.1094 -0.9590
vn -0.2707 -0.0811 -0.9592
vn -0.2847 -0.0552 -0.9570
vn -0.2616 -0.0344 -0.9646
vn -0.1968 0.0373 -0.9797
vn 0.0854 0.0381 -0.9956
vn 0.5943 0.0034 -0.8042
vn 0.9490 -0.0393 -0.3127
vn 0.9876 -0.0183 0.1561
vn 0.7915 0.0858 0.6051
vn 0.0815 0.2414 0.9670
vn -0.5314 0.1984 0.8236
vn -0.9443 -0.0056 -0.3291
vn -0.9973 -0.0126 -0.0729
vn -1.0000 -0.0064 0.0045
vn -0.9813 -0.0132 0.1920
vn -0.9468 -0.0091 0.3218
vn -0.6389 0.0213 -0.7690
vn -0.8353 0.0857 0.5430
vn 0.9275 -0.1193 -0.3544
vn 0.9219 -0.1218 -0.3679
vn 0.9314 -0.1156 -0.3451
vn 0.9363 -0.0946 -0.3383
vn 0.5738 -0.0795 -0.8151
vn 0.5615 -0.1314 -0.8170
vn 0.5507 -0.1492 -0.8212
vn 0.5583 -0.1512 -0.8158
vn -0.9326 -0.0880 -0.3499
vn -0.9357 -0.0882 -0.3417
vn -0.9392 -0.0784 -0.3343
vn -0.9420 -0.0574 -0.3307
vn -0.9963 -0.0546 -0.0657
vn -0.9959 -0.0591 -0.0687
vn -0.9952 -0.0610 -0.0766
vn -0.9956 -0.0610 -0.0717
vn 0.0867 -0.0641 0.9942
vn 0.0792 -0.0462 0.9958
vn 0.0781 -0.0288 0.9965
vn 0.0823 -0.0110 0.9965
vn 0.7461 -0.0391 0.6647
vn 0.7410 -0.0450 0.6700
vn 0.7461 -0.0539 0.6636
vn 0.7509 -0.0677 0.6569
vn -0.7576 -0.0411 0.6514
vn -0.7399 -0.0305 0.6720
vn -0.7339 -0.0222 0.6788
vn -0.7598 -0.0224 0.6498
vn -0.5376 -0.0000 0.8432
vn -0.5379 -0.0151 0.8429
vn -0.5374 -0.0281 0.8429
vn -0.5372 -0.0456 0.8422
vn -0.9985 -0.0531 0.0127
vn -0.9985 -0.0536 0.0102
vn -0.9985 -0.0534 0.0125
vn -0.9985 -0.0543 0.0114
vn -0.9836 -0.0569 0.1710
vn -0.9833 -0.0449 0.1764
vn -0.9852 -0.0458 0.1653
vn -0.9832 -0.0421 0.1776
vn -0.9182 -0.0345 0.3946
vn -0.9110 -0.0353 0.4108
vn -0.9030 -0.0323 0.4285
vn -0.9197 -0.0503 0.3893
vn 0.9771 -0.0816 0.1965
vn 0.9764 -0.0842 0.1990
vn 0.9785 -0.0859 0.1875
vn 0.9806 -0.0938 0.1720
vn 0.0865 -0.0555 -0.9947
vn 0.0865 -0.1173 -0.9893
vn 0.0861 -0.1468 -0.9854
vn 0.0830 -0.1508 -0.9851
vn -0.6204 -0.1191 -0.7752
vn -0.6290 -0.1296 -0.7665
vn -0.6348 -0.1067 -0.7652
vn -0.6362 -0.0588 -0.7693
vn -0.1960 -0.0547 -0.9791
vn -0.1950 -0.1157 -0.9740
vn -0.1933 -0.1444 -0.9705
vn -0.2122 -0.1369 -0.9676
vn -0.1955 0.1620 -0.9672
vn 0.0842 0.1644 -0.9828
vn 0.6186 0.1229 -0.7760
vn 0.9620 0.0307 -0.2713
vn 0.9942 0.0963 0.0473
vn 0.7697 0.4141 0.4859
vn 0.0723 0.6125 0.7872
vn -0.4610 0.5182 0.7204
vn -0.9402 0.0585 -0.3356
vn -0.9937 0.0374 -0.1059
vn -0.9986 0.0491 -0.0187
vn -0.9701 0.0353 0.2403
vn -0.9553 0.0387 0.2933
vn -0.6375 0.1271 -0.7599
vn -0.8557 0.2788 0.4359
vn -0.1932 0.1609 -0.9679
vn 0.0836 0.1635 -0.9830
vn 0.6085 0.1306 -0.7827
vn 0.9623 0.0419 -0.2686
vn 0.9952 0.0724 -0.0659
vn -0.9311 0.0635 -0.3592
vn -0.9900 0.0318 -0.1373
vn -0.9987 0.0317 -0.0395
vn -0.9654 0.0251 0.2597
vn -0.9594 0.0441 0.2786
vn -0.6262 0.1283 -0.7690
vn -0.1902 -0.1083 -0.9758
vn 0.0850 -0.1113 -0.9901
vn 0.5897 -0.0889 -0.8027
vn 0.9583 -0.0337 -0.2837
vn 0.9945 -0.0460 -0.0943
vn -0.9347 -0.0531 -0.3514
vn -0.9901 -0.0394 -0.1346
vn -0.9983 -0.0485 -0.0321
vn -0.9759 -0.0393 0.2148
vn -0.9726 -0.0247 0.2311
vn -0.6321 -0.0900 -0.7696
vn -0.1735 -0.4780 -0.8611
vn 0.0820 -0.4863 -0.8699
vn 0.5783 -0.4644 -0.6708
vn 0.8678 -0.4516 -0.2075
vn 0.8585 -0.5112 -0.0413
vn -0.9120 -0.3246 -0.2506
vn -0.9432 -0.3162 -0.1022
vn -0.9489 -0.3152 0.0139
vn -0.9075 -0.3607 0.2150
vn -0.8640 -0.4412 0.2426
vn -0.6382 -0.4255 -0.6416
vn -0.0000 1.0000 -0.0000
vn 0.0204 0.9998 -0.0000
vn 0.8405 -0.5282 -0.1205
vn 0.8388 -0.3666 0.4025
vn -0.0000 -0.9860 -0.1668
vn -0.0000 -0.8574 0.5147
vn -0.8405 -0.5282 -0.1205
vn -0.8388 -0.3666 0.4025
vn -0.0204 0.9998 -0.0000
vn -0.0000 0.9694 0.2456
vn 0.6546 0.7201 0.2300
vn 0.8951 -0.4458 -0.0060
vn -0.0000 -0.9901 -0.1403
vn -0.8951 -0.4458 -0.0060
vn -0.6546 0.7201 0.2300
vn 0.0465 0.9835 0.1749
vn 0.7443 0.6506 0.1512
vn 0.8864 -0.4433 0.1331
vn 0.0252 -0.9742 0.2242
vn 0.0172 -0.9637 0.2666
vn 0.5416 0.8008 0.2557
vn -0.0000 0.9788 0.2049
vn 0.7460 0.6568 0.1095
vn 0.6659 0.5335 0.5215
vn -0.0000 0.4740 0.8805
vn -0.6659 0.5335 0.5215
vn -0.7460 0.6568 0.1095
vn 0.0314 0.9886 0.1475
vn 0.7386 0.6578 0.1474
vn 0.8845 -0.4468 0.1340
vn 0.0116 -0.9797 0.2000
vn 0.4749 -0.8436 0.2507
vn 0.6977 0.6955 0.1715
vn 0.0458 0.9905 0.1297
vn 0.7322 0.6653 0.1460
vn 0.8768 -0.4575 0.1482
vn 0.0165 -0.9811 0.1929
vn 0.4143 -0.8753 0.2492
vn 0.6730 0.7193 0.1721
vn 0.8390 -0.5288 -0.1285
vn 0.8428 -0.3709 0.3900
vn 0.6209 0.7468 0.2381
vn 0.8714 -0.4905 0.0089
vn 0.0365 0.9930 0.1124
vn 0.6361 0.7612 0.1263
vn 0.8068 -0.5736 0.1420
vn 0.0138 -0.9840 0.1775
vn 0.3425 -0.9027 0.2604
vn 0.6733 0.7161 0.1839
vn 0.7445 0.6567 0.1199
vn 0.6606 0.5308 0.5309
vn -0.0000 0.9772 0.2125
vn -0.0257 0.9820 0.1872
vn -0.0220 0.9997 0.0082
vn 0.8576 -0.4985 -0.1265
vn 0.8147 -0.3617 0.4533
vn -0.0000 -0.9929 -0.1189
vn -0.0000 -0.8294 0.5587
vn -0.8477 -0.5183 -0.1131
vn -0.8182 -0.3715 0.4387
vn 0.0257 0.9820 0.1872
vn 0.0220 0.9997 0.0082
vn -0.0049 0.9310 0.3651
vn 0.6744 0.6730 0.3038
vn 0.9188 -0.3941 -0.0214
vn 0.0010 -0.9819 -0.1895
vn -0.8697 -0.4844 -0.0949
vn -0.6397 0.7183 0.2737
vn 0.1844 0.9498 0.2527
vn 0.0236 -0.9853 0.1690
vn 0.0011 -0.9949 0.1006
vn 0.0253 -0.9846 0.1727
vn 0.0996 0.9590 0.2654
vn 0.1461 0.9488 0.2801
vn -0.0000 0.9850 0.1725
vn 0.7033 0.7084 -0.0590
vn 0.6167 0.5459 0.5672
vn -0.6098 0.5470 0.5736
vn -0.6863 0.7272 -0.0122
vn 0.7906 -0.4996 -0.3541
vn 0.7602 0.6486 0.0364
vn -0.6947 0.7119 0.1030
vn -0.7614 -0.5528 -0.3387
vn -0.0000 0.9739 0.2270
vn -0.0000 -0.8923 -0.4514
vn 0.0993 0.9625 0.2522
vn 0.1222 0.9582 0.2588
vn 0.0365 -0.9871 0.1558
vn 0.0072 -0.9952 0.0971
vn 0.1554 0.9549 0.2529
vn 0.2083 0.9423 0.2620
vn 0.0551 -0.9916 0.1167
vn 0.0099 -0.9976 0.0687
vn 0.1489 0.9436 0.2958
vn 0.6262 0.7590 0.1782
vn 0.8256 -0.5643 -0.0046
vn 0.0289 -0.9995 0.0103
vn -0.0598 0.9802 0.1888
vn -0.0784 -0.9922 0.0969
vn -0.8843 -0.4670 -0.0018
vn -0.7451 0.6616 0.0843
vn 0.1020 0.8949 0.4345
vn -0.0081 -0.9981 0.0611
vn 0.1328 0.8910 0.4341
vn 0.1396 0.8864 0.4414
vn 0.2349 -0.9718 0.0202
vn 0.1092 -0.9912 0.0743
vn -0.0766 0.9214 0.3809
vn 0.2097 0.8789 0.4284
vn 0.6964 0.6870 0.2074
vn 0.8790 -0.4354 -0.1945
vn 0.5233 -0.8436 -0.1202
vn -0.3863 0.8792 0.2788
vn -0.5613 -0.8264 -0.0453
vn -0.9335 -0.3299 -0.1406
vn -0.8383 0.5439 0.0374
vn 0.0246 0.7898 0.6129
vn -0.0275 -0.9986 -0.0462
vn 0.1626 0.7607 0.6285
vn 0.2437 0.7886 0.5646
vn 0.3789 -0.9229 -0.0680
vn 0.1210 -0.9917 -0.0430
vn -0.3316 0.7917 0.5130
vn 0.3157 0.8053 0.5019
vn 0.7044 0.6674 0.2417
vn 0.9207 -0.3355 -0.1993
vn 0.6880 -0.7123 -0.1389
vn -0.7357 0.6113 0.2916
vn -0.6339 -0.7699 -0.0737
vn -0.9766 -0.2037 -0.0697
vn -0.9099 0.3927 0.1341
vn -0.2202 0.7163 0.6622
vn -0.0324 -0.9994 -0.0101
vn 0.1597 0.7042 0.6918
vn 0.4628 0.6866 0.5607
vn 0.4695 -0.8829 -0.0127
vn 0.1219 -0.9925 -0.0089
vn -0.7715 0.6132 0.1699
vn 0.9916 0.0964 -0.0866
vn 0.7767 0.5563 0.2955
vn 0.9729 -0.1562 -0.1706
vn 0.8313 -0.5484 -0.0906
vn -0.7400 0.6703 -0.0548
vn -0.6306 -0.7757 0.0230
vn -0.9897 -0.1430 0.0104
vn -0.9638 0.2390 0.1179
vn 0.5943 -0.8043 -0.0020
vn -0.7059 -0.7063 0.0544
vn 0.9602 0.2703 0.0705
vn 0.9946 0.0035 -0.1039
vn -0.9858 0.1317 0.1038
vn -0.9999 -0.0007 0.0142
vn 0.9994 -0.0327 -0.0100
vn 0.9772 0.2063 -0.0508
vn 0.8493 -0.1204 0.5141
vn 0.9942 -0.0104 0.1067
vn 0.9955 -0.0066 0.0949
vn 0.9787 0.1705 -0.1141
vn 0.9981 0.0540 -0.0308
vn -0.9992 -0.0181 -0.0356
vn -0.9978 0.0584 -0.0329
vn -0.9998 0.0101 0.0156
vn -0.9954 0.0430 -0.0859
vn -0.9917 -0.0239 -0.1262
vn -0.9936 0.0993 0.0543
vn -0.9929 -0.0259 -0.1159
vn -0.8243 -0.1284 0.5515
vn 0.9807 -0.1499 -0.1258
vn 0.9310 -0.3509 -0.1004
vn 0.1061 -0.9928 0.0565
vn -0.0054 -0.9982 0.0603
vn -0.1099 -0.8601 -0.4981
vn 0.0349 -0.8665 -0.4980
vn 0.3358 -0.8433 -0.4196
vn 0.4182 -0.9037 -0.0916
vn 0.2688 -0.9605 0.0722
vn -0.5506 -0.8186 -0.1634
vn -0.5544 -0.8311 -0.0425
vn -0.5968 -0.8020 0.0239
vn -0.6893 -0.6929 0.2115
vn -0.1644 -0.9806 0.1071
vn -0.4188 -0.8258 -0.3778
vn 0.0812 -0.9951 0.0565
vn 0.0971 -0.9907 -0.0950
vn -0.3180 -0.9375 0.1417
vn -0.0125 -0.9999 -0.0018
vn -0.0720 -0.9960 -0.0537
vn -0.1199 -0.9896 -0.0793
vn 0.7598 0.5729 0.3073
vn 0.4119 0.4018 0.8179
vn 0.8903 0.4544 -0.0305
vn 0.7029 0.7112 -0.0130
vn 0.7417 0.5540 -0.3781
vn 0.7495 0.1934 -0.6332
vn -0.0342 -0.7648 -0.6433
vn -0.2332 -0.5495 -0.8023
vn -0.2983 -0.9539 0.0335
vn -0.5768 -0.8165 0.0242
vn -0.0014 -0.7238 0.6900
vn -0.2288 -0.3656 0.9022
vn 0.4239 0.4749 0.7712
vn 0.4651 0.3980 0.7907
vn 0.6785 0.7335 -0.0407
vn 0.6536 0.7559 -0.0372
vn 0.4285 0.3535 -0.8315
vn 0.3868 0.4311 -0.8152
vn -0.2631 -0.4412 -0.8580
vn -0.3220 -0.4370 -0.8399
vn -0.6093 -0.7921 0.0365
vn -0.5983 -0.8005 0.0338
vn -0.2225 -0.3987 0.8897
vn -0.2845 -0.3913 0.8752
vn 0.3817 -0.9237 0.0327
vn 0.1651 -0.9859 0.0273
vn 0.4425 0.4253 0.7895
vn 0.6911 0.7216 -0.0397
vn 0.4035 0.3809 -0.8319
vn -0.3002 -0.4245 -0.8542
vn -0.6108 -0.7910 0.0351
vn -0.2610 -0.3795 0.8876
vn 0.4461 0.4615 0.7668
vn 0.6638 0.7468 -0.0401
vn 0.4091 0.4158 -0.8122
vn -0.3129 -0.4208 -0.8514
vn -0.6320 -0.7742 0.0347
vn -0.2722 -0.3767 0.8855
vn 0.8772 0.4791 -0.0325
vn 0.7827 0.5292 -0.3277
vn -0.2586 -0.5093 -0.8208
vn -0.5019 -0.8642 0.0350
vn -0.2208 -0.4614 0.8593
vn 0.8024 0.5379 0.2586
vn 0.6973 0.7157 -0.0390
vn 0.3861 0.3837 -0.8389
vn -0.3033 -0.4115 -0.8594
vn -0.6067 -0.7941 0.0362
vn -0.2657 -0.3661 0.8918
vn 0.4259 0.4259 0.7982
vn 0.6728 0.7388 -0.0390
vn 0.3706 0.4185 -0.8292
vn -0.3261 -0.3945 -0.8591
vn -0.6288 -0.7767 0.0361
vn -0.2881 -0.3491 0.8917
vn 0.4099 0.4605 0.7874
vn 0.9087 -0.4167 -0.0275
vn 0.6768 -0.1999 0.7085
vn 0.6385 -0.2383 -0.7318
vn 0.4660 0.3383 -0.8176
vn 0.5047 0.3842 0.7731
vn 0.8414 0.5391 -0.0391
vn 0.5616 0.4602 0.6876
vn 0.6770 0.7344 -0.0486
vn 0.6881 0.4135 -0.5963
vn -0.2295 -0.8905 -0.3929
vn -0.6159 -0.7871 0.0346
vn -0.2318 -0.9648 0.1241
vn 0.4286 0.3535 -0.8315
vn 0.4521 0.4186 0.7876
vn 0.6930 0.7194 -0.0472
vn -0.2629 -0.3889 0.8830
vn -0.3129 -0.4209 -0.8514
vn 0.8772 0.4791 -0.0324
vn -0.2657 -0.3661 0.8919
vn -0.2882 -0.3491 0.8917
vn 0.9087 -0.4166 -0.0275
vn 0.4660 0.3383 -0.8175
vn 0.7598 0.5729 0.3074
vn 0.8705 0.2840 0.4019
vn 0.6942 0.7162 -0.0721
vn 0.6269 0.4324 -0.6481
vn -0.2551 -0.9448 -0.2057
vn -0.6283 -0.7761 0.0545
vn -0.2495 -0.6620 0.7068
vn 0.6536 0.7559 -0.0371
vn 0.4285 0.3534 -0.8315
vn 0.3817 -0.9237 0.0326
vn 0.8024 0.5379 0.2587
vn 0.8329 0.2416 0.4979
vn 0.7002 0.7108 -0.0664
vn 0.3900 0.3584 -0.8482
vn -0.3113 -0.4156 -0.8546
vn -0.6461 -0.7624 0.0362
vn -0.2476 -0.5861 0.7715
vn -0.3220 -0.4370 -0.8398
vn 0.4035 0.3809 -0.8320
vn 0.4461 0.4615 0.7669
vn 0.8023 0.5379 0.2587
vn -0.3261 -0.3944 -0.8591
vn 0.8413 0.5391 -0.0391
vn 0.6386 0.1258 0.7591
vn 0.9434 0.0404 0.3292
vn 0.9771 0.1736 -0.1232
vn 0.0862 -0.7477 -0.6584
vn -0.4460 -0.8781 -0.1733
vn -0.2915 -0.7764 0.5587
vn 0.2144 0.2800 0.9358
vn 0.2696 0.0931 0.9584
vn 0.8601 0.3119 0.4036
vn 0.7802 0.4990 0.3772
vn 0.7321 0.0906 -0.6751
vn 0.7760 0.2825 -0.5639
vn -0.0988 -0.3209 -0.9419
vn -0.1887 -0.3299 -0.9250
vn -0.7949 -0.5443 -0.2680
vn -0.7730 -0.5654 -0.2878
vn -0.5863 -0.3318 0.7390
vn -0.6838 -0.3177 0.6568
vn 0.2858 -0.9459 0.1536
vn 0.0066 -0.9997 0.0215
vn 0.0248 0.2514 0.9676
vn -0.1530 -0.6147 -0.7738
vn -0.7460 -0.6362 -0.1967
vn -0.6652 -0.2216 0.7130
vn 0.1987 0.2617 0.9445
vn 0.7634 0.5131 0.3925
vn 0.7490 0.2905 -0.5954
vn -0.2024 -0.3138 -0.9277
vn -0.8073 -0.5185 -0.2817
vn -0.6879 -0.2733 0.6724
vn 0.8796 0.2998 0.3692
vn 0.9772 0.1806 -0.1114
vn -0.0681 -0.4457 -0.8926
vn -0.6684 -0.7024 -0.2448
vn -0.5757 -0.4548 0.6795
vn 0.6034 0.2486 0.7577
vn 0.6756 0.0013 0.7373
vn 0.6447 -0.6447 -0.4107
vn -0.1325 -0.3976 -0.9079
vn -0.7555 -0.5979 -0.2677
vn -0.5442 -0.3354 0.7690
vn 0.1267 0.1148 0.9853
vn 0.7667 0.5037 0.3980
vn 0.7279 0.3191 -0.6068
vn -0.1839 -0.2849 -0.9407
vn -0.7957 -0.5313 -0.2909
vn -0.6709 -0.2680 0.6915
vn 0.1861 0.3066 0.9335
vn 0.6747 -0.6940 0.2512
vn 0.2665 -0.4696 0.8417
vn 0.7538 -0.5151 -0.4079
vn 0.7911 0.1366 -0.5963
vn 0.2157 0.2129 0.9530
vn 0.8818 0.3316 0.3354
vn 0.5123 0.4089 0.7552
vn 0.7291 0.6800 0.0780
vn 0.7359 0.6670 0.1169
vn -0.6527 -0.7412 -0.1571
vn -0.5437 -0.8265 -0.1458
vn 0.1239 -0.3866 0.9139
vn 0.6760 0.7367 -0.0165
vn 0.7240 0.6735 -0.1491
vn -0.6565 -0.7474 0.1016
vn -0.6623 -0.7487 0.0296
vn 0.5244 0.4937 0.6937
vn 0.6950 0.7054 -0.1393
vn 0.7097 0.6774 -0.1935
vn -0.6762 -0.7262 0.1240
vn -0.6730 -0.7346 0.0859
vn 0.6806 0.6789 0.2754
vn 0.7030 0.7006 -0.1218
vn 0.3604 0.3862 -0.8491
vn -0.4460 -0.4072 -0.7970
vn -0.7125 -0.6925 0.1128
vn 0.7339 0.6789 -0.0206
vn -0.3958 -0.9122 -0.1062
vn -0.3784 -0.7026 -0.6027
vn 0.7207 0.6661 -0.1922
vn -0.6451 -0.7597 -0.0816
vn -0.4379 -0.8957 0.0780
vn 0.6602 0.6758 -0.3276
vn 0.2359 0.3692 -0.8989
vn -0.5625 -0.5136 -0.6479
vn 0.4365 0.6472 0.6250
vn 0.6000 0.7449 0.2917
vn 0.7304 0.6827 0.0197
vn -0.6379 -0.7661 -0.0778
vn -0.8344 -0.5503 0.0296
vn -0.6915 0.1242 0.7116
vn 0.6947 0.6806 -0.2329
vn -0.6183 -0.7153 -0.3256
vn -0.6602 -0.7336 -0.1611
vn 0.5755 0.6723 -0.4657
vn 0.1668 0.2874 -0.9432
vn -0.4052 -0.3223 -0.8555
vn 0.5044 -0.2287 0.8326
vn 0.0569 0.4210 0.9053
vn 0.0422 0.5121 0.8579
vn 0.3430 0.5435 0.7662
vn 0.3867 0.2469 0.8885
vn -0.2116 -0.9757 0.0575
vn -0.7211 -0.0621 0.6901
vn -0.7095 -0.6412 -0.2924
vn -0.0864 -0.5967 -0.7978
vn -0.1308 -0.7910 -0.5977
vn -0.3625 -0.6027 -0.7108
vn -0.3207 -0.9470 0.0169
vn -0.2728 -0.9582 -0.0860
vn -0.4246 -0.9021 -0.0773
vn -0.5361 -0.7546 -0.3785
vn -0.5311 -0.7338 0.4235
vn -0.3730 -0.5945 0.7123
vn -0.0987 -0.3111 0.9452
vn -0.3555 -0.5412 -0.7620
vn -0.0817 -0.1955 -0.9773
vn 0.3407 0.5088 0.7906
vn 0.5901 0.5796 0.5620
vn 0.7724 0.6264 -0.1049
vn 0.6944 0.6277 -0.3518
vn 0.5157 0.6563 -0.5508
vn 0.1154 0.4860 -0.8663
vn -0.3904 0.2497 0.8861
vn -0.8626 -0.5035 -0.0486
vn -0.8720 -0.3498 0.3423
vn -0.8197 -0.3011 -0.4873
vn -0.8423 -0.4806 -0.2441
vn -0.4982 0.1266 -0.8578
vn 0.0313 0.3382 -0.9405
vn 0.3563 0.4937 -0.7933
vn 0.6066 0.5922 -0.5304
vn 0.1481 0.2414 0.9591
vn 0.4024 0.5076 0.7619
vn 0.5346 0.6242 0.5697
vn 0.6816 0.7069 -0.1890
vn 0.6569 0.7491 0.0859
vn 0.5864 0.6649 0.4627
vn 0.6279 0.7118 0.3146
vn -0.7437 -0.6685 0.0021
vn -0.7270 -0.6069 -0.3213
vn -0.6948 -0.5680 0.4411
vn -0.5428 -0.4104 0.7327
vn -0.2315 -0.0988 0.9678
vn -0.6605 -0.3931 -0.6397
vn -0.3524 0.0296 -0.9354
vn 0.6919 0.6096 0.3870
vn 0.7262 0.6134 0.3105
vn 0.6600 0.6141 0.4327
vn 0.7594 0.6271 0.1733
vn 0.2663 -0.1587 0.9507
vn -0.0000 -0.1517 0.9884
vn 0.3765 0.1111 0.9197
vn -0.0000 0.1962 0.9806
vn 0.8588 -0.1502 0.4898
vn 0.8106 0.1757 0.5587
vn 0.9258 -0.2072 0.3163
vn 0.8975 0.3017 0.3217
vn 0.4359 0.5400 0.7200
vn -0.0000 0.6922 0.7217
vn 0.6597 0.4266 0.6188
vn 0.5428 0.7230 0.4273
vn 0.7506 -0.3952 0.5295
vn 0.6668 -0.6172 0.4176
vn 0.5117 -0.2278 0.8284
vn 0.3450 -0.7151 0.6080
vn 0.4080 -0.4412 0.7993
vn 0.2378 -0.6804 0.6931
vn 0.6211 -0.2774 0.7330
vn 0.2736 -0.6153 0.7393
vn 0.7374 -0.1494 0.6587
vn 0.4136 -0.4905 0.7670
vn 0.8047 -0.0779 0.5885
vn 0.2566 -0.5308 0.8077
vn 0.8555 -0.0751 0.5124
vn 0.0069 -0.4555 0.8902
vn 0.7471 0.4195 0.5155
vn 0.8741 0.2509 0.4160
vn 0.8895 -0.0696 0.4515
vn -0.2459 0.2237 0.9431
vn 0.7687 -0.1301 0.6262
vn -0.1645 0.6502 0.7417
vn 0.5754 -0.1628 0.8015
vn 0.1331 0.8794 0.4571
vn 0.5070 0.0739 0.8588
vn 0.3093 0.8021 0.5109
vn 0.6511 0.2765 0.7068
vn 0.3337 0.7380 0.5866
vn 0.7367 0.3444 0.5820
vn 0.6916 -0.2291 0.6850
vn 0.6707 0.4522 0.5879
vn 0.4547 -0.3109 0.8346
vn 0.2024 -0.3988 0.8944
vn 0.3752 -0.4421 0.8147
vn 0.5474 -0.2843 0.7871
vn 0.6594 -0.2102 0.7218
vn 0.7381 -0.0820 0.6697
vn 0.7933 -0.0254 0.6083
vn 0.8204 -0.0004 0.5718
vn 0.8335 -0.0095 0.5524
vn 0.6860 -0.0944 0.7214
vn 0.5314 -0.1240 0.8380
vn 0.4269 0.0669 0.9018
vn 0.4287 0.2944 0.8542
vn 0.5628 0.3118 0.7655
vn 0.3125 0.6370 0.7046
vn 0.6142 -0.2552 0.7468
vn 0.2095 -0.4649 0.8602
vn 0.1042 -0.3189 0.9420
vn 0.2467 -0.1627 0.9553
vn 0.5014 -0.0720 0.8622
vn 0.6589 -0.0567 0.7501
vn 0.6949 -0.0700 0.7157
vn 0.7030 -0.0153 0.7111
vn 0.8931 -0.0291 0.4490
vn 0.7060 0.0685 0.7049
vn 0.5499 0.0594 0.8331
vn 0.4615 0.0409 0.8862
vn 0.4083 0.2153 0.8871
vn 0.2897 0.4487 0.8454
vn 0.9993 -0.0286 -0.0233
vn 0.9492 0.3103 -0.0520
vn 0.7799 0.6178 -0.1003
vn 0.9082 -0.4176 0.0279
vn 0.5867 -0.8021 0.1115
vn 0.2392 -0.9518 0.1920
vn 0.0053 -0.9573 0.2892
vn -0.1141 -0.9020 0.4165
vn -0.4418 -0.8116 0.3823
vn -0.7766 -0.4948 0.3899
vn 0.9595 0.0746 0.2718
vn -0.9601 0.1660 0.2250
vn -0.6927 0.6903 -0.2088
vn -0.2874 0.8952 -0.3407
vn 0.0497 0.9859 -0.1595
vn 0.4739 0.8747 -0.1021
vn 0.7840 -0.0638 0.6174
vn 0.5155 0.6357 0.5746
vn -0.0000 0.7598 0.6502
vn 0.7292 0.4195 0.5406
vn 0.7533 -0.6572 0.0228
vn 0.7390 0.2637 0.6199
vn 0.5844 -0.0258 0.8110
vn -0.0000 -0.3018 0.9534
vn 0.6160 -0.2535 0.7458
vn 0.6259 0.1986 0.7542
vn -0.0000 0.2415 0.9704
vn 0.4809 0.0221 0.8765
vn 0.7014 -0.0934 0.7066
vn 0.7910 0.1931 0.5805
vn 0.6544 -0.1909 0.7316
vn 0.5078 -0.3752 0.7755
vn -0.0000 -0.4530 0.8915
vn 0.5258 -0.6053 0.5976
vn -0.0000 -0.6842 0.7293
vn 0.7524 -0.4319 0.4973
vn 0.4184 -0.7538 0.5067
vn -0.0000 -0.8510 0.5251
vn 0.8283 -0.4294 0.3599
vn 0.3909 -0.6397 0.6618
vn -0.0000 -0.7630 0.6464
vn 0.5543 -0.3214 0.7678
vn 0.7698 -0.4484 0.4543
vn 0.2844 -0.2886 0.9142
vn 0.5746 -0.2468 0.7803
vn 0.1702 -0.3674 0.9143
vn -0.0000 -0.3915 0.9202
vn 0.5464 -0.0616 0.8353
vn 0.1133 -0.4065 0.9066
vn -0.0000 -0.5400 0.8417
vn 0.5167 0.0259 0.8558
vn 0.0845 -0.2541 0.9635
vn -0.0000 -0.2797 0.9601
vn 0.4837 -0.0673 0.8726
vn 0.1517 -0.1259 0.9804
vn -0.0000 -0.2525 0.9676
vn 0.3611 -0.5509 0.7524
vn 0.1420 -0.6546 0.7425
vn -0.0000 -0.7124 0.7018
vn 0.1960 0.3447 0.9180
vn -0.0580 0.3874 0.9201
vn -0.0000 0.4153 0.9097
vn 0.2560 -0.0678 0.9643
vn -0.0026 -0.0533 0.9986
vn -0.0000 -0.0292 0.9996
vn 0.3561 -0.7435 0.5661
vn 0.1390 -0.7885 0.5991
vn -0.0000 -0.8001 0.5998
vn 0.7646 0.2175 0.6067
vn 0.7308 0.2417 0.6384
vn 0.6881 -0.0054 0.7256
vn 0.4951 -0.5458 0.6759
vn 0.4529 -0.0749 0.8884
vn 0.5212 -0.2602 0.8128
vn 0.5764 -0.6699 0.4679
vn 0.9001 0.0887 0.4266
vn 0.8396 0.0414 0.5416
vn 0.7877 -0.0596 0.6132
vn 0.3957 -0.7267 0.5616
vn 0.3041 -0.6746 0.6727
vn 0.6897 -0.4377 0.5768
vn 0.7305 -0.5826 0.3563
vn 0.1769 -0.5976 0.7820
vn -0.0000 -0.5232 0.8522
vn 0.4891 -0.7552 0.4364
vn 0.8142 -0.2676 0.5152
vn -0.0000 -0.8304 0.5571
vn 0.0923 -0.8173 0.5688
vn 0.2589 -0.7613 0.5945
vn 0.4457 -0.6776 0.5850
vn 0.3639 -0.4944 0.7894
vn 0.7598 -0.0501 0.6482
vn 0.8546 0.0183 0.5190
vn 0.6745 -0.5022 0.5411
vn 0.4504 -0.6783 0.5806
vn 0.3809 -0.5751 0.7240
vn 0.2228 -0.3658 0.9036
vn -0.0000 -0.2601 0.9656
vn 0.7814 -0.2365 0.5776
vn 0.7239 -0.4558 0.5179
vn 0.5169 -0.7279 0.4504
vn 0.5183 -0.6731 0.5275
vn 0.4291 -0.6079 0.6681
vn -0.0000 -0.6994 0.7147
vn 0.5582 0.2683 0.7851
vn 0.7728 -0.1101 0.6250
vn 0.5156 0.0919 0.8519
vn 0.5212 -0.1810 0.8340
vn 0.4635 0.4482 0.7644
vn 0.5619 0.5296 0.6355
vn 0.6778 0.2694 0.6841
vn 0.5999 -0.1453 0.7868
vn 0.5150 -0.3348 0.7891
vn 0.6775 -0.2853 0.6780
vn 0.6223 -0.2010 0.7565
vn 0.8358 -0.1997 0.5114
vn 0.9292 -0.1423 0.3410
vn 0.9876 -0.0888 0.1294
vn 0.9090 -0.1058 0.4032
vn 0.8569 -0.0495 0.5132
vn 0.7887 -0.0535 0.6124
vn 0.6961 -0.0730 0.7143
vn 0.5175 -0.1380 0.8445
vn 0.4484 -0.1366 0.8833
vn 0.8719 -0.3113 0.3779
vn 0.9515 -0.2055 0.2287
vn 0.9485 -0.1176 0.2943
vn 0.7267 0.0090 0.6868
vn 0.5575 0.0109 0.8301
vn 0.3691 0.0454 0.9283
vn 0.2479 0.0624 0.9668
vn 0.2436 -0.0997 0.9648
vn -0.0000 0.0681 0.9977
vn -0.0000 -0.1017 0.9948
vn 0.6489 -0.0325 0.7602
vn 0.8662 -0.4326 0.2500
vn 0.9555 -0.2749 0.1066
vn 0.5890 0.5306 0.6095
vn 0.4885 0.5908 0.6421
vn 0.2802 0.6378 0.7174
vn 0.1831 0.6800 0.7100
vn -0.0000 0.6786 0.7345
vn 0.8898 -0.4363 -0.1337
vn 0.9964 -0.0798 0.0277
vn 0.9781 0.1657 0.1261
vn 0.8858 0.4282 0.1789
vn 0.7079 0.6666 0.2336
vn 0.5159 0.8138 0.2674
vn 0.3854 0.8818 0.2718
vn 0.2371 0.9340 0.2672
vn 0.1542 0.9449 0.2889
vn -0.0000 0.9565 0.2917
vn 0.8478 0.0720 0.5254
vn 0.9353 0.0130 0.3536
vn 0.7378 -0.1302 0.6623
vn 0.9692 -0.0954 0.2272
vn 0.7446 0.1493 0.6506
vn 0.8754 -0.3558 0.3274
vn 0.9528 -0.2321 0.1955
vn 0.5794 0.1981 0.7906
vn 0.4895 0.2154 0.8450
vn 0.3322 0.2433 0.9113
vn 0.2207 0.2621 0.9395
vn -0.0000 0.2747 0.9615
vn 0.7509 -0.3285 0.5729
vn 0.5562 -0.7936 0.2467
vn 0.4448 -0.8413 -0.3073
vn -0.0000 -0.5582 0.8297
vn 0.4806 -0.6676 0.5686
vn 0.6679 -0.6583 0.3472
vn 0.6241 -0.7160 -0.3127
vn 0.4327 -0.8984 -0.0758
vn 0.3856 -0.9007 0.2001
vn -0.0000 -0.9989 0.0479
vn 0.2582 -0.8885 -0.3795
vn 0.2832 -0.9501 -0.1309
vn -0.0000 -0.9291 0.3699
vn -0.0000 -0.9914 -0.1309
vn 0.2740 -0.9112 -0.3077
vn 0.9144 -0.2452 -0.3222
vn -0.0000 -0.9385 -0.3452
vn 0.0351 -0.7591 -0.6501
vn 0.9361 -0.2853 -0.2058
vn 0.7765 -0.5058 -0.3759
vn 0.8776 -0.2420 -0.4138
vn 0.9976 -0.0632 -0.0295
vn 0.9539 -0.2910 -0.0737
vn 0.9921 -0.1198 -0.0362
vn 0.9625 -0.2551 0.0927
vn 0.9853 -0.1693 -0.0213
vn 0.9728 -0.1670 0.1606
vn 0.9566 -0.2871 -0.0505
vn 0.9702 -0.2408 -0.0254
vn 0.7324 -0.6806 -0.0161
vn 0.6667 -0.7104 -0.2255
vn 0.9553 -0.2946 -0.0237
vn 0.9769 0.2128 -0.0215
vn 0.8557 0.5128 -0.0694
vn 0.6558 0.7473 -0.1065
vn 0.4478 0.8862 -0.1192
vn 0.3277 0.9376 -0.1164
vn 0.2631 0.9572 -0.1205
vn 0.1712 0.9793 -0.1081
vn -0.0000 0.9941 -0.1086
vn 0.9434 0.1503 -0.2957
vn 0.7470 0.3718 -0.5511
vn 0.5044 0.4720 -0.7231
vn 0.3594 0.4825 -0.7988
vn 0.2941 0.4840 -0.8242
vn 0.2272 0.4847 -0.8446
vn 0.1425 0.4924 -0.8586
vn -0.0000 0.5013 -0.8653
vn 0.9090 -0.0209 -0.4163
vn 0.6609 0.0806 -0.7461
vn 0.3624 0.1227 -0.9239
vn 0.2648 0.1221 -0.9566
vn 0.2218 0.1169 -0.9681
vn 0.1565 0.1171 -0.9807
vn 0.0074 0.1036 -0.9946
vn -0.0138 0.1069 -0.9942
vn 0.8284 -0.3081 -0.4678
vn 0.5525 -0.3344 -0.7635
vn 0.2501 -0.3433 -0.9053
vn 0.1716 -0.3357 -0.9262
vn 0.1320 -0.3308 -0.9344
vn 0.0858 -0.3239 -0.9422
vn -0.1141 -0.3272 -0.9380
vn -0.4400 -0.2550 -0.8610
vn 0.5931 -0.7472 -0.2999
vn 0.3590 -0.7829 -0.5082
vn 0.1307 -0.7973 -0.5893
vn 0.0841 -0.7885 -0.6092
vn 0.0335 -0.7962 -0.6041
vn 0.0291 -0.7809 -0.6239
vn -0.0321 -0.7791 -0.6261
vn -0.0160 -0.7508 -0.6603
vn 0.9967 0.0414 0.0697
vn 0.5240 -0.6057 0.5988
vn 0.8114 -0.2445 -0.5309
vn 0.3902 -0.8847 -0.2552
vn 0.9875 -0.0112 0.1572
vn 0.6161 -0.5535 0.5604
vn 0.9646 -0.1880 0.1849
vn 0.8870 -0.2739 0.3717
vn 0.9260 -0.3772 0.0122
vn 0.4497 0.0308 0.8926
vn 0.8453 -0.4730 0.2483
vn 0.6788 0.5165 0.5220
vn 0.7470 -0.5606 0.3574
vn 0.8061 0.5377 0.2471
vn 0.9763 -0.1201 0.1798
vn 0.8876 0.4344 -0.1536
vn 0.9594 -0.1653 0.2286
vn 0.8930 -0.0104 -0.4499
vn 0.8626 -0.2291 0.4510
vn 0.8497 -0.3142 -0.4234
vn 0.7590 -0.0944 0.6442
vn 0.7760 -0.4835 -0.4051
vn 0.7866 0.0032 0.6175
vn 0.7352 -0.6034 -0.3088
vn 0.9469 -0.0719 0.3134
vn 0.6631 -0.7058 -0.2493
vn 0.8988 -0.2685 0.3465
vn 0.5085 -0.8608 -0.0229
vn 0.8919 -0.2726 0.3607
vn 0.3558 -0.8634 0.3577
vn 0.8798 -0.2630 0.3960
vn 0.2346 -0.6219 0.7472
vn 0.3922 -0.0841 0.9160
vn 0.2998 -0.2549 0.9193
vn 0.5393 -0.4684 0.6999
vn 0.6844 -0.0450 0.7277
vn 0.9756 0.0359 0.2164
vn 0.9508 0.2397 0.1963
vn 0.8869 -0.0654 0.4573
vn 0.8986 -0.2285 0.3745
vn 0.8561 -0.2995 0.4212
vn 0.9231 -0.3036 0.2361
vn 0.8651 -0.2240 0.4487
vn 0.8755 -0.4501 -0.1759
vn 0.8368 -0.1018 0.5379
vn 0.7760 -0.6028 -0.1857
vn 0.8603 0.1008 0.4997
vn 0.9647 -0.2571 0.0577
vn 0.9604 0.0682 0.2703
vn 0.9034 -0.2443 0.3525
vn 0.8545 -0.3499 0.3840
vn 0.9011 -0.2442 0.3583
vn 0.9792 -0.0297 0.2009
vn 0.8953 -0.2295 0.3817
vn 0.9858 -0.1507 0.0742
vn 0.4132 -0.0345 0.9100
vn 0.8706 -0.4919 0.0099
vn 0.4428 0.0249 0.8963
vn 0.8886 -0.2609 0.3772
vn 0.4839 -0.0189 0.8749
vn 0.9783 -0.1504 0.1422
vn 0.4210 -0.0227 0.9068
vn 0.9037 0.3213 0.2830
vn 0.6951 -0.5471 0.4663
vn 0.7277 0.4022 0.5556
vn 0.4364 -0.5404 0.7194
vn 0.8929 -0.4351 0.1156
vn 0.4830 0.2963 0.8240
vn 0.9877 -0.0258 0.1542
vn 0.5398 -0.5536 0.6341
vn 0.9888 -0.1008 0.1097
vn 0.4657 -0.6820 0.5638
vn 0.9640 0.2648 0.0257
vn 0.6835 -0.5348 0.4969
vn 0.9230 0.1312 -0.3617
vn 0.9876 -0.1467 -0.0562
vn 0.3673 -0.6685 -0.6467
vn 0.4750 -0.8799 -0.0119
vn 0.3892 -0.8813 0.2679
vn 0.7095 -0.5624 0.4247
vn 0.9420 -0.1964 0.2721
vn 0.6666 -0.1792 0.7235
vn 0.3158 0.1751 0.9325
vn -0.2258 0.7123 0.6646
vn 0.3179 0.9035 0.2874
vn 0.5658 -0.4340 0.7011
vn 0.6918 -0.6913 0.2087
vn 0.8937 -0.1655 0.4171
vn 0.9075 -0.2489 0.3383
vn 0.1107 0.1011 0.9887
vn 0.8701 -0.2774 0.4074
vn 0.7537 -0.4009 0.5208
vn 0.9121 -0.3588 0.1981
vn 0.8245 -0.1965 0.5306
vn 0.9618 -0.2517 0.1078
vn 0.7949 -0.0596 0.6038
vn -0.5281 -0.2968 -0.7956
vn 0.6926 0.1630 0.7027
vn 0.1092 -0.2791 -0.9540
vn 0.8674 0.4860 -0.1071
vn -0.3849 -0.8622 0.3293
vn 0.9519 0.1852 0.2441
vn 0.9698 0.0576 -0.2370
vn 0.8188 -0.5619 -0.1176
vn 0.5795 -0.2229 0.7839
vn 0.8280 0.4042 -0.3885
vn 0.9064 0.2941 0.3031
vn 0.7289 -0.5088 0.4581
vn 0.8602 0.0581 0.5066
vn -0.2191 -0.3993 0.8903
vn 0.7117 -0.6844 -0.1587
vn 0.8187 -0.5606 0.1244
vn 0.8347 -0.1040 0.5408
vn 0.8743 -0.2000 0.4422
vn 0.8472 -0.2527 0.4673
vn 0.4924 -0.8682 0.0623
vn 0.8480 -0.1062 0.5193
vn 0.6970 -0.7136 -0.0705
vn 0.8627 -0.4098 -0.2963
vn 0.9343 0.2601 -0.2438
vn -0.2347 -0.5221 -0.8200
vn -0.0179 -0.1304 -0.9913
vn -0.3259 0.6683 -0.6687
vn 0.9859 0.1667 0.0167
vn 0.8643 0.4221 0.2737
vn 0.9427 0.1438 0.3010
vn -0.2251 0.5185 -0.8249
vn -0.4773 0.8504 -0.2215
vn -0.2201 0.8667 0.4477
vn -0.2787 0.2878 0.9163
vn -0.1975 0.9465 0.2551
vn -0.0885 0.9892 -0.1167
vn 0.0458 0.8080 -0.5874
vn 0.0551 -0.1212 -0.9911
vn -0.0386 -0.5923 -0.8048
vn -0.6206 0.2000 0.7582
vn -0.2546 0.2142 0.9430
vn -0.3091 0.6612 0.6836
vn 0.0841 0.2863 -0.9544
vn 0.0185 -0.3468 -0.9378
vn -0.1862 -0.7506 -0.6339
vn -0.4312 -0.7772 -0.4582
vn -0.3948 -0.9187 0.0077
vn -0.8037 -0.5418 0.2458
vn -0.6771 0.0289 0.7353
vn -0.5730 0.3041 0.7610
vn -0.2188 0.2303 0.9482
vn -0.1709 0.2253 0.9592
vn 0.8610 0.0871 0.5010
vn 0.7856 0.6163 0.0550
vn 0.6933 0.6597 -0.2900
vn 0.6335 0.5162 -0.5763
vn 0.5355 0.0794 -0.8408
vn 0.3731 -0.2432 -0.8954
vn 0.1662 -0.5265 -0.8338
vn -0.0671 -0.7725 -0.6315
vn -0.0587 -0.8132 -0.5790
vn -0.1368 -0.7819 -0.6082
vn -0.1423 -0.9883 0.0544
vn -0.7390 -0.2971 0.6046
vn -0.9446 0.0795 0.3185
vn -0.9438 0.1670 -0.2851
vn -0.9357 0.1294 0.3282
vn -0.5736 0.3123 0.7573
vn -0.0977 -0.4768 -0.8736
vn 0.8517 0.3586 0.3822
vn 0.9775 -0.2071 -0.0408
vn 0.9944 -0.0893 -0.0562
vn 0.1720 0.8117 -0.5582
vn 0.8261 0.4837 -0.2892
vn 0.6091 0.6665 -0.4299
vn 0.3265 0.7739 -0.5426
vn 0.4202 0.7493 -0.5118
vn -0.0000 0.8320 -0.5547
vn 0.2760 0.7915 -0.5453
vn 0.9693 0.2002 -0.1430
vn -0.6262 -0.7794 -0.0217
vn -0.5983 -0.7121 -0.3673
vn -0.5981 -0.7997 0.0522
vn -0.4413 -0.8789 -0.1813
vn -0.6861 -0.5816 -0.4370
vn -0.7765 -0.5686 -0.2716
vn -0.6196 -0.7177 -0.3178
vn -0.4295 -0.6724 -0.6028
vn -0.2133 -0.6171 -0.7574
vn -0.1049 -0.5762 -0.8106
vn -0.0825 -0.5697 -0.8177
vn -0.8226 -0.3093 0.4771
vn -0.9480 -0.2811 -0.1490
vn -0.7421 -0.2585 0.6185
vn -0.6786 -0.3424 0.6498
vn -0.8112 -0.0587 -0.5818
vn -0.8490 -0.0384 -0.5271
vn -0.8392 -0.0544 -0.5410
vn -0.6290 -0.0155 -0.7773
vn -0.3325 0.0295 -0.9426
vn -0.1715 0.0624 -0.9832
vn -0.1085 0.0779 -0.9910
vn -0.2070 0.5724 -0.7934
vn -0.2464 0.5918 -0.7675
vn -0.2351 0.6042 -0.7613
vn -0.2501 0.5969 -0.7623
vn -0.3261 0.7865 -0.5244
vn -0.4929 0.8611 -0.1249
vn -0.3006 0.4872 0.8200
vn -0.3848 0.5475 0.7431
vn -0.5030 0.7939 0.3417
vn -0.3639 0.6417 0.6752
vn -0.8269 -0.0505 0.5601
vn -0.9989 0.0228 0.0398
vn -0.7163 -0.1051 0.6899
vn -0.5862 -0.1761 0.7908
vn -0.8751 0.1080 -0.4717
vn -0.8189 0.1613 -0.5508
vn -0.7949 0.1599 -0.5852
vn -0.6222 0.1395 -0.7704
vn -0.3811 0.1266 -0.9158
vn -0.2391 0.1490 -0.9595
vn -0.1509 0.1786 -0.9723
vn -0.7370 0.1005 0.6683
vn -0.9174 0.3350 0.2147
vn -0.6501 -0.0442 0.7585
vn -0.5669 -0.0914 0.8187
vn -0.8168 0.4847 -0.3130
vn -0.7018 0.4572 -0.5464
vn -0.6065 0.3700 -0.7037
vn -0.4602 0.2957 -0.8371
vn -0.3665 0.2613 -0.8930
vn -0.3014 0.2948 -0.9068
vn -0.2151 0.3320 -0.9184
vn -0.1888 0.5800 -0.7924
vn 0.0999 0.8020 0.5889
vn 0.0985 0.8903 0.4446
vn -0.0241 0.9218 0.3869
vn -0.0019 0.9183 0.3959
vn -0.0909 0.9406 0.3270
vn -0.0869 0.9235 0.3737
vn -0.1245 0.9466 0.2973
vn -0.1844 0.9709 0.1526
vn -0.2090 0.9756 -0.0680
vn -0.1763 0.9321 -0.3163
vn -0.1122 0.8339 -0.5404
vn -0.0644 0.8110 -0.5815
vn -0.0612 0.7504 -0.6581
vn -0.2024 0.9760 -0.0806
vn -0.0617 0.7565 -0.6511
vn -0.1649 0.8871 -0.4311
vn -0.1073 0.8942 0.4346
vn -0.0844 0.7519 -0.6538
vn -0.1749 0.9542 0.2428
vn -0.0517 0.7401 -0.6705
vn -0.3119 0.9289 0.1997
vn -0.2479 0.9061 0.3428
vn -0.3504 0.9204 0.1733
vn -0.4105 0.9087 0.0755
vn -0.4217 0.9062 -0.0319
vn -0.3974 0.9061 -0.1452
vn -0.3263 0.8999 -0.2893
vn -0.2472 0.8845 -0.3957
vn -0.1951 0.7329 -0.6517
vn 0.2252 0.7635 0.6052
vn 0.1190 0.7527 0.6475
vn -0.0172 0.7437 0.6683
vn -0.1235 0.7870 0.6045
vn -0.2366 0.7700 0.5925
vn 0.0611 0.6009 0.7970
vn 0.0405 0.5541 0.8314
vn -0.0697 0.5062 0.8596
vn -0.1451 0.5036 0.8516
vn -0.2257 0.5087 0.8309
vn -0.0202 0.5439 0.8389
vn -0.1439 0.4832 0.8636
vn -0.2430 0.3485 0.9053
vn -0.2558 0.2208 0.9412
vn 0.0357 0.7274 0.6853
vn -0.0197 0.6340 0.7731
vn -0.1736 0.5008 0.8480
vn -0.2663 0.6826 0.6806
vn -0.3311 0.7556 0.5652
vn -0.2636 0.6193 0.7396
vn -0.3143 0.4292 0.8468
vn -0.5343 0.5679 0.6261
vn -0.7283 0.5969 0.3365
vn -0.6777 0.3695 0.6358
vn -0.4208 0.2983 0.8567
vn -0.7161 0.3801 0.5854
vn -0.9346 0.3188 0.1579
vn -0.9568 0.2052 0.2058
vn -0.4724 0.1786 0.8631
vn -0.7905 0.1417 0.5959
vn -0.9956 0.0603 0.0720
vn -0.9853 0.0527 0.1625
vn -0.4425 0.0230 0.8965
vn -0.7555 -0.1452 0.6389
vn -0.9204 -0.3772 0.1032
vn -0.9259 -0.3749 0.0465
vn -0.3991 -0.1131 0.9099
vn -0.6040 -0.4032 0.6875
vn -0.7083 -0.6704 0.2210
vn -0.7764 -0.6200 0.1132
vn -0.2893 -0.1649 0.9429
vn -0.4177 -0.5414 0.7296
vn -0.4173 -0.8535 0.3121
vn -0.4036 -0.9118 0.0759
vn -0.0906 -0.2011 0.9754
vn -0.0589 -0.5831 0.8103
vn -0.0255 -0.9040 0.4268
vn -0.0004 -0.9946 0.1042
vn -0.0803 0.2091 0.9746
vn 0.1187 -0.1531 0.9811
vn 0.2869 -0.5137 0.8086
vn 0.3817 -0.8016 0.4602
vn 0.3376 -0.7887 0.5137
vn 0.2889 -0.0629 0.9553
vn 0.5317 -0.3272 0.7812
vn 0.6895 -0.5846 0.4276
vn 0.4909 -0.2348 0.8390
vn 0.3772 0.0533 0.9246
vn 0.6672 -0.1223 0.7348
vn 0.8376 -0.3164 0.4454
vn 0.7102 -0.2052 0.6734
vn 0.3794 0.2027 0.9028
vn 0.6790 0.1171 0.7247
vn 0.7991 0.0350 0.6002
vn 0.3447 0.3532 0.8697
vn 0.5929 0.3678 0.7164
vn 0.6906 0.3123 0.6524
vn 0.5967 0.2640 0.7578
vn 0.2560 0.4655 0.8472
vn 0.4236 0.5530 0.7175
vn 0.5024 0.4829 0.7172
vn 0.2319 0.3998 0.8868
vn 0.1684 0.5129 0.8418
vn 0.3093 0.6302 0.7122
vn 0.2903 0.6107 0.7367
vn 0.0667 0.5524 0.8309
vn 0.0291 0.5199 0.8537
vn 0.0855 0.6827 0.7256
vn -0.1414 0.6206 -0.7713
vn -0.1440 0.6635 -0.7342
vn -0.0928 0.5936 -0.7994
vn -0.0870 0.5727 -0.8151
vn -0.0913 0.6558 -0.7494
vn -0.1635 0.4841 -0.8596
vn -0.1210 0.3542 -0.9273
vn -0.1732 0.3633 -0.9154
vn -0.0492 0.3547 -0.9337
vn -0.0963 0.3437 -0.9341
vn -0.1445 0.3665 -0.9191
vn -0.1603 0.2816 -0.9460
vn -0.0969 0.1307 -0.9867
vn -0.2220 0.1331 -0.9659
vn -0.0275 0.1274 -0.9915
vn -0.1082 0.1007 -0.9890
vn -0.1961 0.1217 -0.9730
vn -0.1682 0.0720 -0.9831
vn -0.1181 -0.0569 -0.9914
vn -0.1976 -0.0458 -0.9792
vn -0.0398 -0.0407 -0.9984
vn -0.2056 -0.0519 -0.9773
vn -0.1762 -0.0274 -0.9840
vn -0.2159 -0.1426 -0.9659
vn -0.1741 -0.2223 -0.9593
vn -0.1592 -0.2278 -0.9606
vn -0.0861 -0.2191 -0.9719
vn -0.4567 -0.1089 -0.8829
vn -0.3142 -0.1991 -0.9282
vn -0.3961 -0.3122 -0.8635
vn -0.5005 -0.2293 0.8348
vn -0.9479 0.0556 0.3138
vn -0.7225 -0.4064 0.5594
vn -0.9887 -0.0489 0.1418
vn -0.8521 -0.3910 0.3478
vn -0.9856 -0.1652 -0.0368
vn -0.3135 -0.9496 0.0048
vn -0.8116 -0.1768 -0.5568
vn -0.7031 -0.4541 -0.5472
vn -0.9697 0.1299 0.2071
vn -0.9961 0.0456 0.0761
vn -0.9971 -0.0255 -0.0712
vn -0.7957 -0.1526 -0.5862
vn -0.1756 -0.4269 -0.8871
vn -0.1353 -0.4295 -0.8929
vn -0.1050 -0.4370 -0.8933
vn -0.2731 -0.3950 -0.8772
vn -0.9725 0.0032 0.2327
vn -0.9983 -0.0357 0.0456
vn -0.9904 -0.0902 -0.1046
vn -0.7663 -0.2561 -0.5892
vn -0.1201 -0.5673 -0.8147
vn -0.0958 -0.5455 -0.8326
vn -0.0693 -0.5924 -0.8027
vn -0.2284 -0.5148 -0.8263
vn -0.9470 -0.2219 0.2323
vn -0.9599 -0.2746 0.0559
vn -0.9495 -0.2906 -0.1182
vn -0.6675 -0.4406 -0.6002
vn -0.0569 -0.5274 -0.8477
vn -0.0594 -0.4990 -0.8646
vn -0.0014 -0.5479 -0.8365
vn -0.2156 -0.4880 -0.8458
vn -0.8748 -0.4098 0.2584
vn -0.9356 -0.3351 0.1110
vn -0.9429 -0.3241 -0.0768
vn -0.7441 -0.4256 -0.5149
vn -0.0005 -0.4405 -0.8977
vn -0.0078 -0.4041 -0.9147
vn 0.0130 -0.4461 -0.8949
vn -0.2138 -0.3599 -0.9081
vn -0.7988 -0.4184 0.4322
vn -0.9291 -0.3012 0.2145
vn -0.9574 -0.2844 -0.0492
vn -0.7559 -0.3494 -0.5536
vn -0.2388 -0.7527 0.6136
vn 0.1104 -0.3995 0.9101
vn 0.0361 0.0728 0.9967
vn 0.0694 -0.1281 0.9893
vn -0.0769 -0.1505 0.9856
vn -0.3388 -0.1346 0.9312
vn -0.2270 0.2891 -0.9300
vn -0.9778 0.1157 -0.1749
vn -0.9502 0.0931 0.2974
vn -0.7028 -0.0372 0.7104
vn 0.0286 0.2715 -0.9620
vn 0.0309 0.2213 -0.9747
vn -0.7132 -0.0609 0.6983
vn -0.2495 0.1683 -0.9536
vn 0.0685 -0.0872 0.9938
vn -0.9476 0.0243 0.3184
vn -0.0244 0.1506 -0.9883
vn -0.7524 0.1208 -0.6476
vn -0.0470 -0.1077 0.9931
vn -0.3486 -0.1109 0.9307
vn -0.9887 0.0702 -0.1325
vn -0.7471 -0.0894 0.6587
vn -0.7567 -0.1290 0.6409
vn -0.7353 -0.2079 0.6451
vn -0.0037 -0.2703 -0.9628
vn -0.7766 0.0048 -0.6300
vn -0.7710 -0.1335 -0.6227
vn -0.7668 -0.2701 -0.5823
vn -0.0150 -0.1376 0.9904
vn 0.0272 -0.0991 0.9947
vn 0.0607 -0.0621 0.9962
vn -0.9954 -0.0102 -0.0955
vn -0.9919 -0.1088 -0.0650
vn -0.9705 -0.2358 -0.0503
vn -0.2143 -0.2511 -0.9439
vn -0.2267 -0.1006 -0.9688
vn -0.2407 0.0384 -0.9699
vn 0.0435 -0.0689 0.9967
vn 0.0570 -0.0927 0.9941
vn 0.0676 -0.1323 0.9889
vn -0.9291 -0.2712 0.2516
vn -0.9521 -0.1202 0.2811
vn -0.9550 -0.0401 0.2939
vn 0.0275 -0.2583 -0.9657
vn 0.0181 -0.0449 -0.9988
vn 0.0181 -0.2589 -0.9657
vn -0.0124 -0.0710 -0.9974
vn -0.0345 0.0506 -0.9981
vn -0.2823 -0.0914 0.9550
vn -0.3517 -0.1285 0.9273
vn -0.3632 -0.1321 0.9223
vn -0.7375 0.1702 -0.6535
vn -0.5755 0.8099 0.1137
vn -0.4898 0.8266 0.2772
vn -0.5823 0.8085 0.0851
vn -0.5798 0.8144 0.0241
vn -0.5920 0.8059 -0.0083
vn -0.5884 0.8083 -0.0225
vn -0.5829 0.8001 -0.1412
vn -0.5261 0.8011 -0.2854
vn -0.4083 0.6924 -0.5948
vn -0.4455 0.7107 0.5445
vn -0.3496 0.5201 0.7793
vn -0.1963 0.2270 0.9539
vn -0.2978 0.4476 -0.8432
vn -0.2151 0.2796 -0.9357
vn -0.0748 0.0669 -0.9950
vn 0.0419 -0.1678 -0.9849
vn 0.1860 -0.5113 -0.8390
vn 0.0455 -0.2603 0.9644
vn 0.1434 -0.6870 0.7124
vn 0.1660 -0.8203 0.5473
vn 0.2525 -0.7901 -0.5586
vn 0.7144 -0.6995 0.0176
vn -0.7302 0.6675 0.1454
vn -0.7232 0.6341 0.2739
vn -0.7188 0.6906 0.0801
vn -0.7246 0.6891 0.0058
vn -0.7237 0.6901 -0.0040
vn -0.7276 0.6851 -0.0358
vn -0.7238 0.6664 -0.1790
vn -0.7036 0.6259 -0.3365
vn -0.5983 0.5205 -0.6092
vn -0.6507 0.5727 0.4987
vn -0.5146 0.4401 0.7358
vn -0.2020 0.1385 0.9695
vn -0.4355 0.3746 -0.8185
vn -0.2800 0.2261 -0.9330
vn -0.1075 0.0479 -0.9930
vn 0.1631 -0.2041 -0.9653
vn 0.5056 -0.5180 -0.6900
vn 0.2364 -0.3074 0.9217
vn 0.5725 -0.5672 0.5920
vn 0.6540 -0.6418 0.4005
vn 0.6585 -0.6538 -0.3727
vn 0.5988 -0.8008 0.0135
vn -0.7307 0.6542 0.1950
vn -0.7185 0.6276 0.3000
vn -0.7396 0.6669 0.0908
vn -0.7362 0.6768 0.0001
vn -0.7373 0.6755 -0.0074
vn -0.7368 0.6738 -0.0565
vn -0.7268 0.6478 -0.2284
vn -0.6978 0.6046 -0.3841
vn -0.6119 0.4919 -0.6193
vn -0.6822 0.5484 0.4837
vn -0.5842 0.4063 0.7026
vn -0.3470 0.1097 0.9314
vn -0.5003 0.3469 -0.7933
vn -0.3887 0.2100 -0.8971
vn -0.2313 0.0279 -0.9725
vn 0.0060 -0.2270 -0.9739
vn 0.3534 -0.5657 -0.7450
vn 0.1156 -0.3651 0.9238
vn 0.4125 -0.6401 0.6481
vn 0.5304 -0.7448 0.4049
vn 0.5273 -0.7455 -0.4076
vn 0.5789 -0.8152 0.0183
vn -0.6173 0.7489 0.2408
vn -0.5981 0.7181 0.3558
vn -0.6297 0.7685 0.1133
vn -0.6323 0.7747 0.0045
vn -0.6322 0.7747 -0.0135
vn -0.6312 0.7721 -0.0737
vn -0.6150 0.7463 -0.2543
vn -0.5795 0.6956 -0.4246
vn -0.4891 0.5710 -0.6593
vn -0.5413 0.6288 0.5582
vn -0.4191 0.4552 0.7856
vn -0.1974 0.1462 0.9694
vn -0.3582 0.3912 -0.8477
vn -0.2389 0.2272 -0.9441
vn -0.0942 0.0397 -0.9948
vn 0.0751 -0.1870 -0.9795
vn 0.3383 -0.5209 -0.7837
vn 0.1703 -0.3161 0.9333
vn 0.4148 -0.6170 0.6688
vn 0.5269 -0.7418 0.4149
vn 0.5324 -0.7294 -0.4295
vn 0.5911 -0.8063 0.0200
vn -0.5821 0.7718 0.2561
vn -0.5581 0.7403 0.3749
vn -0.5983 0.7920 0.1212
vn -0.6018 0.7986 0.0062
vn -0.6025 0.7980 -0.0152
vn -0.5998 0.7961 -0.0806
vn -0.5807 0.7701 -0.2641
vn -0.5416 0.7180 -0.4373
vn -0.4430 0.5883 -0.6766
vn -0.4866 0.6458 0.5883
vn -0.3482 0.4638 0.8147
vn -0.1045 0.1450 0.9839
vn -0.3028 0.4020 -0.8642
vn -0.1680 0.2262 -0.9595
vn -0.0302 0.0415 -0.9987
vn 0.1406 -0.1849 -0.9727
vn 0.3681 -0.4973 -0.7856
vn 0.2304 -0.3082 0.9230
vn 0.4447 -0.6032 0.6621
vn 0.5353 -0.7346 0.4169
vn 0.5308 -0.7185 -0.4495
vn 0.5211 -0.8533 0.0165
vn -0.6057 0.7550 0.2512
vn -0.5858 0.7220 0.3682
vn -0.6178 0.7773 0.1193
vn -0.6230 0.7822 0.0056
vn -0.6212 0.7835 -0.0146
vn -0.6219 0.7791 -0.0788
vn -0.6052 0.7521 -0.2610
vn -0.5695 0.6989 -0.4326
vn -0.4817 0.5717 -0.6642
vn -0.5234 0.6273 0.5766
vn -0.4034 0.4458 0.7991
vn -0.1918 0.1337 0.9723
vn -0.3466 0.3877 -0.8541
vn -0.2284 0.2143 -0.9497
vn -0.1039 0.0311 -0.9941
vn 0.0592 -0.2026 -0.9775
vn 0.2865 -0.5328 -0.7963
vn 0.1289 -0.3271 0.9361
vn 0.3577 -0.6342 0.6854
vn 0.4642 -0.7761 0.4268
vn 0.4569 -0.7753 -0.4361
vn -0.1115 0.0548 -0.9922
vn -0.2730 0.2408 -0.9314
vn -0.4578 0.4632 -0.7588
vn -0.2026 0.1171 0.9722
vn -0.4244 0.4473 0.7873
vn -0.5391 0.6085 0.5824
vn -0.5795 0.6189 -0.5303
vn -0.6195 0.6774 -0.3966
vn -0.6382 0.7054 -0.3084
vn -0.6518 0.7265 -0.2177
vn -0.6554 0.7324 -0.1848
vn -0.6398 0.7638 -0.0859
vn -0.6118 0.7820 0.1185
vn -0.5802 0.7000 0.4164
vn -0.5947 0.7536 0.2799
vn 0.5621 -0.8270 0.0144
vn 0.1567 -0.2005 0.9671
vn 0.2512 -0.3994 0.8817
vn 0.4040 -0.7776 0.4818
vn 0.6690 -0.7206 0.1821
vn 0.7641 -0.6449 0.0176
vn 0.7099 -0.7006 -0.0722
vn 0.4323 -0.8387 -0.3312
vn 0.0359 -0.0790 0.9962
vn 0.1254 -0.0982 0.9872
vn -0.2615 0.0550 0.9636
vn -0.2527 0.0967 0.9627
vn -0.7124 0.1622 0.6828
vn -0.7337 0.1878 0.6530
vn -0.9277 0.2888 0.2365
vn -0.9397 0.2596 0.2227
vn -0.9187 0.3490 -0.1851
vn -0.9303 0.2828 -0.2335
vn -0.6841 0.3387 -0.6460
vn -0.7489 0.1998 -0.6319
vn -0.2289 0.2350 -0.9447
vn -0.2966 0.0817 -0.9515
vn 0.1515 0.0576 -0.9868
vn 0.0657 -0.2304 -0.9709
vn 0.1395 -0.6616 -0.7368
vn -0.0371 -0.2815 -0.9588
vn 0.1025 -0.1252 0.9868
vn 0.0437 -0.1476 0.9881
vn 0.0722 -0.1714 0.9826
vn 0.1086 -0.1484 0.9829
vn 0.0863 -0.1775 0.9803
vn 0.0739 0.3846 -0.9201
vn 0.0895 0.5167 -0.8515
vn 0.0577 0.4637 -0.8841
vn 0.0498 0.2520 -0.9664
vn 0.0711 0.1500 -0.9861
vn -0.0741 -0.1928 0.9784
vn -0.0727 -0.1599 0.9845
vn -0.0835 -0.1655 0.9827
vn -0.0764 -0.1671 0.9830
vn -0.0175 -0.0854 0.9962
vn -0.3409 -0.1599 0.9264
vn -0.3249 -0.1345 0.9361
vn -0.3267 -0.1140 0.9382
vn -0.3290 -0.1139 0.9374
vn -0.2915 -0.0407 0.9557
vn -0.7182 -0.0315 0.6951
vn -0.7138 0.0034 0.7003
vn -0.7148 0.0587 0.6968
vn -0.7195 0.0692 0.6910
vn -0.7180 0.1391 0.6820
vn -0.9453 0.1197 0.3033
vn -0.9376 0.2350 0.2562
vn -0.9378 0.2583 0.2321
vn -0.9299 0.2873 0.2295
vn -0.9088 0.3417 0.2395
vn -0.9549 0.2119 -0.2080
vn -0.8994 0.3833 -0.2103
vn -0.8737 0.4238 -0.2389
vn -0.8743 0.4445 -0.1948
vn -0.8839 0.4348 -0.1720
vn -0.6380 0.3165 -0.7020
vn -0.5991 0.4764 -0.6436
vn -0.5581 0.5503 -0.6211
vn -0.5780 0.5549 -0.5983
vn -0.6357 0.4510 -0.6265
vn -0.1844 0.4292 -0.8842
vn -0.1499 0.5284 -0.8357
vn -0.1562 0.5593 -0.8141
vn -0.1694 0.5209 -0.8366
vn -0.2023 0.3903 -0.8982
vn 0.1270 0.4291 -0.8943
vn 0.1397 0.5187 -0.8435
vn 0.1473 0.5077 -0.8488
vn 0.1375 0.3854 -0.9124
vn 0.1523 0.2305 -0.9611
vn 0.5710 -0.2637 0.7774
vn 0.8757 -0.2680 0.4017
vn 0.9934 0.0280 0.1117
vn 0.9945 0.1050 -0.0056
vn 0.9961 0.0601 -0.0641
vn 0.9578 -0.1835 -0.2212
vn 0.2748 -0.0596 0.9597
vn -0.2447 0.1324 0.9605
vn -0.7365 0.2038 0.6450
vn -0.9445 0.2353 0.2294
vn -0.9405 0.1807 -0.2878
vn -0.7550 0.0270 -0.6552
vn -0.3403 -0.1441 -0.9292
vn 0.1269 -0.3618 -0.9236
vn 0.6407 -0.4793 -0.5998
vn 0.6859 -0.0583 0.7254
vn 0.8934 -0.0670 0.4442
vn 0.9826 -0.0653 0.1740
vn 0.9982 -0.0601 0.0063
vn 0.9945 -0.0559 -0.0881
vn 0.9234 -0.0572 -0.3797
vn 0.4347 -0.0354 0.8999
vn -0.1527 -0.0434 0.9873
vn -0.7373 -0.0353 0.6746
vn -0.9660 0.0011 0.2585
vn -0.9123 0.0140 -0.4094
vn -0.4799 0.0003 -0.8773
vn -0.0851 0.0009 -0.9964
vn 0.1645 -0.0142 -0.9863
vn 0.5908 -0.0492 -0.8053
vn 0.9856 -0.0453 0.1627
vn 0.9819 -0.0794 0.1719
vn 0.8943 -0.0720 0.4416
vn 0.9005 -0.0744 0.4285
vn -0.9611 0.1729 0.2155
vn -0.9726 0.0868 0.2155
vn -0.9171 0.0713 -0.3922
vn -0.9276 0.1073 -0.3578
vn 0.9993 -0.0365 -0.0023
vn 0.9967 -0.0806 0.0020
vn -0.5559 -0.0501 -0.8297
vn -0.6594 -0.1333 -0.7398
vn 0.9954 -0.0365 -0.0889
vn 0.9931 -0.0740 -0.0905
vn -0.1930 -0.2237 -0.9554
vn -0.3256 -0.3851 -0.8635
vn 0.9283 -0.1867 -0.3216
vn 0.9186 -0.1326 -0.3723
vn 0.0508 -0.3284 -0.9432
vn 0.0800 -0.5237 -0.8481
vn 0.6784 -0.0729 0.7311
vn 0.6863 -0.0527 0.7254
vn 0.4147 0.0009 0.9100
vn 0.4019 0.0012 0.9157
vn 0.5427 -0.4887 -0.6831
vn 0.5198 -0.3050 -0.7980
vn -0.2093 0.0154 0.9777
vn -0.2295 0.0883 0.9693
vn -0.7565 0.0291 0.6534
vn -0.7551 0.1409 0.6403
vn 0.6810 -0.1273 0.7211
vn 0.8871 -0.1269 0.4438
vn 0.9769 -0.1230 0.1750
vn 0.9929 -0.1186 0.0074
vn 0.9891 -0.1162 -0.0905
vn 0.9180 -0.1111 -0.3808
vn 0.4506 -0.1180 0.8849
vn -0.1500 -0.1237 0.9809
vn -0.7179 -0.0981 0.6892
vn -0.9590 -0.0853 0.2702
vn -0.9071 -0.0512 -0.4177
vn -0.4967 -0.0313 -0.8674
vn -0.1052 -0.0295 -0.9940
vn 0.1851 -0.0429 -0.9818
vn 0.5939 -0.0826 -0.8003
vn 0.7612 -0.2070 0.6146
vn 0.9139 -0.2120 0.3460
vn 0.9656 -0.1927 0.1748
vn 0.9871 -0.1601 0.0072
vn 0.9869 -0.1435 -0.0732
vn 0.9392 -0.0802 -0.3339
vn 0.4975 -0.1738 0.8499
vn -0.1467 -0.1699 0.9745
vn -0.7440 -0.1376 0.6539
vn -0.9727 -0.0914 0.2134
vn -0.8808 0.0470 -0.4712
vn -0.5298 0.1512 -0.8346
vn -0.1370 0.1866 -0.9728
vn 0.2334 0.1586 -0.9594
vn 0.6638 0.0542 -0.7460
vn -0.9035 -0.1030 -0.4161
vn -0.9001 -0.1413 -0.4121
vn -0.9028 -0.1140 -0.4147
vn -0.8970 -0.0962 -0.4313
vn -0.8843 -0.0672 -0.4620
vn -0.8796 -0.0344 -0.4745
vn -0.4689 0.0549 -0.8815
vn -0.4852 -0.0040 -0.8744
vn -0.5060 -0.0394 -0.8617
vn -0.5143 -0.0423 -0.8565
vn -0.5157 -0.0720 -0.8537
vn -0.5155 -0.0570 -0.8550
vn 0.9887 -0.1185 -0.0919
vn 0.9916 -0.0900 -0.0924
vn 0.9932 -0.0736 -0.0903
vn 0.9953 -0.0308 -0.0921
vn 0.9948 0.0447 -0.0915
vn 0.9956 0.0262 -0.0895
vn 0.9999 0.0147 0.0057
vn 0.9994 0.0342 0.0055
vn 0.9991 -0.0417 0.0056
vn 0.9967 -0.0805 0.0064
vn 0.9956 -0.0939 0.0055
vn 0.9924 -0.1228 0.0058
vn -0.1169 0.1024 -0.9879
vn -0.1151 0.0316 -0.9928
vn -0.1166 -0.0162 -0.9930
vn -0.1142 -0.0057 -0.9934
vn -0.1153 -0.0298 -0.9929
vn -0.1197 -0.0412 -0.9920
vn 0.9155 -0.1076 -0.3876
vn 0.9261 -0.0789 -0.3690
vn 0.9394 -0.0575 -0.3379
vn 0.9399 -0.0114 -0.3413
vn 0.9303 0.0639 -0.3613
vn 0.9276 0.0581 -0.3691
vn 0.1949 0.1153 -0.9740
vn 0.1887 0.0525 -0.9806
vn 0.1858 -0.0027 -0.9826
vn 0.1883 0.0014 -0.9821
vn 0.1888 -0.0216 -0.9818
vn 0.1835 -0.0479 -0.9818
vn 0.6903 -0.1591 0.7059
vn 0.7181 -0.1490 0.6798
vn 0.7258 -0.1571 0.6697
vn 0.7356 -0.1336 0.6641
vn 0.7377 -0.0768 0.6707
vn 0.7241 -0.0697 0.6862
vn 0.4903 -0.1108 0.8645
vn 0.5131 -0.1310 0.8483
vn 0.5179 -0.1666 0.8391
vn 0.5134 -0.1820 0.8386
vn 0.5022 -0.1572 0.8503
vn 0.4740 -0.1469 0.8682
vn 0.5915 -0.0764 -0.8027
vn 0.6157 -0.0466 -0.7866
vn 0.6335 -0.0218 -0.7734
vn 0.6315 0.0017 -0.7754
vn 0.6208 0.0703 -0.7808
vn 0.6105 0.1014 -0.7855
vn -0.1483 -0.1705 0.9741
vn -0.1607 -0.2049 0.9655
vn -0.1736 -0.2316 0.9572
vn -0.1614 -0.2354 0.9584
vn -0.1565 -0.2076 0.9656
vn -0.1499 -0.1825 0.9717
vn -0.7186 -0.1525 0.6785
vn -0.7215 -0.1823 0.6680
vn -0.7222 -0.2044 0.6608
vn -0.7175 -0.2065 0.6652
vn -0.7114 -0.2032 0.6728
vn -0.7065 -0.1754 0.6857
vn 0.8830 -0.1546 0.4432
vn 0.8878 -0.1310 0.4413
vn 0.8864 -0.1301 0.4442
vn 0.8939 -0.1018 0.4366
vn 0.9012 -0.0282 0.4325
vn 0.9055 -0.0348 0.4229
vn -0.9587 -0.1239 0.2560
vn -0.9540 -0.1525 0.2582
vn -0.9503 -0.1771 0.2562
vn -0.9444 -0.1926 0.2666
vn -0.9410 -0.2024 0.2712
vn -0.9450 -0.1669 0.2812
vn 0.9756 -0.1356 0.1725
vn 0.9795 -0.1074 0.1706
vn 0.9797 -0.0992 0.1739
vn 0.9831 -0.0649 0.1709
vn 0.9854 0.0129 0.1700
vn 0.9853 -0.0072 0.1708
vn 0.7855 -0.2802 0.5518
vn 0.9090 -0.2547 0.3298
vn 0.9598 -0.2277 0.1640
vn 0.9803 -0.1972 0.0053
vn 0.9823 -0.1738 -0.0702
vn 0.9419 -0.0732 -0.3277
vn 0.5293 -0.2739 0.8030
vn -0.1126 -0.2188 0.9692
vn -0.7502 -0.0591 0.6586
vn -0.9798 0.0997 0.1734
vn -0.8806 0.2365 -0.4107
vn -0.5426 0.3343 -0.7706
vn -0.1321 0.3302 -0.9346
vn 0.2221 0.2667 -0.9378
vn 0.6610 0.1294 -0.7392
vn 0.7706 -0.2347 0.5926
vn 0.9256 -0.1674 0.3395
vn 0.9745 -0.1354 0.1789
vn 0.9953 -0.0961 0.0103
vn 0.9954 -0.0652 -0.0708
vn 0.9378 0.0602 -0.3420
vn 0.5081 -0.3024 0.8065
vn -0.0952 -0.2666 0.9591
vn -0.7458 -0.0436 0.6647
vn -0.9746 0.1324 0.1808
vn -0.8857 0.2860 -0.3658
vn -0.5068 0.3984 -0.7645
vn -0.1041 0.3841 -0.9174
vn 0.1842 0.3428 -0.9212
vn 0.6126 0.2553 -0.7480
vn 0.9930 -0.0839 -0.0828
vn 0.9380 -0.0755 0.3383
vn 0.9855 -0.0306 0.1668
vn 0.9999 0.0083 0.0100
vn 0.9325 0.1148 -0.3423
vn 0.4778 -0.2321 0.8472
vn -0.1284 -0.2114 0.9689
vn -0.7406 -0.0422 0.6706
vn -0.9773 0.1015 0.1862
vn -0.9065 0.2325 -0.3525
vn -0.5197 0.3004 -0.7998
vn -0.0802 0.2853 -0.9551
vn 0.1909 0.2748 -0.9424
vn 0.6165 0.2274 -0.7538
vn -0.8767 -0.0811 -0.4742
vn 0.9313 -0.0344 -0.3626
vn 0.7326 -0.1178 0.6704
vn 0.6288 0.0537 -0.7757
vn 0.9136 -0.1278 0.3859
vn 0.9783 -0.1176 0.1705
vn -0.4922 0.0415 -0.8695
vn 0.9954 -0.0959 0.0056
vn -0.1321 0.1065 -0.9855
vn 0.2058 0.1120 -0.9722
vn 0.4687 -0.1113 0.8763
vn -0.1510 -0.1610 0.9753
vn -0.7284 -0.1793 0.6613
vn -0.9587 -0.1798 0.2206
vn 0.7909 -0.1432 0.5950
vn 0.9969 0.0329 -0.0715
vn 0.7890 -0.0792 0.6093
vn 0.9357 -0.0363 0.3508
vn 0.9865 -0.0075 0.1634
vn 0.9999 0.0086 0.0097
vn 0.9973 0.0165 -0.0717
vn 0.9295 0.0330 -0.3673
vn 0.4633 -0.1253 0.8773
vn -0.1590 -0.1048 0.9817
vn -0.7348 -0.0096 0.6782
vn -0.9813 0.0809 0.1748
vn -0.9253 0.1309 -0.3559
vn -0.5448 0.1280 -0.8287
vn -0.0691 0.1008 -0.9925
vn 0.2137 0.0832 -0.9734
vn 0.6114 0.0558 -0.7893
vn 0.2469 -0.1297 -0.9603
vn -0.0681 -0.1506 -0.9862
vn -0.5539 -0.1789 -0.8131
vn -0.9066 -0.1830 -0.3802
vn -0.9676 -0.1686 0.1877
vn -0.7292 -0.1203 0.6736
vn -0.0591 -0.0815 0.9949
vn 0.5330 -0.0544 0.8444
vn 0.9237 -0.0829 -0.3741
vn 0.9954 -0.0548 -0.0789
vn 0.9989 -0.0464 0.0099
vn 0.9858 -0.0363 0.1640
vn 0.9348 -0.0295 0.3538
vn 0.6050 -0.1133 -0.7881
vn 0.7810 -0.0461 0.6229
vn 0.9234 -0.0260 -0.3830
vn 0.9147 -0.0610 -0.3996
vn 0.9147 -0.0713 -0.3979
vn 0.9166 -0.0722 -0.3933
vn 0.9976 -0.0111 -0.0681
vn 0.9952 -0.0481 -0.0857
vn 0.9922 -0.0700 -0.1033
vn 0.9939 -0.0641 -0.0898
vn -0.9793 0.0667 0.1912
vn -0.9814 -0.0289 0.1899
vn -0.9738 -0.1245 0.1904
vn -0.9635 -0.1900 0.1884
vn 0.5220 -0.0542 0.8512
vn 0.5046 -0.0493 0.8619
vn 0.4794 -0.0450 0.8764
vn 0.4606 -0.0567 0.8858
vn 0.9999 -0.0107 0.0113
vn 0.9991 -0.0399 0.0113
vn 0.9975 -0.0692 0.0114
vn 0.9975 -0.0691 0.0114
vn 0.9301 -0.0520 0.3637
vn 0.9129 -0.0521 0.4049
vn 0.9081 -0.0594 0.4146
vn 0.9222 -0.0378 0.3848
vn -0.7149 -0.1527 0.6824
vn -0.7127 -0.1093 0.6929
vn -0.7182 -0.0377 0.6948
vn -0.7208 0.0204 0.6928
vn -0.0449 -0.0961 0.9944
vn -0.0680 -0.0770 0.9947
vn -0.1009 -0.0418 0.9940
vn -0.1282 -0.0387 0.9910
vn 0.5937 -0.0473 -0.8033
vn 0.5916 -0.0594 -0.8041
vn 0.6078 -0.0741 -0.7906
vn 0.6048 -0.0976 -0.7904
vn -0.9170 -0.1892 -0.3512
vn -0.9326 -0.1215 -0.3399
vn -0.9414 -0.0268 -0.3363
vn -0.9384 0.0669 -0.3390
vn 0.7743 -0.0538 0.6305
vn 0.7821 -0.0608 0.6201
vn 0.7912 -0.0537 0.6092
vn -0.5706 -0.1650 -0.8045
vn -0.5827 -0.1155 -0.8044
vn -0.6060 -0.0441 -0.7942
vn -0.5976 0.0287 -0.8013
vn -0.0483 -0.1222 -0.9913
vn -0.0330 -0.0956 -0.9949
vn -0.0285 -0.0585 -0.9979
vn -0.0474 -0.0120 -0.9988
vn 0.9787 -0.0646 0.1949
vn 0.9692 -0.0653 0.2376
vn 0.9702 -0.0505 0.2371
vn 0.9810 -0.0210 0.1927
vn 0.2615 -0.1094 -0.9590
vn 0.2707 -0.0811 -0.9592
vn 0.2847 -0.0552 -0.9570
vn 0.2616 -0.0344 -0.9646
vn 0.1968 0.0373 -0.9797
vn -0.0854 0.0381 -0.9956
vn -0.5943 0.0034 -0.8042
vn -0.9490 -0.0393 -0.3127
vn -0.9876 -0.0183 0.1561
vn -0.7915 0.0858 0.6051
vn -0.0815 0.2414 0.9670
vn 0.5314 0.1984 0.8236
vn 0.9443 -0.0056 -0.3291
vn 0.9973 -0.0126 -0.0729
vn 1.0000 -0.0064 0.0045
vn 0.9813 -0.0132 0.1920
vn 0.9468 -0.0091 0.3218
vn 0.6389 0.0213 -0.7690
vn 0.8353 0.0857 0.5430
vn -0.9275 -0.1193 -0.3544
vn -0.9219 -0.1218 -0.3679
vn -0.9314 -0.1156 -0.3451
vn -0.9363 -0.0946 -0.3383
vn -0.5738 -0.0795 -0.8151
vn -0.5615 -0.1314 -0.8170
vn -0.5507 -0.1492 -0.8212
vn -0.5583 -0.1512 -0.8158
vn 0.9326 -0.0880 -0.3499
vn 0.9357 -0.0882 -0.3417
vn 0.9392 -0.0784 -0.3343
vn 0.9420 -0.0574 -0.3307
vn 0.9963 -0.0546 -0.0657
vn 0.9959 -0.0591 -0.0687
vn 0.9952 -0.0610 -0.0766
vn 0.9956 -0.0610 -0.0717
vn -0.0867 -0.0641 0.9942
vn -0.0792 -0.0462 0.9958
vn -0.0781 -0.0288 0.9965
vn -0.0823 -0.0110 0.9965
vn -0.7461 -0.0391 0.6647
vn -0.7410 -0.0450 0.6700
vn -0.7461 -0.0539 0.6636
vn -0.7509 -0.0677 0.6569
vn 0.7576 -0.0411 0.6514
vn 0.7399 -0.0305 0.6720
vn 0.7339 -0.0222 0.6788
vn 0.7598 -0.0224 0.6498
vn 0.5376 -0.0000 0.8432
vn 0.5379 -0.0151 0.8429
vn 0.5374 -0.0281 0.8429
vn 0.5372 -0.0456 0.8422
vn 0.9985 -0.0531 0.0127
vn 0.9985 -0.0536 0.0102
vn 0.9985 -0.0534 0.0125
vn 0.9985 -0.0543 0.0114
vn 0.9836 -0.0569 0.1710
vn 0.9833 -0.0449 0.1764
vn 0.9852 -0.0458 0.1653
vn 0.9832 -0.0421 0.1776
vn 0.9182 -0.0345 0.3946
vn 0.9110 -0.0353 0.4108
vn 0.9030 -0.0323 0.4285
vn 0.9197 -0.0503 0.3893
vn -0.9771 -0.0816 0.1965
vn -0.9764 -0.0842 0.1990
vn -0.9785 -0.0859 0.1875
vn -0.9806 -0.0938 0.1720
vn -0.0865 -0.0555 -0.9947
vn -0.0865 -0.1173 -0.9893
vn -0.0861 -0.1468 -0.9854
vn -0.0830 -0.1508 -0.9851
vn 0.6204 -0.1191 -0.7752
vn 0.6290 -0.1296 -0.7665
vn 0.6348 -0.1067 -0.7652
vn 0.6362 -0.0588 -0.7693
vn 0.1960 -0.0547 -0.9791
vn 0.1950 -0.1157 -0.9740
vn 0.1933 -0.1444 -0.9705
vn 0.2122 -0.1369 -0.9676
vn 0.1955 0.1620 -0.9672
vn -0.0842 0.1644 -0.9828
vn -0.6186 0.1229 -0.7760
vn -0.9620 0.0307 -0.2713
vn -0.9942 0.0963 0.0473
vn -0.7697 0.4141 0.4859
vn -0.0723 0.6125 0.7872
vn 0.4610 0.5182 0.7204
vn 0.9402 0.0585 -0.3356
vn 0.9937 0.0374 -0.1059
vn 0.9986 0.0491 -0.0187
vn 0.9701 0.0353 0.2403
vn 0.9553 0.0387 0.2933
vn 0.6375 0.1271 -0.7599
vn 0.8557 0.2788 0.4359
vn 0.1932 0.1609 -0.9679
vn -0.0836 0.1635 -0.9830
vn -0.6085 0.1306 -0.7827
vn -0.9623 0.0419 -0.2686
vn -0.9952 0.0724 -0.0659
vn 0.9311 0.0635 -0.3592
vn 0.9900 0.0318 -0.1373
vn 0.9987 0.0317 -0.0395
vn 0.9654 0.0251 0.2597
vn 0.9594 0.0441 0.2786
vn 0.6262 0.1283 -0.7690
vn 0.1902 -0.1083 -0.9758
vn -0.0850 -0.1113 -0.9901
vn -0.5897 -0.0889 -0.8027
vn -0.9583 -0.0337 -0.2837
vn -0.9945 -0.0460 -0.0943
vn 0.9347 -0.0531 -0.3514
vn 0.9901 -0.0394 -0.1346
vn 0.9983 -0.0485 -0.0321
vn 0.9759 -0.0393 0.2148
vn 0.9726 -0.0247 0.2311
vn 0.6321 -0.0900 -0.7696
vn 0.1735 -0.4780 -0.8611
vn -0.0820 -0.4863 -0.8699
vn -0.5783 -0.4644 -0.6708
vn -0.8678 -0.4516 -0.2075
vn -0.8585 -0.5112 -0.0413
vn 0.9120 -0.3246 -0.2506
vn 0.9432 -0.3162 -0.1022
vn 0.9489 -0.3152 0.0139
vn 0.9075 -0.3607 0.2150
vn 0.8640 -0.4412 0.2426
vn 0.6382 -0.4255 -0.6416
vn -0.0465 0.9835 0.1749
vn -0.7443 0.6506 0.1512
vn -0.8864 -0.4433 0.1331
vn -0.0252 -0.9742 0.2242
vn -0.0172 -0.9637 0.2666
vn -0.5416 0.8008 0.2557
vn -0.0314 0.9886 0.1475
vn -0.7386 0.6578 0.1474
vn -0.8845 -0.4468 0.1340
vn -0.0116 -0.9797 0.2000
vn -0.4749 -0.8436 0.2507
vn -0.6977 0.6955 0.1715
vn -0.0458 0.9905 0.1297
vn -0.7322 0.6653 0.1460
vn -0.8768 -0.4575 0.1482
vn -0.0165 -0.9811 0.1929
vn -0.4143 -0.8753 0.2492
vn -0.6730 0.7193 0.1721
vn -0.8390 -0.5288 -0.1285
vn -0.8428 -0.3709 0.3900
vn -0.6209 0.7468 0.2381
vn -0.8714 -0.4905 0.0089
vn -0.0365 0.9930 0.1124
vn -0.6361 0.7612 0.1263
vn -0.8068 -0.5736 0.1420
vn -0.0138 -0.9840 0.1775
vn -0.3425 -0.9027 0.2604
vn -0.6733 0.7161 0.1839
vn -0.7445 0.6567 0.1199
vn -0.6606 0.5308 0.5309
vn -0.8576 -0.4985 -0.1265
vn -0.8147 -0.3617 0.4533
vn 0.8477 -0.5183 -0.1131
vn 0.8182 -0.3715 0.4387
vn 0.0049 0.9310 0.3651
vn -0.6744 0.6730 0.3038
vn -0.9188 -0.3941 -0.0214
vn -0.0010 -0.9819 -0.1895
vn 0.8697 -0.4844 -0.0949
vn 0.6397 0.7183 0.2737
vn -0.1844 0.9498 0.2527
vn -0.0236 -0.9853 0.1690
vn -0.0011 -0.9949 0.1006
vn -0.0253 -0.9846 0.1727
vn -0.0996 0.9590 0.2654
vn -0.1461 0.9488 0.2801
vn -0.7033 0.7084 -0.0590
vn -0.6167 0.5459 0.5672
vn 0.6098 0.5470 0.5736
vn 0.6863 0.7272 -0.0122
vn -0.7906 -0.4996 -0.3541
vn -0.7602 0.6486 0.0364
vn 0.6947 0.7119 0.1030
vn 0.7614 -0.5528 -0.3387
vn -0.0993 0.9625 0.2522
vn -0.1222 0.9582 0.2588
vn -0.0365 -0.9871 0.1558
vn -0.0072 -0.9952 0.0971
vn -0.1554 0.9549 0.2529
vn -0.2083 0.9423 0.2620
vn -0.0551 -0.9916 0.1167
vn -0.0099 -0.9976 0.0687
vn -0.1489 0.9436 0.2958
vn -0.6262 0.7590 0.1782
vn -0.8256 -0.5643 -0.0046
vn -0.0289 -0.9995 0.0103
vn 0.0598 0.9802 0.1888
vn 0.0784 -0.9922 0.0969
vn 0.8843 -0.4670 -0.0018
vn 0.7451 0.6616 0.0843
vn -0.1020 0.8949 0.4345
vn 0.0081 -0.9981 0.0611
vn -0.1328 0.8910 0.4341
vn -0.1396 0.8864 0.4414
vn -0.2349 -0.9718 0.0202
vn -0.1092 -0.9912 0.0743
vn 0.0766 0.9214 0.3809
vn -0.2097 0.8789 0.4284
vn -0.6964 0.6870 0.2074
vn -0.8790 -0.4354 -0.1945
vn -0.5233 -0.8436 -0.1202
vn 0.3863 0.8792 0.2788
vn 0.5613 -0.8264 -0.0453
vn 0.9335 -0.3299 -0.1406
vn 0.8383 0.5439 0.0374
vn -0.0246 0.7898 0.6129
vn 0.0275 -0.9986 -0.0462
vn -0.1626 0.7607 0.6285
vn -0.2437 0.7886 0.5646
vn -0.3789 -0.9229 -0.0680
vn -0.1210 -0.9917 -0.0430
vn 0.3316 0.7917 0.5130
vn -0.3157 0.8053 0.5019
vn -0.7044 0.6674 0.2417
vn -0.9207 -0.3355 -0.1993
vn -0.6880 -0.7123 -0.1389
vn 0.7357 0.6113 0.2916
vn 0.6339 -0.7699 -0.0737
vn 0.9766 -0.2037 -0.0697
vn 0.9099 0.3927 0.1341
vn 0.2202 0.7163 0.6622
vn 0.0324 -0.9994 -0.0101
vn -0.1597 0.7042 0.6918
vn -0.4628 0.6866 0.5607
vn -0.4695 -0.8829 -0.0127
vn -0.1219 -0.9925 -0.0089
vn 0.7715 0.6132 0.1699
vn -0.9916 0.0964 -0.0866
vn -0.7767 0.5563 0.2955
vn -0.9729 -0.1562 -0.1706
vn -0.8313 -0.5484 -0.0906
vn 0.7400 0.6703 -0.0548
vn 0.6306 -0.7757 0.0230
vn 0.9897 -0.1430 0.0104
vn 0.9638 0.2390 0.1179
vn -0.5943 -0.8043 -0.0020
vn 0.7059 -0.7063 0.0544
vn -0.9602 0.2703 0.0705
vn -0.9946 0.0035 -0.1039
vn 0.9858 0.1317 0.1038
vn 0.9999 -0.0007 0.0142
vn -0.9994 -0.0327 -0.0100
vn -0.9772 0.2063 -0.0508
vn -0.8493 -0.1204 0.5141
vn -0.9942 -0.0104 0.1067
vn -0.9955 -0.0066 0.0949
vn -0.9787 0.1705 -0.1141
vn -0.9981 0.0540 -0.0308
vn 0.9992 -0.0181 -0.0356
vn 0.9977 0.0584 -0.0329
vn 0.9998 0.0101 0.0156
vn 0.9954 0.0430 -0.0859
vn 0.9917 -0.0239 -0.1262
vn 0.9936 0.0993 0.0543
vn 0.9929 -0.0259 -0.1159
vn 0.8243 -0.1284 0.5515
vn -0.9807 -0.1499 -0.1258
vn -0.9310 -0.3509 -0.1004
vn -0.1061 -0.9928 0.0565
vn 0.0054 -0.9982 0.0603
vn 0.1099 -0.8601 -0.4981
vn -0.0349 -0.8665 -0.4980
vn -0.3358 -0.8433 -0.4196
vn -0.4182 -0.9037 -0.0916
vn -0.2688 -0.9605 0.0722
vn 0.5506 -0.8186 -0.1634
vn 0.5544 -0.8311 -0.0425
vn 0.5968 -0.8020 0.0239
vn 0.6893 -0.6929 0.2115
vn 0.1644 -0.9806 0.1071
vn 0.4188 -0.8258 -0.3778
vn -0.0812 -0.9951 0.0565
vn -0.0971 -0.9907 -0.0950
vn 0.3180 -0.9375 0.1417
vn 0.0125 -0.9999 -0.0018
vn 0.0720 -0.9960 -0.0537
vn 0.1199 -0.9896 -0.0793
vn -0.7598 0.5729 0.3073
vn -0.4119 0.4018 0.8179
vn -0.8903 0.4544 -0.0305
vn -0.7029 0.7112 -0.0130
vn -0.7417 0.5540 -0.3781
vn -0.7495 0.1934 -0.6332
vn 0.0342 -0.7648 -0.6433
vn 0.2332 -0.5495 -0.8023
vn 0.2983 -0.9539 0.0335
vn 0.5768 -0.8165 0.0242
vn 0.0014 -0.7238 0.6900
vn 0.2288 -0.3656 0.9022
vn -0.4239 0.4749 0.7712
vn -0.4651 0.3980 0.7907
vn -0.6785 0.7335 -0.0407
vn -0.6536 0.7559 -0.0372
vn -0.4285 0.3535 -0.8315
vn -0.3868 0.4311 -0.8152
vn 0.2631 -0.4412 -0.8580
vn 0.3220 -0.4370 -0.8399
vn 0.6093 -0.7921 0.0365
vn 0.5983 -0.8005 0.0338
vn 0.2225 -0.3987 0.8897
vn 0.2845 -0.3913 0.8752
vn -0.3817 -0.9237 0.0327
vn -0.1651 -0.9859 0.0273
vn -0.4425 0.4253 0.7895
vn -0.6911 0.7216 -0.0397
vn -0.4035 0.3809 -0.8319
vn 0.3002 -0.4245 -0.8542
vn 0.6108 -0.7910 0.0351
vn 0.2610 -0.3795 0.8876
vn -0.4461 0.4615 0.7668
vn -0.6638 0.7468 -0.0401
vn -0.4091 0.4158 -0.8122
vn 0.3129 -0.4209 -0.8514
vn 0.6320 -0.7742 0.0347
vn 0.2722 -0.3767 0.8855
vn -0.8772 0.4791 -0.0325
vn -0.7827 0.5292 -0.3277
vn 0.2586 -0.5093 -0.8208
vn 0.5019 -0.8642 0.0350
vn 0.2208 -0.4614 0.8593
vn -0.8024 0.5379 0.2586
vn -0.6973 0.7157 -0.0390
vn -0.3861 0.3837 -0.8389
vn 0.3033 -0.4115 -0.8594
vn 0.6067 -0.7941 0.0362
vn 0.2657 -0.3661 0.8918
vn -0.4259 0.4259 0.7982
vn -0.6728 0.7388 -0.0390
vn -0.3706 0.4185 -0.8292
vn 0.3261 -0.3945 -0.8591
vn 0.6288 -0.7767 0.0361
vn 0.2881 -0.3491 0.8917
vn -0.4099 0.4605 0.7874
vn -0.9086 -0.4167 -0.0275
vn -0.6768 -0.1999 0.7085
vn -0.6385 -0.2383 -0.7318
vn -0.4660 0.3383 -0.8176
vn -0.5047 0.3842 0.7731
vn -0.8414 0.5391 -0.0391
vn -0.5616 0.4602 0.6876
vn -0.6770 0.7344 -0.0486
vn -0.6881 0.4135 -0.5963
vn 0.2295 -0.8905 -0.3929
vn 0.6159 -0.7871 0.0346
vn 0.2318 -0.9648 0.1241
vn -0.4286 0.3535 -0.8315
vn -0.4521 0.4186 0.7876
vn -0.6930 0.7194 -0.0472
vn 0.2629 -0.3889 0.8830
vn -0.4461 0.4615 0.7669
vn -0.8772 0.4791 -0.0324
vn 0.2657 -0.3661 0.8919
vn 0.2882 -0.3491 0.8917
vn -0.9087 -0.4166 -0.0275
vn -0.4660 0.3383 -0.8175
vn -0.7598 0.5729 0.3074
vn -0.8705 0.2840 0.4019
vn -0.6942 0.7162 -0.0721
vn -0.6269 0.4324 -0.6481
vn 0.2551 -0.9448 -0.2057
vn 0.6283 -0.7761 0.0545
vn 0.2495 -0.6620 0.7068
vn -0.6536 0.7559 -0.0371
vn -0.4285 0.3534 -0.8315
vn -0.3868 0.4311 -0.8151
vn -0.3817 -0.9237 0.0326
vn -0.8023 0.5379 0.2587
vn -0.8329 0.2416 0.4979
vn -0.7002 0.7108 -0.0664
vn -0.3900 0.3584 -0.8482
vn 0.3113 -0.4156 -0.8546
vn 0.6461 -0.7624 0.0362
vn 0.2476 -0.5861 0.7715
vn 0.3220 -0.4370 -0.8398
vn -0.4035 0.3809 -0.8320
vn 0.3129 -0.4208 -0.8514
vn 0.6320 -0.7742 0.0346
vn 0.3261 -0.3944 -0.8591
vn -0.8413 0.5391 -0.0391
vn -0.6386 0.1258 0.7591
vn -0.9434 0.0404 0.3292
vn -0.9771 0.1736 -0.1232
vn -0.0862 -0.7477 -0.6584
vn 0.4460 -0.8781 -0.1733
vn 0.2915 -0.7764 0.5587
vn -0.2144 0.2800 0.9358
vn -0.2696 0.0931 0.9584
vn -0.8601 0.3119 0.4036
vn -0.7802 0.4990 0.3772
vn -0.7321 0.0906 -0.6751
vn -0.7760 0.2825 -0.5639
vn 0.0988 -0.3209 -0.9419
vn 0.1887 -0.3299 -0.9250
vn 0.7949 -0.5443 -0.2680
vn 0.7730 -0.5654 -0.2878
vn 0.5863 -0.3318 0.7390
vn 0.6838 -0.3177 0.6568
vn -0.2858 -0.9459 0.1536
vn -0.0066 -0.9997 0.0215
vn -0.0248 0.2514 0.9676
vn 0.1530 -0.6147 -0.7738
vn 0.7460 -0.6362 -0.1967
vn 0.6652 -0.2216 0.7130
vn -0.1987 0.2617 0.9445
vn -0.7634 0.5131 0.3925
vn -0.7490 0.2905 -0.5954
vn 0.2024 -0.3138 -0.9277
vn 0.8073 -0.5185 -0.2817
vn 0.6879 -0.2733 0.6724
vn -0.8796 0.2998 0.3692
vn -0.9772 0.1806 -0.1114
vn 0.0681 -0.4457 -0.8926
vn 0.6684 -0.7024 -0.2448
vn 0.5757 -0.4548 0.6795
vn -0.6034 0.2486 0.7577
vn -0.6756 0.0013 0.7373
vn -0.6447 -0.6447 -0.4107
vn 0.1325 -0.3976 -0.9079
vn 0.7555 -0.5979 -0.2677
vn 0.5442 -0.3354 0.7690
vn -0.1267 0.1148 0.9853
vn -0.7667 0.5037 0.3980
vn -0.7279 0.3191 -0.6068
vn 0.1839 -0.2849 -0.9407
vn 0.7957 -0.5313 -0.2909
vn 0.6709 -0.2680 0.6915
vn -0.1861 0.3066 0.9335
vn -0.6747 -0.6940 0.2512
vn -0.2665 -0.4696 0.8417
vn -0.7538 -0.5151 -0.4079
vn -0.7911 0.1366 -0.5963
vn -0.2157 0.2129 0.9530
vn -0.8818 0.3316 0.3354
vn -0.5123 0.4089 0.7552
vn -0.7291 0.6800 0.0780
vn -0.7359 0.6670 0.1169
vn 0.6527 -0.7412 -0.1571
vn 0.5437 -0.8265 -0.1458
vn -0.1239 -0.3866 0.9139
vn -0.6760 0.7367 -0.0165
vn -0.7240 0.6735 -0.1491
vn 0.6565 -0.7474 0.1016
vn 0.6623 -0.7487 0.0296
vn -0.5244 0.4937 0.6937
vn -0.6950 0.7054 -0.1393
vn -0.7097 0.6774 -0.1935
vn 0.6762 -0.7262 0.1240
vn 0.6730 -0.7346 0.0859
vn -0.6806 0.6789 0.2754
vn -0.7030 0.7006 -0.1218
vn -0.3604 0.3862 -0.8491
vn 0.4460 -0.4072 -0.7970
vn 0.7125 -0.6925 0.1128
vn -0.7339 0.6789 -0.0206
vn 0.3958 -0.9122 -0.1062
vn 0.3784 -0.7026 -0.6027
vn -0.7207 0.6661 -0.1922
vn 0.6451 -0.7597 -0.0816
vn 0.4379 -0.8957 0.0780
vn -0.6602 0.6758 -0.3276
vn -0.2359 0.3692 -0.8989
vn 0.5625 -0.5136 -0.6479
vn -0.4365 0.6472 0.6250
vn -0.6000 0.7449 0.2917
vn -0.7304 0.6827 0.0197
vn 0.6379 -0.7661 -0.0778
vn 0.8344 -0.5503 0.0296
vn 0.6915 0.1242 0.7116
vn -0.6947 0.6806 -0.2329
vn 0.6183 -0.7153 -0.3256
vn 0.6602 -0.7336 -0.1611
vn -0.5755 0.6723 -0.4657
vn -0.1668 0.2874 -0.9432
vn 0.4052 -0.3223 -0.8555
vn -0.5044 -0.2287 0.8326
vn -0.0569 0.4210 0.9053
vn -0.0422 0.5121 0.8579
vn -0.3430 0.5435 0.7662
vn -0.3867 0.2469 0.8885
vn 0.2116 -0.9757 0.0575
vn 0.7211 -0.0621 0.6901
vn 0.7095 -0.6412 -0.2924
vn 0.0864 -0.5967 -0.7978
vn 0.1308 -0.7910 -0.5977
vn 0.3625 -0.6027 -0.7108
vn 0.3207 -0.9470 0.0169
vn 0.2728 -0.9582 -0.0860
vn 0.4246 -0.9021 -0.0773
vn 0.5361 -0.7546 -0.3785
vn 0.5311 -0.7338 0.4235
vn 0.3730 -0.5945 0.7123
vn 0.0987 -0.3111 0.9452
vn 0.3555 -0.5412 -0.7620
vn 0.0817 -0.1955 -0.9773
vn -0.3407 0.5088 0.7906
vn -0.5901 0.5796 0.5620
vn -0.7724 0.6264 -0.1049
vn -0.6944 0.6277 -0.3518
vn -0.5157 0.6563 -0.5508
vn -0.1154 0.4860 -0.8663
vn 0.3904 0.2497 0.8861
vn 0.8626 -0.5035 -0.0486
vn 0.8720 -0.3498 0.3423
vn 0.8197 -0.3011 -0.4873
vn 0.8423 -0.4806 -0.2441
vn 0.4982 0.1266 -0.8578
vn -0.0313 0.3382 -0.9405
vn -0.3563 0.4937 -0.7933
vn -0.6066 0.5922 -0.5304
vn -0.1481 0.2414 0.9591
vn -0.4024 0.5076 0.7619
vn -0.5346 0.6242 0.5697
vn -0.6816 0.7069 -0.1890
vn -0.6569 0.7491 0.0859
vn -0.5864 0.6649 0.4627
vn -0.6279 0.7118 0.3146
vn 0.7437 -0.6685 0.0021
vn 0.7270 -0.6069 -0.3213
vn 0.6948 -0.5680 0.4411
vn 0.5428 -0.4104 0.7327
vn 0.2315 -0.0988 0.9678
vn 0.6605 -0.3931 -0.6397
vn 0.3524 0.0296 -0.9354
vn -0.6919 0.6096 0.3870
vn -0.7262 0.6134 0.3105
vn -0.6600 0.6141 0.4327
vn -0.7594 0.6271 0.1733
vn -0.2663 -0.1587 0.9507
vn -0.3765 0.1111 0.9197
vn -0.8588 -0.1502 0.4898
vn -0.8106 0.1757 0.5587
vn -0.9258 -0.2072 0.3163
vn -0.8975 0.3017 0.3217
vn -0.4359 0.5400 0.7200
vn -0.6597 0.4266 0.6188
vn -0.5428 0.7230 0.4273
vn -0.7506 -0.3952 0.5295
vn -0.6668 -0.6172 0.4176
vn -0.5117 -0.2278 0.8284
vn -0.3450 -0.7151 0.6080
vn -0.4080 -0.4412 0.7993
vn -0.2378 -0.6804 0.6931
vn -0.6211 -0.2774 0.7330
vn -0.2736 -0.6153 0.7393
vn -0.7374 -0.1494 0.6587
vn -0.4136 -0.4905 0.7670
vn -0.8047 -0.0779 0.5885
vn -0.2566 -0.5308 0.8077
vn -0.8555 -0.0751 0.5124
vn -0.0069 -0.4555 0.8902
vn -0.7471 0.4195 0.5155
vn -0.8741 0.2509 0.4160
vn -0.8895 -0.0696 0.4515
vn 0.2459 0.2237 0.9431
vn -0.7687 -0.1301 0.6262
vn 0.1645 0.6502 0.7417
vn -0.5754 -0.1628 0.8015
vn -0.1331 0.8794 0.4571
vn -0.5070 0.0739 0.8588
vn -0.3093 0.8021 0.5109
vn -0.6511 0.2765 0.7068
vn -0.3337 0.7380 0.5866
vn -0.7367 0.3444 0.5820
vn -0.6916 -0.2291 0.6850
vn -0.6707 0.4522 0.5879
vn -0.4547 -0.3109 0.8346
vn -0.2024 -0.3988 0.8944
vn -0.3752 -0.4421 0.8147
vn -0.5474 -0.2843 0.7871
vn -0.6594 -0.2102 0.7218
vn -0.7381 -0.0820 0.6697
vn -0.7933 -0.0254 0.6083
vn -0.8204 -0.0004 0.5718
vn -0.8335 -0.0095 0.5524
vn -0.6860 -0.0944 0.7214
vn -0.5314 -0.1240 0.8380
vn -0.4269 0.0669 0.9018
vn -0.4287 0.2944 0.8542
vn -0.5628 0.3118 0.7655
vn -0.3125 0.6370 0.7046
vn -0.6142 -0.2552 0.7468
vn -0.2095 -0.4649 0.8602
vn -0.1042 -0.3189 0.9420
vn -0.2467 -0.1627 0.9553
vn -0.5014 -0.0720 0.8622
vn -0.6589 -0.0567 0.7501
vn -0.6949 -0.0700 0.7157
vn -0.7030 -0.0153 0.7111
vn -0.8931 -0.0291 0.4490
vn -0.7060 0.0685 0.7049
vn -0.5499 0.0594 0.8331
vn -0.4615 0.0409 0.8862
vn -0.4083 0.2153 0.8871
vn -0.2897 0.4487 0.8454
vn -0.9993 -0.0286 -0.0233
vn -0.9492 0.3103 -0.0520
vn -0.7799 0.6178 -0.1003
vn -0.9082 -0.4176 0.0279
vn -0.5867 -0.8021 0.1115
vn -0.2392 -0.9518 0.1920
vn -0.0053 -0.9573 0.2892
vn 0.1141 -0.9020 0.4165
vn 0.4418 -0.8116 0.3823
vn 0.7766 -0.4948 0.3899
vn -0.9595 0.0746 0.2718
vn 0.9601 0.1660 0.2250
vn 0.6927 0.6903 -0.2088
vn 0.2874 0.8952 -0.3406
vn -0.0497 0.9859 -0.1595
vn -0.4739 0.8747 -0.1021
vn -0.7840 -0.0638 0.6174
vn -0.5155 0.6357 0.5746
vn -0.7292 0.4195 0.5406
vn -0.7533 -0.6572 0.0228
vn -0.7390 0.2637 0.6199
vn -0.5844 -0.0258 0.8110
vn -0.6160 -0.2535 0.7458
vn -0.6259 0.1986 0.7542
vn -0.4809 0.0221 0.8765
vn -0.7014 -0.0934 0.7066
vn -0.7910 0.1931 0.5805
vn -0.6544 -0.1909 0.7316
vn -0.5078 -0.3752 0.7755
vn -0.5258 -0.6053 0.5976
vn -0.7524 -0.4319 0.4973
vn -0.4184 -0.7538 0.5067
vn -0.8283 -0.4294 0.3600
vn -0.3908 -0.6397 0.6618
vn -0.5543 -0.3214 0.7678
vn -0.7698 -0.4484 0.4543
vn -0.2844 -0.2886 0.9142
vn -0.5746 -0.2468 0.7803
vn -0.1702 -0.3674 0.9143
vn -0.5464 -0.0616 0.8353
vn -0.1133 -0.4065 0.9066
vn -0.5167 0.0259 0.8558
vn -0.0845 -0.2541 0.9635
vn -0.4837 -0.0673 0.8726
vn -0.1517 -0.1259 0.9804
vn -0.3611 -0.5509 0.7524
vn -0.1420 -0.6546 0.7425
vn -0.1960 0.3447 0.9180
vn 0.0580 0.3874 0.9201
vn -0.2560 -0.0678 0.9643
vn 0.0026 -0.0533 0.9986
vn -0.3561 -0.7435 0.5661
vn -0.1390 -0.7885 0.5991
vn -0.7646 0.2175 0.6067
vn -0.7308 0.2417 0.6384
vn -0.6881 -0.0054 0.7256
vn -0.4951 -0.5458 0.6759
vn -0.4529 -0.0749 0.8884
vn -0.5212 -0.2602 0.8128
vn -0.5764 -0.6699 0.4679
vn -0.9001 0.0887 0.4266
vn -0.8396 0.0414 0.5416
vn -0.7877 -0.0596 0.6132
vn -0.3957 -0.7267 0.5616
vn -0.3041 -0.6746 0.6727
vn -0.6897 -0.4377 0.5768
vn -0.7305 -0.5825 0.3563
vn -0.1769 -0.5976 0.7820
vn -0.4891 -0.7552 0.4364
vn -0.8142 -0.2676 0.5152
vn -0.0923 -0.8173 0.5688
vn -0.2589 -0.7613 0.5945
vn -0.4457 -0.6776 0.5850
vn -0.3639 -0.4944 0.7894
vn -0.7598 -0.0501 0.6482
vn -0.8546 0.0183 0.5190
vn -0.6745 -0.5022 0.5411
vn -0.4504 -0.6783 0.5806
vn -0.3809 -0.5751 0.7240
vn -0.2228 -0.3658 0.9036
vn -0.7814 -0.2365 0.5776
vn -0.7239 -0.4558 0.5179
vn -0.5169 -0.7279 0.4504
vn -0.5183 -0.6731 0.5275
vn -0.4291 -0.6079 0.6681
vn -0.5582 0.2683 0.7851
vn -0.7728 -0.1101 0.6250
vn -0.5156 0.0919 0.8519
vn -0.5212 -0.1810 0.8340
vn -0.4635 0.4482 0.7644
vn -0.5619 0.5296 0.6355
vn -0.6778 0.2694 0.6841
vn -0.5999 -0.1453 0.7868
vn -0.5150 -0.3348 0.7891
vn -0.6775 -0.2853 0.6780
vn -0.6223 -0.2010 0.7565
vn -0.8358 -0.1997 0.5114
vn -0.9292 -0.1423 0.3410
vn -0.9876 -0.0888 0.1294
vn -0.9090 -0.1058 0.4032
vn -0.8569 -0.0495 0.5132
vn -0.7887 -0.0535 0.6124
vn -0.6961 -0.0730 0.7143
vn -0.5175 -0.1380 0.8445
vn -0.4484 -0.1366 0.8833
vn -0.8719 -0.3113 0.3779
vn -0.9515 -0.2055 0.2287
vn -0.9485 -0.1176 0.2943
vn -0.7267 0.0090 0.6868
vn -0.5575 0.0109 0.8301
vn -0.3691 0.0454 0.9283
vn -0.2479 0.0624 0.9668
vn -0.2436 -0.0997 0.9648
vn -0.6489 -0.0325 0.7602
vn -0.8662 -0.4326 0.2500
vn -0.9555 -0.2749 0.1066
vn -0.5890 0.5306 0.6095
vn -0.4885 0.5908 0.6421
vn -0.2802 0.6378 0.7174
vn -0.1831 0.6800 0.7100
vn -0.8898 -0.4363 -0.1337
vn -0.9964 -0.0798 0.0277
vn -0.9781 0.1657 0.1261
vn -0.8858 0.4282 0.1789
vn -0.7079 0.6666 0.2336
vn -0.5159 0.8138 0.2674
vn -0.3854 0.8818 0.2718
vn -0.2371 0.9340 0.2672
vn -0.1542 0.9449 0.2889
vn -0.8478 0.0720 0.5254
vn -0.9353 0.0130 0.3536
vn -0.7378 -0.1302 0.6623
vn -0.9692 -0.0954 0.2272
vn -0.7446 0.1493 0.6506
vn -0.8754 -0.3558 0.3274
vn -0.9528 -0.2321 0.1955
vn -0.5794 0.1981 0.7906
vn -0.4895 0.2154 0.8450
vn -0.3322 0.2433 0.9113
vn -0.2207 0.2621 0.9395
vn -0.7509 -0.3285 0.5729
vn -0.5562 -0.7936 0.2467
vn -0.4448 -0.8413 -0.3073
vn -0.4806 -0.6676 0.5686
vn -0.6679 -0.6583 0.3472
vn -0.6241 -0.7160 -0.3127
vn -0.4327 -0.8984 -0.0758
vn -0.3856 -0.9007 0.2001
vn -0.2582 -0.8885 -0.3795
vn -0.2832 -0.9501 -0.1308
vn -0.2740 -0.9112 -0.3077
vn -0.9144 -0.2452 -0.3222
vn -0.0351 -0.7591 -0.6501
vn -0.9361 -0.2853 -0.2058
vn -0.7765 -0.5058 -0.3759
vn -0.8776 -0.2420 -0.4138
vn -0.9976 -0.0632 -0.0295
vn -0.9539 -0.2910 -0.0737
vn -0.9921 -0.1198 -0.0362
vn -0.9625 -0.2551 0.0927
vn -0.9853 -0.1693 -0.0213
vn -0.9728 -0.1670 0.1606
vn -0.9566 -0.2871 -0.0505
vn -0.9702 -0.2408 -0.0254
vn -0.7324 -0.6806 -0.0161
vn -0.6667 -0.7104 -0.2255
vn -0.9553 -0.2946 -0.0237
vn -0.9769 0.2128 -0.0215
vn -0.8557 0.5128 -0.0694
vn -0.6558 0.7473 -0.1065
vn -0.4478 0.8862 -0.1192
vn -0.3277 0.9376 -0.1164
vn -0.2631 0.9572 -0.1205
vn -0.1712 0.9793 -0.1081
vn -0.9434 0.1503 -0.2957
vn -0.7470 0.3718 -0.5511
vn -0.5044 0.4720 -0.7231
vn -0.3594 0.4825 -0.7988
vn -0.2941 0.4840 -0.8242
vn -0.2272 0.4847 -0.8446
vn -0.1425 0.4924 -0.8586
vn -0.9090 -0.0209 -0.4163
vn -0.6609 0.0806 -0.7461
vn -0.3624 0.1227 -0.9239
vn -0.2648 0.1221 -0.9566
vn -0.2218 0.1169 -0.9681
vn -0.1565 0.1171 -0.9807
vn -0.0074 0.1036 -0.9946
vn -0.8284 -0.3081 -0.4678
vn -0.5525 -0.3344 -0.7635
vn -0.2501 -0.3433 -0.9053
vn -0.1716 -0.3357 -0.9262
vn -0.1320 -0.3308 -0.9344
vn -0.0858 -0.3239 -0.9422
vn 0.1141 -0.3272 -0.9380
vn -0.5931 -0.7472 -0.2999
vn -0.3590 -0.7829 -0.5082
vn -0.1307 -0.7973 -0.5893
vn -0.0841 -0.7885 -0.6092
vn -0.0335 -0.7962 -0.6041
vn -0.0291 -0.7809 -0.6239
vn 0.0321 -0.7791 -0.6261
vn -0.9967 0.0414 0.0697
vn -0.5240 -0.6057 0.5988
vn -0.8114 -0.2445 -0.5309
vn -0.3902 -0.8847 -0.2552
vn -0.9875 -0.0112 0.1572
vn -0.6161 -0.5535 0.5604
vn -0.9646 -0.1880 0.1849
vn -0.8870 -0.2739 0.3717
vn -0.9260 -0.3772 0.0122
vn -0.4497 0.0308 0.8926
vn -0.8453 -0.4730 0.2483
vn -0.6788 0.5165 0.5220
vn -0.7470 -0.5606 0.3574
vn -0.8061 0.5377 0.2471
vn -0.9763 -0.1201 0.1798
vn -0.8876 0.4344 -0.1536
vn -0.9594 -0.1653 0.2286
vn -0.8930 -0.0104 -0.4499
vn -0.8626 -0.2291 0.4510
vn -0.8497 -0.3142 -0.4234
vn -0.7590 -0.0944 0.6442
vn -0.7760 -0.4835 -0.4051
vn -0.7866 0.0032 0.6175
vn -0.7352 -0.6034 -0.3088
vn -0.9469 -0.0719 0.3133
vn -0.6631 -0.7058 -0.2493
vn -0.8988 -0.2685 0.3465
vn -0.5085 -0.8608 -0.0229
vn -0.8919 -0.2726 0.3607
vn -0.3558 -0.8634 0.3577
vn -0.8798 -0.2630 0.3960
vn -0.2346 -0.6219 0.7472
vn -0.3922 -0.0841 0.9160
vn -0.2998 -0.2549 0.9193
vn -0.5393 -0.4684 0.6999
vn -0.6844 -0.0450 0.7277
vn -0.9756 0.0359 0.2164
vn -0.9508 0.2397 0.1963
vn -0.8869 -0.0654 0.4573
vn -0.8986 -0.2285 0.3745
vn -0.8561 -0.2995 0.4212
vn -0.9231 -0.3036 0.2361
vn -0.8651 -0.2240 0.4487
vn -0.8755 -0.4501 -0.1759
vn -0.8368 -0.1018 0.5379
vn -0.7760 -0.6028 -0.1857
vn -0.8603 0.1008 0.4997
vn -0.9647 -0.2571 0.0577
vn -0.9604 0.0682 0.2703
vn -0.9034 -0.2443 0.3525
vn -0.8545 -0.3499 0.3840
vn -0.9011 -0.2442 0.3583
vn -0.9792 -0.0297 0.2009
vn -0.8953 -0.2295 0.3817
vn -0.9858 -0.1507 0.0742
vn -0.4132 -0.0345 0.9100
vn -0.8706 -0.4919 0.0100
vn -0.4428 0.0249 0.8963
vn -0.8886 -0.2609 0.3772
vn -0.4839 -0.0189 0.8749
vn -0.9783 -0.1504 0.1422
vn -0.4210 -0.0227 0.9068
vn -0.9037 0.3213 0.2830
vn -0.6951 -0.5471 0.4663
vn -0.7277 0.4022 0.5557
vn -0.4364 -0.5404 0.7194
vn -0.8929 -0.4351 0.1156
vn -0.4830 0.2963 0.8240
vn -0.9877 -0.0258 0.1542
vn -0.5398 -0.5536 0.6341
vn -0.9888 -0.1008 0.1097
vn -0.4657 -0.6820 0.5638
vn -0.9640 0.2648 0.0257
vn -0.6835 -0.5348 0.4969
vn -0.9230 0.1312 -0.3617
vn -0.9876 -0.1467 -0.0562
vn -0.3673 -0.6684 -0.6467
vn -0.4750 -0.8799 -0.0119
vn -0.3892 -0.8813 0.2679
vn -0.7095 -0.5624 0.4247
vn -0.9420 -0.1964 0.2721
vn -0.6666 -0.1792 0.7235
vn -0.3158 0.1751 0.9325
vn 0.2258 0.7123 0.6646
vn -0.3179 0.9035 0.2874
vn -0.5658 -0.4340 0.7011
vn -0.6918 -0.6913 0.2087
vn -0.8937 -0.1655 0.4171
vn -0.9075 -0.2489 0.3383
vn -0.1107 0.1011 0.9887
vn -0.8701 -0.2774 0.4074
vn -0.7537 -0.4009 0.5208
vn -0.9121 -0.3588 0.1981
vn -0.8245 -0.1965 0.5306
vn -0.9618 -0.2517 0.1078
vn -0.7949 -0.0596 0.6038
vn 0.5281 -0.2968 -0.7956
vn -0.6926 0.1630 0.7027
vn -0.1092 -0.2791 -0.9540
vn -0.8674 0.4860 -0.1071
vn 0.3849 -0.8622 0.3294
vn -0.9519 0.1852 0.2441
vn -0.9698 0.0576 -0.2370
vn -0.8188 -0.5620 -0.1176
vn -0.5795 -0.2229 0.7839
vn -0.8280 0.4042 -0.3885
vn -0.9064 0.2941 0.3031
vn -0.7289 -0.5088 0.4581
vn -0.8603 0.0581 0.5065
vn 0.2191 -0.3993 0.8903
vn -0.7117 -0.6844 -0.1587
vn -0.8187 -0.5606 0.1244
vn -0.8347 -0.1040 0.5408
vn -0.8743 -0.2000 0.4422
vn -0.8472 -0.2527 0.4673
vn -0.4924 -0.8682 0.0623
vn -0.8480 -0.1062 0.5193
vn -0.6970 -0.7136 -0.0705
vn -0.8627 -0.4098 -0.2963
vn -0.9343 0.2601 -0.2438
vn 0.2347 -0.5221 -0.8200
vn 0.0179 -0.1304 -0.9913
vn 0.3259 0.6682 -0.6687
vn -0.9859 0.1667 0.0167
vn -0.8643 0.4221 0.2737
vn -0.9427 0.1438 0.3010
vn 0.2251 0.5185 -0.8249
vn 0.4773 0.8504 -0.2215
vn 0.2201 0.8666 0.4477
vn 0.2787 0.2878 0.9163
vn 0.1975 0.9465 0.2551
vn 0.0885 0.9892 -0.1167
vn -0.0458 0.8080 -0.5874
vn -0.0551 -0.1212 -0.9911
vn 0.0386 -0.5923 -0.8048
vn 0.6206 0.2000 0.7582
vn 0.2545 0.2142 0.9430
vn 0.3091 0.6612 0.6836
vn -0.0841 0.2863 -0.9544
vn -0.0185 -0.3468 -0.9378
vn 0.1862 -0.7506 -0.6339
vn 0.4312 -0.7772 -0.4582
vn 0.3948 -0.9187 0.0077
vn 0.8037 -0.5418 0.2458
vn 0.6771 0.0289 0.7353
vn 0.5730 0.3041 0.7610
vn 0.2188 0.2303 0.9482
vn 0.1709 0.2253 0.9592
vn -0.8610 0.0871 0.5010
vn -0.7856 0.6163 0.0550
vn -0.6933 0.6597 -0.2900
vn -0.6335 0.5162 -0.5763
vn -0.5355 0.0794 -0.8408
vn -0.3731 -0.2432 -0.8954
vn -0.1662 -0.5265 -0.8338
vn 0.0671 -0.7725 -0.6315
vn 0.0587 -0.8132 -0.5790
vn 0.1368 -0.7819 -0.6083
vn 0.1423 -0.9883 0.0544
vn 0.7390 -0.2971 0.6046
vn 0.9446 0.0795 0.3185
vn 0.9438 0.1670 -0.2851
vn 0.9357 0.1294 0.3281
vn 0.5736 0.3123 0.7572
vn 0.0977 -0.4768 -0.8736
vn -0.8517 0.3586 0.3822
vn -0.9775 -0.2071 -0.0408
vn -0.9944 -0.0893 -0.0562
vn -0.1720 0.8117 -0.5582
vn -0.8261 0.4837 -0.2892
vn -0.6091 0.6665 -0.4299
vn -0.3265 0.7739 -0.5426
vn -0.4202 0.7493 -0.5118
vn -0.2760 0.7915 -0.5453
vn -0.9693 0.2002 -0.1430
vt 0.000000 1.000000
vt 0.000000 1.000000
vt 0.000000 1.000000
vt 0.687500 0.500000
vt 0.625000 0.500000
vt 0.750000 0.500000
vt 0.750000 0.625000
vt 0.687500 0.625000
vt 0.750000 0.750000
vt 0.750000 0.875000
vt 0.687500 0.875000
vt 0.687500 0.750000
vt 0.718750 1.000000
vt 0.625000 0.750000
vt 0.625000 0.625000
vt 0.656250 1.000000
vt 0.625000 0.875000
vt 0.562500 0.750000
vt 0.562500 0.625000
vt 0.593750 1.000000
vt 0.562500 0.875000
vt 0.562500 0.500000
vt 0.500000 0.625000
vt 0.500000 0.500000
vt 0.500000 0.875000
vt 0.500000 0.750000
vt 0.531250 1.000000
vt 0.437500 0.875000
vt 0.437500 0.750000
vt 0.437500 0.625000
vt 0.468750 1.000000
vt 0.437500 0.500000
vt 0.375000 0.750000
vt 0.375000 0.625000
vt 0.406250 1.000000
vt 0.375000 0.875000
vt 0.375000 0.500000
vt 0.343750 1.000000
vt 0.312500 0.875000
vt 0.312500 0.625000
vt 0.312500 0.500000
vt 0.312500 0.750000
vt 0.250000 0.625000
vt 0.250000 0.500000
vt 0.250000 0.875000
vt 0.250000 0.750000
vt 0.281250 1.000000
vt 0.187500 0.750000
vt 0.187500 0.625000
vt 0.218750 1.000000
vt 0.187500 0.875000
vt 0.187500 0.500000
vt 0.125000 0.750000
vt 0.125000 0.625000
vt 0.156250 1.000000
vt 0.125000 0.875000
vt 0.125000 0.500000
vt 0.062500 0.625000
vt 0.062500 0.500000
vt 0.062500 0.875000
vt 0.062500 0.750000
vt 0.093750 1.000000
vt 0.000000 0.625000
vt 0.000000 0.500000
vt 0.000000 0.875000
vt 0.000000 0.750000
vt 0.031250 1.000000
vt 1.000000 0.625000
vt 1.000000 0.750000
vt 0.937500 0.750000
vt 0.937500 0.625000
vt 1.000000 0.875000
vt 0.968750 1.000000
vt 0.937500 0.875000
vt 1.000000 0.500000
vt 0.937500 0.500000
vt 0.875000 0.750000
vt 0.875000 0.625000
vt 0.906250 1.000000
vt 0.875000 0.875000
vt 0.875000 0.500000
vt 0.812500 0.625000
vt 0.812500 0.500000
vt 0.812500 0.875000
vt 0.812500 0.750000
vt 0.843750 1.000000
vt 0.781250 1.000000
vt 0.187500 0.500000
vt 0.187500 0.500000
vt 0.000000 1.000000
vt 0.125000 0.500000
vt 0.125000 0.500000
vt 0.187500 0.500000
vt 0.187500 0.500000
vt 0.125000 0.500000
vt 0.250000 0.500000
vt 0.250000 0.500000
vt 0.104167 0.416667
vt 0.135417 0.500000
vt 0.145833 0.500000
vt 0.156250 0.500000
vt 0.104167 0.583333
vt 0.000000 0.000000
vt 0.020833 0.916667
vt 0.020833 0.083333
vt 0.041667 0.833333
vt 0.041667 0.166667
vt 0.062500 0.750000
vt 0.062500 0.250000
vt 0.083333 0.666667
vt 0.083333 0.333333
vt 0.281250 0.500000
vt 0.250000 0.500000
vt 0.218750 0.500000
vt 0.187500 0.500000
vt 0.229167 0.500000
vt 0.208333 0.500000
vt 0.187500 0.500000
vt 0.166667 0.500000
vt 0.177083 0.500000
vt 0.166667 0.500000
vt 0.156250 0.500000
vt 0.125000 0.500000
vt 0.125000 0.500000
vt 0.125000 0.500000
vt 0.125000 0.500000
vt 0.125000 0.500000
vt 0.125000 0.500000
vt 1.000000 0.574069
vt 1.000000 0.925931
vt 0.890340 0.925931
vt 0.890340 0.574069
vt 0.833333 0.500000
vt 0.833333 1.000000
vt 0.666667 1.000000
vt 0.666667 0.500000
vt 0.500000 1.000000
vt 0.500000 0.500000
vt 0.333333 1.000000
vt 0.333333 0.500000
vt 0.457846 0.370000
vt 0.250000 0.490000
vt 0.250000 0.010000
vt 0.457846 0.130000
vt 0.166667 1.000000
vt 0.166667 0.500000
vt 0.109660 0.574069
vt 0.109660 0.925931
vt -0.000000 0.925931
vt -0.000000 0.574069
vt -0.000000 0.500000
vt 1.000000 1.000000
vt -0.000000 1.000000
vt 0.042154 0.370000
vt 0.042154 0.130000
vt 0.749216 1.000000
vt 0.759607 0.500000
vt 0.457846 0.248872
vt 0.745819 0.500000
vt 0.754836 0.500000
vt 0.275036 1.000000
vt 0.245984 0.500000
vt 0.833333 0.500000
vt 0.333333 0.500000
vt 0.235023 0.500000
vt 0.261860 0.500000
vt 0.500000 0.500000
vt -0.000000 0.500000
vt 0.042154 0.213949
vt 0.244496 0.500000
vt 0.745044 0.500000
vt 0.745335 0.500000
vt 0.255599 0.500000
vt 0.999204 0.500000
vt 0.733099 0.500000
vt 0.255431 0.500000
vt 0.083980 0.335921
vt 0.734583 0.500000
vt 0.272232 0.500000
vt 0.083045 0.332179
vt 0.042539 0.170158
vt 0.007047 0.028187
vt 0.039641 0.158564
vt 0.027907 0.111629
vt 0.116796 0.467186
vt 0.039930 0.159719
vt 0.079366 0.317464
vt 0.101060 0.404242
vt 1.000000 0.833333
vt 0.833333 0.833333
vt 0.666667 0.833333
vt 0.500000 0.833333
vt 0.333333 0.833333
vt 0.166667 0.833333
vt -0.000000 0.833333
vt 0.167676 0.279418
vt -0.018017 0.283928
vt -0.000000 0.333333
vt 0.166667 0.333333
vt 0.166678 0.556847
vt -0.000770 0.556847
vt -0.000000 0.666667
vt 0.166667 0.666667
vt 0.333440 0.275396
vt 0.333333 0.333333
vt 0.333333 0.556847
vt 0.333333 0.666667
vt 0.498773 0.279380
vt 0.500000 0.333333
vt 0.499988 0.556848
vt 0.500000 0.666667
vt 0.672775 0.280304
vt 0.666667 0.333333
vt 0.666698 0.556803
vt 0.666667 0.666667
vt 0.833450 0.282781
vt 0.833333 0.333333
vt 0.833348 0.556979
vt 0.833333 0.666667
vt 1.005691 0.276727
vt 1.000000 0.333333
vt 1.000694 0.556760
vt 1.000000 0.666667
vt 0.500000 0.000000
vt 0.461131 0.000000
vt 0.333333 0.000000
vt -0.000000 0.000000
vt 0.612697 0.000000
vt 0.833333 0.000000
vt 0.666667 0.000000
vt 0.166667 0.000000
vt 0.166735 0.686324
vt 0.003668 0.686323
vt 0.333332 0.686323
vt 0.499930 0.686324
vt 0.667150 0.686482
vt 0.833314 0.686108
vt 0.995449 0.686634
vt 0.997454 0.355631
vt 0.833292 0.355384
vt 0.666968 0.355557
vt 0.499960 0.355482
vt 0.333333 0.355479
vt 0.166748 0.355479
vt 0.001999 0.355479
vt 0.948041 0.023432
vt 0.835730 0.022810
vt 0.832697 0.262092
vt 0.966870 0.256730
vt 0.720401 0.023707
vt 0.709041 0.259260
vt 1.000000 0.000000
vt -0.000000 0.912273
vt 0.166667 0.925483
vt -0.000000 0.911088
vt 0.333333 0.929095
vt 0.415545 0.917788
vt 0.518335 0.826248
vt 0.478872 0.852998
vt 0.530369 0.800221
vt 0.893911 0.800221
vt 0.095681 1.000000
vt 0.277959 1.000000
vt 0.438392 1.000000
vt 0.635561 1.000000
vt 0.744082 1.000000
vt 0.127941 1.000000
vt 0.000000 0.000048
vt 0.000000 0.999985
vt 0.000000 -0.000418
vt 0.000000 1.001412
vt 0.000000 0.999217
vt 0.000000 0.999011
vt 0.000000 0.000001
vt 0.000000 0.000001
vt 0.000000 -0.000573
vt 0.000000 1.000190
vt 0.000000 0.000555
vt 0.000000 0.001267
vt 0.479277 1.000000
vt 0.583900 0.000000
s 1
usemtl Material
f 10/1/10 9/1/9 22/1/22 23/1/23
f 2/1/2 1/1/1 14/1/14 15/1/15
f 8/1/8 7/1/7 20/1/20 21/1/21
f 11/1/11 10/1/10 23/1/23 24/1/24
f 3/1/3 5/1/5 18/1/18 16/1/16
f 7/1/7 6/1/6 19/1/19 20/1/20
f 6/1/6 2/1/2 15/1/15 19/1/19
f 1/1/1 3/1/3 16/1/16 14/1/14
f 12/1/12 11/1/11 24/1/24 25/1/25
f 9/1/9 8/1/8 21/1/21 22/1/22
f 13/1/13 12/1/12 25/1/25 26/1/26
f 5/1/5 4/1/4 17/1/17 18/1/18
f 63/1/63 62/1/62 64/1/64 65/1/65
f 17/1/17 41/1/41 42/1/42 18/1/18
f 55/1/55 54/1/54 34/1/34 33/1/33
f 25/1/25 24/1/24 48/2/48 49/2/49
f 60/1/60 59/1/59 27/1/27 29/1/29
f 49/2/49 50/1/50 26/1/26 25/1/25
f 15/1/15 14/1/14 38/1/38 39/1/39
f 47/3/47 23/1/23 22/1/22 46/1/46
f 44/1/44 20/1/20 19/1/19 43/1/43
f 43/1/43 19/1/19 15/1/15 39/1/39
f 56/1/56 52/1/52 36/1/36 32/1/32
f 45/1/45 21/1/21 20/1/20 44/1/44
f 53/1/53 55/1/55 33/1/33 35/1/35
f 52/1/52 51/1/51 37/1/37 36/1/36
f 61/1/61 60/1/60 29/1/29 28/1/28
f 62/1/62 61/1/61 28/1/28 64/1/64
f 58/1/58 57/1/57 31/1/31 30/1/30
f 18/1/18 42/1/42 40/1/40 16/1/16
f 48/2/48 24/1/24 23/1/23 47/3/47
f 59/1/59 58/1/58 30/1/30 27/1/27
f 51/1/51 53/1/53 35/1/35 37/1/37
f 46/1/46 22/1/22 21/1/21 45/1/45
f 46/1/46 45/1/45 58/1/58 59/1/59
f 40/1/40 42/1/42 55/1/55 53/1/53
f 50/1/50 49/2/49 62/1/62 63/1/63
f 39/1/39 38/1/38 51/1/51 52/1/52
f 47/3/47 46/1/46 59/1/59 60/1/60
f 45/1/45 44/1/44 57/1/57 58/1/58
f 43/1/43 39/1/39 52/1/52 56/1/56
f 38/1/38 40/1/40 53/1/53 51/1/51
f 48/2/48 47/3/47 60/1/60 61/1/61
f 44/1/44 43/1/43 56/1/56 57/1/57
f 42/1/42 41/1/41 54/1/54 55/1/55
f 49/2/49 48/2/48 61/1/61 62/1/62
f 16/1/16 40/1/40 38/1/38 14/1/14
f 57/1/57 56/1/56 32/1/32 31/1/31
f 33/1/33 34/1/34 67/1/67 66/1/66
f 35/1/35 33/1/33 66/1/66 68/1/68
f 35/1/35 68/1/68 70/1/70 69/1/69
f 69/1/69 70/1/70 72/1/72 71/1/71
f 71/1/71 87/1/87 89/1/89 73/1/73
f 73/1/73 89/1/89 90/1/90 74/1/74
f 74/1/74 90/1/90 91/1/91 75/1/75
f 75/1/75 91/1/91 92/1/92 76/1/76
f 76/1/76 92/1/92 93/1/93 77/1/77
f 77/1/77 93/1/93 94/1/94 78/1/78
f 78/1/78 94/1/94 95/1/95 79/1/79
f 88/1/88 72/1/72 100/1/100 101/1/101
f 35/1/35 69/1/69 83/1/83 37/1/37
f 37/1/37 83/1/83 85/1/85 36/1/36
f 36/1/36 85/1/85 80/1/80 32/1/32
f 32/1/32 80/1/80 82/1/82 31/1/31
f 31/1/31 82/1/82 84/1/84 30/1/30
f 30/1/30 84/1/84 86/1/86 27/1/27
f 27/1/27 86/1/86 81/1/81 29/1/29
f 80/1/80 85/1/85 74/1/74 75/1/75
f 82/1/82 80/1/80 75/1/75 76/1/76
f 84/1/84 82/1/82 76/1/76 77/1/77
f 83/1/83 69/1/69 71/1/71 73/1/73
f 86/1/86 84/1/84 77/1/77 78/1/78
f 85/1/85 83/1/83 73/1/73 74/1/74
f 81/1/81 86/1/86 78/1/78 79/1/79
f 68/1/68 66/1/66 96/1/96 98/1/98
f 72/1/72 70/1/70 99/1/99 100/1/100
f 101/1/101 100/1/100 106/1/106 107/1/107
f 66/1/66 67/1/67 97/1/97 96/1/96
f 70/1/70 68/1/68 98/1/98 99/1/99
f 106/1/106 112/1/112 113/1/113 107/1/107
f 99/1/99 98/1/98 104/1/104 105/1/105
f 98/1/98 96/1/96 102/1/102 104/1/104
f 100/1/100 99/1/99 105/1/105 106/1/106
f 96/1/96 97/1/97 103/1/103 102/1/102
f 105/1/105 104/1/104 110/1/110 111/1/111
f 104/1/104 102/1/102 108/1/108 110/1/110
f 112/1/112 111/1/111 119/4/119 123/5/123
f 106/1/106 105/1/105 111/1/111 112/1/112
f 102/1/102 103/1/103 109/1/109 108/1/108
f 115/6/115 114/7/114 118/8/118 119/4/119
f 178/9/178 177/10/177 116/11/116 117/12/117
f 114/7/114 178/9/178 117/12/117 118/8/118
f 177/10/177 148/13/148 116/11/116
f 118/8/118 117/12/117 121/14/121 122/15/122
f 116/11/116 148/16/148 120/17/120
f 119/4/119 118/8/118 122/15/122 123/5/123
f 117/12/117 116/11/116 120/17/120 121/14/121
f 122/15/122 121/14/121 125/18/125 126/19/126
f 120/17/120 148/20/148 124/21/124
f 123/5/123 122/15/122 126/19/126 127/22/127
f 121/14/121 120/17/120 124/21/124 125/18/125
f 127/22/127 126/19/126 130/23/130 131/24/131
f 125/18/125 124/21/124 128/25/128 129/26/129
f 126/19/126 125/18/125 129/26/129 130/23/130
f 124/21/124 148/27/148 128/25/128
f 129/26/129 128/25/128 132/28/132 133/29/133
f 130/23/130 129/26/129 133/29/133 134/30/134
f 128/25/128 148/31/148 132/28/132
f 131/24/131 130/23/130 134/30/134 135/32/135
f 134/30/134 133/29/133 137/33/137 138/34/138
f 132/28/132 148/35/148 136/36/136
f 135/32/135 134/30/134 138/34/138 139/37/139
f 133/29/133 132/28/132 136/36/136 137/33/137
f 136/36/136 148/38/148 140/39/140
f 139/37/139 138/34/138 142/40/142 143/41/143
f 137/33/137 136/36/136 140/39/140 141/42/141
f 138/34/138 137/33/137 141/42/141 142/40/142
f 143/41/143 142/40/142 146/43/146 147/44/147
f 141/42/141 140/39/140 144/45/144 145/46/145
f 142/40/142 141/42/141 145/46/145 146/43/146
f 140/39/140 148/47/148 144/45/144
f 146/43/146 145/46/145 150/48/150 151/49/151
f 144/45/144 148/50/148 149/51/149
f 147/44/147 146/43/146 151/49/151 152/52/152
f 145/46/145 144/45/144 149/51/149 150/48/150
f 151/49/151 150/48/150 154/53/154 155/54/155
f 149/51/149 148/55/148 153/56/153
f 152/52/152 151/49/151 155/54/155 156/57/156
f 150/48/150 149/51/149 153/56/153 154/53/154
f 156/57/156 155/54/155 159/58/159 160/59/160
f 154/53/154 153/56/153 157/60/157 158/61/158
f 155/54/155 154/53/154 158/61/158 159/58/159
f 153/56/153 148/62/148 157/60/157
f 160/59/160 159/58/159 163/63/163 164/64/164
f 158/61/158 157/60/157 161/65/161 162/66/162
f 159/58/159 158/61/158 162/66/162 163/63/163
f 157/60/157 148/67/148 161/65/161
f 163/68/163 162/69/162 166/70/166 167/71/167
f 161/72/161 148/73/148 165/74/165
f 164/75/164 163/68/163 167/71/167 168/76/168
f 162/69/162 161/72/161 165/74/165 166/70/166
f 167/71/167 166/70/166 170/77/170 171/78/171
f 165/74/165 148/79/148 169/80/169
f 168/76/168 167/71/167 171/78/171 172/81/172
f 166/70/166 165/74/165 169/80/169 170/77/170
f 172/81/172 171/78/171 175/82/175 176/83/176
f 170/77/170 169/80/169 173/84/173 174/85/174
f 171/78/171 170/77/170 174/85/174 175/82/175
f 169/80/169 148/86/148 173/84/173
f 174/85/174 173/84/173 177/10/177 178/9/178
f 175/82/175 174/85/174 178/9/178 114/7/114
f 173/84/173 148/87/148 177/10/177
f 176/83/176 175/82/175 114/7/114 115/6/115
f 160/59/160 164/64/164 181/64/181 180/59/180
f 164/75/164 168/76/168 182/76/182 181/75/181
f 172/81/172 176/83/176 184/83/184 183/81/183
f 168/76/168 172/81/172 183/81/183 182/76/182
f 156/57/156 160/59/160 180/59/180 179/57/179
f 109/1/109 184/83/184 176/83/176 108/1/108
f 110/1/110 108/1/108 176/83/176 115/6/115
f 110/1/110 115/6/115 119/4/119 111/1/111
f 72/1/72 88/1/88 87/1/87 71/1/71
f 79/1/79 95/1/95 191/1/191 189/1/189
f 64/1/64 28/1/28 185/1/185 187/1/187
f 29/1/29 81/1/81 190/1/190 186/1/186
f 81/1/81 79/1/79 189/1/189 190/1/190
f 28/1/28 29/1/29 186/1/186 185/1/185
f 65/1/65 64/1/64 187/1/187 188/1/188
f 187/1/187 185/1/185 192/1/192 194/1/194
f 186/1/186 190/1/190 197/1/197 193/1/193
f 185/1/185 186/1/186 193/1/193 192/1/192
f 188/1/188 187/1/187 194/1/194 195/1/195
f 189/1/189 191/1/191 198/1/198 196/1/196
f 190/1/190 189/1/189 196/1/196 197/1/197
f 193/1/193 197/1/197 204/1/204 200/1/200
f 192/1/192 193/1/193 200/1/200 199/1/199
f 195/1/195 194/1/194 201/1/201 202/1/202
f 196/1/196 198/1/198 205/1/205 203/1/203
f 197/1/197 196/1/196 203/1/203 204/1/204
f 194/1/194 192/1/192 199/1/199 201/1/201
f 200/1/200 204/1/204 211/1/211 207/1/207
f 199/1/199 200/1/200 207/1/207 206/1/206
f 202/1/202 201/1/201 208/1/208 209/1/209
f 203/1/203 205/1/205 212/1/212 210/1/210
f 204/1/204 203/1/203 210/1/210 211/1/211
f 201/1/201 199/1/199 206/1/206 208/1/208
f 207/1/207 211/1/211 218/1/218 214/1/214
f 206/1/206 207/1/207 214/1/214 213/1/213
f 209/1/209 208/1/208 215/1/215 216/1/216
f 210/1/210 212/1/212 219/1/219 217/1/217
f 211/1/211 210/1/210 217/1/217 218/1/218
f 208/1/208 206/1/206 213/1/213 215/1/215
f 113/1/113 112/1/112 123/1/123 220/1/220
f 220/1/220 123/1/123 221/1/221 222/1/222
f 222/1/222 221/1/221 223/1/223 224/1/224
f 224/1/224 223/1/223 225/1/225 226/1/226
f 226/1/226 225/1/225 227/1/227 228/1/228
f 228/1/228 227/1/227 217/1/217 219/1/219
f 221/1/221 123/1/123 127/1/127 229/1/229
f 223/1/223 221/1/221 229/1/229 230/1/230
f 225/1/225 223/1/223 230/1/230 231/1/231
f 217/1/217 227/1/227 232/1/232 218/1/218
f 227/1/227 225/1/225 231/1/231 232/1/232
f 232/1/232 231/1/231 240/1/240 241/1/241
f 214/1/214 218/1/218 237/1/237 234/1/234
f 215/1/215 213/1/213 233/1/233 235/1/235
f 218/1/218 232/1/232 241/1/241 237/1/237
f 230/1/230 229/1/229 238/1/238 239/1/239
f 213/1/213 214/1/214 234/1/234 233/1/233
f 231/1/231 230/1/230 239/1/239 240/1/240
f 229/1/229 127/1/127 131/1/131 238/1/238
f 216/1/216 215/1/215 235/1/235 236/1/236
f 239/1/239 238/1/238 247/1/247 248/1/248
f 235/1/235 233/1/233 242/1/242 244/1/244
f 238/1/238 131/1/131 135/1/135 247/1/247
f 240/1/240 239/1/239 248/1/248 249/1/249
f 233/1/233 234/1/234 243/1/243 242/1/242
f 241/1/241 240/1/240 249/1/249 250/1/250
f 234/1/234 237/1/237 246/1/246 243/1/243
f 236/1/236 235/1/235 244/1/244 245/1/245
f 237/1/237 241/1/241 250/1/250 246/1/246
f 242/1/242 243/1/243 252/1/252 251/1/251
f 250/1/250 249/1/249 258/1/258 259/1/259
f 243/1/243 246/1/246 255/1/255 252/1/252
f 245/1/245 244/1/244 253/1/253 254/1/254
f 246/1/246 250/1/250 259/1/259 255/1/255
f 248/1/248 247/1/247 256/1/256 257/1/257
f 244/1/244 242/1/242 251/1/251 253/1/253
f 247/1/247 135/1/135 139/1/139 256/1/256
f 249/1/249 248/1/248 257/1/257 258/1/258
f 252/1/252 255/1/255 264/1/264 261/1/261
f 254/1/254 253/1/253 262/1/262 263/1/263
f 255/1/255 259/1/259 268/1/268 264/1/264
f 257/1/257 256/1/256 265/1/265 266/1/266
f 253/1/253 251/1/251 260/1/260 262/1/262
f 256/1/256 139/1/139 143/1/143 265/1/265
f 258/1/258 257/1/257 266/1/266 267/1/267
f 251/1/251 252/1/252 261/1/261 260/1/260
f 259/1/259 258/1/258 267/1/267 268/1/268
f 156/57/156 179/57/179 273/57/273 272/57/272
f 147/44/147 152/52/152 271/52/271 270/44/270
f 152/52/152 156/57/156 272/57/272 271/52/271
f 143/41/143 147/44/147 270/44/270 265/41/265
f 295/88/293 289/57/289 274/57/274 275/52/275
f 292/1/285 293/1/291 283/1/283 284/1/284
f 289/57/289 288/57/288 269/57/269 274/57/274
f 290/1/290 286/1/286 280/1/280 279/1/279
f 291/1/285 292/1/285 284/1/284 282/1/282
f 286/41/286 296/44/294 276/44/276 280/41/280
f 287/1/287 294/1/292 337/1/332 277/1/277
f 285/1/285 291/1/285 282/1/282 281/1/281
f 293/1/291 287/1/287 277/1/277 283/1/283
f 294/1/292 297/3/295 278/3/278 337/1/332
f 297/3/295 290/1/290 279/1/279 278/1/278
f 296/44/294 295/88/293 275/52/275 276/44/276
f 336/44/331 310/89/306 295/88/293 296/44/294
f 313/1/309 327/1/323 290/1/290 297/3/295
f 307/1/303 313/1/309 297/3/295 294/1/292
f 333/1/328 318/90/314 287/1/287 293/1/291
f 298/1/296 304/3/296 291/1/285 285/1/285
f 318/90/314 307/1/303 294/1/292 287/1/287
f 301/41/299 336/44/331 296/44/294 286/41/286
f 304/3/296 330/1/296 292/1/285 291/1/285
f 327/1/323 301/1/299 286/1/286 290/1/290
f 324/91/320 321/57/317 288/57/288 289/57/289
f 330/1/296 333/1/328 293/1/291 292/1/285
f 310/89/306 324/91/320 289/57/289 295/88/293
f 271/52/271 272/57/272 322/92/318 312/93/308
f 312/93/308 322/92/318 323/92/319 311/94/307
f 311/94/307 323/92/319 324/91/320 310/89/306
f 260/1/260 261/1/261 331/1/326 328/3/324
f 328/3/324 331/1/326 332/1/327 329/1/325
f 329/1/325 332/1/327 333/1/328 330/1/296
f 272/57/272 273/57/273 319/95/315 322/92/318
f 322/92/318 319/95/315 320/57/316 323/92/319
f 323/92/319 320/57/316 321/57/317 324/91/320
f 266/1/266 265/1/265 303/1/301 325/1/321
f 325/1/321 303/1/301 302/1/300 326/1/322
f 326/1/322 302/1/300 301/1/299 327/1/323
f 262/1/262 260/1/260 328/3/324 306/1/302
f 306/1/302 328/3/324 329/1/325 305/1/297
f 305/1/297 329/1/325 330/1/296 304/3/296
f 265/41/265 270/44/270 334/96/329 303/41/301
f 303/41/301 334/96/329 335/97/330 302/41/300
f 302/41/300 335/97/330 336/44/331 301/41/299
f 264/1/264 268/1/268 309/1/305 316/1/312
f 316/1/312 309/1/305 308/1/304 317/1/313
f 317/1/313 308/1/304 307/1/303 318/90/314
f 263/1/263 262/1/262 306/1/302 300/1/298
f 300/1/298 306/1/302 305/1/297 299/1/297
f 299/1/297 305/1/297 304/3/296 298/1/296
f 261/1/261 264/1/264 316/1/312 331/1/326
f 331/1/326 316/1/312 317/1/313 332/1/327
f 332/1/327 317/1/313 318/90/314 333/1/328
f 268/1/268 267/1/267 315/90/311 309/1/305
f 309/1/305 315/90/311 314/90/310 308/1/304
f 308/1/304 314/90/310 313/1/309 307/1/303
f 267/1/267 266/1/266 325/1/321 315/90/311
f 315/90/311 325/1/321 326/1/322 314/90/310
f 314/90/310 326/1/322 327/1/323 313/1/309
f 270/44/270 271/52/271 312/93/308 334/96/329
f 334/96/329 312/93/308 311/94/307 335/97/330
f 335/97/330 311/94/307 310/89/306 336/44/331
f 220/1/220 222/1/222 356/1/351 355/1/350
f 90/1/90 89/1/89 340/1/335 341/1/336
f 91/1/91 90/1/90 341/1/336 342/1/337
f 198/1/198 191/1/191 350/1/345 351/1/346
f 224/1/224 226/1/226 357/1/352
f 107/1/107 113/1/113 349/1/344 348/1/343
f 92/1/92 91/1/91 342/1/337 343/1/338
f 88/1/88 101/1/101 347/1/342 339/1/334
f 222/1/222 224/1/224 357/1/352 356/1/351
f 93/1/93 92/1/92 343/1/338 344/1/339
f 219/1/219 212/1/212 353/1/348 354/1/349
f 228/1/228 219/1/219 354/1/349 358/1/353
f 94/1/94 93/1/93 344/1/339 345/1/340
f 95/1/95 94/1/94 345/1/340 346/1/341
f 212/1/212 205/1/205 352/1/347 353/1/348
f 113/1/113 220/1/220 355/1/350 349/1/344
f 87/1/87 88/1/88 339/1/334 338/1/333
f 101/1/101 107/1/107 348/1/343 347/1/342
f 191/1/191 95/1/95 346/1/341 350/1/345
f 226/1/226 228/1/228 358/1/353
f 89/1/89 87/1/87 338/1/333 340/1/335
f 205/1/205 198/1/198 351/1/346 352/1/347
f 338/1/333 339/1/334 361/1/356 360/1/355
f 354/1/349 353/1/348 375/1/370 376/1/371
f 339/1/334 347/1/342 369/1/364 361/1/356
f 340/1/335 338/1/333 360/1/355 362/1/357
f 349/1/344 355/1/350 377/1/372 371/1/366
f 347/1/342 348/1/343 370/1/365 369/1/364
f 341/1/336 340/1/335 362/1/357 363/1/358
f 355/1/350 356/1/351 378/1/373 377/1/372
f 348/1/343 349/1/344 371/1/366 370/1/365
f 342/1/337 341/1/336 363/1/358 364/1/359
f 356/1/351 357/1/352 379/1/374 378/1/373
f 350/1/345 346/1/341 368/1/363 372/1/367
f 343/1/338 342/1/337 364/1/359 365/1/360
f 226/1/226 358/1/353 380/1/375 359/1/354
f 351/1/346 350/1/345 372/1/367 373/1/368
f 344/1/339 343/1/338 365/1/360 366/1/361
f 358/1/353 354/1/349 376/1/371 380/1/375
f 352/1/347 351/1/346 373/1/368 374/1/369
f 345/1/340 344/1/339 366/1/361 367/1/362
f 353/1/348 352/1/347 374/1/369 375/1/370
f 357/1/352 226/1/226 359/1/354 379/1/374
f 346/1/341 345/1/340 367/1/362 368/1/363
f 371/1/366 377/1/372 399/1/394 393/1/388
f 369/1/364 370/1/365 392/1/387 391/1/386
f 363/1/358 362/1/357 384/1/379 385/1/380
f 377/1/372 378/1/373 400/1/395 399/1/394
f 370/1/365 371/1/366 393/1/388 392/1/387
f 364/1/359 363/1/358 385/1/380 386/1/381
f 378/1/373 379/1/374 401/1/396 400/1/395
f 372/1/367 368/1/363 390/1/385 394/1/389
f 365/1/360 364/1/359 386/1/381 387/1/382
f 359/1/354 380/1/375 402/1/397 381/1/376
f 373/1/368 372/1/367 394/1/389 395/1/390
f 366/1/361 365/1/360 387/1/382 388/1/383
f 380/1/375 376/1/371 398/1/393 402/1/397
f 374/1/369 373/1/368 395/1/390 396/1/391
f 367/1/362 366/1/361 388/1/383 389/1/384
f 379/1/374 359/1/354 381/1/376 401/1/396
f 375/1/370 374/1/369 396/1/391 397/1/392
f 368/1/363 367/1/362 389/1/384 390/1/385
f 360/1/355 361/1/356 383/1/378 382/1/377
f 376/1/371 375/1/370 397/1/392 398/1/393
f 361/1/356 369/1/364 391/1/386 383/1/378
f 362/1/357 360/1/355 382/1/377 384/1/379
f 391/1/386 392/1/387 414/1/409 413/1/408
f 385/1/380 384/1/379 406/1/401 407/1/402
f 399/1/394 400/1/395 422/1/417 421/1/416
f 392/1/387 393/1/388 415/1/410 414/1/409
f 386/1/381 385/1/380 407/1/402 408/1/403
f 400/1/395 401/1/396 423/1/418 422/1/417
f 394/1/389 390/1/385 412/1/407 416/1/411
f 387/1/382 386/1/381 408/1/403 409/1/404
f 381/1/376 402/1/397 424/1/419 403/1/398
f 395/1/390 394/1/389 416/1/411 417/1/412
f 388/1/383 387/1/382 409/1/404 410/1/405
f 402/1/397 398/1/393 420/1/415 424/1/419
f 396/1/391 395/1/390 417/1/412 418/1/413
f 389/1/384 388/1/383 410/1/405 411/1/406
f 401/1/396 381/1/376 403/1/398 423/1/418
f 397/1/392 396/1/391 418/1/413 419/1/414
f 390/1/385 389/1/384 411/1/406 412/1/407
f 382/1/377 383/1/378 405/1/400 404/1/399
f 398/1/393 397/1/392 419/1/414 420/1/415
f 383/1/378 391/1/386 413/1/408 405/1/400
f 384/1/379 382/1/377 404/1/399 406/1/401
f 393/1/388 399/1/394 421/1/416 415/1/410
f 407/1/402 406/1/401 428/1/423 429/1/424
f 421/1/416 422/1/417 444/1/439 443/1/438
f 414/1/409 415/1/410 437/1/432 436/1/431
f 408/1/403 407/1/402 429/1/424 430/1/425
f 422/1/417 423/1/418 445/1/440 444/1/439
f 416/1/411 412/1/407 434/1/429 438/1/433
f 409/1/404 408/1/403 430/1/425 431/1/426
f 403/1/398 424/1/419 446/1/441 425/1/420
f 417/1/412 416/1/411 438/1/433 439/1/434
f 410/1/405 409/1/404 431/1/426 432/1/427
f 424/1/419 420/1/415 442/1/437 446/1/441
f 418/1/413 417/1/412 439/1/434 440/1/435
f 411/1/406 410/1/405 432/1/427 433/1/428
f 423/1/418 403/1/398 425/1/420 445/1/440
f 419/1/414 418/1/413 440/1/435 441/1/436
f 412/1/407 411/1/406 433/1/428 434/1/429
f 404/1/399 405/1/400 427/1/422 426/1/421
f 420/1/415 419/1/414 441/1/436 442/1/437
f 405/1/400 413/1/408 435/1/430 427/1/422
f 406/1/401 404/1/399 426/1/421 428/1/423
f 415/1/410 421/1/416 443/1/438 437/1/432
f 413/1/408 414/1/409 436/1/431 435/1/430
f 436/1/431 437/1/432 459/1/454 458/1/453
f 430/1/425 429/1/424 451/1/446 452/1/447
f 444/1/439 445/1/440 467/1/462 466/1/461
f 438/1/433 434/1/429 456/1/451 460/1/455
f 431/1/426 430/1/425 452/1/447 453/1/448
f 425/1/420 446/1/441 468/1/463 447/1/442
f 439/1/434 438/1/433 460/1/455 461/1/456
f 432/1/427 431/1/426 453/1/448 454/1/449
f 446/1/441 442/1/437 464/1/459 468/1/463
f 440/1/435 439/1/434 461/1/456 462/1/457
f 433/1/428 432/1/427 454/1/449 455/1/450
f 445/1/440 425/1/420 447/1/442 467/1/462
f 441/1/436 440/1/435 462/1/457 463/1/458
f 434/1/429 433/1/428 455/1/450 456/1/451
f 426/1/421 427/1/422 449/1/444 448/1/443
f 442/1/437 441/1/436 463/1/458 464/1/459
f 427/1/422 435/1/430 457/1/452 449/1/444
f 428/1/423 426/1/421 448/1/443 450/1/445
f 437/1/432 443/1/438 465/1/460 459/1/454
f 435/1/430 436/1/431 458/1/453 457/1/452
f 429/1/424 428/1/423 450/1/445 451/1/446
f 443/1/438 444/1/439 466/1/461 465/1/460
f 456/1/451 455/1/450 476/1/471 475/1/470
f 458/1/453 459/1/454 472/1/467 473/1/468
f 462/1/457 461/1/456 470/1/465 469/1/464
f 448/1/443 449/1/444 482/1/477 483/1/478
f 465/1/460 466/1/461 1651/1/1426 1652/1/1427
f 461/1/456 460/1/455 471/1/466 470/1/465
f 463/1/458 462/1/457 469/1/464 1654/1/1429
f 466/1/461 467/1/462 1650/1/1425 1651/1/1426
f 447/1/442 468/1/463 1649/1/1424 484/1/479
f 455/1/450 454/1/449 477/1/472 476/1/471
f 451/1/446 450/1/445 481/1/476 480/1/475
f 453/1/448 452/1/447 479/1/474 478/1/473
f 467/1/462 447/1/442 484/1/479 1650/1/1425
f 459/1/454 465/1/460 1652/1/1427 472/1/467
f 460/1/455 456/1/451 475/1/470 471/1/466
f 449/1/444 457/1/452 474/1/469 482/1/477
f 457/1/452 458/1/453 473/1/468 474/1/469
f 454/1/449 453/1/448 478/1/473 477/1/472
f 450/1/445 448/1/443 483/1/478 481/1/476
f 464/1/459 463/1/458 1654/1/1429 1653/1/1428
f 452/1/447 451/1/446 480/1/475 479/1/474
f 468/1/463 464/1/459 1653/1/1428 1649/1/1424
f 524/57/519 523/57/518 485/57/480 486/57/481
f 486/57/481 485/57/480 487/57/482 488/57/483
f 488/57/483 487/57/482 489/57/484 490/57/485
f 490/57/485 489/57/484 491/57/486 492/57/487
f 492/57/487 491/57/486 493/57/488 494/57/489
f 494/57/489 493/57/488 495/57/490 496/57/491
f 496/57/491 495/57/490 497/57/492 498/57/493
f 486/57/481 488/57/483 501/57/496 500/57/495
f 500/57/495 501/57/496 503/57/498 502/57/497
f 502/57/497 503/57/498 505/57/500 504/57/499
f 504/57/499 505/57/500 507/57/502 506/57/501
f 506/57/501 507/57/502 509/57/504 508/57/503
f 508/57/503 509/57/504 511/57/506 510/57/505
f 510/57/505 511/57/506 513/57/508 512/57/507
f 512/57/507 513/57/508 515/57/510 514/57/509
f 498/57/493 497/57/492 499/57/494 516/57/511
f 516/57/511 499/57/494 517/57/512 518/57/513
f 533/98/528 518/57/513 517/57/512 538/98/533
f 515/57/510 516/57/511 518/57/513 514/57/509
f 524/57/519 486/57/481 500/57/495 543/99/538
f 543/99/538 500/57/495 502/57/497 548/100/543
f 548/100/543 502/57/497 504/57/499 553/101/548
f 553/101/548 504/57/499 506/57/501 558/102/553
f 558/102/553 506/57/501 508/57/503 563/102/558
f 563/102/558 508/57/503 510/57/505 568/102/563
f 568/102/563 510/57/505 512/57/507 573/102/568
f 573/102/568 512/57/507 514/57/509 578/102/573
f 533/98/528 578/102/573 514/57/509 518/57/513
f 284/103/284 283/1/283 574/104/569 529/105/524
f 529/105/524 574/104/569 575/106/570 530/107/525
f 530/107/525 575/106/570 576/108/571 531/109/526
f 531/109/526 576/108/571 577/110/572 532/111/527
f 532/111/527 577/110/572 578/102/573 533/98/528
f 277/1/277 569/104/564 574/104/569 283/1/283
f 569/104/564 570/106/565 575/106/570 574/104/569
f 570/106/565 571/108/566 576/108/571 575/106/570
f 571/108/566 572/110/567 577/110/572 576/108/571
f 572/110/567 573/102/568 578/102/573 577/110/572
f 337/1/332 564/104/559 569/104/564 277/1/277
f 564/104/559 565/106/560 570/106/565 569/104/564
f 565/106/560 566/108/561 571/108/566 570/106/565
f 566/108/561 567/110/562 572/110/567 571/108/566
f 567/110/562 568/102/563 573/102/568 572/110/567
f 278/1/278 559/104/554 564/104/559 337/1/332
f 559/104/554 560/106/555 565/106/560 564/104/559
f 560/106/555 561/108/556 566/108/561 565/106/560
f 561/108/556 562/110/557 567/110/562 566/108/561
f 562/110/557 563/102/558 568/102/563 567/110/562
f 279/1/279 554/104/549 559/104/554 278/1/278
f 554/104/549 555/106/550 560/106/555 559/104/554
f 555/106/550 556/108/551 561/108/556 560/106/555
f 556/108/551 557/110/552 562/110/557 561/108/556
f 557/110/552 558/102/553 563/102/558 562/110/557
f 280/41/280 549/112/544 554/104/549 279/1/279
f 549/112/544 550/113/545 555/106/550 554/104/549
f 550/113/545 551/114/546 556/108/551 555/106/550
f 551/114/546 552/115/547 557/110/552 556/108/551
f 552/115/547 553/101/548 558/102/553 557/110/552
f 276/44/276 544/116/539 549/112/544 280/41/280
f 544/116/539 545/117/540 550/113/545 549/112/544
f 545/117/540 546/118/541 551/114/546 550/113/545
f 546/118/541 547/119/542 552/115/547 551/114/546
f 547/119/542 548/100/543 553/101/548 552/115/547
f 275/52/275 539/120/534 544/116/539 276/44/276
f 539/120/534 540/121/535 545/117/540 544/116/539
f 540/121/535 541/122/536 546/118/541 545/117/540
f 541/122/536 542/100/537 547/119/542 546/118/541
f 542/100/537 543/99/538 548/100/543 547/119/542
f 274/57/274 528/57/523 539/120/534 275/52/275
f 528/57/523 527/57/522 540/121/535 539/120/534
f 527/57/522 526/123/521 541/122/536 540/121/535
f 526/123/521 525/123/520 542/100/537 541/122/536
f 525/123/520 524/57/519 543/99/538 542/100/537
f 284/103/284 529/105/524 534/105/529 281/103/281
f 529/105/524 530/107/525 535/107/530 534/105/529
f 530/107/525 531/109/526 536/109/531 535/107/530
f 531/109/526 532/111/527 537/111/532 536/109/531
f 532/111/527 533/98/528 538/98/533 537/111/532
f 274/57/274 269/57/269 519/57/514 528/57/523
f 528/57/523 519/57/514 520/123/515 527/57/522
f 527/57/522 520/123/515 521/123/516 526/123/521
f 526/123/521 521/123/516 522/57/517 525/123/520
f 525/123/520 522/57/517 523/57/518 524/57/519
f 509/57/504 507/57/502 588/57/583 589/57/584
f 496/57/491 498/57/493 584/57/579 583/57/578
f 505/57/500 503/57/498 586/57/581 587/57/582
f 515/57/510 513/57/508 591/57/586 592/57/587
f 492/57/487 494/57/489 582/57/577 581/57/576
f 501/57/496 488/57/483 579/57/574 585/57/580
f 511/57/506 509/57/504 589/57/584 590/57/585
f 488/57/483 490/57/485 580/57/575 579/57/574
f 507/57/502 505/57/500 587/57/582 588/57/583
f 516/57/511 515/57/510 592/57/587 593/57/588
f 494/57/489 496/57/491 583/57/578 582/57/577
f 503/57/498 501/57/496 585/57/580 586/57/581
f 513/57/508 511/57/506 590/57/585 591/57/586
f 498/57/493 516/57/511 593/57/588 584/57/579
f 490/57/485 492/57/487 581/57/576 580/57/575
f 611/57/606 610/57/605 596/57/591 595/57/590
f 615/91/610 614/91/609 603/57/598 604/57/599
f 610/57/605 618/124/613 597/57/592 596/57/591
f 619/125/614 615/91/610 604/57/599 605/57/600
f 618/124/613 622/57/617 598/57/593 597/57/592
f 623/125/618 619/125/614 605/57/600 606/57/601
f 622/57/617 626/126/621 599/57/594 598/57/593
f 627/57/622 623/125/618 606/57/601 607/57/602
f 631/127/626 630/91/625 594/57/589 600/57/595
f 626/126/621 634/57/629 608/57/603 599/57/594
f 635/57/630 631/127/626 600/57/595 601/57/596
f 634/57/629 627/57/622 607/57/602 608/57/603
f 637/57/632 635/57/630 601/57/596 602/57/597
f 630/91/625 611/57/606 595/57/590 594/57/589
f 614/91/609 637/57/632 602/57/597 603/57/598
f 588/57/583 587/57/582 638/57/633 613/124/608
f 613/124/608 638/57/633 637/57/632 614/91/609
f 579/57/574 580/57/575 612/57/607 629/127/624
f 629/127/624 612/57/607 611/57/606 630/91/625
f 587/57/582 586/57/581 636/125/631 638/57/633
f 638/57/633 636/125/631 635/57/630 637/57/632
f 593/57/588 592/57/587 628/125/623 633/95/628
f 633/95/628 628/125/623 627/57/622 634/57/629
f 586/57/581 585/57/580 632/95/627 636/125/631
f 636/125/631 632/95/627 631/127/626 635/57/630
f 584/57/579 593/57/588 633/95/628 625/126/620
f 625/126/620 633/95/628 634/57/629 626/126/621
f 585/57/580 579/57/574 629/127/624 632/95/627
f 632/95/627 629/127/624 630/91/625 631/127/626
f 592/57/587 591/57/586 624/125/619 628/125/623
f 628/125/623 624/125/619 623/125/618 627/57/622
f 583/57/578 584/57/579 625/126/620 621/57/616
f 621/57/616 625/126/620 626/126/621 622/57/617
f 591/57/586 590/57/585 620/91/615 624/125/619
f 624/125/619 620/91/615 619/125/614 623/125/618
f 582/57/577 583/57/578 621/57/616 617/57/612
f 617/57/612 621/57/616 622/57/617 618/124/613
f 590/57/585 589/57/584 616/128/611 620/91/615
f 620/91/615 616/128/611 615/91/610 619/125/614
f 581/57/576 582/57/577 617/57/612 609/57/604
f 609/57/604 617/57/612 618/124/613 610/57/605
f 589/57/584 588/57/583 613/124/608 616/128/611
f 616/128/611 613/124/608 614/91/609 615/91/610
f 580/57/575 581/57/576 609/57/604 612/57/607
f 612/57/607 609/57/604 610/57/605 611/57/606
f 603/57/598 602/57/597 648/57/642 649/57/643
f 595/57/590 596/57/591 642/57/636 641/57/635
f 810/124/804 804/123/798 665/57/659 666/57/660
f 604/57/599 603/57/598 649/57/643 650/57/644
f 596/57/591 597/57/592 643/57/637 642/57/636
f 605/57/600 604/57/599 650/57/644 651/57/645
f 597/57/592 598/57/593 644/57/638 643/57/637
f 606/57/601 605/57/600 651/57/645 652/57/646
f 598/57/593 599/57/594 645/57/639 644/57/638
f 607/57/602 606/57/601 652/57/646 653/57/647
f 600/57/595 594/57/589 640/57/634 646/57/640
f 599/57/594 608/57/603 654/57/648 645/57/639
f 601/57/596 600/57/595 646/57/640 647/57/641
f 608/57/603 607/57/602 653/57/647 654/57/648
f 602/57/597 601/57/596 647/57/641 648/57/642
f 594/57/589 595/57/590 641/57/635 640/57/634
f 811/57/805 790/127/784 659/57/653 658/57/652
f 812/128/806 810/124/804 666/57/660 667/57/661
f 790/127/784 805/128/799 660/57/654 659/57/653
f 813/91/807 812/128/806 667/57/661 668/57/662
f 814/91/808 806/91/800 655/57/649 661/57/655
f 805/128/799 807/57/801 669/57/663 660/57/654
f 815/123/809 814/91/808 661/57/655 662/57/656
f 807/57/801 813/91/807 668/57/662 669/57/663
f 816/91/810 815/123/809 662/57/656 663/57/657
f 806/91/800 808/57/802 656/57/650 655/57/649
f 817/57/811 816/91/810 663/57/657 664/57/658
f 808/57/802 809/57/803 657/57/651 656/57/650
f 804/123/798 817/57/811 664/57/658 665/57/659
f 809/57/803 811/57/805 658/57/652 657/57/651
f 642/57/636 643/57/637 693/91/687 754/57/748
f 754/57/748 693/91/687 692/57/686 755/57/749
f 755/57/749 692/57/686 691/125/685 756/57/750
f 756/57/750 691/125/685 690/57/684 757/123/751
f 757/123/751 690/57/684 689/127/683 758/57/752
f 758/57/752 689/127/683 688/57/682 759/57/753
f 650/57/644 649/57/643 753/91/747 670/57/664
f 670/57/664 753/91/747 752/124/746 671/91/665
f 671/91/665 752/124/746 751/57/745 672/128/666
f 672/128/666 751/57/745 750/57/744 673/125/667
f 673/125/667 750/57/744 749/57/743 674/128/668
f 674/128/668 749/57/743 748/57/742 675/57/669
f 641/57/635 642/57/636 754/57/748 742/57/736
f 742/57/736 754/57/748 755/57/749 743/91/737
f 743/91/737 755/57/749 756/57/750 744/57/738
f 744/57/738 756/57/750 757/123/751 745/127/739
f 745/127/739 757/123/751 758/57/752 746/127/740
f 746/127/740 758/57/752 759/57/753 747/57/741
f 649/57/643 648/57/642 741/57/735 753/91/747
f 753/91/747 741/57/735 740/123/734 752/124/746
f 752/124/746 740/123/734 739/57/733 751/57/745
f 751/57/745 739/57/733 738/123/732 750/57/744
f 750/57/744 738/123/732 737/57/731 749/57/743
f 749/57/743 737/57/731 736/57/730 748/57/742
f 640/57/634 641/57/635 742/57/736 712/57/706
f 712/57/706 742/57/736 743/91/737 713/124/707
f 713/124/707 743/91/737 744/57/738 714/57/708
f 714/57/708 744/57/738 745/127/739 715/57/709
f 715/57/709 745/127/739 746/127/740 716/91/710
f 716/91/710 746/127/740 747/57/741 717/57/711
f 648/57/642 647/57/641 735/91/729 741/57/735
f 741/57/735 735/91/729 734/57/728 740/123/734
f 740/123/734 734/57/728 733/128/727 739/57/733
f 739/57/733 733/128/727 732/123/726 738/123/732
f 738/123/732 732/123/726 731/57/725 737/57/731
f 737/57/731 731/57/725 730/57/724 736/57/730
f 654/57/648 653/57/647 711/123/705 724/57/718
f 724/57/718 711/123/705 710/57/704 725/91/719
f 725/91/719 710/57/704 709/57/703 726/57/720
f 726/57/720 709/57/703 708/128/702 727/123/721
f 727/123/721 708/128/702 707/57/701 728/123/722
f 728/123/722 707/57/701 706/57/700 729/57/723
f 647/57/641 646/57/640 723/57/717 735/91/729
f 735/91/729 723/57/717 722/57/716 734/57/728
f 734/57/728 722/57/716 721/127/715 733/128/727
f 733/128/727 721/127/715 720/57/714 732/123/726
f 732/123/726 720/57/714 719/127/713 731/57/725
f 731/57/725 719/127/713 718/57/712 730/57/724
f 645/57/639 654/57/648 724/57/718 700/124/694
f 700/124/694 724/57/718 725/91/719 701/127/695
f 701/127/695 725/91/719 726/57/720 702/126/696
f 702/126/696 726/57/720 727/123/721 703/57/697
f 703/57/697 727/123/721 728/123/722 704/57/698
f 704/57/698 728/123/722 729/57/723 705/124/699
f 646/57/640 640/57/634 712/57/706 723/57/717
f 723/57/717 712/57/706 713/124/707 722/57/716
f 722/57/716 713/124/707 714/57/708 721/127/715
f 721/127/715 714/57/708 715/57/709 720/57/714
f 720/57/714 715/57/709 716/91/710 719/127/713
f 719/127/713 716/91/710 717/57/711 718/57/712
f 653/57/647 652/57/646 699/57/693 711/123/705
f 711/123/705 699/57/693 698/91/692 710/57/704
f 710/57/704 698/91/692 697/57/691 709/57/703
f 709/57/703 697/57/691 696/57/690 708/128/702
f 708/128/702 696/57/690 695/91/689 707/57/701
f 707/57/701 695/91/689 694/128/688 706/57/700
f 644/57/638 645/57/639 700/124/694 682/128/676
f 682/128/676 700/124/694 701/127/695 683/57/677
f 683/57/677 701/127/695 702/126/696 684/128/678
f 684/128/678 702/126/696 703/57/697 685/126/679
f 685/126/679 703/57/697 704/57/698 686/91/680
f 686/91/680 704/57/698 705/124/699 687/57/681
f 652/57/646 651/57/645 681/123/675 699/57/693
f 699/57/693 681/123/675 680/91/674 698/91/692
f 698/91/692 680/91/674 679/57/673 697/57/691
f 697/57/691 679/57/673 678/123/672 696/57/690
f 696/57/690 678/123/672 677/123/671 695/91/689
f 695/91/689 677/123/671 676/123/670 694/128/688
f 643/57/637 644/57/638 682/128/676 693/91/687
f 693/91/687 682/128/676 683/57/677 692/57/686
f 692/57/686 683/57/677 684/128/678 691/125/685
f 691/125/685 684/128/678 685/126/679 690/57/684
f 690/57/684 685/126/679 686/91/680 689/127/683
f 689/127/683 686/91/680 687/57/681 688/57/682
f 651/57/645 650/57/644 670/57/664 681/123/675
f 681/123/675 670/57/664 671/91/665 680/91/674
f 680/91/674 671/91/665 672/128/666 679/57/673
f 679/57/673 672/128/666 673/125/667 678/123/672
f 678/123/672 673/125/667 674/128/668 677/123/671
f 677/123/671 674/128/668 675/57/669 676/123/670
f 665/57/659 664/57/658 769/57/763 770/57/764
f 657/57/651 658/57/652 763/57/757 762/57/756
f 666/57/660 665/57/659 770/57/764 771/57/765
f 658/57/652 659/57/653 764/57/758 763/57/757
f 667/57/661 666/57/660 771/57/765 772/57/766
f 659/57/653 660/57/654 765/57/759 764/57/758
f 668/57/662 667/57/661 772/57/766 773/57/767
f 655/57/649 656/57/650 761/57/755 760/57/754
f 661/57/655 655/57/649 760/57/754 766/57/760
f 660/57/654 669/57/663 774/57/768 765/57/759
f 662/57/656 661/57/655 766/57/760 767/57/761
f 669/57/663 668/57/662 773/57/767 774/57/768
f 663/57/657 662/57/656 767/57/761 768/57/762
f 656/57/650 657/57/651 762/57/756 761/57/755
f 664/57/658 663/57/657 768/57/762 769/57/763
f 767/57/761 766/57/760 781/57/775 782/57/776
f 774/57/768 773/57/767 788/57/782 789/57/783
f 768/57/762 767/57/761 782/57/776 783/57/777
f 761/57/755 762/57/756 777/57/771 776/57/770
f 769/57/763 768/57/762 783/57/777 784/57/778
f 760/57/754 761/57/755 776/57/770 775/57/769
f 770/57/764 769/57/763 784/57/778 785/57/779
f 762/57/756 763/57/757 778/57/772 777/57/771
f 771/57/765 770/57/764 785/57/779 786/57/780
f 763/57/757 764/57/758 779/57/773 778/57/772
f 772/57/766 771/57/765 786/57/780 787/57/781
f 764/57/758 765/57/759 780/57/774 779/57/773
f 773/57/767 772/57/766 787/57/781 788/57/782
f 766/57/760 760/57/754 775/57/769 781/57/775
f 765/57/759 774/57/768 789/57/783 780/57/774
f 780/57/774 789/57/783 803/57/797 794/57/788
f 759/57/753 688/57/682 811/57/805 809/57/803
f 782/57/776 781/57/775 795/57/789 796/57/790
f 789/57/783 788/57/782 802/57/796 803/57/797
f 783/57/777 782/57/776 796/57/790 797/57/791
f 776/57/770 777/57/771 792/57/786 791/57/785
f 784/57/778 783/57/777 797/57/791 798/57/792
f 775/57/769 776/57/770 791/57/785 818/57/812
f 675/57/669 748/57/742 817/57/811 804/123/798
f 785/57/779 784/57/778 798/57/792 799/57/793
f 777/57/771 778/57/772 793/57/787 792/57/786
f 786/57/780 785/57/779 799/57/793 800/57/794
f 778/57/772 779/57/773 819/57/813 793/57/787
f 787/57/781 786/57/780 800/57/794 801/57/795
f 779/57/773 780/57/774 794/57/788 819/57/813
f 788/57/782 787/57/781 801/57/795 802/57/796
f 781/57/775 775/57/769 818/57/812 795/57/789
f 747/57/741 759/57/753 809/57/803 808/57/802
f 748/57/742 736/57/730 816/91/810 817/57/811
f 717/57/711 747/57/741 808/57/802 806/91/800
f 736/57/730 730/57/724 815/123/809 816/91/810
f 729/57/723 706/57/700 813/91/807 807/57/801
f 730/57/724 718/57/712 814/91/808 815/123/809
f 705/124/699 729/57/723 807/57/801 805/128/799
f 718/57/712 717/57/711 806/91/800 814/91/808
f 706/57/700 694/128/688 812/128/806 813/91/807
f 687/57/681 705/124/699 805/128/799 790/127/784
f 694/128/688 676/123/670 810/124/804 812/128/806
f 688/57/682 687/57/681 790/127/784 811/57/805
f 676/123/670 675/57/669 804/123/798 810/124/804
f 796/57/790 795/57/789 826/57/820 827/57/821
f 795/57/789 818/57/812 820/57/814 826/57/820
f 819/57/813 794/57/788 825/57/819 824/57/818
f 793/57/787 819/57/813 824/57/818 823/57/817
f 792/57/786 793/57/787 823/57/817 822/57/816
f 818/57/812 791/57/785 821/57/815 820/57/814
f 803/57/797 802/57/796 833/57/827 834/57/828
f 791/57/785 792/57/786 822/57/816 821/57/815
f 794/57/788 803/57/797 834/57/828 825/57/819
f 802/57/796 801/57/795 832/57/826 833/57/827
f 801/57/795 800/57/794 831/57/825 832/57/826
f 800/57/794 799/57/793 830/57/824 831/57/825
f 799/57/793 798/57/792 829/57/823 830/57/824
f 798/57/792 797/57/791 828/57/822 829/57/823
f 797/57/791 796/57/790 827/57/821 828/57/822
f 862/123/856 893/57/886 849/57/843 842/57/836
f 902/123/895 869/57/863 845/57/839 846/57/840
f 893/57/886 870/123/864 847/57/841 849/57/843
f 886/123/880 861/57/855 839/57/833 838/57/832
f 861/57/855 874/123/868 840/57/834 839/57/833
f 894/123/887 886/123/880 838/57/832 837/57/831
f 906/123/899 898/123/891 836/57/830 835/57/829
f 869/57/863 857/57/851 844/57/838 845/57/839
f 898/123/891 894/123/887 837/57/831 836/57/830
f 857/57/851 853/57/847 843/57/837 844/57/838
f 874/123/868 878/123/872 841/57/835 840/57/834
f 853/57/847 885/57/879 848/57/842 843/57/837
f 885/57/879 906/123/899 835/57/829 848/57/842
f 878/123/872 862/123/856 842/57/836 841/57/835
f 870/123/864 902/123/895 846/57/840 847/57/841
f 821/57/815 822/57/816 905/57/898 873/57/867
f 873/57/867 905/57/898 904/57/897 872/57/866
f 872/57/866 904/57/897 903/123/896 871/123/865
f 871/123/865 903/123/896 902/123/895 870/123/864
f 827/57/821 826/57/820 865/57/859 881/57/875
f 881/57/875 865/57/859 864/57/858 880/57/874
f 880/57/874 864/57/858 863/123/857 879/123/873
f 879/123/873 863/123/857 862/123/856 878/123/872
f 834/57/828 833/57/827 909/57/902 882/123/876
f 882/123/876 909/57/902 908/57/901 883/123/877
f 883/123/877 908/57/901 907/123/900 884/57/878
f 884/57/878 907/123/900 906/123/899 885/57/879
f 825/57/819 834/57/828 882/123/876 850/123/844
f 850/123/844 882/123/876 883/123/877 851/123/845
f 851/123/845 883/123/877 884/57/878 852/57/846
f 852/57/846 884/57/878 885/57/879 853/57/847
f 828/57/822 827/57/821 881/57/875 877/57/871
f 877/57/871 881/57/875 880/57/874 876/57/870
f 876/57/870 880/57/874 879/123/873 875/123/869
f 875/123/869 879/123/873 878/123/872 874/123/868
f 824/57/818 825/57/819 850/123/844 854/123/848
f 854/123/848 850/123/844 851/123/845 855/123/849
f 855/123/849 851/123/845 852/57/846 856/57/850
f 856/57/850 852/57/846 853/57/847 857/57/851
f 832/57/826 831/57/825 897/57/890 901/57/894
f 901/57/894 897/57/890 896/57/889 900/57/893
f 900/57/893 896/57/889 895/123/888 899/123/892
f 899/123/892 895/123/888 894/123/887 898/123/891
f 823/57/817 824/57/818 854/123/848 866/123/860
f 866/123/860 854/123/848 855/123/849 867/123/861
f 867/123/861 855/123/849 856/57/850 868/57/862
f 868/57/862 856/57/850 857/57/851 869/57/863
f 833/57/827 832/57/826 901/57/894 909/57/902
f 909/57/902 901/57/894 900/57/893 908/57/901
f 908/57/901 900/57/893 899/123/892 907/123/900
f 907/123/900 899/123/892 898/123/891 906/123/899
f 831/57/825 830/57/824 889/57/883 897/57/890
f 897/57/890 889/57/883 888/57/882 896/57/889
f 896/57/889 888/57/882 887/123/881 895/123/888
f 895/123/888 887/123/881 886/123/880 894/123/887
f 829/57/823 828/57/822 877/57/871 858/123/852
f 858/123/852 877/57/871 876/57/870 859/123/853
f 859/123/853 876/57/870 875/123/869 860/57/854
f 860/57/854 875/123/869 874/123/868 861/57/855
f 830/57/824 829/57/823 858/123/852 889/57/883
f 889/57/883 858/123/852 859/123/853 888/57/882
f 888/57/882 859/123/853 860/57/854 887/123/881
f 887/123/881 860/57/854 861/57/855 886/123/880
f 820/57/814 821/57/815 873/57/867 890/123/884
f 890/123/884 873/57/867 872/57/866 891/123/885
f 891/123/885 872/57/866 871/123/865 892/57/886
f 892/57/886 871/123/865 870/123/864 893/57/886
f 822/57/816 823/57/817 866/123/860 905/57/898
f 905/57/898 866/123/860 867/123/861 904/57/897
f 904/57/897 867/123/861 868/57/862 903/123/896
f 903/123/896 868/57/862 869/57/863 902/123/895
f 826/57/820 820/57/814 890/123/884 865/57/859
f 865/57/859 890/123/884 891/123/885 864/57/858
f 864/57/858 891/123/885 892/57/886 863/123/857
f 863/123/857 892/57/886 893/57/886 862/123/856
f 929/57/922 928/57/921 913/57/906 912/57/905
f 937/127/930 936/91/929 918/57/911 919/57/912
f 945/57/938 944/91/937 916/57/909 915/57/908
f 953/57/946 952/57/945 924/57/917 917/57/910
f 961/57/954 960/91/953 920/57/913 921/57/914
f 952/57/945 968/57/961 922/57/915 924/57/917
f 960/91/953 937/127/930 919/57/912 920/57/913
f 944/91/937 953/57/946 917/57/910 916/57/909
f 968/57/961 961/57/954 921/57/914 922/57/915
f 969/125/962 945/57/938 915/57/908 914/57/907
f 973/125/966 929/57/922 912/57/905 911/57/904
f 936/91/929 980/57/973 923/57/916 918/57/911
f 981/57/974 973/125/966 911/57/904 910/57/903
f 980/57/973 981/57/974 910/57/903 923/57/916
f 928/57/921 969/125/962 914/57/907 913/57/906
f 838/57/832 839/57/833 972/57/965 925/128/918
f 925/128/918 972/57/965 971/57/964 926/124/919
f 926/124/919 971/57/964 970/124/963 927/57/920
f 927/57/920 970/124/963 969/125/962 928/57/921
f 848/57/842 835/57/829 984/57/977 977/57/970
f 977/57/970 984/57/977 983/91/976 978/123/971
f 978/123/971 983/91/976 982/57/975 979/57/972
f 979/57/972 982/57/975 981/57/974 980/57/973
f 835/57/829 836/57/830 976/57/969 984/57/977
f 984/57/977 976/57/969 975/123/968 983/91/976
f 983/91/976 975/123/968 974/57/967 982/57/975
f 982/57/975 974/57/967 973/125/966 981/57/974
f 843/57/837 848/57/842 977/57/970 933/127/926
f 933/127/926 977/57/970 978/123/971 934/57/927
f 934/57/927 978/123/971 979/57/972 935/124/928
f 935/124/928 979/57/972 980/57/973 936/91/929
f 836/57/830 837/57/831 932/57/925 976/57/969
f 976/57/969 932/57/925 931/57/924 975/123/968
f 975/123/968 931/57/924 930/123/923 974/57/967
f 974/57/967 930/123/923 929/57/922 973/125/966
f 839/57/833 840/57/834 948/57/941 972/57/965
f 972/57/965 948/57/941 947/57/940 971/57/964
f 971/57/964 947/57/940 946/123/939 970/124/963
f 970/124/963 946/123/939 945/57/938 969/125/962
f 847/57/841 846/57/840 964/57/957 965/124/958
f 965/124/958 964/57/957 963/57/956 966/57/959
f 966/57/959 963/57/956 962/124/955 967/57/960
f 967/57/960 962/124/955 961/57/954 968/57/961
f 841/57/835 842/57/836 956/91/949 941/57/934
f 941/57/934 956/91/949 955/57/948 942/57/935
f 942/57/935 955/57/948 954/128/947 943/57/936
f 943/57/936 954/128/947 953/57/946 944/91/937
f 845/57/839 844/57/838 940/127/933 957/57/950
f 957/57/950 940/127/933 939/57/932 958/123/951
f 958/123/951 939/57/932 938/57/931 959/128/952
f 959/128/952 938/57/931 937/127/930 960/91/953
f 849/57/843 847/57/841 965/124/958 949/126/942
f 949/126/942 965/124/958 966/57/959 950/125/943
f 950/125/943 966/57/959 967/57/960 951/57/944
f 951/57/944 967/57/960 968/57/961 952/57/945
f 846/57/840 845/57/839 957/57/950 964/57/957
f 964/57/957 957/57/950 958/123/951 963/57/956
f 963/57/956 958/123/951 959/128/952 962/124/955
f 962/124/955 959/128/952 960/91/953 961/57/954
f 842/57/836 849/57/843 949/126/942 956/91/949
f 956/91/949 949/126/942 950/125/943 955/57/948
f 955/57/948 950/125/943 951/57/944 954/128/947
f 954/128/947 951/57/944 952/57/945 953/57/946
f 840/57/834 841/57/835 941/57/934 948/57/941
f 948/57/941 941/57/934 942/57/935 947/57/940
f 947/57/940 942/57/935 943/57/936 946/123/939
f 946/123/939 943/57/936 944/91/937 945/57/938
f 844/57/838 843/57/837 933/127/926 940/127/933
f 940/127/933 933/127/926 934/57/927 939/57/932
f 939/57/932 934/57/927 935/124/928 938/57/931
f 938/57/931 935/124/928 936/91/929 937/127/930
f 837/57/831 838/57/832 925/128/918 932/57/925
f 932/57/925 925/128/918 926/124/919 931/57/924
f 931/57/924 926/124/919 927/57/920 930/123/923
f 930/123/923 927/57/920 928/57/921 929/57/922
f 913/57/906 914/57/907 989/57/982 988/57/981
f 918/57/911 923/57/916 998/57/991 993/57/986
f 915/57/908 916/57/909 991/57/984 990/57/983
f 923/57/916 910/57/903 985/57/978 998/57/991
f 924/57/917 922/57/915 997/57/990 999/57/992
f 912/57/905 913/57/906 988/57/981 987/57/980
f 919/57/912 918/57/911 993/57/986 994/57/987
f 917/57/910 924/57/917 999/57/992 992/57/985
f 921/57/914 920/57/913 995/57/988 996/57/989
f 920/57/913 919/57/912 994/57/987 995/57/988
f 916/57/909 917/57/910 992/57/985 991/57/984
f 922/57/915 921/57/914 996/57/989 997/57/990
f 914/57/907 915/57/908 990/57/983 989/57/982
f 910/57/903 911/57/904 986/57/979 985/57/978
f 911/57/904 912/57/905 987/57/980 986/57/979
f 986/57/979 987/57/980 1002/57/995 1001/57/994
f 995/57/988 994/57/987 1006/57/999 1007/57/1000
f 996/57/989 995/57/988 1007/57/1000 1008/57/1001
f 998/57/991 985/57/978 1000/57/993 1010/57/1003
f 993/57/986 998/57/991 1010/57/1003 1005/57/998
f 997/57/990 996/57/989 1008/57/1001 1009/57/1002
f 987/57/980 988/57/981 1003/57/996 1002/57/995
f 985/57/978 986/57/979 1001/57/994 1000/57/993
f 994/57/987 993/57/986 1005/57/998 1006/57/999
f 988/57/981 989/57/982 1004/57/997 1003/57/996
f 1010/57/1003 1000/57/993 1011/57/1004 1021/57/1014
f 1008/57/1001 1007/57/1000 1018/57/1011 1019/57/1012
f 1000/57/993 1001/57/994 1012/57/1005 1011/57/1004
f 1002/57/995 1003/57/996 1014/57/1007 1013/57/1006
f 1001/57/994 1002/57/995 1013/57/1006 1012/57/1005
f 1003/57/996 1004/57/997 1015/57/1008 1014/57/1007
f 1007/57/1000 1006/57/999 1017/57/1010 1018/57/1011
f 1005/57/998 1010/57/1003 1021/57/1014 1016/57/1009
f 1006/57/999 1005/57/998 1016/57/1009 1017/57/1010
f 1009/57/1002 1008/57/1001 1019/57/1012 1020/57/1013
f 1020/57/1013 1019/57/1012 1030/57/1023 1031/57/1024
f 1021/57/1014 1011/57/1004 1022/57/1015 1032/57/1025
f 1019/57/1012 1018/57/1011 1029/57/1022 1030/57/1023
f 1011/57/1004 1012/57/1005 1023/57/1016 1022/57/1015
f 1013/57/1006 1014/57/1007 1025/57/1018 1024/57/1017
f 1012/57/1005 1013/57/1006 1024/57/1017 1023/57/1016
f 1014/57/1007 1015/57/1008 1026/57/1019 1025/57/1018
f 1018/57/1011 1017/57/1010 1028/57/1021 1029/57/1022
f 1016/57/1009 1021/57/1014 1032/57/1025 1027/57/1020
f 1017/57/1010 1016/57/1009 1027/57/1020 1028/57/1021
f 1033/129/1026 1034/130/1026 1036/131/1027 1035/132/1027
f 1058/133/1048 1059/134/1049 1038/135/1029 1037/136/1028
f 1037/136/1028 1038/135/1029 1040/137/1031 1039/138/1030
f 1039/138/1030 1040/137/1031 1042/139/1033 1041/140/1032
f 1059/141/1049 1060/142/1050 1040/143/1031 1038/144/1029
f 1041/140/1032 1042/139/1033 1061/145/1051 1062/146/1052
f 1043/147/1034 1044/148/1034 1034/149/1026 1033/150/1026
f 1058/133/1048 1037/136/1028 1047/136/1037 1046/133/1036
f 1041/140/1032 1062/146/1052 1050/146/1040 1049/140/1039
f 1057/75/1047 1058/133/1048 1046/133/1036 1045/75/1035
f 1037/136/1028 1039/138/1030 1048/138/1038 1047/136/1037
f 1062/146/1052 1057/151/1047 1045/151/1035 1050/146/1040
f 1039/138/1030 1041/140/1032 1049/140/1039 1048/138/1038
f 1049/140/1039 1050/146/1040 1056/146/1046 1055/140/1045
f 1047/136/1037 1048/138/1038 1054/138/1044 1053/136/1043
f 1045/75/1035 1046/133/1036 1052/133/1042 1051/75/1041
f 1050/146/1040 1045/151/1035 1051/151/1041 1056/146/1046
f 1048/138/1038 1049/140/1039 1055/140/1045 1054/138/1044
f 1046/133/1036 1047/136/1037 1053/136/1043 1052/133/1042
f 1033/129/1026 1035/132/1027 1058/133/1048 1057/75/1047
f 1036/131/1027 1034/130/1026 1060/152/1050 1059/134/1049
f 1035/132/1027 1036/131/1027 1059/134/1049 1058/133/1048
f 1044/148/1034 1043/147/1034 1062/146/1052 1061/145/1051
f 1043/147/1034 1033/150/1026 1057/151/1047 1062/146/1052
f 1034/149/1026 1044/148/1034 1061/145/1051 1060/153/1050
f 1040/143/1031 1060/142/1050 1061/154/1051 1042/155/1033
f 1063/129/1026 1064/130/1026 1066/131/1027 1065/132/1027
f 1088/133/1048 1089/134/1049 1068/135/1029 1067/136/1028
f 1067/136/1028 1068/135/1029 1070/137/1031 1069/138/1030
f 1069/138/1030 1070/137/1031 1072/139/1033 1071/140/1032
f 1089/141/1049 1090/142/1050 1070/143/1031 1068/144/1029
f 1071/140/1032 1072/139/1033 1091/145/1051 1092/146/1052
f 1073/147/1034 1074/148/1034 1064/149/1026 1063/150/1026
f 1088/133/1048 1067/136/1028 1077/136/1037 1076/133/1036
f 1071/140/1032 1092/146/1052 1080/146/1040 1079/140/1039
f 1087/75/1047 1088/133/1048 1076/133/1036 1075/75/1035
f 1067/136/1028 1069/138/1030 1078/138/1038 1077/136/1037
f 1092/146/1052 1087/151/1047 1075/151/1035 1080/146/1040
f 1069/138/1030 1071/140/1032 1079/140/1039 1078/138/1038
f 1079/140/1039 1080/146/1040 1086/146/1058 1085/140/1057
f 1077/136/1037 1078/138/1038 1084/138/1056 1083/136/1055
f 1075/75/1035 1076/133/1036 1082/133/1054 1081/75/1053
f 1080/146/1040 1075/151/1035 1081/151/1053 1086/146/1058
f 1078/138/1038 1079/140/1039 1085/140/1057 1084/138/1056
f 1076/133/1036 1077/136/1037 1083/136/1055 1082/133/1054
f 1063/129/1026 1065/132/1027 1088/133/1048 1087/75/1047
f 1066/131/1027 1064/130/1026 1090/152/1050 1089/134/1049
f 1065/132/1027 1066/131/1027 1089/134/1049 1088/133/1048
f 1074/148/1034 1073/147/1034 1092/146/1052 1091/145/1051
f 1073/147/1034 1063/150/1026 1087/151/1047 1092/146/1052
f 1064/149/1026 1074/148/1034 1091/145/1051 1090/153/1050
f 1070/143/1031 1090/142/1050 1091/154/1051 1072/155/1033
f 1093/129/1026 1094/130/1026 1096/131/1027 1095/132/1027
f 1118/133/1048 1119/134/1049 1098/135/1029 1097/136/1028
f 1097/136/1028 1098/135/1029 1100/137/1031 1099/138/1030
f 1099/138/1030 1100/137/1031 1102/139/1033 1101/140/1032
f 1119/141/1049 1120/142/1050 1100/143/1031 1098/144/1029
f 1101/140/1032 1102/139/1033 1121/145/1051 1122/146/1052
f 1103/147/1034 1104/148/1034 1094/149/1026 1093/150/1026
f 1118/133/1048 1097/136/1028 1107/136/1037 1106/133/1036
f 1101/140/1032 1122/146/1052 1110/146/1040 1109/140/1039
f 1117/75/1047 1118/133/1048 1106/133/1036 1105/75/1035
f 1097/136/1028 1099/138/1030 1108/138/1038 1107/136/1037
f 1122/146/1052 1117/151/1047 1105/151/1035 1110/146/1040
f 1099/138/1030 1101/140/1032 1109/140/1039 1108/138/1038
f 1109/140/1039 1110/146/1040 1116/146/1064 1115/140/1063
f 1107/136/1037 1108/138/1038 1114/138/1062 1113/136/1061
f 1105/75/1035 1106/133/1036 1112/133/1060 1111/75/1059
f 1110/146/1040 1105/151/1035 1111/151/1059 1116/146/1064
f 1108/138/1038 1109/140/1039 1115/140/1063 1114/138/1062
f 1106/133/1036 1107/136/1037 1113/136/1061 1112/133/1060
f 1093/129/1026 1095/132/1027 1118/133/1048 1117/75/1047
f 1096/131/1027 1094/130/1026 1120/152/1050 1119/134/1049
f 1095/132/1027 1096/131/1027 1119/134/1049 1118/133/1048
f 1104/148/1034 1103/147/1034 1122/146/1052 1121/145/1051
f 1103/147/1034 1093/150/1026 1117/151/1047 1122/146/1052
f 1094/149/1026 1104/148/1034 1121/145/1051 1120/153/1050
f 1100/143/1031 1120/142/1050 1121/154/1051 1102/155/1033
f 1123/129/1026 1124/130/1026 1126/131/1027 1125/132/1027
f 1148/133/1075 1149/134/1076 1258/156/1180 1262/157/1184
f 1127/136/1065 1128/135/1066 1130/137/1031 1129/138/1030
f 1129/138/1030 1130/137/1031 1132/139/1033 1131/140/1032
f 1149/141/1076 1150/142/1050 1130/143/1031 1128/144/1066 1258/158/1180
f 1131/140/1032 1132/139/1033 1151/145/1051 1152/146/1052
f 1133/147/1034 1134/148/1034 1124/149/1026 1123/150/1026
f 1148/133/1075 1262/157/1184 1260/159/1182 1136/133/1067
f 1131/140/1032 1152/146/1052 1140/146/1040 1139/140/1039
f 1147/75/1047 1148/133/1075 1136/133/1067 1135/75/1035
f 1127/136/1065 1129/138/1030 1138/138/1038 1137/136/1068
f 1152/146/1052 1147/151/1047 1135/151/1035 1140/146/1040
f 1129/138/1030 1131/140/1032 1139/140/1039 1138/138/1038
f 1139/140/1039 1140/146/1040 1146/146/1074 1145/140/1073
f 1137/136/1068 1138/138/1038 1144/138/1072 1143/136/1071
f 1135/75/1035 1136/133/1067 1142/133/1070 1141/75/1069
f 1140/146/1040 1135/151/1035 1141/151/1069 1146/146/1074
f 1138/138/1038 1139/140/1039 1145/140/1073 1144/138/1072
f 1136/133/1067 1260/159/1182 1259/160/1181 1142/133/1070
f 1123/129/1026 1125/132/1027 1148/133/1075 1147/75/1047
f 1126/131/1027 1124/130/1026 1150/152/1050 1149/134/1076
f 1125/132/1027 1126/131/1027 1149/134/1076 1148/133/1075
f 1134/148/1034 1133/147/1034 1152/146/1052 1151/145/1051
f 1133/147/1034 1123/150/1026 1147/151/1047 1152/146/1052
f 1124/149/1026 1134/148/1034 1151/145/1051 1150/153/1050
f 1130/143/1031 1150/142/1050 1151/154/1051 1132/155/1033
f 1153/129/1077 1154/130/1026 1156/131/1079 1155/132/1078
f 1178/133/1101 1179/134/1102 1158/135/1081 1157/136/1080
f 1157/136/1080 1158/135/1081 1160/137/1083 1159/138/1082
f 1159/138/1082 1160/137/1083 1162/139/1085 1161/140/1084
f 1179/141/1102 1180/142/1050 1160/143/1083 1158/144/1081
f 1161/140/1084 1162/139/1085 1270/161/1192 1266/162/1188
f 1163/147/1086 1164/148/1087 1154/149/1026 1153/150/1077
f 1184/163/1106 1183/136/1105 1167/136/1090 1166/133/1089
f 1186/164/1108 1269/165/1191 1265/166/1187 1169/140/1092
f 1187/75/1109 1184/163/1106 1166/133/1089 1165/75/1088
f 1183/136/1105 1188/167/1110 1168/138/1091 1167/136/1090
f 1185/119/1107 1187/168/1109 1165/151/1088 1170/146/1093
f 1188/167/1110 1186/164/1108 1169/140/1092 1168/138/1091
f 1055/140/1045 1056/146/1046 1166/133/1089 1167/136/1090
f 1082/133/1054 1083/136/1055 1115/140/1063 1116/146/1064
f 1167/136/1090 1168/138/1091 1202/138/1124 1172/136/1095
f 1082/133/1054 1116/146/1064 1190/133/1112
f 1052/133/1042 1053/136/1043 1085/140/1057 1086/146/1058
f 1112/133/1060 1113/136/1061 1145/140/1073 1146/146/1074
f 1153/129/1077 1155/132/1078 1178/133/1101 1177/75/1100
f 1156/131/1079 1154/130/1026 1180/152/1050 1179/134/1102
f 1155/132/1078 1156/131/1079 1179/134/1102 1178/133/1101
f 1164/148/1087 1163/147/1086 1182/146/1104 1181/145/1103
f 1163/147/1086 1153/150/1077 1177/151/1100 1182/146/1104
f 1154/149/1026 1164/148/1087 1181/145/1103 1180/153/1050
f 1160/143/1083 1180/142/1050 1181/154/1103 1270/169/1192 1162/155/1085
f 1159/138/1082 1161/140/1084 1186/164/1108 1188/167/1110
f 1182/146/1104 1177/151/1100 1187/168/1109 1185/119/1107
f 1157/136/1080 1159/138/1082 1188/167/1110 1183/136/1105
f 1177/75/1100 1178/133/1101 1184/163/1106 1187/75/1109
f 1161/140/1084 1266/162/1188 1269/165/1191 1186/164/1108
f 1178/133/1101 1157/136/1080 1183/136/1105 1184/163/1106
f 1146/146/1074 1141/151/1069 1197/151/1119 1194/146/1116
f 1052/133/1042 1086/146/1058 1175/133/1098
f 1168/138/1091 1169/140/1092 1203/140/1125 1202/138/1124
f 1169/140/1092 1265/166/1187 1263/170/1185 1203/140/1125
f 1055/140/1045 1167/136/1090 1172/140/1095
f 1170/146/1093 1165/151/1088 1201/151/1123 1204/146/1126
f 1166/133/1089 1056/146/1046 1171/133/1094
f 1051/75/1041 1052/133/1042 1175/133/1098 1176/75/1099
f 1085/140/1057 1053/136/1043 1174/140/1097
f 1115/140/1063 1083/136/1055 1191/140/1113
f 1081/75/1053 1082/133/1054 1190/133/1112 1189/75/1111
f 1053/136/1043 1054/138/1044 1173/138/1096 1174/136/1097
f 1145/140/1073 1113/136/1061 1195/140/1117
f 1111/75/1059 1112/133/1060 1194/133/1116 1193/75/1115
f 1054/138/1044 1055/140/1045 1172/140/1095 1173/138/1096
f 1083/136/1055 1084/138/1056 1192/138/1114 1191/136/1113
f 1141/75/1069 1142/133/1070 1198/133/1120 1197/75/1119
f 1084/138/1056 1085/140/1057 1174/140/1097 1192/138/1114
f 1113/136/1061 1114/138/1062 1196/138/1118 1195/136/1117
f 1056/146/1046 1051/151/1041 1176/151/1099 1171/146/1094
f 1142/133/1070 1259/160/1181 1256/171/1178 1198/133/1120
f 1114/138/1062 1115/140/1063 1191/140/1113 1196/138/1118
f 1143/136/1071 1144/138/1072 1200/138/1122 1199/136/1121
f 1086/146/1058 1081/151/1053 1189/151/1111 1175/146/1098
f 1165/75/1088 1166/133/1089 1171/133/1094 1201/75/1123
f 1144/138/1072 1145/140/1073 1195/140/1117 1200/138/1122
f 1112/133/1060 1146/146/1074 1194/133/1116
f 1116/146/1064 1111/151/1059 1193/151/1115 1190/146/1112
f 1190/146/1112 1193/151/1115 1208/146/1130
f 1193/75/1115 1194/133/1116 1208/75/1130
f 1196/138/1118 1191/140/1113 1209/138/1131
f 1194/146/1116 1212/151/1134 1208/146/1130
f 1197/75/1119 1198/133/1120 1213/133/1135 1212/75/1134
f 1192/138/1114 1174/140/1097 1210/138/1132
f 1200/138/1122 1195/140/1117 1215/138/1137
f 1173/138/1096 1172/140/1095 1206/138/1128
f 1198/133/1120 1256/171/1178 1242/172/1164 1213/133/1135
f 1199/136/1121 1200/138/1122 1215/138/1137 1214/136/1136
f 1172/136/1095 1217/138/1139 1206/136/1128
f 1175/146/1098 1207/151/1129 1205/146/1127
f 1202/138/1124 1203/140/1125 1218/140/1140 1217/138/1139
f 1171/146/1094 1176/151/1099 1205/146/1127
f 1189/75/1111 1190/133/1112 1207/75/1129
f 1203/140/1125 1263/170/1185 1267/173/1189 1218/140/1140
f 1176/75/1099 1175/133/1098 1205/75/1127
f 1191/136/1113 1210/138/1132 1209/136/1131
f 1201/75/1123 1171/133/1094 1211/174/1133 1216/75/1138
f 1204/146/1126 1201/151/1123 1216/151/1138 1219/146/1141
f 1211/174/1133 1171/133/1094 1205/133/1127
f 1207/151/1129 1175/146/1098 1189/151/1111
f 1207/75/1129 1190/133/1112 1208/133/1130
f 1212/151/1134 1194/146/1116 1197/151/1119
f 1217/138/1139 1172/136/1095 1202/138/1124
f 1206/138/1128 1174/136/1097 1173/138/1096
f 1210/138/1132 1174/140/1097 1206/140/1128
f 1210/138/1132 1191/136/1113 1192/138/1114
f 1209/138/1131 1195/136/1117 1196/138/1118
f 1215/138/1137 1195/140/1117 1209/140/1131
f 1215/138/1137 1209/140/1131 1224/140/1146 1230/138/1152
f 1209/136/1131 1210/138/1132 1225/138/1147 1224/136/1146
f 1216/75/1138 1211/174/1133 1226/174/1148 1231/75/1153
f 1206/136/1128 1217/138/1139 1232/138/1154 1221/136/1143
f 1212/75/1134 1213/133/1135 1228/133/1150 1227/75/1149
f 1205/146/1127 1207/151/1129 1222/151/1144 1220/146/1142
f 1213/133/1135 1242/172/1164 1261/175/1183 1228/133/1150
f 1210/138/1132 1206/140/1128 1221/140/1143 1225/138/1147
f 1214/136/1136 1215/138/1137 1230/138/1152 1229/136/1151
f 1211/174/1133 1205/133/1127 1220/133/1142 1226/174/1148
f 1217/138/1139 1218/140/1140 1233/140/1155 1232/138/1154
f 1218/140/1140 1267/173/1189 1264/176/1186 1233/140/1155
f 1207/75/1129 1208/133/1130 1223/133/1145 1222/75/1144
f 1208/146/1130 1212/151/1134 1227/151/1149 1223/146/1145
f 1219/146/1141 1216/151/1138 1231/151/1153 1234/146/1156
f 1243/133/1165 1252/177/1174 990/57/983 1238/133/1160
f 1231/75/1153 1226/174/1148 1241/174/1163 1246/75/1168
f 1228/133/1150 1261/175/1183 1257/178/1179 1243/133/1165
f 1228/133/1150 1243/133/1165 1238/133/1160 1223/133/1145 1227/151/1149
f 1229/136/1151 1230/138/1152 1245/138/1167 1244/136/1166
f 1220/146/1142 1222/151/1144 1237/151/1159 1235/146/1157
f 1232/138/1154 1233/140/1155 1248/140/1170 1247/138/1169
f 1230/138/1152 1224/140/1146 1239/140/1161 1245/138/1167
f 1233/140/1155 1264/176/1186 1268/179/1190 1248/140/1170
f 1225/138/1147 1221/140/1143 1236/140/1158 1240/138/1162
f 1234/146/1156 1231/151/1153 1246/151/1168 1249/146/1171
f 1222/75/1144 1223/133/1145 1238/133/1160 1237/75/1159
f 1221/136/1143 1232/138/1154 1247/138/1169 1236/136/1158
f 1224/136/1146 1225/138/1147 1240/138/1162 1239/136/1161
f 1226/174/1148 1220/133/1142 1235/133/1157 1241/174/1163
f 990/57/983 1252/177/1174 1004/57/997 989/57/982
f 997/57/990 1009/57/1002 1254/180/1176 999/57/992
f 1004/57/997 1252/177/1174 1253/181/1175 1015/57/1008
f 1272/182/1194 1245/138/1167 1239/140/1161 1250/103/1172
f 1254/180/1176 1009/57/1002 1020/57/1013 1255/183/1177
f 1255/183/1177 1020/57/1013 1031/57/1024 1251/103/1173
f 1246/103/1168 1235/103/1157 992/57/985 999/57/992
f 991/57/984 992/57/985 1235/146/1157 1237/151/1159
f 990/57/983 991/57/984 1237/75/1159 1238/133/1160
f 1243/133/1165 1257/178/1179 1253/181/1175 1252/177/1174
f 1261/175/1183 1242/172/1164 1214/136/1136 1229/136/1151
f 1257/178/1179 1261/175/1183 1229/136/1151 1244/136/1166
f 1259/160/1181 1260/159/1182 1137/136/1068 1143/136/1071
f 1256/171/1178 1259/160/1181 1143/136/1071 1199/136/1121
f 1262/157/1184 1258/156/1180 1128/135/1066 1127/136/1065
f 1260/159/1182 1262/157/1184 1127/136/1065 1137/136/1068
f 1242/172/1164 1256/171/1178 1199/136/1121 1214/136/1136
f 999/57/992 1254/180/1176 1249/103/1171 1241/103/1163
f 1264/176/1186 1267/173/1189 1219/146/1141 1234/146/1156
f 1267/173/1189 1263/170/1185 1204/146/1126 1219/146/1141
f 1269/165/1191 1266/162/1188 1182/146/1104 1185/119/1107
f 1263/170/1185 1265/166/1187 1170/146/1093 1204/146/1126
f 1268/179/1190 1264/176/1186 1234/146/1156 1249/146/1171
f 1265/166/1187 1269/165/1191 1185/119/1107 1170/146/1093
f 1266/162/1188 1270/161/1192 1181/145/1103 1182/146/1104
f 1268/179/1190 1249/103/1171 1254/180/1176 1255/183/1177
f 1255/183/1177 1251/103/1173 1248/140/1170 1268/179/1190
f 1271/184/1193 1244/136/1166 1245/138/1167 1272/182/1194
f 1239/140/1161 1240/138/1162 1273/103/1195 1250/103/1172
f 1248/140/1170 1251/103/1173 1247/138/1169
f 1257/178/1179 1244/136/1166 1271/184/1193 1253/181/1175
f 1273/103/1195 1240/138/1162 1236/136/1158 1274/103/1196
f 1274/103/1196 1236/136/1158 1247/138/1169 1251/103/1173
f 1026/57/1019 1015/57/1008 1253/181/1175 1271/184/1193 1272/182/1194 1250/103/1172
f 1250/103/1172 1273/103/1195 1279/103/1201
f 1024/57/1017 1025/57/1018 1278/57/1200 1277/57/1199
f 1027/57/1020 1032/57/1025 1285/57/1207 1280/57/1202
f 1029/57/1022 1028/57/1021 1281/57/1203 1282/57/1204
f 1273/103/1195 1274/103/1196 1284/103/1206 1279/103/1201
f 1031/57/1024 1030/57/1023 1283/57/1205 1284/57/1206
f 1022/57/1015 1023/57/1016 1276/57/1198 1275/57/1197
f 1251/103/1173 1031/57/1024 1284/103/1206
f 1274/103/1196 1251/103/1173 1284/103/1206
f 1026/57/1019 1250/103/1172 1279/57/1201
f 1025/57/1018 1026/57/1019 1279/57/1201 1278/57/1200
f 1028/57/1021 1027/57/1020 1280/57/1202 1281/57/1203
f 1030/57/1023 1029/57/1022 1282/57/1204 1283/57/1205
f 1032/57/1025 1022/57/1015 1275/57/1197 1285/57/1207
f 1023/57/1016 1024/57/1017 1277/57/1199 1276/57/1198
f 1285/57/1207 1275/57/1197 1291/185/1213 1280/57/1202
f 1246/75/1168 1241/174/1163 1249/103/1171
f 1278/57/1200 1287/57/1209 1277/57/1199
f 1280/57/1202 1291/185/1213 1281/57/1203
f 1282/57/1204 1288/57/1210 1284/57/1206 1283/57/1205
f 1286/186/1208 1278/57/1200 1279/103/1201
f 1284/57/1206 1286/186/1208 1279/103/1201
f 1289/187/1211 1287/57/1209 1278/57/1200 1286/186/1208
f 1288/57/1210 1289/187/1211 1286/186/1208 1284/57/1206
f 1277/57/1199 1287/57/1209 1276/57/1198
f 1290/188/1212 1276/57/1198 1287/57/1209 1289/187/1211
f 1282/57/1204 1290/188/1212 1289/187/1211 1288/57/1210
f 1291/185/1213 1275/57/1197 1276/57/1198 1290/188/1212
f 1281/57/1203 1291/185/1213 1290/188/1212 1282/57/1204
f 1318/189/1240 1319/190/1241 1295/134/1217 1293/152/1215
f 1319/190/1241 1320/191/1242 1297/135/1219 1295/134/1217
f 1320/191/1242 1321/192/1243 1299/137/1221 1297/135/1219
f 1321/192/1243 1322/193/1244 1301/139/1223 1299/137/1221
f 1322/193/1244 1323/194/1245 1303/145/1225 1301/139/1223
f 1323/194/1245 1318/195/1240 1293/153/1215 1303/145/1225
f 1334/196/1256 1352/197/1274 1304/198/1226 1315/199/1237
f 1329/200/1251 1324/201/1246 1305/202/1227 1314/203/1236
f 1333/204/1255 1334/196/1256 1315/199/1237 1313/205/1235
f 1328/206/1250 1329/200/1251 1314/203/1236 1312/207/1234
f 1332/208/1254 1333/204/1255 1313/205/1235 1311/209/1233
f 1327/210/1249 1328/206/1250 1312/207/1234 1310/211/1232
f 1351/212/1273 1332/208/1254 1311/209/1233 1309/213/1231
f 1326/214/1248 1327/210/1249 1310/211/1232 1308/215/1230
f 1330/216/1252 1351/212/1273 1309/213/1231 1307/217/1229
f 1325/218/1247 1326/214/1248 1308/215/1230 1306/219/1228
f 1352/220/1274 1330/216/1252 1307/217/1229 1304/221/1226
f 1324/222/1246 1325/218/1247 1306/219/1228 1305/223/1227
f 1298/224/1220 1317/225/1239 1300/226/1222
f 1349/227/1271 1316/228/1238 1348/229/1270
f 1348/229/1270 1316/228/1238 1350/230/1272
f 1302/231/1224 1317/225/1239 1316/228/1238 1349/227/1271
f 1300/226/1222 1317/225/1239 1302/231/1224
f 1350/230/1272 1316/228/1238 1317/225/1239 1298/224/1220
f 1340/232/1262 1341/233/1263 1318/195/1240 1323/194/1245
f 1339/234/1261 1340/232/1262 1323/194/1245 1322/193/1244
f 1338/235/1260 1339/234/1261 1322/193/1244 1321/192/1243
f 1337/236/1259 1338/235/1260 1321/192/1243 1320/191/1242
f 1336/237/1258 1337/236/1259 1320/191/1242 1319/190/1241
f 1341/238/1263 1336/237/1258 1319/190/1241 1318/189/1240
f 1347/239/1269 1342/240/1264 1325/218/1247 1324/222/1246
f 1342/240/1264 1343/241/1265 1326/214/1248 1325/218/1247
f 1343/241/1265 1344/242/1266 1327/210/1249 1326/214/1248
f 1344/242/1266 1345/243/1267 1328/206/1250 1327/210/1249
f 1345/243/1267 1346/244/1268 1329/200/1251 1328/206/1250
f 1346/244/1268 1347/245/1269 1324/201/1246 1329/200/1251
f 1292/246/1214 1294/247/1216 1353/248/1275 1335/249/1257
f 1294/247/1216 1296/250/1218 1331/251/1253 1353/248/1275
f 1350/230/1272 1298/224/1220 1332/208/1254 1351/212/1273
f 1298/224/1220 1300/226/1222 1333/204/1255 1332/208/1254
f 1300/226/1222 1302/231/1224 1334/196/1256 1333/204/1255
f 1302/231/1224 1349/227/1271 1352/197/1274 1334/196/1256
f 1305/223/1227 1306/219/1228 1336/237/1258 1341/238/1263
f 1306/219/1228 1308/215/1230 1337/236/1259 1336/237/1258
f 1308/215/1230 1310/211/1232 1338/235/1260 1337/236/1259
f 1310/211/1232 1312/207/1234 1339/234/1261 1338/235/1260
f 1312/207/1234 1314/203/1236 1340/232/1262 1339/234/1261
f 1314/203/1236 1305/202/1227 1341/233/1263 1340/232/1262
f 1315/199/1237 1304/198/1226 1347/245/1269 1346/244/1268
f 1313/205/1235 1315/199/1237 1346/244/1268 1345/243/1267
f 1311/209/1233 1313/205/1235 1345/243/1267 1344/242/1266
f 1309/213/1231 1311/209/1233 1344/242/1266 1343/241/1265
f 1307/217/1229 1309/213/1231 1343/241/1265 1342/240/1264
f 1304/221/1226 1307/217/1229 1342/240/1264 1347/239/1269
f 1292/246/1214 1349/252/1271 1348/229/1270 1294/247/1216
f 1294/247/1216 1348/229/1270 1350/230/1272 1296/250/1218
f 1296/250/1218 1350/230/1272 1351/212/1273 1331/251/1253
f 1335/249/1257 1352/220/1274 1349/252/1271 1292/246/1214
f 1353/248/1275 1330/216/1252 1352/220/1274 1335/249/1257
f 1331/251/1253 1351/212/1273 1330/216/1252 1353/248/1275
f 1380/189/1283 1381/190/1284 1357/134/1277 1355/152/1276
f 1381/190/1284 1382/191/1242 1359/135/1278 1357/134/1277
f 1382/191/1242 1383/192/1243 1361/137/1279 1359/135/1278
f 1383/192/1243 1384/193/1244 1363/139/1280 1361/137/1279
f 1384/193/1244 1385/194/1285 1365/145/1281 1363/139/1280
f 1385/194/1285 1380/195/1283 1355/153/1276 1365/145/1281
f 1396/196/1256 1414/197/1274 1366/198/1226 1377/199/1237
f 1391/200/1251 1386/201/1246 1367/202/1227 1376/203/1236
f 1395/204/1255 1396/196/1256 1377/199/1237 1375/205/1235
f 1390/206/1250 1391/200/1251 1376/203/1236 1374/207/1234
f 1394/208/1254 1395/204/1255 1375/205/1235 1373/209/1233
f 1389/210/1286 1390/206/1250 1374/207/1234 1372/211/1232
f 1413/212/1291 1394/208/1254 1373/209/1233 1371/213/1231
f 1388/214/1248 1389/210/1286 1372/211/1232 1370/215/1282
f 1392/216/1287 1413/212/1291 1371/213/1231 1369/217/1229
f 1387/218/1247 1388/214/1248 1370/215/1282 1368/219/1228
f 1414/220/1274 1392/216/1287 1369/217/1229 1366/221/1226
f 1386/222/1246 1387/218/1247 1368/219/1228 1367/223/1227
f 1360/224/1220 1379/225/1239 1362/226/1222
f 1411/227/1271 1378/228/1238 1410/229/1290
f 1410/229/1290 1378/228/1238 1412/230/1272
f 1364/231/1224 1379/225/1239 1378/228/1238 1411/227/1271
f 1362/226/1222 1379/225/1239 1364/231/1224
f 1412/230/1272 1378/228/1238 1379/225/1239 1360/224/1220
f 1402/232/1288 1403/233/1263 1380/195/1283 1385/194/1285
f 1401/234/1261 1402/232/1288 1385/194/1285 1384/193/1244
f 1400/235/1260 1401/234/1261 1384/193/1244 1383/192/1243
f 1399/236/1259 1400/235/1260 1383/192/1243 1382/191/1242
f 1398/237/1258 1399/236/1259 1382/191/1242 1381/190/1284
f 1403/238/1263 1398/237/1258 1381/190/1284 1380/189/1283
f 1409/239/1269 1404/240/1264 1387/218/1247 1386/222/1246
f 1404/240/1264 1405/241/1265 1388/214/1248 1387/218/1247
f 1405/241/1265 1406/242/1266 1389/210/1286 1388/214/1248
f 1406/242/1266 1407/243/1267 1390/206/1250 1389/210/1286
f 1407/243/1267 1408/244/1289 1391/200/1251 1390/206/1250
f 1408/244/1289 1409/245/1269 1386/201/1246 1391/200/1251
f 1354/246/1214 1356/247/1216 1415/248/1275 1397/249/1257
f 1356/247/1216 1358/250/1218 1393/251/1253 1415/248/1275
f 1412/230/1272 1360/224/1220 1394/208/1254 1413/212/1291
f 1360/224/1220 1362/226/1222 1395/204/1255 1394/208/1254
f 1362/226/1222 1364/231/1224 1396/196/1256 1395/204/1255
f 1364/231/1224 1411/227/1271 1414/197/1274 1396/196/1256
f 1367/223/1227 1368/219/1228 1398/237/1258 1403/238/1263
f 1368/219/1228 1370/215/1282 1399/236/1259 1398/237/1258
f 1370/215/1282 1372/211/1232 1400/235/1260 1399/236/1259
f 1372/211/1232 1374/207/1234 1401/234/1261 1400/235/1260
f 1374/207/1234 1376/203/1236 1402/232/1288 1401/234/1261
f 1376/203/1236 1367/202/1227 1403/233/1263 1402/232/1288
f 1377/199/1237 1366/198/1226 1409/245/1269 1408/244/1289
f 1375/205/1235 1377/199/1237 1408/244/1289 1407/243/1267
f 1373/209/1233 1375/205/1235 1407/243/1267 1406/242/1266
f 1371/213/1231 1373/209/1233 1406/242/1266 1405/241/1265
f 1369/217/1229 1371/213/1231 1405/241/1265 1404/240/1264
f 1366/221/1226 1369/217/1229 1404/240/1264 1409/239/1269
f 1354/246/1214 1411/252/1271 1410/229/1290 1356/247/1216
f 1356/247/1216 1410/229/1290 1412/230/1272 1358/250/1218
f 1358/250/1218 1412/230/1272 1413/212/1291 1393/251/1253
f 1397/249/1257 1414/220/1274 1411/252/1271 1354/246/1214
f 1415/248/1275 1392/216/1287 1414/220/1274 1397/249/1257
f 1393/251/1253 1413/212/1291 1392/216/1287 1415/248/1275
f 1442/189/1240 1443/190/1241 1419/134/1294 1417/152/1293
f 1443/190/1241 1444/191/1242 1421/135/1295 1419/134/1294
f 1444/191/1242 1445/192/1243 1423/137/1296 1421/135/1295
f 1445/192/1243 1446/193/1244 1425/139/1297 1423/137/1296
f 1446/193/1244 1447/194/1245 1427/145/1298 1425/139/1297
f 1447/194/1245 1442/195/1240 1417/153/1293 1427/145/1298
f 1458/196/1256 1476/197/1274 1428/198/1226 1439/199/1237
f 1453/200/1251 1448/201/1246 1429/202/1227 1438/203/1236
f 1457/204/1255 1458/196/1256 1439/199/1237 1437/205/1235
f 1452/206/1250 1453/200/1251 1438/203/1236 1436/207/1234
f 1456/208/1254 1457/204/1255 1437/205/1235 1435/209/1233
f 1451/210/1286 1452/206/1250 1436/207/1234 1434/211/1232
f 1475/212/1291 1456/208/1254 1435/209/1233 1433/213/1231
f 1450/214/1248 1451/210/1286 1434/211/1232 1432/215/1300
f 1454/216/1287 1475/212/1291 1433/213/1231 1431/217/1299
f 1449/218/1247 1450/214/1248 1432/215/1300 1430/219/1228
f 1476/220/1274 1454/216/1287 1431/217/1299 1428/221/1226
f 1448/222/1246 1449/218/1247 1430/219/1228 1429/223/1227
f 1422/224/1220 1441/225/1239 1424/226/1222
f 1473/227/1271 1440/228/1301 1472/229/1290
f 1472/229/1290 1440/228/1301 1474/230/1272
f 1426/231/1224 1441/225/1239 1440/228/1301 1473/227/1271
f 1424/226/1222 1441/225/1239 1426/231/1224
f 1474/230/1272 1440/228/1301 1441/225/1239 1422/224/1220
f 1464/232/1288 1465/233/1263 1442/195/1240 1447/194/1245
f 1463/234/1261 1464/232/1288 1447/194/1245 1446/193/1244
f 1462/235/1260 1463/234/1261 1446/193/1244 1445/192/1243
f 1461/236/1259 1462/235/1260 1445/192/1243 1444/191/1242
f 1460/237/1258 1461/236/1259 1444/191/1242 1443/190/1241
f 1465/238/1263 1460/237/1258 1443/190/1241 1442/189/1240
f 1471/239/1269 1466/240/1264 1449/218/1247 1448/222/1246
f 1466/240/1264 1467/241/1265 1450/214/1248 1449/218/1247
f 1467/241/1265 1468/242/1266 1451/210/1286 1450/214/1248
f 1468/242/1266 1469/243/1267 1452/206/1250 1451/210/1286
f 1469/243/1267 1470/244/1268 1453/200/1251 1452/206/1250
f 1470/244/1268 1471/245/1269 1448/201/1246 1453/200/1251
f 1416/246/1292 1418/247/1216 1477/248/1275 1459/249/1302
f 1418/247/1216 1420/250/1218 1455/251/1253 1477/248/1275
f 1474/230/1272 1422/224/1220 1456/208/1254 1475/212/1291
f 1422/224/1220 1424/226/1222 1457/204/1255 1456/208/1254
f 1424/226/1222 1426/231/1224 1458/196/1256 1457/204/1255
f 1426/231/1224 1473/227/1271 1476/197/1274 1458/196/1256
f 1429/223/1227 1430/219/1228 1460/237/1258 1465/238/1263
f 1430/219/1228 1432/215/1300 1461/236/1259 1460/237/1258
f 1432/215/1300 1434/211/1232 1462/235/1260 1461/236/1259
f 1434/211/1232 1436/207/1234 1463/234/1261 1462/235/1260
f 1436/207/1234 1438/203/1236 1464/232/1288 1463/234/1261
f 1438/203/1236 1429/202/1227 1465/233/1263 1464/232/1288
f 1439/199/1237 1428/198/1226 1471/245/1269 1470/244/1268
f 1437/205/1235 1439/199/1237 1470/244/1268 1469/243/1267
f 1435/209/1233 1437/205/1235 1469/243/1267 1468/242/1266
f 1433/213/1231 1435/209/1233 1468/242/1266 1467/241/1265
f 1431/217/1299 1433/213/1231 1467/241/1265 1466/240/1264
f 1428/221/1226 1431/217/1299 1466/240/1264 1471/239/1269
f 1416/246/1292 1473/252/1271 1472/229/1290 1418/247/1216
f 1418/247/1216 1472/229/1290 1474/230/1272 1420/250/1218
f 1420/250/1218 1474/230/1272 1475/212/1291 1455/251/1253
f 1459/249/1302 1476/220/1274 1473/252/1271 1416/246/1292
f 1477/248/1275 1454/216/1287 1476/220/1274 1459/249/1302
f 1455/251/1253 1475/212/1291 1454/216/1287 1477/248/1275
f 1504/189/1240 1505/190/1241 1481/134/1304 1479/152/1303
f 1505/190/1241 1506/191/1310 1483/135/1305 1481/134/1304
f 1506/191/1310 1507/192/1243 1485/137/1306 1483/135/1305
f 1507/192/1243 1508/193/1244 1487/139/1307 1485/137/1306
f 1508/193/1244 1509/194/1245 1489/145/1308 1487/139/1307
f 1509/194/1245 1504/195/1240 1479/153/1303 1489/145/1308
f 1520/196/1256 1538/197/1274 1490/198/1226 1501/199/1237
f 1515/200/1251 1510/201/1311 1491/202/1227 1500/203/1236
f 1519/204/1255 1520/196/1256 1501/199/1237 1499/205/1235
f 1514/206/1250 1515/200/1251 1500/203/1236 1498/207/1234
f 1518/208/1254 1519/204/1255 1499/205/1235 1497/209/1309
f 1513/210/1249 1514/206/1250 1498/207/1234 1496/211/1232
f 1537/212/1291 1518/208/1254 1497/209/1309 1495/213/1231
f 1512/214/1248 1513/210/1249 1496/211/1232 1494/215/1230
f 1516/216/1287 1537/212/1291 1495/213/1231 1493/217/1229
f 1511/218/1247 1512/214/1248 1494/215/1230 1492/219/1228
f 1538/220/1274 1516/216/1287 1493/217/1229 1490/221/1226
f 1510/222/1311 1511/218/1247 1492/219/1228 1491/223/1227
f 1484/224/1220 1503/225/1239 1486/226/1222
f 1535/227/1271 1502/228/1301 1534/229/1290
f 1534/229/1290 1502/228/1301 1536/230/1272
f 1488/231/1224 1503/225/1239 1502/228/1301 1535/227/1271
f 1486/226/1222 1503/225/1239 1488/231/1224
f 1536/230/1272 1502/228/1301 1503/225/1239 1484/224/1220
f 1526/232/1288 1527/233/1263 1504/195/1240 1509/194/1245
f 1525/234/1261 1526/232/1288 1509/194/1245 1508/193/1244
f 1524/235/1260 1525/234/1261 1508/193/1244 1507/192/1243
f 1523/236/1259 1524/235/1260 1507/192/1243 1506/191/1310
f 1522/237/1258 1523/236/1259 1506/191/1310 1505/190/1241
f 1527/238/1263 1522/237/1258 1505/190/1241 1504/189/1240
f 1533/239/1269 1528/240/1264 1511/218/1247 1510/222/1311
f 1528/240/1264 1529/241/1265 1512/214/1248 1511/218/1247
f 1529/241/1265 1530/242/1313 1513/210/1249 1512/214/1248
f 1530/242/1313 1531/243/1267 1514/206/1250 1513/210/1249
f 1531/243/1267 1532/244/1289 1515/200/1251 1514/206/1250
f 1532/244/1289 1533/245/1269 1510/201/1311 1515/200/1251
f 1478/246/1214 1480/247/1216 1539/248/1314 1521/249/1312
f 1480/247/1216 1482/250/1218 1517/251/1253 1539/248/1314
f 1536/230/1272 1484/224/1220 1518/208/1254 1537/212/1291
f 1484/224/1220 1486/226/1222 1519/204/1255 1518/208/1254
f 1486/226/1222 1488/231/1224 1520/196/1256 1519/204/1255
f 1488/231/1224 1535/227/1271 1538/197/1274 1520/196/1256
f 1491/223/1227 1492/219/1228 1522/237/1258 1527/238/1263
f 1492/219/1228 1494/215/1230 1523/236/1259 1522/237/1258
f 1494/215/1230 1496/211/1232 1524/235/1260 1523/236/1259
f 1496/211/1232 1498/207/1234 1525/234/1261 1524/235/1260
f 1498/207/1234 1500/203/1236 1526/232/1288 1525/234/1261
f 1500/203/1236 1491/202/1227 1527/233/1263 1526/232/1288
f 1501/199/1237 1490/198/1226 1533/245/1269 1532/244/1289
f 1499/205/1235 1501/199/1237 1532/244/1289 1531/243/1267
f 1497/209/1309 1499/205/1235 1531/243/1267 1530/242/1313
f 1495/213/1231 1497/209/1309 1530/242/1313 1529/241/1265
f 1493/217/1229 1495/213/1231 1529/241/1265 1528/240/1264
f 1490/221/1226 1493/217/1229 1528/240/1264 1533/239/1269
f 1478/246/1214 1535/252/1271 1534/229/1290 1480/247/1216
f 1480/247/1216 1534/229/1290 1536/230/1272 1482/250/1218
f 1482/250/1218 1536/230/1272 1537/212/1291 1517/251/1253
f 1521/249/1312 1538/220/1274 1535/252/1271 1478/246/1214
f 1539/248/1314 1516/216/1287 1538/220/1274 1521/249/1312
f 1517/251/1253 1537/212/1291 1516/216/1287 1539/248/1314
f 1574/196/1349 1592/197/1367 1546/198/1321 1557/199/1332
f 1569/200/1344 1564/201/1339 1547/202/1322 1556/203/1331
f 1573/204/1348 1574/196/1349 1557/199/1332 1555/205/1330
f 1568/206/1343 1569/200/1344 1556/203/1331 1554/207/1329
f 1572/208/1347 1573/204/1348 1555/205/1330 1553/209/1328
f 1567/210/1342 1568/206/1343 1554/207/1329 1552/211/1327
f 1591/212/1366 1572/208/1347 1553/209/1328 1551/213/1326
f 1566/214/1341 1567/210/1342 1552/211/1327 1550/215/1325
f 1570/216/1345 1591/212/1366 1551/213/1326 1549/217/1324
f 1565/218/1340 1566/214/1341 1550/215/1325 1548/219/1323
f 1592/220/1367 1570/216/1345 1549/217/1324 1546/221/1321
f 1564/222/1339 1565/218/1340 1548/219/1323 1547/223/1322
f 1543/224/1318 1559/225/1334 1544/226/1319
f 1589/227/1364 1558/228/1333 1588/229/1363
f 1588/229/1363 1558/228/1333 1590/230/1365
f 1545/231/1320 1559/225/1334 1558/228/1333 1589/227/1364
f 1544/226/1319 1559/225/1334 1545/231/1320
f 1590/230/1365 1558/228/1333 1559/225/1334 1543/224/1318
f 1580/232/1355 1581/233/1356 1560/195/1335 1563/194/1338
f 1579/234/1354 1580/232/1355 1563/194/1338 1562/193/1337
f 1578/235/1353 1579/234/1354 1562/193/1337 1561/192/1336
f 1587/239/1362 1582/240/1357 1565/218/1340 1564/222/1339
f 1582/240/1357 1583/241/1358 1566/214/1341 1565/218/1340
f 1583/241/1358 1584/242/1359 1567/210/1342 1566/214/1341
f 1584/242/1359 1585/243/1360 1568/206/1343 1567/210/1342
f 1585/243/1360 1586/244/1361 1569/200/1344 1568/206/1343
f 1586/244/1361 1587/245/1362 1564/201/1339 1569/200/1344
f 1540/246/1315 1541/247/1316 1593/248/1368 1575/249/1350
f 1541/247/1316 1542/250/1317 1571/251/1346 1593/248/1368
f 1590/230/1365 1543/224/1318 1572/208/1347 1591/212/1366
f 1543/224/1318 1544/226/1319 1573/204/1348 1572/208/1347
f 1544/226/1319 1545/231/1320 1574/196/1349 1573/204/1348
f 1545/231/1320 1589/227/1364 1592/197/1367 1574/196/1349
f 1547/223/1322 1548/219/1323 1576/237/1351 1581/238/1356
f 1548/219/1323 1550/215/1325 1577/236/1352 1576/237/1351
f 1550/215/1325 1552/211/1327 1578/235/1353 1577/236/1352
f 1552/211/1327 1554/207/1329 1579/234/1354 1578/235/1353
f 1554/207/1329 1556/203/1331 1580/232/1355 1579/234/1354
f 1556/203/1331 1547/202/1322 1581/233/1356 1580/232/1355
f 1557/199/1332 1546/198/1321 1587/245/1362 1586/244/1361
f 1555/205/1330 1557/199/1332 1586/244/1361 1585/243/1360
f 1553/209/1328 1555/205/1330 1585/243/1360 1584/242/1359
f 1551/213/1326 1553/209/1328 1584/242/1359 1583/241/1358
f 1549/217/1324 1551/213/1326 1583/241/1358 1582/240/1357
f 1546/221/1321 1549/217/1324 1582/240/1357 1587/239/1362
f 1540/246/1315 1589/252/1364 1588/229/1363 1541/247/1316
f 1541/247/1316 1588/229/1363 1590/230/1365 1542/250/1317
f 1542/250/1317 1590/230/1365 1591/212/1366 1571/251/1346
f 1575/249/1350 1592/220/1367 1589/252/1364 1540/246/1315
f 1593/248/1368 1570/216/1345 1592/220/1367 1575/249/1350
f 1571/251/1346 1591/212/1366 1570/216/1345 1593/248/1368
f 1423/137/1296 1489/145/1308 1479/153/1303 1421/135/1295
f 1361/137/1279 1427/145/1298 1417/153/1293 1359/135/1278
f 1299/137/1221 1365/145/1281 1355/153/1276 1297/135/1219
f 1423/137/1296 1607/137/1382 1489/145/1308
f 1485/137/1306 1612/137/1387 1611/135/1386 1483/135/1305
f 1297/135/1219 1596/135/1371 1595/134/1370 1295/134/1217
f 1425/139/1297 1608/139/1383 1607/137/1382 1423/137/1296
f 1365/145/1281 1597/145/1372 1603/139/1378 1363/139/1280
f 1479/153/1303 1606/153/1381 1421/135/1295
f 1481/134/1304 1610/134/1385 1606/152/1381 1479/152/1303
f 1303/145/1225 1599/145/1374 1598/139/1373 1301/139/1223
f 1421/135/1295 1606/135/1381 1605/134/1380 1419/134/1294
f 1361/137/1279 1602/137/1377 1427/145/1298
f 1417/153/1293 1601/153/1376 1359/135/1278
f 1487/139/1307 1613/139/1388 1612/137/1387 1485/137/1306
f 1427/145/1298 1602/145/1377 1608/139/1383 1425/139/1297
f 1357/134/1277 1600/134/1375 1596/152/1371 1355/152/1276
f 1355/153/1276 1596/153/1371 1297/135/1219
f 1483/135/1305 1611/135/1386 1610/134/1385 1481/134/1304
f 1295/134/1217 1595/134/1370 1594/152/1369 1293/152/1215
f 1293/153/1215 1594/153/1369 1599/145/1374 1303/145/1225
f 1299/137/1221 1597/137/1372 1365/145/1281
f 1363/139/1280 1603/139/1378 1602/137/1377 1361/137/1279
f 1489/145/1308 1607/145/1382 1613/139/1388 1487/139/1307
f 1301/139/1223 1598/139/1373 1597/137/1372 1299/137/1221
f 1419/134/1294 1605/134/1380 1601/152/1376 1417/152/1293
f 1359/135/1278 1601/135/1376 1600/134/1375 1357/134/1277
f 1611/135/1386 1621/135/1396 1620/134/1395 1610/134/1385
f 1612/137/1387 1622/137/1397 1621/135/1396 1611/135/1386
f 1601/135/1376 1614/134/1389 1600/134/1375
f 1613/139/1388 1618/139/1393 1622/137/1397 1612/137/1387
f 1606/152/1381 1620/134/1395 1617/152/1392
f 1603/139/1378 1615/139/1390 1602/137/1377
f 1602/145/1377 1619/139/1394 1608/139/1383
f 1597/145/1372 1615/145/1390 1603/139/1378
f 1605/134/1380 1617/134/1392 1601/152/1376
f 1600/134/1375 1614/134/1389 1596/152/1371
f 1595/134/1370 1609/134/1384 1604/152/1379 1594/152/1369
f 1607/145/1382 1618/145/1393 1613/139/1388
f 1606/135/1381 1617/135/1392 1605/134/1380
f 1596/135/1371 1609/134/1384 1595/134/1370
f 1608/139/1383 1618/137/1393 1607/137/1382
f 1597/137/1372 1616/139/1391 1615/137/1390
f 1610/134/1385 1620/134/1395 1606/152/1381
f 1617/135/1392 1614/134/1389 1601/135/1376
f 1614/135/1389 1609/134/1384 1596/135/1371
f 1619/139/1394 1618/137/1393 1608/139/1383
f 1615/145/1390 1619/139/1394 1602/145/1377
f 1598/139/1373 1616/139/1391 1597/137/1372
f 1616/139/1391 1644/139/1419 1647/137/1422 1615/137/1390
f 1619/139/1394 1646/139/1421 1648/137/1423 1618/137/1393
f 1617/135/1392 1629/135/1404 1625/134/1400 1614/134/1389
f 1620/134/1395 1632/134/1407 1629/152/1404 1617/152/1392
f 1621/135/1396 1633/135/1408 1632/134/1407 1620/134/1395
f 1618/139/1393 1648/139/1423 1645/137/1420 1622/137/1397
f 1614/135/1389 1625/135/1400 1624/134/1399 1609/134/1384
f 1622/137/1397 1645/137/1420 1633/135/1408 1621/135/1396
f 1615/145/1390 1647/145/1422 1646/139/1421 1619/139/1394
f 1609/134/1384 1624/134/1399 1623/152/1398 1604/152/1379
f 1560/195/1335 1636/253/1411 1641/254/1416 1563/194/1338
f 1623/153/1398 1636/253/1411 1638/255/1413
f 1563/194/1338 1641/254/1416 1642/256/1417 1562/193/1337
f 1562/193/1337 1642/256/1417 1643/257/1418 1561/192/1336
f 1576/237/1351 1577/236/1352 1640/258/1415 1635/259/1410
f 1560/195/1335 1581/238/1356 1576/237/1351 1639/260/1414 1638/255/1413
f 1594/152/1369 1604/152/1379 1639/261/1414 1635/259/1410 1599/145/1374
f 1598/139/1373 1640/258/1415 1616/139/1391
f 1578/235/1353 1561/192/1336 1616/139/1391 1577/236/1352
f 1627/139/1402 1644/139/1419 1643/257/1418
f 1636/253/1411 1623/153/1398 1637/262/1412
f 1639/260/1414 1604/153/1379 1638/255/1413
f 1636/253/1411 1560/195/1335 1638/255/1413
f 1639/261/1414 1576/237/1351 1635/259/1410
f 1640/258/1415 1598/139/1373 1599/145/1374 1635/259/1410
f 1640/258/1415 1577/236/1352 1616/139/1391
f 1641/254/1416 1628/145/1403 1627/139/1402 1642/256/1417
f 1636/253/1411 1637/262/1412 1628/145/1403 1641/254/1416
f 1644/139/1419 1616/139/1391 1561/192/1336 1643/257/1418
f 1642/256/1417 1627/139/1402 1643/257/1418
f 1644/139/1419 1627/139/1402 1626/137/1401 1647/137/1422
f 1647/145/1422 1626/145/1401 1631/139/1406 1646/139/1421
f 1648/139/1423 1630/139/1405 1634/137/1409 1645/137/1420
f 1646/139/1421 1631/139/1406 1630/137/1405 1648/137/1423
f 1645/137/1420 1634/137/1409 1633/135/1408
f 1638/255/1413 1604/153/1379 1623/153/1398
f 1632/134/1407 1659/134/1434 1658/152/1433 1629/152/1404
f 1672/1/1447 1686/263/1461 1684/264/1459 1675/1/1450
f 1629/135/1404 1658/135/1433 1657/134/1432 1625/134/1400
f 1633/135/1408 1660/135/1435 1659/134/1434 1632/134/1407
f 1675/1/1450 1684/264/1459 1685/265/1460 1676/1/1451
f 1623/153/1398 1655/153/1430 1661/262/1436 1637/262/1412
f 1637/262/1412 1661/262/1436 1628/145/1403
f 1633/135/1408 1634/137/1409 1660/135/1435
f 1631/139/1406 1665/139/1440 1664/137/1439 1630/137/1405
f 1630/139/1405 1664/139/1439 1666/137/1441 1634/137/1409
f 1660/135/1435 1634/137/1409 1666/137/1441
f 1627/139/1402 1663/139/1438 1662/137/1437 1626/137/1401
f 1626/145/1401 1662/145/1437 1665/139/1440 1631/139/1406
f 1627/139/1402 1628/145/1403 1661/262/1436 1663/139/1438
f 472/1/467 1652/1/1427 1681/1/1456 1670/1/1445
f 470/1/465 471/1/466 1669/1/1444 1668/1/1443
f 481/1/476 483/1/478 1676/1/1451 1674/1/1449
f 1651/1/1426 1650/1/1425 1679/1/1454 1680/1/1455
f 474/1/469 473/1/468 1671/1/1446 1672/1/1447
f 475/1/470 476/1/471 477/1/472 478/1/473 479/1/474 480/1/475 1673/1/1448 1669/1/1444 471/1/466
f 480/1/475 481/1/476 1674/1/1449 1673/1/1448
f 1652/1/1427 1651/1/1426 1680/1/1455 1681/1/1456
f 473/1/468 472/1/467 1670/1/1445 1671/1/1446
f 1649/1/1424 1653/1/1428 1682/1/1457 1678/1/1453
f 1674/1/1449 1687/266/1462 1657/134/1432 1673/103/1448
f 482/1/477 474/1/469 1672/1/1447 1675/1/1450
f 484/1/479 1649/1/1424 1678/1/1453 1677/1/1452
f 1654/1/1429 469/1/464 1667/1/1442 1683/1/1458
f 1650/1/1425 484/1/479 1677/1/1452 1679/1/1454
f 1653/1/1428 1654/1/1429 1683/1/1458 1682/1/1457
f 483/1/478 482/1/477 1675/1/1450 1676/1/1451
f 1658/152/1433 1669/1/1444 1673/103/1448 1657/134/1432
f 469/1/464 470/1/465 1668/1/1443 1667/1/1442
f 1665/139/1440 1678/1/1453 1682/1/1457 1664/137/1439
f 1665/139/1440 1662/145/1437 1677/1/1452 1678/1/1453
f 1663/139/1438 1679/1/1454 1677/1/1452 1662/145/1437
f 1661/262/1436 1680/1/1455 1679/1/1454 1663/139/1438
f 1664/137/1439 1682/1/1457 1683/1/1458 1666/137/1441
f 1666/137/1441 1683/1/1458 1667/1/1442 1660/135/1435
f 1660/135/1435 1667/1/1442 1668/1/1443 1659/134/1434
f 1659/134/1434 1668/1/1443 1669/1/1444 1658/152/1433
f 1680/1/1455 1661/262/1436 1681/1/1456
f 1655/153/1430 1670/1/1445 1681/1/1456 1661/262/1436
f 1676/1/1451 1685/265/1460 1687/266/1462 1674/1/1449
f 1657/134/1432 1687/266/1462 1685/265/1460 1684/264/1459 1686/263/1461 1656/267/1431 1655/153/1430 1623/153/1398 1625/134/1400
f 1671/1/1446 1670/1/1445 1655/153/1430 1656/267/1431
f 1656/267/1431 1686/263/1461 1672/1/1447 1671/1/1446
f 1775/1/1550 1776/152/1551 1784/152/1559 1783/103/1558
f 1865/268/1640 1864/269/1639 1693/1/1468 1692/103/1467
f 1744/270/1519 1742/271/1517 1695/1/1470 1694/103/1469
f 1726/272/1501 1693/1/1468 1698/1/1473 1728/273/1503
f 1864/269/1639 1690/1/1465 1696/1/1471 1866/2/1641
f 1688/103/1463 1689/252/1464 1691/152/1466 1690/1/1465
f 1744/270/1519 1694/103/1469 1701/103/1476 1745/274/1520
f 1745/274/1520 1701/103/1476 1703/103/1478 1746/103/1521
f 1746/103/1521 1703/103/1478 1705/103/1480 1747/103/1522
f 1747/103/1522 1705/103/1480 1707/103/1482 1748/103/1523
f 1748/103/1523 1707/103/1482 1709/103/1484 1749/103/1524
f 1749/103/1524 1709/103/1484 1711/103/1486 1750/103/1525
f 1750/103/1525 1711/103/1486 1713/103/1488 1751/103/1526
f 1717/103/1492 1713/103/1488 1767/103/1542 1769/103/1544
f 1914/2/1689 1714/1/1489 1895/1/1670 1917/90/1692
f 1719/103/1494 1717/103/1492 1769/103/1544 1770/103/1545
f 1754/103/1529 1719/103/1494 1721/103/1496 1755/103/1530
f 1756/275/1531 1723/103/1498 1725/103/1500 1757/276/1532
f 1743/277/1518 1757/276/1532 1725/103/1500 1699/1/1474
f 1698/1/1473 1724/103/1499 1741/278/1516 1728/273/1503
f 1722/103/1497 1740/103/1515 1741/278/1516 1724/103/1499
f 1755/103/1530 1721/103/1496 1723/103/1498 1756/275/1531
f 1718/103/1493 1738/103/1513 1739/103/1514 1720/103/1495
f 1737/103/1512 1753/103/1528 1754/103/1529 1738/103/1513
f 1735/103/1510 1751/103/1526 1753/103/1528 1737/103/1512
f 1918/1/1693 1896/1/1671 1897/1/1672 1919/1/1694
f 1710/103/1485 1734/103/1509 1735/103/1510 1712/103/1487
f 1708/103/1483 1733/103/1508 1734/103/1509 1710/103/1485
f 1706/103/1481 1732/103/1507 1733/103/1508 1708/103/1483
f 1704/103/1479 1731/103/1506 1732/103/1507 1706/103/1481
f 1700/103/1475 1729/103/1504 1730/103/1505 1702/103/1477
f 1692/103/1467 1727/279/1502 1729/103/1504 1700/103/1475
f 1742/271/1517 1726/272/1501 1728/273/1503 1743/277/1518
f 1692/103/1467 1693/1/1468 1726/272/1501 1727/279/1502
f 1695/1/1470 1742/271/1517 1743/277/1518 1699/1/1474
f 1728/273/1503 1741/278/1516 1757/276/1532 1743/277/1518
f 1740/103/1515 1756/275/1531 1757/276/1532 1741/278/1516
f 1720/103/1495 1739/103/1514 1740/103/1515 1722/103/1497
f 1738/103/1513 1754/103/1529 1755/103/1530 1739/103/1514
f 1717/103/1492 1719/103/1494 1754/103/1529 1753/103/1528
f 1713/103/1488 1717/103/1492 1753/103/1528 1751/103/1526
f 1917/90/1692 1895/1/1670 1896/1/1671 1918/1/1693
f 1734/103/1509 1750/103/1525 1751/103/1526 1735/103/1510
f 1733/103/1508 1749/103/1524 1750/103/1525 1734/103/1509
f 1732/103/1507 1748/103/1523 1749/103/1524 1733/103/1508
f 1731/103/1506 1747/103/1522 1748/103/1523 1732/103/1507
f 1730/103/1505 1746/103/1521 1747/103/1522 1731/103/1506
f 1729/103/1504 1745/274/1520 1746/103/1521 1730/103/1505
f 1727/279/1502 1744/270/1519 1745/274/1520 1729/103/1504
f 1727/279/1502 1726/272/1501 1742/271/1517 1744/270/1519
f 1703/103/1478 1701/103/1476 1761/103/1536 1762/103/1537
f 1713/103/1488 1711/103/1486 1766/103/1541 1767/103/1542
f 1721/103/1496 1719/103/1494 1770/103/1545 1771/103/1546
f 1695/1/1470 1699/1/1474 1760/1/1535 1759/1/1534
f 1694/103/1469 1695/1/1470 1759/1/1534 1758/103/1533
f 1709/103/1484 1707/103/1482 1764/103/1539 1765/103/1540
f 1873/1/1648 1874/1/1649 1716/103/1491 1718/103/1493
f 1699/1/1474 1725/103/1500 1773/103/1548 1760/1/1535
f 1705/103/1480 1703/103/1478 1762/103/1537 1763/103/1538
f 1874/1/1649 1876/1/1651 1712/103/1487 1716/103/1491
f 1739/103/1514 1755/103/1530 1756/275/1531 1740/103/1515
f 1701/103/1476 1694/103/1469 1758/103/1533 1761/103/1536
f 1711/103/1486 1709/103/1484 1765/103/1540 1766/103/1541
f 1707/103/1482 1705/103/1480 1763/103/1538 1764/103/1539
f 1910/1/1685 1715/1/1490 1714/1/1489 1914/2/1689
f 1725/103/1500 1723/103/1498 1772/103/1547 1773/103/1548
f 1690/1/1465 1691/152/1466 1697/152/1472 1696/1/1471
f 1777/1/1552 1867/3/1642 1868/1/1643 1779/1/1554
f 1866/2/1641 1867/3/1642 1777/1/1552 1698/1/1473
f 1880/1/1655 1886/1/1661 1785/1/1560 1702/103/1477
f 1783/103/1558 1782/1/1557 1869/90/1644 1868/1/1643
f 1893/1/1668 1778/1/1553 1900/1/1675 1894/1/1669
f 1862/1/1637 1787/1/1562 1863/1/1638 1774/1/1549 1786/1/1561
f 1894/1/1669 1900/1/1675 2160/1/1935 1901/1/1676 1875/1/1650
f 1789/280/1564 1790/152/1565 1792/152/1567 1791/280/1566
f 1793/1/1568 1791/280/1566 1794/280/1569 1796/1/1571
f 1791/280/1566 1792/152/1567 1795/152/1570 1794/280/1569
f 1796/1/1571 1794/280/1569 1797/280/1572 1799/1/1574
f 1794/280/1569 1795/152/1570 1798/152/1573 1797/280/1572
f 1863/1/1638 1788/1/1563 1802/1/1577 1849/1/1624
f 1723/103/1498 1721/103/1496 1771/103/1546 1772/103/1547
f 1857/1/1632 1858/1/1633 1927/1/1702 1800/1/1575 1856/1/1631
f 1802/1/1577 1803/280/1578 1806/280/1581 1805/1/1580
f 1788/1/1563 1797/280/1572 1798/152/1573 1804/152/1579 1803/280/1578 1802/1/1577
f 1805/1/1580 1806/280/1581 1809/280/1584 1808/1/1583
f 1803/280/1578 1804/152/1579 1807/152/1582 1806/280/1581
f 1808/1/1583 1809/280/1584 1812/280/1587 1811/1/1586
f 1806/280/1581 1807/152/1582 1810/152/1585 1809/280/1584
f 1809/280/1584 1810/152/1585 1813/152/1588 1812/280/1587
f 1828/1/1603 1829/1/1604 1837/1/1612 1835/1/1610
f 1811/1/1586 1812/280/1587 1815/280/1590 1814/1/1589
f 1815/280/1590 1816/152/1591 1844/152/1619 1845/280/1620
f 1820/1/1595 1821/280/1596 1824/280/1599 1823/1/1598
f 1818/280/1593 1819/152/1594 1822/152/1597 1821/280/1596
f 1823/1/1598 1824/280/1599 1840/280/1615 1836/1/1611
f 1821/280/1596 1822/152/1597 1825/152/1600 1824/280/1599
f 1820/1/1595 1823/1/1598 1832/1/1607 1831/1/1606
f 1805/1/1580 1808/1/1583 1827/1/1602 1826/1/1601
f 1808/1/1583 1811/1/1586 1828/1/1603 1827/1/1602
f 1811/1/1586 1814/1/1589 1829/1/1604 1828/1/1603
f 1814/1/1589 1846/1/1621 1847/1/1622 1829/1/1604
f 1817/1/1592 1820/1/1595 1831/1/1606 1830/1/1605
f 1826/1/1601 1827/1/1602 1834/1/1609 1833/1/1608
f 1831/1/1606 1832/1/1607 1839/1/1614 1838/1/1613
f 1829/1/1604 1847/1/1622 1837/1/1612
f 1827/1/1602 1828/1/1603 1835/1/1610 1834/1/1609
f 1830/1/1605 1831/1/1606 1838/1/1613 1848/1/1623
f 1815/280/1590 1812/280/1587 1813/152/1588 1816/152/1591
f 1835/1/1610 1838/1/1613 1839/1/1614 1834/1/1609
f 1848/1/1623 1838/1/1613 1835/1/1610 1837/1/1612
f 1797/280/1572 1788/1/1563 1780/1/1555 1801/1/1576 1799/1/1574
f 1814/1/1589 1815/280/1590 1845/280/1620 1846/1/1621
f 1832/1/1607 1823/1/1598 1836/1/1611 1842/1/1617
f 1824/280/1599 1825/152/1600 1841/152/1616 1840/280/1615
f 1839/1/1614 1832/1/1607 1842/1/1617 1843/1/1618
f 1834/1/1609 1839/1/1614 1843/1/1618 1833/1/1608
f 1802/1/1577 1805/1/1580 1826/1/1601 1849/1/1624
f 1849/1/1624 1826/1/1601 1833/1/1608 1850/1/1625
f 1850/1/1625 1833/1/1608 1843/1/1618 1851/1/1626
f 1851/1/1626 1843/1/1618 1842/1/1617 1852/1/1627
f 1852/1/1627 1842/1/1617 1836/1/1611 1853/1/1628
f 1853/1/1628 1836/1/1611 1840/1/1615 1854/1/1629
f 1854/1/1629 1840/1/1615 1841/1/1616 1855/1/1630
f 1817/1/1592 1818/280/1593 1821/280/1596 1820/1/1595
f 1783/1/1558 1784/152/1559 1781/152/1556 1782/1/1557
f 1856/1/1631 1850/1/1625 1851/1/1626 1857/1/1632
f 1857/1/1632 1851/1/1626 1852/1/1627 1858/1/1633
f 1858/1/1633 1852/1/1627 1853/1/1628 1859/1/1634
f 1859/1/1634 1853/1/1628 1854/1/1629 1860/1/1635
f 1849/1/1624 1850/1/1625 1774/1/1549 1863/1/1638
f 1698/1/1473 1777/1/1552 1724/103/1499
f 1781/152/1556 1790/152/1565 1789/280/1564 1782/1/1557
f 1863/1/1638 1787/1/1562 1779/1/1554 1788/1/1563
f 1780/1/1555 1869/90/1644 1870/1/1645 1801/1/1576
f 1696/1/1471 1775/1/1550 1867/3/1642 1866/2/1641
f 1779/1/1554 1868/1/1643 1869/90/1644 1780/1/1555
f 1693/1/1468 1864/269/1639 1866/2/1641 1698/1/1473
f 1688/103/1463 1690/1/1465 1864/269/1639 1865/268/1640
f 1724/103/1499 1862/1/1637 1892/1/1667 1722/103/1497
f 1720/103/1495 1872/1/1647 1873/1/1648 1718/103/1493
f 1883/1/1658 1874/1/1649 1873/1/1648 1882/1/1657
f 1883/1/1658 1884/1/1659 1876/1/1651 1874/1/1649
f 1911/1/1686 1768/1/1543 1715/1/1490 1910/1/1685
f 1712/103/1487 1876/1/1651 1877/1/1652 1710/103/1485
f 1710/103/1485 1877/1/1652 1878/1/1653 1708/103/1483
f 1708/103/1483 1878/1/1653 1879/1/1654 1706/103/1481
f 1706/103/1481 1879/1/1654 1880/1/1655 1704/103/1479
f 1702/103/1477 1881/1/1656 1865/268/1640 1692/103/1467
f 1865/268/1640 1881/1/1656 1889/1/1664 1688/103/1463
f 1689/252/1464 1688/103/1463 1889/1/1664 1891/1/1666
f 1783/103/1558 1868/1/1643 1867/3/1642 1775/1/1550
f 1916/2/1691 1894/1/1669 1875/1/1650 1913/90/1688
f 1913/90/1688 1875/1/1650 1768/1/1543 1911/1/1686
f 1876/1/1651 1884/1/1659 1752/1/1527 1877/1/1652
f 1877/1/1652 1752/1/1527 1736/1/1511 1878/1/1653
f 1878/1/1653 1736/1/1511 1885/1/1660 1879/1/1654
f 1879/1/1654 1885/1/1660 1886/1/1661 1880/1/1655
f 1730/103/1505 1731/103/1506 1704/103/1479
f 1881/1/1656 1887/1/1662 1888/1/1663 1889/1/1664
f 1889/1/1664 1888/1/1663 1890/1/1665 1891/1/1666
f 1702/103/1477 1692/103/1467 1700/103/1475
f 1724/103/1499 1777/1/1552 1779/1/1554 1787/1/1562
f 1872/1/1647 1871/1/1646 1882/1/1657 1873/1/1648
f 1892/1/1667 1862/1/1637 1786/1/1561
f 1786/1/1561 1871/1/1646 1872/1/1647 1892/1/1667
f 1788/1/1563 1779/1/1554 1780/1/1555
f 1696/1/1471 1697/152/1472 1776/152/1551 1775/1/1550
f 1922/3/1697 1800/1/1575 1893/1/1668 1915/1/1690
f 1915/1/1690 1893/1/1668 1894/1/1669 1916/2/1691
f 1716/103/1491 1737/103/1512 1738/103/1513 1718/103/1493
f 1712/103/1487 1735/103/1510 1737/103/1512 1716/103/1491
f 1919/1/1694 1897/1/1672 1898/1/1673 1920/3/1695
f 1920/3/1695 1898/1/1673 1899/1/1674 1921/1/1696
f 1702/103/1477 1785/1/1560 1887/1/1662 1881/1/1656
f 1787/1/1562 1862/1/1637 1724/103/1499
f 1875/1/1650 1901/1/1676 1902/1/1677 1768/1/1543
f 1768/1/1543 1902/1/1677 1903/1/1678 1715/1/1490
f 1715/1/1490 1903/1/1678 1904/1/1679 1714/1/1489
f 1714/1/1489 1904/1/1679 1905/1/1680 1895/1/1670
f 1895/1/1670 1905/1/1680 1906/1/1681 1896/1/1671
f 1896/1/1671 1906/1/1681 1907/1/1682 1897/1/1672
f 1897/1/1672 1907/1/1682 1908/1/1683 1898/1/1673
f 1898/1/1673 1908/1/1683 1909/1/1684 1899/1/1674
f 1888/1/1663 1920/3/1695 1921/1/1696 1890/1/1665
f 1887/1/1662 1919/1/1694 1920/3/1695 1888/1/1663
f 1882/1/1657 1915/1/1690 1916/2/1691 1883/1/1658
f 1871/1/1646 1922/3/1697 1915/1/1690 1882/1/1657
f 1774/1/1549 1850/1/1625 1856/1/1631 1912/1/1687 1786/1/1561
f 1884/1/1659 1913/90/1688 1911/1/1686 1752/1/1527
f 1883/1/1658 1916/2/1691 1913/90/1688 1884/1/1659
f 1752/1/1527 1911/1/1686 1910/1/1685 1736/1/1511
f 1892/1/1667 1872/1/1647 1720/103/1495 1722/103/1497
f 1736/1/1511 1910/1/1685 1914/2/1689 1885/1/1660
f 1886/1/1661 1917/90/1692 1918/1/1693 1785/1/1560
f 1785/1/1560 1918/1/1693 1919/1/1694 1887/1/1662
f 1885/1/1660 1914/2/1689 1917/90/1692 1886/1/1661
f 1786/1/1561 1912/1/1687 1922/3/1697 1871/1/1646
f 1922/3/1697 1912/1/1687 1856/1/1631 1800/1/1575
f 1800/1/1575 1927/1/1702 1778/1/1553 1893/1/1668
f 1860/1/1635 1926/1/1701 1923/1/1698 1859/1/1634
f 1927/1/1702 1858/1/1633 1859/1/1634 1923/1/1698
f 1925/1/1700 1860/1/1635 1854/1/1629 1855/1/1630
f 1778/1/1553 1927/1/1702 1923/1/1698
f 1923/1/1698 1926/1/1701 1930/1/1705 1929/1/1704
f 1778/1/1553 1923/1/1698 1929/1/1704 1924/1/1699
f 1900/1/1675 1778/1/1553 1924/1/1699 1928/1/1703
f 1926/1/1701 1861/1/1636 1934/1/1709 1930/1/1705
f 1926/1/1701 1860/1/1635 1925/1/1700 1861/1/1636
f 1929/1/1704 1930/1/1705 1933/1/1708 1932/1/1707
f 1930/1/1705 1934/1/1709 1931/1/1706 1933/1/1708
f 1933/1/1708 1931/1/1706 1935/1/1710 1936/1/1711
f 1932/1/1707 1933/1/1708 1936/1/1711 3/1/3
f 1936/1/1711 1935/1/1710 1938/1/1713 1939/1/1714
f 1939/1/1714 1938/1/1713 4/1/4 5/1/5
f 1900/1/1675 1928/1/1703 1941/1/1716 1937/1/1712
f 1939/1/1714 5/1/5 3/1/3 1936/1/1711
f 1901/1/1676 2160/1/1935 1942/1/1717 1940/1/1715
f 1901/1/1676 1940/1/1715 1944/1/1719 1943/1/1718
f 1943/1/1718 1944/1/1719 1953/1/1728 2161/1/1936
f 1945/1/1720 1946/1/1721 1948/1/1723 1947/1/1722
f 1947/1/1722 1948/1/1723 1950/1/1725 1949/1/1724
f 1949/1/1724 1950/1/1725 1952/1/1727 1951/1/1726
f 1951/1/1726 1952/1/1727 6/1/6 7/1/7
f 1903/1/1678 1902/1/1677 1954/1/1729 1955/1/1730
f 1908/1/1683 1907/1/1682 1959/1/1734 1960/1/1735
f 1902/1/1677 1901/1/1676 1943/1/1718 1954/1/1729
f 1907/1/1682 1906/1/1681 1958/1/1733 1959/1/1734
f 1909/1/1684 1908/1/1683 1960/1/1735 1961/1/1736
f 1906/1/1681 1905/1/1680 1957/1/1732 1958/1/1733
f 1905/1/1680 1904/1/1679 1956/1/1731 1957/1/1732
f 1904/1/1679 1903/1/1678 1955/1/1730 1956/1/1731
f 1957/1/1732 1956/1/1731 2164/1/1939 2166/1/1941
f 1955/1/1730 1954/1/1729 2169/1/1944 2163/1/1938
f 1954/1/1729 1943/1/1718 2161/1/1936 2169/1/1944
f 1960/1/1735 1959/1/1734 2168/1/1943 2162/1/1937
f 1958/1/1733 1957/1/1732 2166/1/1941 2165/1/1940
f 1956/1/1731 1955/1/1730 2163/1/1938 2164/1/1939
f 1961/1/1736 1960/1/1735 2162/1/1937 2167/1/1942
f 1959/1/1734 1958/1/1733 2165/1/1940 2168/1/1943
f 1962/1/1737 1945/1/1720 1947/1/1722 1970/1/1745
f 1969/1/1744 1968/1/1743 1976/1/1751 1977/1/1752
f 1967/1/1742 1966/1/1741 1974/1/1749 1975/1/1750
f 1965/1/1740 1964/1/1739 1972/1/1747 1973/1/1748
f 1968/1/1743 1967/1/1742 1975/1/1750 1976/1/1751
f 1963/1/1738 1962/1/1737 1970/1/1745 1971/1/1746
f 1966/1/1741 1965/1/1740 1973/1/1748 1974/1/1749
f 1964/1/1739 1963/1/1738 1971/1/1746 1972/1/1747
f 1974/1/1749 1973/1/1748 1981/1/1756 1982/1/1757
f 1970/1/1745 1947/1/1722 1949/1/1724 1978/1/1753
f 1977/1/1752 1976/1/1751 1984/1/1759 1985/1/1760
f 1975/1/1750 1974/1/1749 1982/1/1757 1983/1/1758
f 1972/1/1747 1971/1/1746 1979/1/1754 1980/1/1755
f 1973/1/1748 1972/1/1747 1980/1/1755 1981/1/1756
f 1971/1/1746 1970/1/1745 1978/1/1753 1979/1/1754
f 1976/1/1751 1975/1/1750 1983/1/1758 1984/1/1759
f 1983/1/1758 1982/1/1757 1990/1/1765 1991/1/1766
f 1979/1/1754 1978/1/1753 1986/1/1761 1987/1/1762
f 1981/1/1756 1980/1/1755 1988/1/1763 1989/1/1764
f 1978/1/1753 1949/1/1724 1951/1/1726 1986/1/1761
f 1984/1/1759 1983/1/1758 1991/1/1766 1992/1/1767
f 1980/1/1755 1979/1/1754 1987/1/1762 1988/1/1763
f 1982/1/1757 1981/1/1756 1989/1/1764 1990/1/1765
f 1985/1/1760 1984/1/1759 1992/1/1767 1993/1/1768
f 1986/1/1761 1951/1/1726 7/1/7 8/1/8
f 1993/1/1768 1992/1/1767 13/1/13
f 1991/1/1766 1990/1/1765 12/1/12
f 1987/1/1762 1986/1/1761 8/1/8 9/1/9
f 1989/1/1764 1988/1/1763 10/1/10 11/1/11
f 1992/1/1767 1991/1/1766 12/1/12 13/1/13
f 1990/1/1765 1989/1/1764 11/1/11 12/1/12
f 1988/1/1763 1987/1/1762 9/1/9 10/1/10
f 1985/1/1760 1993/1/1768 1977/1/1752
f 1994/103/1769 1995/252/1770 1997/152/1772 1996/1/1771
f 1995/252/1770 1994/103/1769 1998/103/1773 1999/252/1774
f 1999/252/1774 1998/103/1773 2000/103/1775 2001/252/1776
f 2001/252/1776 2000/103/1775 2002/103/1777 2003/252/1778
f 2003/252/1778 2002/103/1777 2060/103/1835 2061/252/1836
f 2005/252/1780 2004/103/1779 2006/103/1781 2007/252/1782
f 2007/252/1782 2006/103/1781 2008/103/1783 2009/252/1784
f 2009/252/1784 2008/103/1783 2010/103/1785 2011/252/1786
f 2011/252/1786 2010/103/1785 2012/103/1787 2013/252/1788
f 2013/252/1788 2012/103/1787 2014/103/1789 2015/252/1790
f 2015/252/1790 2014/103/1789 2016/103/1791 2017/252/1792
f 2017/252/1792 2016/103/1791 2018/103/1793 2019/252/1794
f 2019/252/1794 2018/103/1793 2020/103/1795 2021/252/1796
f 2021/252/1796 2020/103/1795 2022/103/1797 2023/252/1798
f 2023/252/1798 2022/103/1797 2024/103/1799 2025/252/1800
f 2025/252/1800 2024/103/1799 2026/103/1801 2027/252/1802
f 2029/252/1804 2028/103/1803 2030/103/1805 2031/252/1806
f 2030/103/1805 2028/103/1803 2032/103/1807 2033/103/1808
f 2033/103/1808 2032/103/1807 2034/103/1809 2035/103/1810
f 2035/103/1810 2034/103/1809 2036/103/1811 2037/103/1812
f 2037/103/1812 2036/103/1811 2038/103/1813 2039/103/1814
f 2039/103/1814 2038/103/1813 2040/103/1815 2041/103/1816
f 2041/103/1816 2040/103/1815 2042/103/1817 2043/103/1818
f 2043/103/1818 2042/103/1817 2044/103/1819 2045/103/1820
f 2045/103/1820 2044/103/1819 2046/103/1821 2047/103/1822
f 2047/103/1822 2046/103/1821 2048/103/1823 2049/103/1824
f 2049/103/1824 2048/103/1823 2050/103/1825 2051/103/1826
f 2051/103/1826 2050/103/1825 2052/103/1827 2053/103/1828
f 2053/103/1828 2052/103/1827 2054/103/1829 2055/103/1830
f 2034/103/1809 2032/103/1807 2056/103/1831 2057/103/1832
f 2057/103/1832 2056/103/1831 2058/103/1833 2059/103/1834
f 2001/252/1776 2003/252/1778 2055/103/1830 2054/103/1829
f 2061/252/1836 2060/103/1835 2004/103/1779 2005/252/1780
f 2024/103/1799 2047/103/1822 2049/103/1824 2026/103/1801
f 2022/103/1797 2045/103/1820 2047/103/1822 2024/103/1799
f 2020/103/1795 2043/103/1818 2045/103/1820 2022/103/1797
f 2018/103/1793 2041/103/1816 2043/103/1818 2020/103/1795
f 2038/103/1813 2036/103/1811 2087/103/1862 2089/103/1864
f 2056/103/1831 2032/103/1807 2083/103/1858 2100/103/1875
f 2010/103/1785 2008/103/1783 2073/103/1848 2074/103/1849
f 2031/252/1806 2030/103/1805 2081/103/1856 2082/252/1857
f 2041/103/1816 2018/103/1793 2078/103/1853 2092/103/1867
f 2037/103/1812 2039/103/1814 2090/103/1865 2088/103/1863
f 2034/103/1809 2057/103/1832 2101/103/1876 2085/103/1860
f 2048/103/1823 2046/103/1821 2095/103/1870 2096/103/1871
f 2002/103/1777 2000/103/1775 2068/103/1843 2070/103/1845
f 2059/103/1834 2058/103/1833 2102/103/1877 2103/103/1878
f 2029/252/1804 2031/252/1806 2082/252/1857 2080/252/1855
f 2040/103/1815 2038/103/1813 2089/103/1864 2091/103/1866
f 2058/103/1833 2056/103/1831 2100/103/1875 2102/103/1877
f 2012/103/1787 2010/103/1785 2074/103/1849 2075/103/1850
f 2039/103/1814 2041/103/1816 2092/103/1867 2090/103/1865
f 1994/103/1769 1996/1/1771 2064/1/1839 2062/103/1837
f 2057/103/1832 2059/103/1834 2103/103/1878 2101/103/1876
f 2032/103/1807 2028/103/1803 2079/103/1854 2083/103/1858
f 2050/103/1825 2048/103/1823 2096/103/1871 2097/103/1872
f 2004/103/1779 2060/103/1835 2104/103/1879 2071/103/1846
f 2060/103/1835 2002/103/1777 2070/103/1845 2104/103/1879
f 2030/103/1805 2033/103/1808 2084/103/1859 2081/103/1856
f 2042/103/1817 2040/103/1815 2091/103/1866 2093/103/1868
f 1997/152/1772 1995/252/1770 2063/252/1838 2065/152/1840
f 2014/103/1789 2012/103/1787 2075/103/1850 2076/103/1851
f 1996/1/1771 1997/152/1772 2065/152/1840 2064/1/1839
f 2052/103/1827 2050/103/1825 2111/103/1886 2112/103/1887
f 2006/103/1781 2004/103/1779 2071/103/1846 2072/103/1847
f 2033/103/1808 2035/103/1810 2086/103/1861 2084/103/1859
f 2042/103/1817 2093/103/1868 2120/103/1895 2117/103/1892
f 1998/103/1773 1994/103/1769 2062/103/1837 2066/103/1841
f 2001/252/1776 2054/103/1829 2099/103/1874 2069/252/1844
f 2016/103/1791 2014/103/1789 2076/103/1851 2077/103/1852
f 1995/252/1770 1999/252/1774 2067/252/1842 2063/252/1838
f 2036/103/1811 2034/103/1809 2085/103/1860 2087/103/1862
f 2050/103/1825 2097/103/1872 2114/103/1889 2111/103/1886
f 2008/103/1783 2006/103/1781 2072/103/1847 2073/103/1848
f 2035/103/1810 2037/103/1812 2088/103/1863 2086/103/1861
f 2044/103/1819 2042/103/1817 2117/103/1892 2118/103/1893
f 2000/103/1775 1998/103/1773 2066/103/1841 2068/103/1843
f 2018/103/1793 2016/103/1791 2077/103/1852 2078/103/1853
f 2028/103/1803 2029/252/1804 2080/252/1855 2079/103/1854
f 1999/252/1774 2001/252/1776 2069/252/1844 2067/252/1842
f 2072/103/1847 2071/103/1846 2080/252/1855 2082/252/1857
f 2072/103/1847 2082/252/1857 2081/103/1856 2073/103/1848
f 2073/103/1848 2081/103/1856 2084/103/1859 2074/103/1849
f 2074/103/1849 2084/103/1859 2086/103/1861 2075/103/1850
f 2075/103/1850 2086/103/1861 2088/103/1863 2076/103/1851
f 2064/1/1839 2087/103/1862 2085/103/1860 2062/103/1837
f 2062/103/1837 2085/103/1860 2101/103/1876 2066/103/1841
f 2066/103/1841 2101/103/1876 2103/103/1878 2068/103/1843
f 2068/103/1843 2103/103/1878 2102/103/1877 2070/103/1845
f 2104/103/1879 2070/103/1845 2102/103/1877 2105/281/1880
f 2080/252/1855 2105/281/1880 2106/103/1881 2079/103/1854
f 2079/103/1854 2106/103/1881 2100/103/1875 2083/103/1858
f 2106/103/1881 2105/281/1880 2102/103/1877 2100/103/1875
f 2105/281/1880 2080/252/1855 2071/103/1846 2104/103/1879
f 2063/252/1838 2067/252/1842 2098/103/1873 2108/103/1883
f 2065/152/1840 2089/103/1864 2087/103/1862 2064/1/1839
f 2098/103/1873 2067/252/1842 2069/252/1844 2099/103/1874
f 2091/103/1866 2110/103/1885 2109/103/1884 2093/103/1868
f 2112/103/1887 2111/103/1886 2114/103/1889 2115/103/1890
f 2093/103/1868 2109/103/1884 2094/103/1869
f 2108/103/1883 2110/103/1885 2065/152/1840 2063/252/1838
f 2095/103/1870 2107/103/1882 2097/103/1872 2096/103/1871
f 2107/103/1882 2108/103/1883 2098/103/1873 2097/103/1872
f 2065/152/1840 2110/103/1885 2091/103/1866 2089/103/1864
f 2094/103/1869 2109/103/1884 2107/103/1882 2095/103/1870
f 2109/103/1884 2110/103/1885 2108/103/1883 2107/103/1882
f 2113/103/1888 2112/103/1887 2115/103/1890 2116/103/1891
f 2098/103/1873 2099/103/1874 2116/103/1891 2115/103/1890
f 2099/103/1874 2054/103/1829 2113/103/1888 2116/103/1891
f 2054/103/1829 2052/103/1827 2112/103/1887 2113/103/1888
f 2097/103/1872 2098/103/1873 2115/103/1890 2114/103/1889
f 2118/103/1893 2117/103/1892 2120/103/1895 2121/103/1896
f 2119/103/1894 2118/103/1893 2121/103/1896 2122/103/1897
f 2093/103/1868 2094/103/1869 2121/103/1896 2120/103/1895
f 2095/103/1870 2046/103/1821 2119/103/1894 2122/103/1897
f 2046/103/1821 2044/103/1819 2118/103/1893 2119/103/1894
f 2094/103/1869 2095/103/1870 2122/103/1897 2121/103/1896
f 2076/103/1851 2088/103/1863 2090/103/1865 2077/103/1852
f 2077/103/1852 2090/103/1865 2092/103/1867 2078/103/1853
f 2005/252/1780 2007/252/1782 2125/252/1900 2124/252/1899
f 2015/252/1790 2017/252/1792 2128/252/1903 2133/252/1908
f 2051/103/1826 2053/103/1828 2141/103/1916 2140/103/1915
f 2025/252/1800 2027/252/1802 2138/252/1913 2137/252/1912
f 2026/103/1801 2049/103/1824 2139/103/1914 2129/103/1904
f 2011/252/1786 2013/252/1788 2127/252/1902 2132/252/1907
f 2021/252/1796 2023/252/1798 2136/252/1911 2135/252/1910
f 2007/252/1782 2009/252/1784 2126/252/1901 2125/252/1900
f 2017/252/1792 2019/252/1794 2134/252/1909 2128/252/1903
f 2053/103/1828 2055/103/1830 2130/103/1905 2141/103/1916
f 2061/252/1836 2005/252/1780 2124/252/1899 2131/252/1906
f 2003/252/1778 2061/252/1836 2131/252/1906 2123/252/1898
f 2013/252/1788 2015/252/1790 2133/252/1908 2127/252/1902
f 2049/103/1824 2051/103/1826 2140/103/1915 2139/103/1914
f 2023/252/1798 2025/252/1800 2137/252/1912 2136/252/1911
f 2027/252/1802 2026/103/1801 2129/103/1904 2138/252/1913
f 2055/103/1830 2003/252/1778 2123/252/1898 2130/103/1905
f 2009/252/1784 2011/252/1786 2132/252/1907 2126/252/1901
f 2019/252/1794 2021/252/1796 2135/252/1910 2134/252/1909
f 2152/252/1927 2153/252/1928 2155/252/1930 2154/103/1929 2156/103/1931 2157/103/1932 2158/103/1933 2151/1/1926
f 2128/252/1903 2134/252/1909 2150/252/1925 2149/252/1924
f 2123/252/1898 2131/252/1906 2159/252/1934 2142/252/1917
f 2134/252/1909 2135/252/1910 2151/252/1926 2150/252/1925
f 2124/252/1899 2125/252/1900 2144/252/1919 2143/252/1918
f 2131/252/1906 2124/252/1899 2143/252/1918 2159/252/1934
f 2135/252/1910 2136/252/1911 2152/252/1927 2151/252/1926
f 2125/252/1900 2126/252/1901 2145/252/1920 2144/252/1919
f 2130/103/1905 2123/252/1898 2142/252/1917 2158/103/1933
f 2136/252/1911 2137/252/1912 2153/252/1928 2152/252/1927
f 2126/252/1901 2132/252/1907 2146/252/1921 2145/252/1920
f 2129/103/1904 2139/103/1914 2156/103/1931 2154/103/1929
f 2138/252/1913 2129/103/1904 2154/103/1929 2155/252/1930
f 2132/252/1907 2127/252/1902 2147/252/1922 2146/252/1921
f 2137/252/1912 2138/252/1913 2155/252/1930 2153/252/1928
f 2127/252/1902 2133/252/1908 2148/252/1923 2147/252/1922
f 2139/103/1914 2140/103/1915 2157/103/1932 2156/103/1931
f 2133/252/1908 2128/252/1903 2149/252/1924 2148/252/1923
f 1942/1/1717 2160/1/1935 1900/1/1675 1937/1/1712
f 1944/1/1719 1940/1/1715 2159/1/1934 2143/1/1918
f 1937/1/1712 1941/1/1716 2151/1/1926 2158/1/1933
f 1953/1/1728 1944/1/1719 2143/1/1918 2144/1/1919
f 2/1/2 6/1/6 2149/1/1924 2150/1/1925
f 1940/1/1715 1942/1/1717 2142/1/1917 2159/1/1934
f 6/1/6 1952/1/1727 2148/1/1923 2149/1/1924
f 1942/1/1717 1937/1/1712 2158/1/1933 2142/1/1917
f 1952/1/1727 1950/1/1725 2147/1/1922 2148/1/1923
f 1950/1/1725 1948/1/1723 2146/1/1921 2147/1/1922
f 1948/1/1723 1946/1/1721 2145/1/1920 2146/1/1921
f 1946/1/1721 1953/1/1728 2144/1/1919 2145/1/1920
f 1941/1/1716 2/1/2 2150/1/1925 2151/1/1926
f 2161/1/1936 1953/1/1728 1946/1/1721 1945/1/1720
f 2158/103/1933 2157/103/1932 2140/103/1915 2141/103/1916 2130/103/1905
f 2168/1/1943 2165/1/1940 1966/1/1741 1967/1/1742
f 2162/1/1937 2168/1/1943 1967/1/1742 1968/1/1743
f 2165/1/1940 2166/1/1941 1965/1/1740 1966/1/1741
f 2166/1/1941 2164/1/1939 1964/1/1739 1965/1/1740
f 2164/1/1939 2163/1/1938 1963/1/1738 1964/1/1739
f 2163/1/1938 2169/1/1944 1962/1/1737 1963/1/1738
f 2167/1/1942 2162/1/1937 1968/1/1743 1969/1/1744
f 2169/1/1944 2161/1/1936 1945/1/1720 1962/1/1737
f 1782/1/1557 1789/280/1564 1791/280/1566 1793/1/1568 1870/1/1645 1869/90/1644
f 1704/103/1479 1880/1/1655 1702/103/1477 1730/103/1505
f 1/1/1 2/1/2 1941/1/1716 1928/1/1703
f 1/1/1 1928/1/1703 1924/1/1699 3/1/3
f 1929/1/1704 1932/1/1707 3/1/3 1924/1/1699
f 2178/1/1953 2189/1/1964 2188/1/1963 2177/1/1952
f 2171/1/1946 2182/1/1957 2181/1/1956 2170/1/1945
f 2176/1/1951 2187/1/1962 2186/1/1961 2175/1/1950
f 2179/1/1954 2190/1/1965 2189/1/1964 2178/1/1953
f 2172/1/1947 2183/1/1958 2184/1/1959 2173/1/1948
f 2175/1/1950 2186/1/1961 2185/1/1960 2174/1/1949
f 2174/1/1949 2185/1/1960 2182/1/1957 2171/1/1946
f 2170/1/1945 2181/1/1956 2183/1/1958 2172/1/1947
f 2180/1/1955 2191/1/1966 2190/1/1965 2179/1/1954
f 2177/1/1952 2188/1/1963 2187/1/1962 2176/1/1951
f 13/1/13 26/1/26 2191/1/1966 2180/1/1955
f 2173/1/1948 2184/1/1959 17/1/17 4/1/4
f 63/1/63 65/1/65 2224/1/1999 2223/1/1998
f 17/1/17 2184/1/1959 2205/1/1980 41/1/41
f 2216/1/1991 2198/1/1973 34/1/34 54/1/54
f 2191/1/1966 2212/2/1987 2211/2/1986 2190/1/1965
f 2221/1/1996 2194/1/1969 2192/1/1967 2220/1/1995
f 2212/2/1987 2191/1/1966 26/1/26 50/1/50
f 2182/1/1957 2203/1/1978 2202/1/1977 2181/1/1956
f 2210/3/1985 2209/1/1984 2188/1/1963 2189/1/1964
f 2207/1/1982 2206/1/1981 2185/1/1960 2186/1/1961
f 2206/1/1981 2203/1/1978 2182/1/1957 2185/1/1960
f 2217/1/1992 2197/1/1972 2200/1/1975 2214/1/1989
f 2208/1/1983 2207/1/1982 2186/1/1961 2187/1/1962
f 2215/1/1990 2199/1/1974 2198/1/1973 2216/1/1991
f 2214/1/1989 2200/1/1975 2201/1/1976 2213/1/1988
f 2222/1/1997 2193/1/1968 2194/1/1969 2221/1/1996
f 2223/1/1998 2224/1/1999 2193/1/1968 2222/1/1997
f 2219/1/1994 2195/1/1970 2196/1/1971 2218/1/1993
f 2184/1/1959 2183/1/1958 2204/1/1979 2205/1/1980
f 2211/2/1986 2210/3/1985 2189/1/1964 2190/1/1965
f 2220/1/1995 2192/1/1967 2195/1/1970 2219/1/1994
f 2213/1/1988 2201/1/1976 2199/1/1974 2215/1/1990
f 2209/1/1984 2208/1/1983 2187/1/1962 2188/1/1963
f 2209/1/1984 2220/1/1995 2219/1/1994 2208/1/1983
f 2204/1/1979 2215/1/1990 2216/1/1991 2205/1/1980
f 50/1/50 63/1/63 2223/1/1998 2212/2/1987
f 2203/1/1978 2214/1/1989 2213/1/1988 2202/1/1977
f 2210/3/1985 2221/1/1996 2220/1/1995 2209/1/1984
f 2208/1/1983 2219/1/1994 2218/1/1993 2207/1/1982
f 2206/1/1981 2217/1/1992 2214/1/1989 2203/1/1978
f 2202/1/1977 2213/1/1988 2215/1/1990 2204/1/1979
f 2211/2/1986 2222/1/1997 2221/1/1996 2210/3/1985
f 2207/1/1982 2218/1/1993 2217/1/1992 2206/1/1981
f 2205/1/1980 2216/1/1991 54/1/54 41/1/41
f 2212/2/1987 2223/1/1998 2222/1/1997 2211/2/1986
f 2183/1/1958 2181/1/1956 2202/1/1977 2204/1/1979
f 2218/1/1993 2196/1/1971 2197/1/1972 2217/1/1992
f 2198/1/1973 2225/1/2000 67/1/67 34/1/34
f 2199/1/1974 2226/1/2001 2225/1/2000 2198/1/1973
f 2199/1/1974 2227/1/2002 2228/1/2003 2226/1/2001
f 2227/1/2002 2229/1/2004 2230/1/2005 2228/1/2003
f 2229/1/2004 2231/1/2006 2247/1/2022 2245/1/2020
f 2231/1/2006 2232/1/2007 2248/1/2023 2247/1/2022
f 2232/1/2007 2233/1/2008 2249/1/2024 2248/1/2023
f 2233/1/2008 2234/1/2009 2250/1/2025 2249/1/2024
f 2234/1/2009 2235/1/2010 2251/1/2026 2250/1/2025
f 2235/1/2010 2236/1/2011 2252/1/2027 2251/1/2026
f 2236/1/2011 2237/1/2012 2253/1/2028 2252/1/2027
f 2246/1/2021 2258/1/2033 2257/1/2032 2230/1/2005
f 2199/1/1974 2201/1/1976 2241/1/2016 2227/1/2002
f 2201/1/1976 2200/1/1975 2243/1/2018 2241/1/2016
f 2200/1/1975 2197/1/1972 2238/1/2013 2243/1/2018
f 2197/1/1972 2196/1/1971 2240/1/2015 2238/1/2013
f 2196/1/1971 2195/1/1970 2242/1/2017 2240/1/2015
f 2195/1/1970 2192/1/1967 2244/1/2019 2242/1/2017
f 2192/1/1967 2194/1/1969 2239/1/2014 2244/1/2019
f 2238/1/2013 2233/1/2008 2232/1/2007 2243/1/2018
f 2240/1/2015 2234/1/2009 2233/1/2008 2238/1/2013
f 2242/1/2017 2235/1/2010 2234/1/2009 2240/1/2015
f 2241/1/2016 2231/1/2006 2229/1/2004 2227/1/2002
f 2244/1/2019 2236/1/2011 2235/1/2010 2242/1/2017
f 2243/1/2018 2232/1/2007 2231/1/2006 2241/1/2016
f 2239/1/2014 2237/1/2012 2236/1/2011 2244/1/2019
f 2226/1/2001 2255/1/2030 2254/1/2029 2225/1/2000
f 2230/1/2005 2257/1/2032 2256/1/2031 2228/1/2003
f 2258/1/2033 2263/1/2038 2262/1/2037 2257/1/2032
f 2225/1/2000 2254/1/2029 97/1/97 67/1/67
f 2228/1/2003 2256/1/2031 2255/1/2030 2226/1/2001
f 2262/1/2037 2263/1/2038 2268/1/2042 2267/1/2041
f 2256/1/2031 2261/1/2036 2260/1/2035 2255/1/2030
f 2255/1/2030 2260/1/2035 2259/1/2034 2254/1/2029
f 2257/1/2032 2262/1/2037 2261/1/2036 2256/1/2031
f 2254/1/2029 2259/1/2034 103/1/103 97/1/97
f 2261/1/2036 2266/1/2040 2265/1/2039 2260/1/2035
f 2260/1/2035 2265/1/2039 2264/1/108 2259/1/2034
f 2267/1/2041 2278/5/2052 2274/4/2048 2266/1/2040
f 2262/1/2037 2267/1/2041 2266/1/2040 2261/1/2036
f 2259/1/2034 2264/1/108 109/1/109 103/1/103
f 2270/6/2044 2274/4/2048 2273/8/2047 2269/7/2043
f 2332/9/2106 2272/12/2046 2271/11/2045 2331/10/2105
f 2269/7/2043 2273/8/2047 2272/12/2046 2332/9/2106
f 2331/10/2105 2271/11/2045 2303/13/2077
f 2273/8/2047 2277/15/2051 2276/14/2050 2272/12/2046
f 2271/11/2045 2275/17/2049 2303/16/2077
f 2274/4/2048 2278/5/2052 2277/15/2051 2273/8/2047
f 2272/12/2046 2276/14/2050 2275/17/2049 2271/11/2045
f 2277/15/2051 2281/19/2055 2280/18/2054 2276/14/2050
f 2275/17/2049 2279/21/2053 2303/20/2077
f 2278/5/2052 2282/22/2056 2281/19/2055 2277/15/2051
f 2276/14/2050 2280/18/2054 2279/21/2053 2275/17/2049
f 2282/22/2056 2286/24/2060 2285/23/2059 2281/19/2055
f 2280/18/2054 2284/26/2058 2283/25/2057 2279/21/2053
f 2281/19/2055 2285/23/2059 2284/26/2058 2280/18/2054
f 2279/21/2053 2283/25/2057 2303/27/2077
f 2284/26/2058 2288/29/2062 2287/28/2061 2283/25/2057
f 2285/23/2059 2289/30/2063 2288/29/2062 2284/26/2058
f 2283/25/2057 2287/28/2061 2303/31/2077
f 2286/24/2060 2290/32/2064 2289/30/2063 2285/23/2059
f 2289/30/2063 2293/34/2067 2292/33/2066 2288/29/2062
f 2287/28/2061 2291/36/2065 2303/35/2077
f 2290/32/2064 2294/37/2068 2293/34/2067 2289/30/2063
f 2288/29/2062 2292/33/2066 2291/36/2065 2287/28/2061
f 2291/36/2065 2295/39/2069 2303/38/2077
f 2294/37/2068 2298/41/2072 2297/40/2071 2293/34/2067
f 2292/33/2066 2296/42/2070 2295/39/2069 2291/36/2065
f 2293/34/2067 2297/40/2071 2296/42/2070 2292/33/2066
f 2298/41/2072 2302/44/2076 2301/43/2075 2297/40/2071
f 2296/42/2070 2300/46/2074 2299/45/2073 2295/39/2069
f 2297/40/2071 2301/43/2075 2300/46/2074 2296/42/2070
f 2295/39/2069 2299/45/2073 2303/47/2077
f 2301/43/2075 2306/49/2080 2305/48/2079 2300/46/2074
f 2299/45/2073 2304/51/2078 2303/50/2077
f 2302/44/2076 2307/52/2081 2306/49/2080 2301/43/2075
f 2300/46/2074 2305/48/2079 2304/51/2078 2299/45/2073
f 2306/49/2080 2310/54/2084 2309/53/2083 2305/48/2079
f 2304/51/2078 2308/56/2082 2303/55/2077
f 2307/52/2081 2311/57/2085 2310/54/2084 2306/49/2080
f 2305/48/2079 2309/53/2083 2308/56/2082 2304/51/2078
f 2311/57/2085 2315/59/2089 2314/58/2088 2310/54/2084
f 2309/53/2083 2313/61/2087 2312/60/2086 2308/56/2082
f 2310/54/2084 2314/58/2088 2313/61/2087 2309/53/2083
f 2308/56/2082 2312/60/2086 2303/62/2077
f 2315/59/2089 164/64/164 2318/63/2092 2314/58/2088
f 2313/61/2087 2317/66/2091 2316/65/2090 2312/60/2086
f 2314/58/2088 2318/63/2092 2317/66/2091 2313/61/2087
f 2312/60/2086 2316/65/2090 2303/67/2077
f 2318/68/2092 2321/71/2095 2320/70/2094 2317/69/2091
f 2316/72/2090 2319/74/2093 2303/73/2077
f 164/75/164 2322/76/2096 2321/71/2095 2318/68/2092
f 2317/69/2091 2320/70/2094 2319/74/2093 2316/72/2090
f 2321/71/2095 2325/78/2099 2324/77/2098 2320/70/2094
f 2319/74/2093 2323/80/2097 2303/79/2077
f 2322/76/2096 2326/81/2100 2325/78/2099 2321/71/2095
f 2320/70/2094 2324/77/2098 2323/80/2097 2319/74/2093
f 2326/81/2100 2330/83/2104 2329/82/2103 2325/78/2099
f 2324/77/2098 2328/85/2102 2327/84/2101 2323/80/2097
f 2325/78/2099 2329/82/2103 2328/85/2102 2324/77/2098
f 2323/80/2097 2327/84/2101 2303/86/2077
f 2328/85/2102 2332/9/2106 2331/10/2105 2327/84/2101
f 2329/82/2103 2269/7/2043 2332/9/2106 2328/85/2102
f 2327/84/2101 2331/10/2105 2303/87/2077
f 2330/83/2104 2270/6/2044 2269/7/2043 2329/82/2103
f 2315/59/2089 180/59/180 181/64/181 164/64/164
f 164/75/164 181/75/181 182/76/182 2322/76/2096
f 2326/81/2100 183/81/183 184/83/184 2330/83/2104
f 2322/76/2096 182/76/182 183/81/183 2326/81/2100
f 2311/57/2085 179/57/179 180/59/180 2315/59/2089
f 109/1/109 2264/1/108 2330/83/2104 184/83/184
f 2265/1/2039 2270/6/2044 2330/83/2104 2264/1/108
f 2265/1/2039 2266/1/2040 2274/4/2048 2270/6/2044
f 2230/1/2005 2229/1/2004 2245/1/2020 2246/1/2021
f 2237/1/2012 2336/1/2110 2338/1/2112 2253/1/2028
f 2224/1/1999 2335/1/2109 2333/1/2107 2193/1/1968
f 2194/1/1969 2334/1/2108 2337/1/2111 2239/1/2014
f 2239/1/2014 2337/1/2111 2336/1/2110 2237/1/2012
f 2193/1/1968 2333/1/2107 2334/1/2108 2194/1/1969
f 65/1/65 188/1/188 2335/1/2109 2224/1/1999
f 2335/1/2109 2341/1/2115 2339/1/2113 2333/1/2107
f 2334/1/2108 2340/1/2114 2343/1/2117 2337/1/2111
f 2333/1/2107 2339/1/2113 2340/1/2114 2334/1/2108
f 188/1/188 195/1/195 2341/1/2115 2335/1/2109
f 2336/1/2110 2342/1/2116 2344/1/2118 2338/1/2112
f 2337/1/2111 2343/1/2117 2342/1/2116 2336/1/2110
f 2340/1/2114 2346/1/2120 2349/1/2123 2343/1/2117
f 2339/1/2113 2345/1/2119 2346/1/2120 2340/1/2114
f 195/1/195 202/1/202 2347/1/2121 2341/1/2115
f 2342/1/2116 2348/1/2122 2350/1/2124 2344/1/2118
f 2343/1/2117 2349/1/2123 2348/1/2122 2342/1/2116
f 2341/1/2115 2347/1/2121 2345/1/2119 2339/1/2113
f 2346/1/2120 2352/1/2126 2355/1/2129 2349/1/2123
f 2345/1/2119 2351/1/2125 2352/1/2126 2346/1/2120
f 202/1/202 209/1/209 2353/1/2127 2347/1/2121
f 2348/1/2122 2354/1/2128 2356/1/2130 2350/1/2124
f 2349/1/2123 2355/1/2129 2354/1/2128 2348/1/2122
f 2347/1/2121 2353/1/2127 2351/1/2125 2345/1/2119
f 2352/1/2126 2358/1/2132 2361/1/2135 2355/1/2129
f 2351/1/2125 2357/1/2131 2358/1/2132 2352/1/2126
f 209/1/209 216/1/216 2359/1/2133 2353/1/2127
f 2354/1/2128 2360/1/2134 2362/1/2136 2356/1/2130
f 2355/1/2129 2361/1/2135 2360/1/2134 2354/1/2128
f 2353/1/2127 2359/1/2133 2357/1/2131 2351/1/2125
f 2268/1/2042 2363/1/2137 2278/1/2052 2267/1/2041
f 2363/1/2137 2365/1/2139 2364/1/2138 2278/1/2052
f 2365/1/2139 2367/1/2141 2366/1/2140 2364/1/2138
f 2367/1/2141 2369/1/2143 2368/1/2142 2366/1/2140
f 2369/1/2143 2371/1/2145 2370/1/2144 2368/1/2142
f 2371/1/2145 2362/1/2136 2360/1/2134 2370/1/2144
f 2364/1/2138 2372/1/2146 2282/1/2056 2278/1/2052
f 2366/1/2140 2373/1/2147 2372/1/2146 2364/1/2138
f 2368/1/2142 2374/1/2148 2373/1/2147 2366/1/2140
f 2360/1/2134 2361/1/2135 2375/1/2149 2370/1/2144
f 2370/1/2144 2375/1/2149 2374/1/2148 2368/1/2142
f 2375/1/2149 2383/1/2157 2382/1/2156 2374/1/2148
f 2358/1/2132 2377/1/2151 2379/1/2153 2361/1/2135
f 2359/1/2133 2378/1/2152 2376/1/2150 2357/1/2131
f 2361/1/2135 2379/1/2153 2383/1/2157 2375/1/2149
f 2373/1/2147 2381/1/2155 2380/1/2154 2372/1/2146
f 2357/1/2131 2376/1/2150 2377/1/2151 2358/1/2132
f 2374/1/2148 2382/1/2156 2381/1/2155 2373/1/2147
f 2372/1/2146 2380/1/2154 2286/1/2060 2282/1/2056
f 216/1/216 236/1/236 2378/1/2152 2359/1/2133
f 2381/1/2155 2389/1/2163 2388/1/2162 2380/1/2154
f 2378/1/2152 2386/1/2160 2384/1/2158 2376/1/2150
f 2380/1/2154 2388/1/2162 2290/1/2064 2286/1/2060
f 2382/1/2156 2390/1/2164 2389/1/2163 2381/1/2155
f 2376/1/2150 2384/1/2158 2385/1/2159 2377/1/2151
f 2383/1/2157 2391/1/2165 2390/1/2164 2382/1/2156
f 2377/1/2151 2385/1/2159 2387/1/2161 2379/1/2153
f 236/1/236 245/1/245 2386/1/2160 2378/1/2152
f 2379/1/2153 2387/1/2161 2391/1/2165 2383/1/2157
f 2384/1/2158 2392/1/2166 2393/1/2167 2385/1/2159
f 2391/1/2165 2399/1/2173 2398/1/2172 2390/1/2164
f 2385/1/2159 2393/1/2167 2395/1/2169 2387/1/2161
f 245/1/245 254/1/254 2394/1/2168 2386/1/2160
f 2387/1/2161 2395/1/2169 2399/1/2173 2391/1/2165
f 2389/1/2163 2397/1/2171 2396/1/2170 2388/1/2162
f 2386/1/2160 2394/1/2168 2392/1/2166 2384/1/2158
f 2388/1/2162 2396/1/2170 2294/1/2068 2290/1/2064
f 2390/1/2164 2398/1/2172 2397/1/2171 2389/1/2163
f 2393/1/2167 2401/1/2175 2403/1/2177 2395/1/2169
f 254/1/254 263/1/263 2402/1/2176 2394/1/2168
f 2395/1/2169 2403/1/2177 2407/1/2181 2399/1/2173
f 2397/1/2171 2405/1/2179 2404/1/2178 2396/1/2170
f 2394/1/2168 2402/1/2176 2400/1/2174 2392/1/2166
f 2396/1/2170 2404/1/2178 2298/1/2072 2294/1/2068
f 2398/1/2172 2406/1/2180 2405/1/2179 2397/1/2171
f 2392/1/2166 2400/1/2174 2401/1/2175 2393/1/2167
f 2399/1/2173 2407/1/2181 2406/1/2180 2398/1/2172
f 2311/57/2085 2410/57/2184 273/57/273 179/57/179
f 2302/44/2076 2408/44/2182 2409/52/2183 2307/52/2081
f 2307/52/2081 2409/52/2183 2410/57/2184 2311/57/2085
f 2298/41/2072 2404/41/2178 2408/44/2182 2302/44/2076
f 2429/88/2200 2412/52/2186 2411/57/2185 2423/57/2196
f 2426/1/285 2420/1/2193 2419/1/2192 2427/1/2198
f 2423/57/2196 2411/57/2185 269/57/269 288/57/288
f 2424/1/2197 2416/1/2190 2417/1/2191 2421/1/2194
f 2425/1/285 2418/1/282 2420/1/2193 2426/1/285
f 2421/41/2194 2417/41/2191 2413/44/2187 2430/44/2201
f 2422/1/2195 2414/1/2188 2465/1/2233 2428/1/2199
f 285/1/285 281/1/281 2418/1/282 2425/1/285
f 2427/1/2198 2419/1/2192 2414/1/2188 2422/1/2195
f 2428/1/2199 2465/1/2233 2415/3/2189 2431/3/2202
f 2431/3/2202 2415/1/2189 2416/1/2190 2424/1/2197
f 2430/44/2201 2413/44/2187 2412/52/2186 2429/88/2200
f 2464/44/2232 2430/44/2201 2429/88/2200 2441/89/2210
f 2444/1/2213 2431/3/2202 2424/1/2197 2455/1/2224
f 2438/1/2207 2428/1/2199 2431/3/2202 2444/1/2213
f 2461/1/2229 2427/1/2198 2422/1/2195 2449/90/2218
f 298/1/296 285/1/285 2425/1/285 2435/3/296
f 2449/90/2218 2422/1/2195 2428/1/2199 2438/1/2207
f 2432/41/2203 2421/41/2194 2430/44/2201 2464/44/2232
f 2435/3/296 2425/1/285 2426/1/285 2458/1/296
f 2455/1/2224 2424/1/2197 2421/1/2194 2432/1/2203
f 2452/91/2221 2423/57/2196 288/57/288 321/57/317
f 2458/1/296 2426/1/285 2427/1/2198 2461/1/2229
f 2441/89/2210 2429/88/2200 2423/57/2196 2452/91/2221
f 2409/52/2183 2443/93/2212 2450/92/2219 2410/57/2184
f 2443/93/2212 2442/94/2211 2451/92/2220 2450/92/2219
f 2442/94/2211 2441/89/2210 2452/91/2221 2451/92/2220
f 2400/1/2174 2456/3/2225 2459/1/2227 2401/1/2175
f 2456/3/2225 2457/1/2226 2460/1/2228 2459/1/2227
f 2457/1/2226 2458/1/296 2461/1/2229 2460/1/2228
f 2410/57/2184 2450/92/2219 319/95/315 273/57/273
f 2450/92/2219 2451/92/2220 320/57/316 319/95/315
f 2451/92/2220 2452/91/2221 321/57/317 320/57/316
f 2405/1/2179 2453/1/2222 2434/1/2205 2404/1/2178
f 2453/1/2222 2454/1/2223 2433/1/2204 2434/1/2205
f 2454/1/2223 2455/1/2224 2432/1/2203 2433/1/2204
f 2402/1/2176 2437/1/2206 2456/3/2225 2400/1/2174
f 2437/1/2206 2436/1/297 2457/1/2226 2456/3/2225
f 2436/1/297 2435/3/296 2458/1/296 2457/1/2226
f 2404/41/2178 2434/41/2205 2462/96/2230 2408/44/2182
f 2434/41/2205 2433/41/2204 2463/97/2231 2462/96/2230
f 2433/41/2204 2432/41/2203 2464/44/2232 2463/97/2231
f 2403/1/2177 2447/1/2216 2440/1/2209 2407/1/2181
f 2447/1/2216 2448/1/2217 2439/1/2208 2440/1/2209
f 2448/1/2217 2449/90/2218 2438/1/2207 2439/1/2208
f 263/1/263 300/1/298 2437/1/2206 2402/1/2176
f 300/1/298 299/1/297 2436/1/297 2437/1/2206
f 299/1/297 298/1/296 2435/3/296 2436/1/297
f 2401/1/2175 2459/1/2227 2447/1/2216 2403/1/2177
f 2459/1/2227 2460/1/2228 2448/1/2217 2447/1/2216
f 2460/1/2228 2461/1/2229 2449/90/2218 2448/1/2217
f 2407/1/2181 2440/1/2209 2446/90/2215 2406/1/2180
f 2440/1/2209 2439/1/2208 2445/90/2214 2446/90/2215
f 2439/1/2208 2438/1/2207 2444/1/2213 2445/90/2214
f 2406/1/2180 2446/90/2215 2453/1/2222 2405/1/2179
f 2446/90/2215 2445/90/2214 2454/1/2223 2453/1/2222
f 2445/90/2214 2444/1/2213 2455/1/2224 2454/1/2223
f 2408/44/2182 2462/96/2230 2443/93/2212 2409/52/2183
f 2462/96/2230 2463/97/2231 2442/94/2211 2443/93/2212
f 2463/97/2231 2464/44/2232 2441/89/2210 2442/94/2211
f 2363/1/2137 2483/1/2251 2484/1/2252 2365/1/2139
f 2248/1/2023 2469/1/2237 2468/1/2236 2247/1/2022
f 2249/1/2024 2470/1/2238 2469/1/2237 2248/1/2023
f 2344/1/2118 2479/1/2247 2478/1/2246 2338/1/2112
f 2367/1/2141 2485/1/2253 2369/1/2143
f 2263/1/2038 2476/1/2244 2477/1/2245 2268/1/2042
f 2250/1/2025 2471/1/2239 2470/1/2238 2249/1/2024
f 2246/1/2021 2467/1/2235 2475/1/2243 2258/1/2033
f 2365/1/2139 2484/1/2252 2485/1/2253 2367/1/2141
f 2251/1/2026 2472/1/2240 2471/1/2239 2250/1/2025
f 2362/1/2136 2482/1/2250 2481/1/2249 2356/1/2130
f 2371/1/2145 2486/1/2254 2482/1/2250 2362/1/2136
f 2252/1/2027 2473/1/2241 2472/1/2240 2251/1/2026
f 2253/1/2028 2474/1/2242 2473/1/2241 2252/1/2027
f 2356/1/2130 2481/1/2249 2480/1/2248 2350/1/2124
f 2268/1/2042 2477/1/2245 2483/1/2251 2363/1/2137
f 2245/1/2020 2466/1/2234 2467/1/2235 2246/1/2021
f 2258/1/2033 2475/1/2243 2476/1/2244 2263/1/2038
f 2338/1/2112 2478/1/2246 2474/1/2242 2253/1/2028
f 2369/1/2143 2486/1/2254 2371/1/2145
f 2247/1/2022 2468/1/2236 2466/1/2234 2245/1/2020
f 2350/1/2124 2480/1/2248 2479/1/2247 2344/1/2118
f 2466/1/2234 2488/1/2256 2489/1/2257 2467/1/2235
f 2482/1/2250 2504/1/2272 2503/1/2271 2481/1/2249
f 2467/1/2235 2489/1/2257 2497/1/2265 2475/1/2243
f 2468/1/2236 2490/1/2258 2488/1/2256 2466/1/2234
f 2477/1/2245 2499/1/2267 2505/1/2273 2483/1/2251
f 2475/1/2243 2497/1/2265 2498/1/2266 2476/1/2244
f 2469/1/2237 2491/1/2259 2490/1/2258 2468/1/2236
f 2483/1/2251 2505/1/2273 2506/1/2274 2484/1/2252
f 2476/1/2244 2498/1/2266 2499/1/2267 2477/1/2245
f 2470/1/2238 2492/1/2260 2491/1/2259 2469/1/2237
f 2484/1/2252 2506/1/2274 2507/1/2275 2485/1/2253
f 2478/1/2246 2500/1/2268 2496/1/2264 2474/1/2242
f 2471/1/2239 2493/1/2261 2492/1/2260 2470/1/2238
f 2369/1/2143 2487/1/2255 2508/1/2276 2486/1/2254
f 2479/1/2247 2501/1/2269 2500/1/2268 2478/1/2246
f 2472/1/2240 2494/1/2262 2493/1/2261 2471/1/2239
f 2486/1/2254 2508/1/2276 2504/1/2272 2482/1/2250
f 2480/1/2248 2502/1/2270 2501/1/2269 2479/1/2247
f 2473/1/2241 2495/1/2263 2494/1/2262 2472/1/2240
f 2481/1/2249 2503/1/2271 2502/1/2270 2480/1/2248
f 2485/1/2253 2507/1/2275 2487/1/2255 2369/1/2143
f 2474/1/2242 2496/1/2264 2495/1/2263 2473/1/2241
f 2499/1/2267 2521/1/2289 2527/1/2295 2505/1/2273
f 2497/1/2265 2519/1/2287 2520/1/2288 2498/1/2266
f 2491/1/2259 2513/1/2281 2512/1/2280 2490/1/2258
f 2505/1/2273 2527/1/2295 2528/1/2296 2506/1/2274
f 2498/1/2266 2520/1/2288 2521/1/2289 2499/1/2267
f 2492/1/2260 2514/1/2282 2513/1/2281 2491/1/2259
f 2506/1/2274 2528/1/2296 2529/1/2297 2507/1/2275
f 2500/1/2268 2522/1/2290 2518/1/2286 2496/1/2264
f 2493/1/2261 2515/1/2283 2514/1/2282 2492/1/2260
f 2487/1/2255 2509/1/2277 2530/1/2298 2508/1/2276
f 2501/1/2269 2523/1/2291 2522/1/2290 2500/1/2268
f 2494/1/2262 2516/1/2284 2515/1/2283 2493/1/2261
f 2508/1/2276 2530/1/2298 2526/1/2294 2504/1/2272
f 2502/1/2270 2524/1/2292 2523/1/2291 2501/1/2269
f 2495/1/2263 2517/1/2285 2516/1/2284 2494/1/2262
f 2507/1/2275 2529/1/2297 2509/1/2277 2487/1/2255
f 2503/1/2271 2525/1/2293 2524/1/2292 2502/1/2270
f 2496/1/2264 2518/1/2286 2517/1/2285 2495/1/2263
f 2488/1/2256 2510/1/2278 2511/1/2279 2489/1/2257
f 2504/1/2272 2526/1/2294 2525/1/2293 2503/1/2271
f 2489/1/2257 2511/1/2279 2519/1/2287 2497/1/2265
f 2490/1/2258 2512/1/2280 2510/1/2278 2488/1/2256
f 2519/1/2287 2541/1/2309 2542/1/2310 2520/1/2288
f 2513/1/2281 2535/1/2303 2534/1/2302 2512/1/2280
f 2527/1/2295 2549/1/2317 2550/1/2318 2528/1/2296
f 2520/1/2288 2542/1/2310 2543/1/2311 2521/1/2289
f 2514/1/2282 2536/1/2304 2535/1/2303 2513/1/2281
f 2528/1/2296 2550/1/2318 2551/1/2319 2529/1/2297
f 2522/1/2290 2544/1/2312 2540/1/2308 2518/1/2286
f 2515/1/2283 2537/1/2305 2536/1/2304 2514/1/2282
f 2509/1/2277 2531/1/2299 2552/1/2320 2530/1/2298
f 2523/1/2291 2545/1/2313 2544/1/2312 2522/1/2290
f 2516/1/2284 2538/1/2306 2537/1/2305 2515/1/2283
f 2530/1/2298 2552/1/2320 2548/1/2316 2526/1/2294
f 2524/1/2292 2546/1/2314 2545/1/2313 2523/1/2291
f 2517/1/2285 2539/1/2307 2538/1/2306 2516/1/2284
f 2529/1/2297 2551/1/2319 2531/1/2299 2509/1/2277
f 2525/1/2293 2547/1/2315 2546/1/2314 2524/1/2292
f 2518/1/2286 2540/1/2308 2539/1/2307 2517/1/2285
f 2510/1/2278 2532/1/2300 2533/1/2301 2511/1/2279
f 2526/1/2294 2548/1/2316 2547/1/2315 2525/1/2293
f 2511/1/2279 2533/1/2301 2541/1/2309 2519/1/2287
f 2512/1/2280 2534/1/2302 2532/1/2300 2510/1/2278
f 2521/1/2289 2543/1/2311 2549/1/2317 2527/1/2295
f 2535/1/2303 2557/1/2325 2556/1/2324 2534/1/2302
f 2549/1/2317 2571/1/2339 2572/1/2340 2550/1/2318
f 2542/1/2310 2564/1/2332 2565/1/2333 2543/1/2311
f 2536/1/2304 2558/1/2326 2557/1/2325 2535/1/2303
f 2550/1/2318 2572/1/2340 2573/1/2341 2551/1/2319
f 2544/1/2312 2566/1/2334 2562/1/2330 2540/1/2308
f 2537/1/2305 2559/1/2327 2558/1/2326 2536/1/2304
f 2531/1/2299 2553/1/2321 2574/1/2342 2552/1/2320
f 2545/1/2313 2567/1/2335 2566/1/2334 2544/1/2312
f 2538/1/2306 2560/1/2328 2559/1/2327 2537/1/2305
f 2552/1/2320 2574/1/2342 2570/1/2338 2548/1/2316
f 2546/1/2314 2568/1/2336 2567/1/2335 2545/1/2313
f 2539/1/2307 2561/1/2329 2560/1/2328 2538/1/2306
f 2551/1/2319 2573/1/2341 2553/1/2321 2531/1/2299
f 2547/1/2315 2569/1/2337 2568/1/2336 2546/1/2314
f 2540/1/2308 2562/1/2330 2561/1/2329 2539/1/2307
f 2532/1/2300 2554/1/2322 2555/1/2323 2533/1/2301
f 2548/1/2316 2570/1/2338 2569/1/2337 2547/1/2315
f 2533/1/2301 2555/1/2323 2563/1/2331 2541/1/2309
f 2534/1/2302 2556/1/2324 2554/1/2322 2532/1/2300
f 2543/1/2311 2565/1/2333 2571/1/2339 2549/1/2317
f 2541/1/2309 2563/1/2331 2564/1/2332 2542/1/2310
f 2564/1/2332 2586/1/2354 2587/1/2355 2565/1/2333
f 2558/1/2326 2580/1/2348 2579/1/2347 2557/1/2325
f 2572/1/2340 2594/1/2362 2595/1/2363 2573/1/2341
f 2566/1/2334 2588/1/2356 2584/1/2352 2562/1/2330
f 2559/1/2327 2581/1/2349 2580/1/2348 2558/1/2326
f 2553/1/2321 2575/1/2343 2596/1/2364 2574/1/2342
f 2567/1/2335 2589/1/2357 2588/1/2356 2566/1/2334
f 2560/1/2328 2582/1/2350 2581/1/2349 2559/1/2327
f 2574/1/2342 2596/1/2364 2592/1/2360 2570/1/2338
f 2568/1/2336 2590/1/2358 2589/1/2357 2567/1/2335
f 2561/1/2329 2583/1/2351 2582/1/2350 2560/1/2328
f 2573/1/2341 2595/1/2363 2575/1/2343 2553/1/2321
f 2569/1/2337 2591/1/2359 2590/1/2358 2568/1/2336
f 2562/1/2330 2584/1/2352 2583/1/2351 2561/1/2329
f 2554/1/2322 2576/1/2344 2577/1/2345 2555/1/2323
f 2570/1/2338 2592/1/2360 2591/1/2359 2569/1/2337
f 2555/1/2323 2577/1/2345 2585/1/2353 2563/1/2331
f 2556/1/2324 2578/1/2346 2576/1/2344 2554/1/2322
f 2565/1/2333 2587/1/2355 2593/1/2361 2571/1/2339
f 2563/1/2331 2585/1/2353 2586/1/2354 2564/1/2332
f 2557/1/2325 2579/1/2347 2578/1/2346 2556/1/2324
f 2571/1/2339 2593/1/2361 2594/1/2362 2572/1/2340
f 2584/1/2352 2603/1/2371 2604/1/2372 2583/1/2351
f 2586/1/2354 2601/1/2369 2600/1/2368 2587/1/2355
f 2590/1/2358 2597/1/2365 2598/1/2366 2589/1/2357
f 2576/1/2344 2611/1/2379 2610/1/2378 2577/1/2345
f 2593/1/2361 3761/1/3279 3760/1/3278 2594/1/2362
f 2589/1/2357 2598/1/2366 2599/1/2367 2588/1/2356
f 2591/1/2359 3763/1/3281 2597/1/2365 2590/1/2358
f 2594/1/2362 3760/1/3278 3759/1/3277 2595/1/2363
f 2575/1/2343 2612/1/2380 3758/1/3276 2596/1/2364
f 2583/1/2351 2604/1/2372 2605/1/2373 2582/1/2350
f 2579/1/2347 2608/1/2376 2609/1/2377 2578/1/2346
f 2581/1/2349 2606/1/2374 2607/1/2375 2580/1/2348
f 2595/1/2363 3759/1/3277 2612/1/2380 2575/1/2343
f 2587/1/2355 2600/1/2368 3761/1/3279 2593/1/2361
f 2588/1/2356 2599/1/2367 2603/1/2371 2584/1/2352
f 2577/1/2345 2610/1/2378 2602/1/2370 2585/1/2353
f 2585/1/2353 2602/1/2370 2601/1/2369 2586/1/2354
f 2582/1/2350 2605/1/2373 2606/1/2374 2581/1/2349
f 2578/1/2346 2609/1/2377 2611/1/2379 2576/1/2344
f 2592/1/2360 3762/1/3280 3763/1/3281 2591/1/2359
f 2580/1/2348 2607/1/2375 2608/1/2376 2579/1/2347
f 2596/1/2364 3758/1/3276 3762/1/3280 2592/1/2360
f 2638/57/2406 2613/57/2381 485/57/480 523/57/518
f 2613/57/2381 2614/57/2382 487/57/482 485/57/480
f 2614/57/2382 2615/57/2383 489/57/484 487/57/482
f 2615/57/2383 2616/57/2384 491/57/486 489/57/484
f 2616/57/2384 2617/57/2385 493/57/488 491/57/486
f 2617/57/2385 2618/57/2386 495/57/490 493/57/488
f 2618/57/2386 2619/57/2387 497/57/492 495/57/490
f 2613/57/2381 2620/57/2388 2621/57/2389 2614/57/2382
f 2620/57/2388 2622/57/2390 2623/57/2391 2621/57/2389
f 2622/57/2390 2624/57/2392 2625/57/2393 2623/57/2391
f 2624/57/2392 2626/57/2394 2627/57/2395 2625/57/2393
f 2626/57/2394 2628/57/2396 2629/57/2397 2627/57/2395
f 2628/57/2396 2630/57/2398 2631/57/2399 2629/57/2397
f 2630/57/2398 2632/57/2400 2633/57/2401 2631/57/2399
f 2632/57/2400 2634/57/2402 2635/57/2403 2633/57/2401
f 2619/57/2387 2636/57/2404 499/57/494 497/57/492
f 2636/57/2404 2637/57/2405 517/57/512 499/57/494
f 2647/98/2415 538/98/533 517/57/512 2637/57/2405
f 2635/57/2403 2634/57/2402 2637/57/2405 2636/57/2404
f 2638/57/2406 2652/99/2420 2620/57/2388 2613/57/2381
f 2652/99/2420 2657/100/2425 2622/57/2390 2620/57/2388
f 2657/100/2425 2662/101/2430 2624/57/2392 2622/57/2390
f 2662/101/2430 2667/102/2435 2626/57/2394 2624/57/2392
f 2667/102/2435 2672/102/2440 2628/57/2396 2626/57/2394
f 2672/102/2440 2677/102/2445 2630/57/2398 2628/57/2396
f 2677/102/2445 2682/102/2450 2632/57/2400 2630/57/2398
f 2682/102/2450 2687/102/2455 2634/57/2402 2632/57/2400
f 2647/98/2415 2637/57/2405 2634/57/2402 2687/102/2455
f 2420/103/2193 2643/105/2411 2683/104/2451 2419/1/2192
f 2643/105/2411 2644/107/2412 2684/106/2452 2683/104/2451
f 2644/107/2412 2645/109/2413 2685/108/2453 2684/106/2452
f 2645/109/2413 2646/111/2414 2686/110/2454 2685/108/2453
f 2646/111/2414 2647/98/2415 2687/102/2455 2686/110/2454
f 2414/1/2188 2419/1/2192 2683/104/2451 2678/104/2446
f 2678/104/2446 2683/104/2451 2684/106/2452 2679/106/2447
f 2679/106/2447 2684/106/2452 2685/108/2453 2680/108/2448
f 2680/108/2448 2685/108/2453 2686/110/2454 2681/110/2449
f 2681/110/2449 2686/110/2454 2687/102/2455 2682/102/2450
f 2465/1/2233 2414/1/2188 2678/104/2446 2673/104/2441
f 2673/104/2441 2678/104/2446 2679/106/2447 2674/106/2442
f 2674/106/2442 2679/106/2447 2680/108/2448 2675/108/2443
f 2675/108/2443 2680/108/2448 2681/110/2449 2676/110/2444
f 2676/110/2444 2681/110/2449 2682/102/2450 2677/102/2445
f 2415/1/2189 2465/1/2233 2673/104/2441 2668/104/2436
f 2668/104/2436 2673/104/2441 2674/106/2442 2669/106/2437
f 2669/106/2437 2674/106/2442 2675/108/2443 2670/108/2438
f 2670/108/2438 2675/108/2443 2676/110/2444 2671/110/2439
f 2671/110/2439 2676/110/2444 2677/102/2445 2672/102/2440
f 2416/1/2190 2415/1/2189 2668/104/2436 2663/104/2431
f 2663/104/2431 2668/104/2436 2669/106/2437 2664/106/2432
f 2664/106/2432 2669/106/2437 2670/108/2438 2665/108/2433
f 2665/108/2433 2670/108/2438 2671/110/2439 2666/110/2434
f 2666/110/2434 2671/110/2439 2672/102/2440 2667/102/2435
f 2417/41/2191 2416/1/2190 2663/104/2431 2658/112/2426
f 2658/112/2426 2663/104/2431 2664/106/2432 2659/113/2427
f 2659/113/2427 2664/106/2432 2665/108/2433 2660/114/2428
f 2660/114/2428 2665/108/2433 2666/110/2434 2661/115/2429
f 2661/115/2429 2666/110/2434 2667/102/2435 2662/101/2430
f 2413/44/2187 2417/41/2191 2658/112/2426 2653/116/2421
f 2653/116/2421 2658/112/2426 2659/113/2427 2654/117/2422
f 2654/117/2422 2659/113/2427 2660/114/2428 2655/118/2423
f 2655/118/2423 2660/114/2428 2661/115/2429 2656/119/2424
f 2656/119/2424 2661/115/2429 2662/101/2430 2657/100/2425
f 2412/52/2186 2413/44/2187 2653/116/2421 2648/120/2416
f 2648/120/2416 2653/116/2421 2654/117/2422 2649/121/2417
f 2649/121/2417 2654/117/2422 2655/118/2423 2650/122/2418
f 2650/122/2418 2655/118/2423 2656/119/2424 2651/100/2419
f 2651/100/2419 2656/119/2424 2657/100/2425 2652/99/2420
f 2411/57/2185 2412/52/2186 2648/120/2416 2642/57/2410
f 2642/57/2410 2648/120/2416 2649/121/2417 2641/57/2409
f 2641/57/2409 2649/121/2417 2650/122/2418 2640/123/2408
f 2640/123/2408 2650/122/2418 2651/100/2419 2639/123/2407
f 2639/123/2407 2651/100/2419 2652/99/2420 2638/57/2406
f 2420/103/2193 281/103/281 534/105/529 2643/105/2411
f 2643/105/2411 534/105/529 535/107/530 2644/107/2412
f 2644/107/2412 535/107/530 536/109/531 2645/109/2413
f 2645/109/2413 536/109/531 537/111/532 2646/111/2414
f 2646/111/2414 537/111/532 538/98/533 2647/98/2415
f 2411/57/2185 2642/57/2410 519/57/514 269/57/269
f 2642/57/2410 2641/57/2409 520/123/515 519/57/514
f 2641/57/2409 2640/123/2408 521/123/516 520/123/515
f 2640/123/2408 2639/123/2407 522/57/517 521/123/516
f 2639/123/2407 2638/57/2406 523/57/518 522/57/517
f 2629/57/2397 2698/57/2466 2697/57/2465 2627/57/2395
f 2618/57/2386 2692/57/2460 2693/57/2461 2619/57/2387
f 2625/57/2393 2696/57/2464 2695/57/2463 2623/57/2391
f 2635/57/2403 2701/57/2469 2700/57/2468 2633/57/2401
f 2616/57/2384 2690/57/2458 2691/57/2459 2617/57/2385
f 2621/57/2389 2694/57/2462 2688/57/2456 2614/57/2382
f 2631/57/2399 2699/57/2467 2698/57/2466 2629/57/2397
f 2614/57/2382 2688/57/2456 2689/57/2457 2615/57/2383
f 2627/57/2395 2697/57/2465 2696/57/2464 2625/57/2393
f 2636/57/2404 2702/57/2470 2701/57/2469 2635/57/2403
f 2617/57/2385 2691/57/2459 2692/57/2460 2618/57/2386
f 2623/57/2391 2695/57/2463 2694/57/2462 2621/57/2389
f 2633/57/2401 2700/57/2468 2699/57/2467 2631/57/2399
f 2619/57/2387 2693/57/2461 2702/57/2470 2636/57/2404
f 2615/57/2383 2689/57/2457 2690/57/2458 2616/57/2384
f 2720/57/2488 2704/57/2472 2705/57/2473 2719/57/2487
f 2724/91/2492 2713/57/2481 2712/57/2480 2723/91/2491
f 2719/57/2487 2705/57/2473 2706/57/2474 2727/124/2495
f 2728/125/2496 2714/57/2482 2713/57/2481 2724/91/2492
f 2727/124/2495 2706/57/2474 2707/57/2475 2731/57/2499
f 2732/125/2500 2715/57/2483 2714/57/2482 2728/125/2496
f 2731/57/2499 2707/57/2475 2708/57/2476 2735/126/2503
f 2736/57/2504 2716/57/2484 2715/57/2483 2732/125/2500
f 2740/127/2508 2709/57/2477 2703/57/2471 2739/91/2507
f 2735/126/2503 2708/57/2476 2717/57/2485 2743/57/2511
f 2744/57/2512 2710/57/2478 2709/57/2477 2740/127/2508
f 2743/57/2511 2717/57/2485 2716/57/2484 2736/57/2504
f 2746/57/2514 2711/57/2479 2710/57/2478 2744/57/2512
f 2739/91/2507 2703/57/2471 2704/57/2472 2720/57/2488
f 2723/91/2491 2712/57/2480 2711/57/2479 2746/57/2514
f 2697/57/2465 2722/124/2490 2747/57/2515 2696/57/2464
f 2722/124/2490 2723/91/2491 2746/57/2514 2747/57/2515
f 2688/57/2456 2738/127/2506 2721/57/2489 2689/57/2457
f 2738/127/2506 2739/91/2507 2720/57/2488 2721/57/2489
f 2696/57/2464 2747/57/2515 2745/125/2513 2695/57/2463
f 2747/57/2515 2746/57/2514 2744/57/2512 2745/125/2513
f 2702/57/2470 2742/95/2510 2737/125/2505 2701/57/2469
f 2742/95/2510 2743/57/2511 2736/57/2504 2737/125/2505
f 2695/57/2463 2745/125/2513 2741/95/2509 2694/57/2462
f 2745/125/2513 2744/57/2512 2740/127/2508 2741/95/2509
f 2693/57/2461 2734/126/2502 2742/95/2510 2702/57/2470
f 2734/126/2502 2735/126/2503 2743/57/2511 2742/95/2510
f 2694/57/2462 2741/95/2509 2738/127/2506 2688/57/2456
f 2741/95/2509 2740/127/2508 2739/91/2507 2738/127/2506
f 2701/57/2469 2737/125/2505 2733/125/2501 2700/57/2468
f 2737/125/2505 2736/57/2504 2732/125/2500 2733/125/2501
f 2692/57/2460 2730/57/2498 2734/126/2502 2693/57/2461
f 2730/57/2498 2731/57/2499 2735/126/2503 2734/126/2502
f 2700/57/2468 2733/125/2501 2729/91/2497 2699/57/2467
f 2733/125/2501 2732/125/2500 2728/125/2496 2729/91/2497
f 2691/57/2459 2726/57/2494 2730/57/2498 2692/57/2460
f 2726/57/2494 2727/124/2495 2731/57/2499 2730/57/2498
f 2699/57/2467 2729/91/2497 2725/128/2493 2698/57/2466
f 2729/91/2497 2728/125/2496 2724/91/2492 2725/128/2493
f 2690/57/2458 2718/57/2486 2726/57/2494 2691/57/2459
f 2718/57/2486 2719/57/2487 2727/124/2495 2726/57/2494
f 2698/57/2466 2725/128/2493 2722/124/2490 2697/57/2465
f 2725/128/2493 2724/91/2492 2723/91/2491 2722/124/2490
f 2689/57/2457 2721/57/2489 2718/57/2486 2690/57/2458
f 2721/57/2489 2720/57/2488 2719/57/2487 2718/57/2486
f 2712/57/2480 2758/57/2525 2757/57/2524 2711/57/2479
f 2704/57/2472 2750/57/2517 2751/57/2518 2705/57/2473
f 2919/124/2686 2775/57/2542 2774/57/2541 2913/123/2680
f 2713/57/2481 2759/57/2526 2758/57/2525 2712/57/2480
f 2705/57/2473 2751/57/2518 2752/57/2519 2706/57/2474
f 2714/57/2482 2760/57/2527 2759/57/2526 2713/57/2481
f 2706/57/2474 2752/57/2519 2753/57/2520 2707/57/2475
f 2715/57/2483 2761/57/2528 2760/57/2527 2714/57/2482
f 2707/57/2475 2753/57/2520 2754/57/2521 2708/57/2476
f 2716/57/2484 2762/57/2529 2761/57/2528 2715/57/2483
f 2709/57/2477 2755/57/2522 2749/57/2516 2703/57/2471
f 2708/57/2476 2754/57/2521 2763/57/2530 2717/57/2485
f 2710/57/2478 2756/57/2523 2755/57/2522 2709/57/2477
f 2717/57/2485 2763/57/2530 2762/57/2529 2716/57/2484
f 2711/57/2479 2757/57/2524 2756/57/2523 2710/57/2478
f 2703/57/2471 2749/57/2516 2750/57/2517 2704/57/2472
f 2920/57/2687 2767/57/2534 2768/57/2535 2899/127/2666
f 2921/128/2688 2776/57/2543 2775/57/2542 2919/124/2686
f 2899/127/2666 2768/57/2535 2769/57/2536 2914/128/2681
f 2922/91/2689 2777/57/2544 2776/57/2543 2921/128/2688
f 2923/91/2690 2770/57/2537 2764/57/2531 2915/91/2682
f 2914/128/2681 2769/57/2536 2778/57/2545 2916/57/2683
f 2924/123/2691 2771/57/2538 2770/57/2537 2923/91/2690
f 2916/57/2683 2778/57/2545 2777/57/2544 2922/91/2689
f 2925/91/2692 2772/57/2539 2771/57/2538 2924/123/2691
f 2915/91/2682 2764/57/2531 2765/57/2532 2917/57/2684
f 2926/57/2693 2773/57/2540 2772/57/2539 2925/91/2692
f 2917/57/2684 2765/57/2532 2766/57/2533 2918/57/2685
f 2913/123/2680 2774/57/2541 2773/57/2540 2926/57/2693
f 2918/57/2685 2766/57/2533 2767/57/2534 2920/57/2687
f 2751/57/2518 2863/57/2630 2802/91/2569 2752/57/2519
f 2863/57/2630 2864/57/2631 2801/57/2568 2802/91/2569
f 2864/57/2631 2865/57/2632 2800/125/2567 2801/57/2568
f 2865/57/2632 2866/123/2633 2799/57/2566 2800/125/2567
f 2866/123/2633 2867/57/2634 2798/127/2565 2799/57/2566
f 2867/57/2634 2868/57/2635 2797/57/2564 2798/127/2565
f 2759/57/2526 2779/57/2546 2862/91/2629 2758/57/2525
f 2779/57/2546 2780/91/2547 2861/124/2628 2862/91/2629
f 2780/91/2547 2781/128/2548 2860/57/2627 2861/124/2628
f 2781/128/2548 2782/125/2549 2859/57/2626 2860/57/2627
f 2782/125/2549 2783/128/2550 2858/57/2625 2859/57/2626
f 2783/128/2550 2784/57/2551 2857/57/2624 2858/57/2625
f 2750/57/2517 2851/57/2618 2863/57/2630 2751/57/2518
f 2851/57/2618 2852/91/2619 2864/57/2631 2863/57/2630
f 2852/91/2619 2853/57/2620 2865/57/2632 2864/57/2631
f 2853/57/2620 2854/127/2621 2866/123/2633 2865/57/2632
f 2854/127/2621 2855/127/2622 2867/57/2634 2866/123/2633
f 2855/127/2622 2856/57/2623 2868/57/2635 2867/57/2634
f 2758/57/2525 2862/91/2629 2850/57/2617 2757/57/2524
f 2862/91/2629 2861/124/2628 2849/123/2616 2850/57/2617
f 2861/124/2628 2860/57/2627 2848/57/2615 2849/123/2616
f 2860/57/2627 2859/57/2626 2847/123/2614 2848/57/2615
f 2859/57/2626 2858/57/2625 2846/57/2613 2847/123/2614
f 2858/57/2625 2857/57/2624 2845/57/2612 2846/57/2613
f 2749/57/2516 2821/57/2588 2851/57/2618 2750/57/2517
f 2821/57/2588 2822/124/2589 2852/91/2619 2851/57/2618
f 2822/124/2589 2823/57/2590 2853/57/2620 2852/91/2619
f 2823/57/2590 2824/57/2591 2854/127/2621 2853/57/2620
f 2824/57/2591 2825/91/2592 2855/127/2622 2854/127/2621
f 2825/91/2592 2826/57/2593 2856/57/2623 2855/127/2622
f 2757/57/2524 2850/57/2617 2844/91/2611 2756/57/2523
f 2850/57/2617 2849/123/2616 2843/57/2610 2844/91/2611
f 2849/123/2616 2848/57/2615 2842/128/2609 2843/57/2610
f 2848/57/2615 2847/123/2614 2841/123/2608 2842/128/2609
f 2847/123/2614 2846/57/2613 2840/57/2607 2841/123/2608
f 2846/57/2613 2845/57/2612 2839/57/2606 2840/57/2607
f 2763/57/2530 2833/57/2600 2820/123/2587 2762/57/2529
f 2833/57/2600 2834/91/2601 2819/57/2586 2820/123/2587
f 2834/91/2601 2835/57/2602 2818/57/2585 2819/57/2586
f 2835/57/2602 2836/123/2603 2817/128/2584 2818/57/2585
f 2836/123/2603 2837/123/2604 2816/57/2583 2817/128/2584
f 2837/123/2604 2838/57/2605 2815/57/2582 2816/57/2583
f 2756/57/2523 2844/91/2611 2832/57/2599 2755/57/2522
f 2844/91/2611 2843/57/2610 2831/57/2598 2832/57/2599
f 2843/57/2610 2842/128/2609 2830/127/2597 2831/57/2598
f 2842/128/2609 2841/123/2608 2829/57/2596 2830/127/2597
f 2841/123/2608 2840/57/2607 2828/127/2595 2829/57/2596
f 2840/57/2607 2839/57/2606 2827/57/2594 2828/127/2595
f 2754/57/2521 2809/124/2576 2833/57/2600 2763/57/2530
f 2809/124/2576 2810/127/2577 2834/91/2601 2833/57/2600
f 2810/127/2577 2811/126/2578 2835/57/2602 2834/91/2601
f 2811/126/2578 2812/57/2579 2836/123/2603 2835/57/2602
f 2812/57/2579 2813/57/2580 2837/123/2604 2836/123/2603
f 2813/57/2580 2814/124/2581 2838/57/2605 2837/123/2604
f 2755/57/2522 2832/57/2599 2821/57/2588 2749/57/2516
f 2832/57/2599 2831/57/2598 2822/124/2589 2821/57/2588
f 2831/57/2598 2830/127/2597 2823/57/2590 2822/124/2589
f 2830/127/2597 2829/57/2596 2824/57/2591 2823/57/2590
f 2829/57/2596 2828/127/2595 2825/91/2592 2824/57/2591
f 2828/127/2595 2827/57/2594 2826/57/2593 2825/91/2592
f 2762/57/2529 2820/123/2587 2808/57/2575 2761/57/2528
f 2820/123/2587 2819/57/2586 2807/91/2574 2808/57/2575
f 2819/57/2586 2818/57/2585 2806/57/2573 2807/91/2574
f 2818/57/2585 2817/128/2584 2805/57/2572 2806/57/2573
f 2817/128/2584 2816/57/2583 2804/91/2571 2805/57/2572
f 2816/57/2583 2815/57/2582 2803/128/2570 2804/91/2571
f 2753/57/2520 2791/128/2558 2809/124/2576 2754/57/2521
f 2791/128/2558 2792/57/2559 2810/127/2577 2809/124/2576
f 2792/57/2559 2793/128/2560 2811/126/2578 2810/127/2577
f 2793/128/2560 2794/126/2561 2812/57/2579 2811/126/2578
f 2794/126/2561 2795/91/2562 2813/57/2580 2812/57/2579
f 2795/91/2562 2796/57/2563 2814/124/2581 2813/57/2580
f 2761/57/2528 2808/57/2575 2790/123/2557 2760/57/2527
f 2808/57/2575 2807/91/2574 2789/91/2556 2790/123/2557
f 2807/91/2574 2806/57/2573 2788/57/2555 2789/91/2556
f 2806/57/2573 2805/57/2572 2787/123/2554 2788/57/2555
f 2805/57/2572 2804/91/2571 2786/123/2553 2787/123/2554
f 2804/91/2571 2803/128/2570 2785/123/2552 2786/123/2553
f 2752/57/2519 2802/91/2569 2791/128/2558 2753/57/2520
f 2802/91/2569 2801/57/2568 2792/57/2559 2791/128/2558
f 2801/57/2568 2800/125/2567 2793/128/2560 2792/57/2559
f 2800/125/2567 2799/57/2566 2794/126/2561 2793/128/2560
f 2799/57/2566 2798/127/2565 2795/91/2562 2794/126/2561
f 2798/127/2565 2797/57/2564 2796/57/2563 2795/91/2562
f 2760/57/2527 2790/123/2557 2779/57/2546 2759/57/2526
f 2790/123/2557 2789/91/2556 2780/91/2547 2779/57/2546
f 2789/91/2556 2788/57/2555 2781/128/2548 2780/91/2547
f 2788/57/2555 2787/123/2554 2782/125/2549 2781/128/2548
f 2787/123/2554 2786/123/2553 2783/128/2550 2782/125/2549
f 2786/123/2553 2785/123/2552 2784/57/2551 2783/128/2550
f 2774/57/2541 2879/57/2646 2878/57/2645 2773/57/2540
f 2766/57/2533 2871/57/2638 2872/57/2639 2767/57/2534
f 2775/57/2542 2880/57/2647 2879/57/2646 2774/57/2541
f 2767/57/2534 2872/57/2639 2873/57/2640 2768/57/2535
f 2776/57/2543 2881/57/2648 2880/57/2647 2775/57/2542
f 2768/57/2535 2873/57/2640 2874/57/2641 2769/57/2536
f 2777/57/2544 2882/57/2649 2881/57/2648 2776/57/2543
f 2764/57/2531 2869/57/2636 2870/57/2637 2765/57/2532
f 2770/57/2537 2875/57/2642 2869/57/2636 2764/57/2531
f 2769/57/2536 2874/57/2641 2883/57/2650 2778/57/2545
f 2771/57/2538 2876/57/2643 2875/57/2642 2770/57/2537
f 2778/57/2545 2883/57/2650 2882/57/2649 2777/57/2544
f 2772/57/2539 2877/57/2644 2876/57/2643 2771/57/2538
f 2765/57/2532 2870/57/2637 2871/57/2638 2766/57/2533
f 2773/57/2540 2878/57/2645 2877/57/2644 2772/57/2539
f 2876/57/2643 2891/57/2658 2890/57/2657 2875/57/2642
f 2883/57/2650 2898/57/2665 2897/57/2664 2882/57/2649
f 2877/57/2644 2892/57/2659 2891/57/2658 2876/57/2643
f 2870/57/2637 2885/57/2652 2886/57/2653 2871/57/2638
f 2878/57/2645 2893/57/2660 2892/57/2659 2877/57/2644
f 2869/57/2636 2884/57/2651 2885/57/2652 2870/57/2637
f 2879/57/2646 2894/57/2661 2893/57/2660 2878/57/2645
f 2871/57/2638 2886/57/2653 2887/57/2654 2872/57/2639
f 2880/57/2647 2895/57/2662 2894/57/2661 2879/57/2646
f 2872/57/2639 2887/57/2654 2888/57/2655 2873/57/2640
f 2881/57/2648 2896/57/2663 2895/57/2662 2880/57/2647
f 2873/57/2640 2888/57/2655 2889/57/2656 2874/57/2641
f 2882/57/2649 2897/57/2664 2896/57/2663 2881/57/2648
f 2875/57/2642 2890/57/2657 2884/57/2651 2869/57/2636
f 2874/57/2641 2889/57/2656 2898/57/2665 2883/57/2650
f 2889/57/2656 2903/57/2670 2912/57/2679 2898/57/2665
f 2868/57/2635 2918/57/2685 2920/57/2687 2797/57/2564
f 2891/57/2658 2905/57/2672 2904/57/2671 2890/57/2657
f 2898/57/2665 2912/57/2679 2911/57/2678 2897/57/2664
f 2892/57/2659 2906/57/2673 2905/57/2672 2891/57/2658
f 2885/57/2652 2900/57/2667 2901/57/2668 2886/57/2653
f 2893/57/2660 2907/57/2674 2906/57/2673 2892/57/2659
f 2884/57/2651 2927/57/2694 2900/57/2667 2885/57/2652
f 2784/57/2551 2913/123/2680 2926/57/2693 2857/57/2624
f 2894/57/2661 2908/57/2675 2907/57/2674 2893/57/2660
f 2886/57/2653 2901/57/2668 2902/57/2669 2887/57/2654
f 2895/57/2662 2909/57/2676 2908/57/2675 2894/57/2661
f 2887/57/2654 2902/57/2669 2928/57/2695 2888/57/2655
f 2896/57/2663 2910/57/2677 2909/57/2676 2895/57/2662
f 2888/57/2655 2928/57/2695 2903/57/2670 2889/57/2656
f 2897/57/2664 2911/57/2678 2910/57/2677 2896/57/2663
f 2890/57/2657 2904/57/2671 2927/57/2694 2884/57/2651
f 2856/57/2623 2917/57/2684 2918/57/2685 2868/57/2635
f 2857/57/2624 2926/57/2693 2925/91/2692 2845/57/2612
f 2826/57/2593 2915/91/2682 2917/57/2684 2856/57/2623
f 2845/57/2612 2925/91/2692 2924/123/2691 2839/57/2606
f 2838/57/2605 2916/57/2683 2922/91/2689 2815/57/2582
f 2839/57/2606 2924/123/2691 2923/91/2690 2827/57/2594
f 2814/124/2581 2914/128/2681 2916/57/2683 2838/57/2605
f 2827/57/2594 2923/91/2690 2915/91/2682 2826/57/2593
f 2815/57/2582 2922/91/2689 2921/128/2688 2803/128/2570
f 2796/57/2563 2899/127/2666 2914/128/2681 2814/124/2581
f 2803/128/2570 2921/128/2688 2919/124/2686 2785/123/2552
f 2797/57/2564 2920/57/2687 2899/127/2666 2796/57/2563
f 2785/123/2552 2919/124/2686 2913/123/2680 2784/57/2551
f 2905/57/2672 2936/57/2703 2935/57/2702 2904/57/2671
f 2904/57/2671 2935/57/2702 2929/57/2696 2927/57/2694
f 2928/57/2695 2933/57/2700 2934/57/2701 2903/57/2670
f 2902/57/2669 2932/57/2699 2933/57/2700 2928/57/2695
f 2901/57/2668 2931/57/2698 2932/57/2699 2902/57/2669
f 2927/57/2694 2929/57/2696 2930/57/2697 2900/57/2667
f 2912/57/2679 2943/57/2710 2942/57/2709 2911/57/2678
f 2900/57/2667 2930/57/2697 2931/57/2698 2901/57/2668
f 2903/57/2670 2934/57/2701 2943/57/2710 2912/57/2679
f 2911/57/2678 2942/57/2709 2941/57/2708 2910/57/2677
f 2910/57/2677 2941/57/2708 2940/57/2707 2909/57/2676
f 2909/57/2676 2940/57/2707 2939/57/2706 2908/57/2675
f 2908/57/2675 2939/57/2706 2938/57/2705 2907/57/2674
f 2907/57/2674 2938/57/2705 2937/57/2704 2906/57/2673
f 2906/57/2673 2937/57/2704 2936/57/2703 2905/57/2672
f 2971/123/2738 2951/57/2718 2958/57/2725 3002/57/2768
f 3011/123/2777 2955/57/2722 2954/57/2721 2978/57/2745
f 3002/57/2768 2958/57/2725 2956/57/2723 2979/123/2746
f 2995/123/2762 2947/57/2714 2948/57/2715 2970/57/2737
f 2970/57/2737 2948/57/2715 2949/57/2716 2983/123/2750
f 3003/123/2769 2946/57/2713 2947/57/2714 2995/123/2762
f 3015/123/2781 2944/57/2711 2945/57/2712 3007/123/2773
f 2978/57/2745 2954/57/2721 2953/57/2720 2966/57/2733
f 3007/123/2773 2945/57/2712 2946/57/2713 3003/123/2769
f 2966/57/2733 2953/57/2720 2952/57/2719 2962/57/2729
f 2983/123/2750 2949/57/2716 2950/57/2717 2987/123/2754
f 2962/57/2729 2952/57/2719 2957/57/2724 2994/57/2761
f 2994/57/2761 2957/57/2724 2944/57/2711 3015/123/2781
f 2987/123/2754 2950/57/2717 2951/57/2718 2971/123/2738
f 2979/123/2746 2956/57/2723 2955/57/2722 3011/123/2777
f 2930/57/2697 2982/57/2749 3014/57/2780 2931/57/2698
f 2982/57/2749 2981/57/2748 3013/57/2779 3014/57/2780
f 2981/57/2748 2980/123/2747 3012/123/2778 3013/57/2779
f 2980/123/2747 2979/123/2746 3011/123/2777 3012/123/2778
f 2936/57/2703 2990/57/2757 2974/57/2741 2935/57/2702
f 2990/57/2757 2989/57/2756 2973/57/2740 2974/57/2741
f 2989/57/2756 2988/123/2755 2972/123/2739 2973/57/2740
f 2988/123/2755 2987/123/2754 2971/123/2738 2972/123/2739
f 2943/57/2710 2991/123/2758 3018/57/2784 2942/57/2709
f 2991/123/2758 2992/123/2759 3017/57/2783 3018/57/2784
f 2992/123/2759 2993/57/2760 3016/123/2782 3017/57/2783
f 2993/57/2760 2994/57/2761 3015/123/2781 3016/123/2782
f 2934/57/2701 2959/123/2726 2991/123/2758 2943/57/2710
f 2959/123/2726 2960/123/2727 2992/123/2759 2991/123/2758
f 2960/123/2727 2961/57/2728 2993/57/2760 2992/123/2759
f 2961/57/2728 2962/57/2729 2994/57/2761 2993/57/2760
f 2937/57/2704 2986/57/2753 2990/57/2757 2936/57/2703
f 2986/57/2753 2985/57/2752 2989/57/2756 2990/57/2757
f 2985/57/2752 2984/123/2751 2988/123/2755 2989/57/2756
f 2984/123/2751 2983/123/2750 2987/123/2754 2988/123/2755
f 2933/57/2700 2963/123/2730 2959/123/2726 2934/57/2701
f 2963/123/2730 2964/123/2731 2960/123/2727 2959/123/2726
f 2964/123/2731 2965/57/2732 2961/57/2728 2960/123/2727
f 2965/57/2732 2966/57/2733 2962/57/2729 2961/57/2728
f 2941/57/2708 3010/57/2776 3006/57/2772 2940/57/2707
f 3010/57/2776 3009/57/2775 3005/57/2771 3006/57/2772
f 3009/57/2775 3008/123/2774 3004/123/2770 3005/57/2771
f 3008/123/2774 3007/123/2773 3003/123/2769 3004/123/2770
f 2932/57/2699 2975/123/2742 2963/123/2730 2933/57/2700
f 2975/123/2742 2976/123/2743 2964/123/2731 2963/123/2730
f 2976/123/2743 2977/57/2744 2965/57/2732 2964/123/2731
f 2977/57/2744 2978/57/2745 2966/57/2733 2965/57/2732
f 2942/57/2709 3018/57/2784 3010/57/2776 2941/57/2708
f 3018/57/2784 3017/57/2783 3009/57/2775 3010/57/2776
f 3017/57/2783 3016/123/2782 3008/123/2774 3009/57/2775
f 3016/123/2782 3015/123/2781 3007/123/2773 3008/123/2774
f 2940/57/2707 3006/57/2772 2998/57/2765 2939/57/2706
f 3006/57/2772 3005/57/2771 2997/57/2764 2998/57/2765
f 3005/57/2771 3004/123/2770 2996/123/2763 2997/57/2764
f 3004/123/2770 3003/123/2769 2995/123/2762 2996/123/2763
f 2938/57/2705 2967/123/2734 2986/57/2753 2937/57/2704
f 2967/123/2734 2968/123/2735 2985/57/2752 2986/57/2753
f 2968/123/2735 2969/57/2736 2984/123/2751 2985/57/2752
f 2969/57/2736 2970/57/2737 2983/123/2750 2984/123/2751
f 2939/57/2706 2998/57/2765 2967/123/2734 2938/57/2705
f 2998/57/2765 2997/57/2764 2968/123/2735 2967/123/2734
f 2997/57/2764 2996/123/2763 2969/57/2736 2968/123/2735
f 2996/123/2763 2995/123/2762 2970/57/2737 2969/57/2736
f 2929/57/2696 2999/123/2766 2982/57/2749 2930/57/2697
f 2999/123/2766 3000/123/2767 2981/57/2748 2982/57/2749
f 3000/123/2767 3001/57/2768 2980/123/2747 2981/57/2748
f 3001/57/2768 3002/57/2768 2979/123/2746 2980/123/2747
f 2931/57/2698 3014/57/2780 2975/123/2742 2932/57/2699
f 3014/57/2780 3013/57/2779 2976/123/2743 2975/123/2742
f 3013/57/2779 3012/123/2778 2977/57/2744 2976/123/2743
f 3012/123/2778 3011/123/2777 2978/57/2745 2977/57/2744
f 2935/57/2702 2974/57/2741 2999/123/2766 2929/57/2696
f 2974/57/2741 2973/57/2740 3000/123/2767 2999/123/2766
f 2973/57/2740 2972/123/2739 3001/57/2768 3000/123/2767
f 2972/123/2739 2971/123/2738 3002/57/2768 3001/57/2768
f 3038/57/2804 3021/57/2787 3022/57/2788 3037/57/2803
f 3046/127/2812 3028/57/2794 3027/57/2793 3045/91/2811
f 3054/57/2820 3024/57/2790 3025/57/2791 3053/91/2819
f 3062/57/2828 3026/57/2792 3033/57/2799 3061/57/2827
f 3070/57/2836 3030/57/2796 3029/57/2795 3069/91/2835
f 3061/57/2827 3033/57/2799 3031/57/2797 3077/57/2843
f 3069/91/2835 3029/57/2795 3028/57/2794 3046/127/2812
f 3053/91/2819 3025/57/2791 3026/57/2792 3062/57/2828
f 3077/57/2843 3031/57/2797 3030/57/2796 3070/57/2836
f 3078/125/2844 3023/57/2789 3024/57/2790 3054/57/2820
f 3082/125/2848 3020/57/2786 3021/57/2787 3038/57/2804
f 3045/91/2811 3027/57/2793 3032/57/2798 3089/57/2855
f 3090/57/2856 3019/57/2785 3020/57/2786 3082/125/2848
f 3089/57/2855 3032/57/2798 3019/57/2785 3090/57/2856
f 3037/57/2803 3022/57/2788 3023/57/2789 3078/125/2844
f 2947/57/2714 3034/128/2800 3081/57/2847 2948/57/2715
f 3034/128/2800 3035/124/2801 3080/57/2846 3081/57/2847
f 3035/124/2801 3036/57/2802 3079/124/2845 3080/57/2846
f 3036/57/2802 3037/57/2803 3078/125/2844 3079/124/2845
f 2957/57/2724 3086/57/2852 3093/57/2859 2944/57/2711
f 3086/57/2852 3087/123/2853 3092/91/2858 3093/57/2859
f 3087/123/2853 3088/57/2854 3091/57/2857 3092/91/2858
f 3088/57/2854 3089/57/2855 3090/57/2856 3091/57/2857
f 2944/57/2711 3093/57/2859 3085/57/2851 2945/57/2712
f 3093/57/2859 3092/91/2858 3084/123/2850 3085/57/2851
f 3092/91/2858 3091/57/2857 3083/57/2849 3084/123/2850
f 3091/57/2857 3090/57/2856 3082/125/2848 3083/57/2849
f 2952/57/2719 3042/127/2808 3086/57/2852 2957/57/2724
f 3042/127/2808 3043/57/2809 3087/123/2853 3086/57/2852
f 3043/57/2809 3044/124/2810 3088/57/2854 3087/123/2853
f 3044/124/2810 3045/91/2811 3089/57/2855 3088/57/2854
f 2945/57/2712 3085/57/2851 3041/57/2807 2946/57/2713
f 3085/57/2851 3084/123/2850 3040/57/2806 3041/57/2807
f 3084/123/2850 3083/57/2849 3039/123/2805 3040/57/2806
f 3083/57/2849 3082/125/2848 3038/57/2804 3039/123/2805
f 2948/57/2715 3081/57/2847 3057/57/2823 2949/57/2716
f 3081/57/2847 3080/57/2846 3056/57/2822 3057/57/2823
f 3080/57/2846 3079/124/2845 3055/123/2821 3056/57/2822
f 3079/124/2845 3078/125/2844 3054/57/2820 3055/123/2821
f 2956/57/2723 3074/124/2840 3073/57/2839 2955/57/2722
f 3074/124/2840 3075/57/2841 3072/57/2838 3073/57/2839
f 3075/57/2841 3076/57/2842 3071/124/2837 3072/57/2838
f 3076/57/2842 3077/57/2843 3070/57/2836 3071/124/2837
f 2950/57/2717 3050/57/2816 3065/91/2831 2951/57/2718
f 3050/57/2816 3051/57/2817 3064/57/2830 3065/91/2831
f 3051/57/2817 3052/57/2818 3063/128/2829 3064/57/2830
f 3052/57/2818 3053/91/2819 3062/57/2828 3063/128/2829
f 2954/57/2721 3066/57/2832 3049/127/2815 2953/57/2720
f 3066/57/2832 3067/123/2833 3048/57/2814 3049/127/2815
f 3067/123/2833 3068/128/2834 3047/57/2813 3048/57/2814
f 3068/128/2834 3069/91/2835 3046/127/2812 3047/57/2813
f 2958/57/2725 3058/126/2824 3074/124/2840 2956/57/2723
f 3058/126/2824 3059/125/2825 3075/57/2841 3074/124/2840
f 3059/125/2825 3060/57/2826 3076/57/2842 3075/57/2841
f 3060/57/2826 3061/57/2827 3077/57/2843 3076/57/2842
f 2955/57/2722 3073/57/2839 3066/57/2832 2954/57/2721
f 3073/57/2839 3072/57/2838 3067/123/2833 3066/57/2832
f 3072/57/2838 3071/124/2837 3068/128/2834 3067/123/2833
f 3071/124/2837 3070/57/2836 3069/91/2835 3068/128/2834
f 2951/57/2718 3065/91/2831 3058/126/2824 2958/57/2725
f 3065/91/2831 3064/57/2830 3059/125/2825 3058/126/2824
f 3064/57/2830 3063/128/2829 3060/57/2826 3059/125/2825
f 3063/128/2829 3062/57/2828 3061/57/2827 3060/57/2826
f 2949/57/2716 3057/57/2823 3050/57/2816 2950/57/2717
f 3057/57/2823 3056/57/2822 3051/57/2817 3050/57/2816
f 3056/57/2822 3055/123/2821 3052/57/2818 3051/57/2817
f 3055/123/2821 3054/57/2820 3053/91/2819 3052/57/2818
f 2953/57/2720 3049/127/2815 3042/127/2808 2952/57/2719
f 3049/127/2815 3048/57/2814 3043/57/2809 3042/127/2808
f 3048/57/2814 3047/57/2813 3044/124/2810 3043/57/2809
f 3047/57/2813 3046/127/2812 3045/91/2811 3044/124/2810
f 2946/57/2713 3041/57/2807 3034/128/2800 2947/57/2714
f 3041/57/2807 3040/57/2806 3035/124/2801 3034/128/2800
f 3040/57/2806 3039/123/2805 3036/57/2802 3035/124/2801
f 3039/123/2805 3038/57/2804 3037/57/2803 3036/57/2802
f 3022/57/2788 3097/57/2863 3098/57/2864 3023/57/2789
f 3027/57/2793 3102/57/2868 3107/57/2873 3032/57/2798
f 3024/57/2790 3099/57/2865 3100/57/2866 3025/57/2791
f 3032/57/2798 3107/57/2873 3094/57/2860 3019/57/2785
f 3033/57/2799 3108/57/2874 3106/57/2872 3031/57/2797
f 3021/57/2787 3096/57/2862 3097/57/2863 3022/57/2788
f 3028/57/2794 3103/57/2869 3102/57/2868 3027/57/2793
f 3026/57/2792 3101/57/2867 3108/57/2874 3033/57/2799
f 3030/57/2796 3105/57/2871 3104/57/2870 3029/57/2795
f 3029/57/2795 3104/57/2870 3103/57/2869 3028/57/2794
f 3025/57/2791 3100/57/2866 3101/57/2867 3026/57/2792
f 3031/57/2797 3106/57/2872 3105/57/2871 3030/57/2796
f 3023/57/2789 3098/57/2864 3099/57/2865 3024/57/2790
f 3019/57/2785 3094/57/2860 3095/57/2861 3020/57/2786
f 3020/57/2786 3095/57/2861 3096/57/2862 3021/57/2787
f 3095/57/2861 3110/57/2876 3111/57/2877 3096/57/2862
f 3104/57/2870 3116/57/2882 3115/57/2881 3103/57/2869
f 3105/57/2871 3117/57/2883 3116/57/2882 3104/57/2870
f 3107/57/2873 3119/57/2885 3109/57/2875 3094/57/2860
f 3102/57/2868 3114/57/2880 3119/57/2885 3107/57/2873
f 3106/57/2872 3118/57/2884 3117/57/2883 3105/57/2871
f 3096/57/2862 3111/57/2877 3112/57/2878 3097/57/2863
f 3094/57/2860 3109/57/2875 3110/57/2876 3095/57/2861
f 3103/57/2869 3115/57/2881 3114/57/2880 3102/57/2868
f 3097/57/2863 3112/57/2878 3113/57/2879 3098/57/2864
f 3119/57/2885 3130/57/2896 3120/57/2886 3109/57/2875
f 3117/57/2883 3128/57/2894 3127/57/2893 3116/57/2882
f 3109/57/2875 3120/57/2886 3121/57/2887 3110/57/2876
f 3111/57/2877 3122/57/2888 3123/57/2889 3112/57/2878
f 3110/57/2876 3121/57/2887 3122/57/2888 3111/57/2877
f 3112/57/2878 3123/57/2889 3124/57/2890 3113/57/2879
f 3116/57/2882 3127/57/2893 3126/57/2892 3115/57/2881
f 3114/57/2880 3125/57/2891 3130/57/2896 3119/57/2885
f 3115/57/2881 3126/57/2892 3125/57/2891 3114/57/2880
f 3118/57/2884 3129/57/2895 3128/57/2894 3117/57/2883
f 3129/57/2895 3140/57/2906 3139/57/2905 3128/57/2894
f 3130/57/2896 3141/57/2907 3131/57/2897 3120/57/2886
f 3128/57/2894 3139/57/2905 3138/57/2904 3127/57/2893
f 3120/57/2886 3131/57/2897 3132/57/2898 3121/57/2887
f 3122/57/2888 3133/57/2899 3134/57/2900 3123/57/2889
f 3121/57/2887 3132/57/2898 3133/57/2899 3122/57/2888
f 3123/57/2889 3134/57/2900 3135/57/2901 3124/57/2890
f 3127/57/2893 3138/57/2904 3137/57/2903 3126/57/2892
f 3125/57/2891 3136/57/2902 3141/57/2907 3130/57/2896
f 3126/57/2892 3137/57/2903 3136/57/2902 3125/57/2891
f 3142/129/1026 3144/132/1034 3145/131/1034 3143/130/1026
f 3167/133/1052 3146/136/1032 3147/135/1033 3168/134/1051
f 3146/136/1032 3148/138/1030 3149/137/1031 3147/135/1033
f 3148/138/1030 3150/140/1028 3151/139/1029 3149/137/1031
f 3168/141/1051 3147/144/1033 3149/143/1031 3169/142/1050
f 3150/140/1028 3171/146/1048 3170/145/1049 3151/139/1029
f 3152/147/1027 3142/150/1026 3143/149/1026 3153/148/1027
f 3167/133/1052 3155/133/1040 3156/136/1039 3146/136/1032
f 3150/140/1028 3158/140/1037 3159/146/1036 3171/146/1048
f 3166/75/1047 3154/75/1035 3155/133/1040 3167/133/1052
f 3146/136/1032 3156/136/1039 3157/138/1038 3148/138/1030
f 3171/146/1048 3159/146/1036 3154/151/1035 3166/151/1047
f 3148/138/1030 3157/138/1038 3158/140/1037 3150/140/1028
f 3158/140/1037 3164/140/2912 3165/146/2913 3159/146/1036
f 3156/136/1039 3162/136/2910 3163/138/2911 3157/138/1038
f 3154/75/1035 3160/75/2908 3161/133/2909 3155/133/1040
f 3159/146/1036 3165/146/2913 3160/151/2908 3154/151/1035
f 3157/138/1038 3163/138/2911 3164/140/2912 3158/140/1037
f 3155/133/1040 3161/133/2909 3162/136/2910 3156/136/1039
f 3142/129/1026 3166/75/1047 3167/133/1052 3144/132/1034
f 3145/131/1034 3168/134/1051 3169/152/1050 3143/130/1026
f 3144/132/1034 3167/133/1052 3168/134/1051 3145/131/1034
f 3153/148/1027 3170/145/1049 3171/146/1048 3152/147/1027
f 3152/147/1027 3171/146/1048 3166/151/1047 3142/150/1026
f 3143/149/1026 3169/153/1050 3170/145/1049 3153/148/1027
f 3149/143/1031 3151/155/1029 3170/154/1049 3169/142/1050
f 3172/129/1026 3174/132/1034 3175/131/1034 3173/130/1026
f 3197/133/1052 3176/136/1032 3177/135/1033 3198/134/1051
f 3176/136/1032 3178/138/1030 3179/137/1031 3177/135/1033
f 3178/138/1030 3180/140/1028 3181/139/1029 3179/137/1031
f 3198/141/1051 3177/144/1033 3179/143/1031 3199/142/1050
f 3180/140/1028 3201/146/1048 3200/145/1049 3181/139/1029
f 3182/147/1027 3172/150/1026 3173/149/1026 3183/148/1027
f 3197/133/1052 3185/133/1040 3186/136/1039 3176/136/1032
f 3180/140/1028 3188/140/1037 3189/146/1036 3201/146/1048
f 3196/75/1047 3184/75/1035 3185/133/1040 3197/133/1052
f 3176/136/1032 3186/136/1039 3187/138/1038 3178/138/1030
f 3201/146/1048 3189/146/1036 3184/151/1035 3196/151/1047
f 3178/138/1030 3187/138/1038 3188/140/1037 3180/140/1028
f 3188/140/1037 3194/140/2918 3195/146/2919 3189/146/1036
f 3186/136/1039 3192/136/2916 3193/138/2917 3187/138/1038
f 3184/75/1035 3190/75/2914 3191/133/2915 3185/133/1040
f 3189/146/1036 3195/146/2919 3190/151/2914 3184/151/1035
f 3187/138/1038 3193/138/2917 3194/140/2918 3188/140/1037
f 3185/133/1040 3191/133/2915 3192/136/2916 3186/136/1039
f 3172/129/1026 3196/75/1047 3197/133/1052 3174/132/1034
f 3175/131/1034 3198/134/1051 3199/152/1050 3173/130/1026
f 3174/132/1034 3197/133/1052 3198/134/1051 3175/131/1034
f 3183/148/1027 3200/145/1049 3201/146/1048 3182/147/1027
f 3182/147/1027 3201/146/1048 3196/151/1047 3172/150/1026
f 3173/149/1026 3199/153/1050 3200/145/1049 3183/148/1027
f 3179/143/1031 3181/155/1029 3200/154/1049 3199/142/1050
f 3202/129/1026 3204/132/1034 3205/131/1034 3203/130/1026
f 3227/133/1052 3206/136/1032 3207/135/1033 3228/134/1051
f 3206/136/1032 3208/138/1030 3209/137/1031 3207/135/1033
f 3208/138/1030 3210/140/1028 3211/139/1029 3209/137/1031
f 3228/141/1051 3207/144/1033 3209/143/1031 3229/142/1050
f 3210/140/1028 3231/146/1048 3230/145/1049 3211/139/1029
f 3212/147/1027 3202/150/1026 3203/149/1026 3213/148/1027
f 3227/133/1052 3215/133/1040 3216/136/1039 3206/136/1032
f 3210/140/1028 3218/140/1037 3219/146/1036 3231/146/1048
f 3226/75/1047 3214/75/1035 3215/133/1040 3227/133/1052
f 3206/136/1032 3216/136/1039 3217/138/1038 3208/138/1030
f 3231/146/1048 3219/146/1036 3214/151/1035 3226/151/1047
f 3208/138/1030 3217/138/1038 3218/140/1037 3210/140/1028
f 3218/140/1037 3224/140/2924 3225/146/2925 3219/146/1036
f 3216/136/1039 3222/136/2922 3223/138/2923 3217/138/1038
f 3214/75/1035 3220/75/2920 3221/133/2921 3215/133/1040
f 3219/146/1036 3225/146/2925 3220/151/2920 3214/151/1035
f 3217/138/1038 3223/138/2923 3224/140/2924 3218/140/1037
f 3215/133/1040 3221/133/2921 3222/136/2922 3216/136/1039
f 3202/129/1026 3226/75/1047 3227/133/1052 3204/132/1034
f 3205/131/1034 3228/134/1051 3229/152/1050 3203/130/1026
f 3204/132/1034 3227/133/1052 3228/134/1051 3205/131/1034
f 3213/148/1027 3230/145/1049 3231/146/1048 3212/147/1027
f 3212/147/1027 3231/146/1048 3226/151/1047 3202/150/1026
f 3203/149/1026 3229/153/1050 3230/145/1049 3213/148/1027
f 3209/143/1031 3211/155/1029 3230/154/1049 3229/142/1050
f 3232/129/1026 3234/132/1034 3235/131/1034 3233/130/1026
f 3257/133/2936 3371/157/3035 3367/156/3031 3258/134/2937
f 3236/136/2926 3238/138/1030 3239/137/1031 3237/135/2927
f 3238/138/1030 3240/140/1028 3241/139/1029 3239/137/1031
f 3258/141/2937 3367/158/3031 3237/144/2927 3239/143/1031 3259/142/1050
f 3240/140/1028 3261/146/1048 3260/145/1049 3241/139/1029
f 3242/147/1027 3232/150/1026 3233/149/1026 3243/148/1027
f 3257/133/2936 3245/133/2928 3369/159/3033 3371/157/3035
f 3240/140/1028 3248/140/1037 3249/146/1036 3261/146/1048
f 3256/75/1047 3244/75/1035 3245/133/2928 3257/133/2936
f 3236/136/2926 3246/136/2929 3247/138/1038 3238/138/1030
f 3261/146/1048 3249/146/1036 3244/151/1035 3256/151/1047
f 3238/138/1030 3247/138/1038 3248/140/1037 3240/140/1028
f 3248/140/1037 3254/140/2934 3255/146/2935 3249/146/1036
f 3246/136/2929 3252/136/2932 3253/138/2933 3247/138/1038
f 3244/75/1035 3250/75/2930 3251/133/2931 3245/133/2928
f 3249/146/1036 3255/146/2935 3250/151/2930 3244/151/1035
f 3247/138/1038 3253/138/2933 3254/140/2934 3248/140/1037
f 3245/133/2928 3251/133/2931 3368/160/3032 3369/159/3033
f 3232/129/1026 3256/75/1047 3257/133/2936 3234/132/1034
f 3235/131/1034 3258/134/2937 3259/152/1050 3233/130/1026
f 3234/132/1034 3257/133/2936 3258/134/2937 3235/131/1034
f 3243/148/1027 3260/145/1049 3261/146/1048 3242/147/1027
f 3242/147/1027 3261/146/1048 3256/151/1047 3232/150/1026
f 3233/149/1026 3259/153/1050 3260/145/1049 3243/148/1027
f 3239/143/1031 3241/155/1029 3260/154/1049 3259/142/1050
f 3262/129/1077 3264/132/1086 3265/131/1087 3263/130/1026
f 3287/133/2954 3266/136/2938 3267/135/2939 3288/134/2955
f 3266/136/2938 3268/138/1082 3269/137/1083 3267/135/2939
f 3268/138/1082 3270/140/2940 3271/139/2941 3269/137/1083
f 3288/141/2955 3267/144/2939 3269/143/1083 3289/142/1050
f 3270/140/2940 3375/162/3039 3379/161/3043 3271/139/2941
f 3272/147/1078 3262/150/1077 3263/149/1026 3273/148/1079
f 3293/163/2959 3275/133/2943 3276/136/2944 3292/136/2958
f 3295/164/2961 3278/140/2946 3374/166/3038 3378/165/3042
f 3296/75/1109 3274/75/2942 3275/133/2943 3293/163/2959
f 3292/136/2958 3276/136/2944 3277/138/2945 3297/167/1110
f 3294/119/2960 3279/146/2947 3274/151/2942 3296/168/1109
f 3297/167/1110 3277/138/2945 3278/140/2946 3295/164/2961
f 3164/140/2912 3276/136/2944 3275/133/2943 3165/146/2913
f 3191/133/2915 3225/146/2925 3224/140/2924 3192/136/2916
f 3276/136/2944 3281/136/2949 3311/138/2975 3277/138/2945
f 3191/133/2915 3299/133/2963 3225/146/2925
f 3161/133/2909 3195/146/2919 3194/140/2918 3162/136/2910
f 3221/133/2921 3255/146/2935 3254/140/2934 3222/136/2922
f 3262/129/1077 3286/75/1100 3287/133/2954 3264/132/1086
f 3265/131/1087 3288/134/2955 3289/152/1050 3263/130/1026
f 3264/132/1086 3287/133/2954 3288/134/2955 3265/131/1087
f 3273/148/1079 3290/145/2956 3291/146/2957 3272/147/1078
f 3272/147/1078 3291/146/2957 3286/151/1100 3262/150/1077
f 3263/149/1026 3289/153/1050 3290/145/2956 3273/148/1079
f 3269/143/1083 3271/155/2941 3379/169/3043 3290/154/2956 3289/142/1050
f 3268/138/1082 3297/167/1110 3295/164/2961 3270/140/2940
f 3291/146/2957 3294/119/2960 3296/168/1109 3286/151/1100
f 3266/136/2938 3292/136/2958 3297/167/1110 3268/138/1082
f 3286/75/1100 3296/75/1109 3293/163/2959 3287/133/2954
f 3270/140/2940 3295/164/2961 3378/165/3042 3375/162/3039
f 3287/133/2954 3293/163/2959 3292/136/2958 3266/136/2938
f 3255/146/2935 3303/146/2967 3306/151/2970 3250/151/2930
f 3161/133/2909 3284/133/2952 3195/146/2919
f 3277/138/2945 3311/138/2975 3312/140/2976 3278/140/2946
f 3278/140/2946 3312/140/2976 3372/170/3036 3374/166/3038
f 3164/140/2912 3281/140/2949 3276/136/2944
f 3279/146/2947 3313/146/2977 3310/151/2974 3274/151/2942
f 3275/133/2943 3280/133/2948 3165/146/2913
f 3160/75/2908 3285/75/2953 3284/133/2952 3161/133/2909
f 3194/140/2918 3283/140/2951 3162/136/2910
f 3224/140/2924 3300/140/2964 3192/136/2916
f 3190/75/2914 3298/75/2962 3299/133/2963 3191/133/2915
f 3162/136/2910 3283/136/2951 3282/138/2950 3163/138/2911
f 3254/140/2934 3304/140/2968 3222/136/2922
f 3220/75/2920 3302/75/2966 3303/133/2967 3221/133/2921
f 3163/138/2911 3282/138/2950 3281/140/2949 3164/140/2912
f 3192/136/2916 3300/136/2964 3301/138/2965 3193/138/2917
f 3250/75/2930 3306/75/2970 3307/133/2971 3251/133/2931
f 3193/138/2917 3301/138/2965 3283/140/2951 3194/140/2918
f 3222/136/2922 3304/136/2968 3305/138/2969 3223/138/2923
f 3165/146/2913 3280/146/2948 3285/151/2953 3160/151/2908
f 3251/133/2931 3307/133/2971 3365/171/3029 3368/160/3032
f 3223/138/2923 3305/138/2969 3300/140/2964 3224/140/2924
f 3252/136/2932 3308/136/2972 3309/138/2973 3253/138/2933
f 3195/146/2919 3284/146/2952 3298/151/2962 3190/151/2914
f 3274/75/2942 3310/75/2974 3280/133/2948 3275/133/2943
f 3253/138/2933 3309/138/2973 3304/140/2968 3254/140/2934
f 3221/133/2921 3303/133/2967 3255/146/2935
f 3225/146/2925 3299/146/2963 3302/151/2966 3220/151/2920
f 3299/146/2963 3317/146/2981 3302/151/2966
f 3302/75/2966 3317/75/2981 3303/133/2967
f 3305/138/2969 3318/138/2982 3300/140/2964
f 3303/146/2967 3317/146/2981 3321/151/2985
f 3306/75/2970 3321/75/2985 3322/133/2986 3307/133/2971
f 3301/138/2965 3319/138/2983 3283/140/2951
f 3309/138/2973 3324/138/2988 3304/140/2968
f 3282/138/2950 3315/138/2979 3281/140/2949
f 3307/133/2971 3322/133/2986 3351/172/3015 3365/171/3029
f 3308/136/2972 3323/136/2987 3324/138/2988 3309/138/2973
f 3281/136/2949 3315/136/2979 3326/138/2990
f 3284/146/2952 3314/146/2978 3316/151/2980
f 3311/138/2975 3326/138/2990 3327/140/2991 3312/140/2976
f 3280/146/2948 3314/146/2978 3285/151/2953
f 3298/75/2962 3316/75/2980 3299/133/2963
f 3312/140/2976 3327/140/2991 3376/173/3040 3372/170/3036
f 3285/75/2953 3314/75/2978 3284/133/2952
f 3300/136/2964 3318/136/2982 3319/138/2983
f 3310/75/2974 3325/75/2989 3320/174/2984 3280/133/2948
f 3313/146/2977 3328/146/2992 3325/151/2989 3310/151/2974
f 3320/174/2984 3314/133/2978 3280/133/2948
f 3316/151/2980 3298/151/2962 3284/146/2952
f 3316/75/2980 3317/133/2981 3299/133/2963
f 3321/151/2985 3306/151/2970 3303/146/2967
f 3326/138/2990 3311/138/2975 3281/136/2949
f 3315/138/2979 3282/138/2950 3283/136/2951
f 3319/138/2983 3315/140/2979 3283/140/2951
f 3319/138/2983 3301/138/2965 3300/136/2964
f 3318/138/2982 3305/138/2969 3304/136/2968
f 3324/138/2988 3318/140/2982 3304/140/2968
f 3324/138/2988 3339/138/3003 3333/140/2997 3318/140/2982
f 3318/136/2982 3333/136/2997 3334/138/2998 3319/138/2983
f 3325/75/2989 3340/75/3004 3335/174/2999 3320/174/2984
f 3315/136/2979 3330/136/2994 3341/138/3005 3326/138/2990
f 3321/75/2985 3336/75/3000 3337/133/3001 3322/133/2986
f 3314/146/2978 3329/146/2993 3331/151/2995 3316/151/2980
f 3322/133/2986 3337/133/3001 3370/175/3034 3351/172/3015
f 3319/138/2983 3334/138/2998 3330/140/2994 3315/140/2979
f 3323/136/2987 3338/136/3002 3339/138/3003 3324/138/2988
f 3320/174/2984 3335/174/2999 3329/133/2993 3314/133/2978
f 3326/138/2990 3341/138/3005 3342/140/3006 3327/140/2991
f 3327/140/2991 3342/140/3006 3373/176/3037 3376/173/3040
f 3316/75/2980 3331/75/2995 3332/133/2996 3317/133/2981
f 3317/146/2981 3332/146/2996 3336/151/3000 3321/151/2985
f 3328/146/2992 3343/146/3007 3340/151/3004 3325/151/2989
f 3352/133/3016 3347/133/3011 3099/57/2865 3361/177/3025
f 3340/75/3004 3355/75/3019 3350/174/3014 3335/174/2999
f 3337/133/3001 3352/133/3016 3366/178/3030 3370/175/3034
f 3337/133/3001 3336/151/3000 3332/133/2996 3347/133/3011 3352/133/3016
f 3338/136/3002 3353/136/3017 3354/138/3018 3339/138/3003
f 3329/146/2993 3344/146/3008 3346/151/3010 3331/151/2995
f 3341/138/3005 3356/138/3020 3357/140/3021 3342/140/3006
f 3339/138/3003 3354/138/3018 3348/140/3012 3333/140/2997
f 3342/140/3006 3357/140/3021 3377/179/3041 3373/176/3037
f 3334/138/2998 3349/138/3013 3345/140/3009 3330/140/2994
f 3343/146/3007 3358/146/3022 3355/151/3019 3340/151/3004
f 3331/75/2995 3346/75/3010 3347/133/3011 3332/133/2996
f 3330/136/2994 3345/136/3009 3356/138/3020 3341/138/3005
f 3333/136/2997 3348/136/3012 3349/138/3013 3334/138/2998
f 3335/174/2999 3350/174/3014 3344/133/3008 3329/133/2993
f 3099/57/2865 3098/57/2864 3113/57/2879 3361/177/3025
f 3106/57/2872 3108/57/2874 3363/180/3027 3118/57/2884
f 3113/57/2879 3124/57/2890 3362/181/3026 3361/177/3025
f 3381/182/3045 3359/103/3023 3348/140/3012 3354/138/3018
f 3363/180/3027 3364/183/3028 3129/57/2895 3118/57/2884
f 3364/183/3028 3360/103/3024 3140/57/2906 3129/57/2895
f 3355/103/3019 3108/57/2874 3101/57/2867 3344/103/3008
f 3100/57/2866 3346/151/3010 3344/146/3008 3101/57/2867
f 3099/57/2865 3347/133/3011 3346/75/3010 3100/57/2866
f 3352/133/3016 3361/177/3025 3362/181/3026 3366/178/3030
f 3370/175/3034 3338/136/3002 3323/136/2987 3351/172/3015
f 3366/178/3030 3353/136/3017 3338/136/3002 3370/175/3034
f 3368/160/3032 3252/136/2932 3246/136/2929 3369/159/3033
f 3365/171/3029 3308/136/2972 3252/136/2932 3368/160/3032
f 3371/157/3035 3236/136/2926 3237/135/2927 3367/156/3031
f 3369/159/3033 3246/136/2929 3236/136/2926 3371/157/3035
f 3351/172/3015 3323/136/2987 3308/136/2972 3365/171/3029
f 3108/57/2874 3350/103/3014 3358/103/3022 3363/180/3027
f 3373/176/3037 3343/146/3007 3328/146/2992 3376/173/3040
f 3376/173/3040 3328/146/2992 3313/146/2977 3372/170/3036
f 3378/165/3042 3294/119/2960 3291/146/2957 3375/162/3039
f 3372/170/3036 3313/146/2977 3279/146/2947 3374/166/3038
f 3377/179/3041 3358/146/3022 3343/146/3007 3373/176/3037
f 3374/166/3038 3279/146/2947 3294/119/2960 3378/165/3042
f 3375/162/3039 3291/146/2957 3290/145/2956 3379/161/3043
f 3377/179/3041 3364/183/3028 3363/180/3027 3358/103/3022
f 3364/183/3028 3377/179/3041 3357/140/3021 3360/103/3024
f 3380/184/3044 3381/182/3045 3354/138/3018 3353/136/3017
f 3348/140/3012 3359/103/3023 3382/103/3046 3349/138/3013
f 3357/140/3021 3356/138/3020 3360/103/3024
f 3366/178/3030 3362/181/3026 3380/184/3044 3353/136/3017
f 3382/103/3046 3383/103/3047 3345/136/3009 3349/138/3013
f 3383/103/3047 3360/103/3024 3356/138/3020 3345/136/3009
f 3135/57/2901 3359/103/3023 3381/182/3045 3380/184/3044 3362/181/3026 3124/57/2890
f 3359/103/3023 3388/103/3052 3382/103/3046
f 3133/57/2899 3386/57/3050 3387/57/3051 3134/57/2900
f 3136/57/2902 3389/57/3053 3394/57/3058 3141/57/2907
f 3138/57/2904 3391/57/3055 3390/57/3054 3137/57/2903
f 3382/103/3046 3388/103/3052 3393/103/3057 3383/103/3047
f 3140/57/2906 3393/57/3057 3392/57/3056 3139/57/2905
f 3131/57/2897 3384/57/3048 3385/57/3049 3132/57/2898
f 3360/103/3024 3393/103/3057 3140/57/2906
f 3383/103/3047 3393/103/3057 3360/103/3024
f 3135/57/2901 3388/57/3052 3359/103/3023
f 3134/57/2900 3387/57/3051 3388/57/3052 3135/57/2901
f 3137/57/2903 3390/57/3054 3389/57/3053 3136/57/2902
f 3139/57/2905 3392/57/3056 3391/57/3055 3138/57/2904
f 3141/57/2907 3394/57/3058 3384/57/3048 3131/57/2897
f 3132/57/2898 3385/57/3049 3386/57/3050 3133/57/2899
f 3394/57/3058 3389/57/3053 3400/185/3064 3384/57/3048
f 3355/75/3019 3358/103/3022 3350/174/3014
f 3387/57/3051 3386/57/3050 3396/57/3060
f 3389/57/3053 3390/57/3054 3400/185/3064
f 3391/57/3055 3392/57/3056 3393/57/3057 3397/57/3061
f 3395/186/3059 3388/103/3052 3387/57/3051
f 3393/57/3057 3388/103/3052 3395/186/3059
f 3398/187/3062 3395/186/3059 3387/57/3051 3396/57/3060
f 3397/57/3061 3393/57/3057 3395/186/3059 3398/187/3062
f 3386/57/3050 3385/57/3049 3396/57/3060
f 3399/188/3063 3398/187/3062 3396/57/3060 3385/57/3049
f 3391/57/3055 3397/57/3061 3398/187/3062 3399/188/3063
f 3400/185/3064 3399/188/3063 3385/57/3049 3384/57/3048
f 3390/57/3054 3391/57/3055 3399/188/3063 3400/185/3064
f 3427/189/3091 3402/152/3066 3404/134/3068 3428/190/3092
f 3428/190/3092 3404/134/3068 3406/135/3070 3429/191/3093
f 3429/191/3093 3406/135/3070 3408/137/3072 3430/192/3094
f 3430/192/3094 3408/137/3072 3410/139/3074 3431/193/3095
f 3431/193/3095 3410/139/3074 3412/145/3076 3432/194/3096
f 3432/194/3096 3412/145/3076 3402/153/3066 3427/195/3091
f 3443/196/3107 3424/199/3088 3413/198/3077 3461/197/3125
f 3438/200/3102 3423/203/3087 3414/202/3078 3433/201/3097
f 3442/204/3106 3422/205/3086 3424/199/3088 3443/196/3107
f 3437/206/3101 3421/207/3085 3423/203/3087 3438/200/3102
f 3441/208/3105 3420/209/3084 3422/205/3086 3442/204/3106
f 3436/210/3100 3419/211/3083 3421/207/3085 3437/206/3101
f 3460/212/3124 3418/213/3082 3420/209/3084 3441/208/3105
f 3435/214/3099 3417/215/3081 3419/211/3083 3436/210/3100
f 3439/216/3103 3416/217/3080 3418/213/3082 3460/212/3124
f 3434/218/3098 3415/219/3079 3417/215/3081 3435/214/3099
f 3461/220/3125 3413/221/3077 3416/217/3080 3439/216/3103
f 3433/222/3097 3414/223/3078 3415/219/3079 3434/218/3098
f 3407/224/3071 3409/226/3073 3426/225/3090
f 3458/227/3122 3457/229/3121 3425/228/3089
f 3457/229/3121 3459/230/3123 3425/228/3089
f 3411/231/3075 3458/227/3122 3425/228/3089 3426/225/3090
f 3409/226/3073 3411/231/3075 3426/225/3090
f 3459/230/3123 3407/224/3071 3426/225/3090 3425/228/3089
f 3449/232/3113 3432/194/3096 3427/195/3091 3450/233/3114
f 3448/234/3112 3431/193/3095 3432/194/3096 3449/232/3113
f 3447/235/3111 3430/192/3094 3431/193/3095 3448/234/3112
f 3446/236/3110 3429/191/3093 3430/192/3094 3447/235/3111
f 3445/237/3109 3428/190/3092 3429/191/3093 3446/236/3110
f 3450/238/3114 3427/189/3091 3428/190/3092 3445/237/3109
f 3456/239/3120 3433/222/3097 3434/218/3098 3451/240/3115
f 3451/240/3115 3434/218/3098 3435/214/3099 3452/241/3116
f 3452/241/3116 3435/214/3099 3436/210/3100 3453/242/3117
f 3453/242/3117 3436/210/3100 3437/206/3101 3454/243/3118
f 3454/243/3118 3437/206/3101 3438/200/3102 3455/244/3119
f 3455/244/3119 3438/200/3102 3433/201/3097 3456/245/3120
f 3401/246/3065 3444/249/3108 3462/248/3126 3403/247/3067
f 3403/247/3067 3462/248/3126 3440/251/3104 3405/250/3069
f 3459/230/3123 3460/212/3124 3441/208/3105 3407/224/3071
f 3407/224/3071 3441/208/3105 3442/204/3106 3409/226/3073
f 3409/226/3073 3442/204/3106 3443/196/3107 3411/231/3075
f 3411/231/3075 3443/196/3107 3461/197/3125 3458/227/3122
f 3414/223/3078 3450/238/3114 3445/237/3109 3415/219/3079
f 3415/219/3079 3445/237/3109 3446/236/3110 3417/215/3081
f 3417/215/3081 3446/236/3110 3447/235/3111 3419/211/3083
f 3419/211/3083 3447/235/3111 3448/234/3112 3421/207/3085
f 3421/207/3085 3448/234/3112 3449/232/3113 3423/203/3087
f 3423/203/3087 3449/232/3113 3450/233/3114 3414/202/3078
f 3424/199/3088 3455/244/3119 3456/245/3120 3413/198/3077
f 3422/205/3086 3454/243/3118 3455/244/3119 3424/199/3088
f 3420/209/3084 3453/242/3117 3454/243/3118 3422/205/3086
f 3418/213/3082 3452/241/3116 3453/242/3117 3420/209/3084
f 3416/217/3080 3451/240/3115 3452/241/3116 3418/213/3082
f 3413/221/3077 3456/239/3120 3451/240/3115 3416/217/3080
f 3401/246/3065 3403/247/3067 3457/229/3121 3458/252/3122
f 3403/247/3067 3405/250/3069 3459/230/3123 3457/229/3121
f 3405/250/3069 3440/251/3104 3460/212/3124 3459/230/3123
f 3444/249/3108 3401/246/3065 3458/252/3122 3461/220/3125
f 3462/248/3126 3444/249/3108 3461/220/3125 3439/216/3103
f 3440/251/3104 3462/248/3126 3439/216/3103 3460/212/3124
f 3489/189/3134 3464/152/3127 3466/134/3128 3490/190/3135
f 3490/190/3135 3466/134/3128 3468/135/3129 3491/191/3093
f 3491/191/3093 3468/135/3129 3470/137/3130 3492/192/3094
f 3492/192/3094 3470/137/3130 3472/139/3131 3493/193/3095
f 3493/193/3095 3472/139/3131 3474/145/3132 3494/194/3136
f 3494/194/3136 3474/145/3132 3464/153/3127 3489/195/3134
f 3505/196/3107 3486/199/3088 3475/198/3077 3523/197/3125
f 3500/200/3102 3485/203/3087 3476/202/3078 3495/201/3137
f 3504/204/3106 3484/205/3086 3486/199/3088 3505/196/3107
f 3499/206/3101 3483/207/3085 3485/203/3087 3500/200/3102
f 3503/208/3105 3482/209/3084 3484/205/3086 3504/204/3106
f 3498/210/3100 3481/211/3083 3483/207/3085 3499/206/3101
f 3522/212/3142 3480/213/3082 3482/209/3084 3503/208/3105
f 3497/214/3099 3479/215/3133 3481/211/3083 3498/210/3100
f 3501/216/3138 3478/217/3080 3480/213/3082 3522/212/3142
f 3496/218/3098 3477/219/3079 3479/215/3133 3497/214/3099
f 3523/220/3125 3475/221/3077 3478/217/3080 3501/216/3138
f 3495/222/3137 3476/223/3078 3477/219/3079 3496/218/3098
f 3469/224/3071 3471/226/3073 3488/225/3090
f 3520/227/3122 3519/229/3141 3487/228/3089
f 3519/229/3141 3521/230/3123 3487/228/3089
f 3473/231/3075 3520/227/3122 3487/228/3089 3488/225/3090
f 3471/226/3073 3473/231/3075 3488/225/3090
f 3521/230/3123 3469/224/3071 3488/225/3090 3487/228/3089
f 3511/232/3139 3494/194/3136 3489/195/3134 3512/233/3114
f 3510/234/3112 3493/193/3095 3494/194/3136 3511/232/3139
f 3509/235/3111 3492/192/3094 3493/193/3095 3510/234/3112
f 3508/236/3110 3491/191/3093 3492/192/3094 3509/235/3111
f 3507/237/3109 3490/190/3135 3491/191/3093 3508/236/3110
f 3512/238/3114 3489/189/3134 3490/190/3135 3507/237/3109
f 3518/239/3120 3495/222/3137 3496/218/3098 3513/240/3115
f 3513/240/3115 3496/218/3098 3497/214/3099 3514/241/3116
f 3514/241/3116 3497/214/3099 3498/210/3100 3515/242/3117
f 3515/242/3117 3498/210/3100 3499/206/3101 3516/243/3118
f 3516/243/3118 3499/206/3101 3500/200/3102 3517/244/3140
f 3517/244/3140 3500/200/3102 3495/201/3137 3518/245/3120
f 3463/246/3065 3506/249/3108 3524/248/3126 3465/247/3067
f 3465/247/3067 3524/248/3126 3502/251/3104 3467/250/3069
f 3521/230/3123 3522/212/3142 3503/208/3105 3469/224/3071
f 3469/224/3071 3503/208/3105 3504/204/3106 3471/226/3073
f 3471/226/3073 3504/204/3106 3505/196/3107 3473/231/3075
f 3473/231/3075 3505/196/3107 3523/197/3125 3520/227/3122
f 3476/223/3078 3512/238/3114 3507/237/3109 3477/219/3079
f 3477/219/3079 3507/237/3109 3508/236/3110 3479/215/3133
f 3479/215/3133 3508/236/3110 3509/235/3111 3481/211/3083
f 3481/211/3083 3509/235/3111 3510/234/3112 3483/207/3085
f 3483/207/3085 3510/234/3112 3511/232/3139 3485/203/3087
f 3485/203/3087 3511/232/3139 3512/233/3114 3476/202/3078
f 3486/199/3088 3517/244/3140 3518/245/3120 3475/198/3077
f 3484/205/3086 3516/243/3118 3517/244/3140 3486/199/3088
f 3482/209/3084 3515/242/3117 3516/243/3118 3484/205/3086
f 3480/213/3082 3514/241/3116 3515/242/3117 3482/209/3084
f 3478/217/3080 3513/240/3115 3514/241/3116 3480/213/3082
f 3475/221/3077 3518/239/3120 3513/240/3115 3478/217/3080
f 3463/246/3065 3465/247/3067 3519/229/3141 3520/252/3122
f 3465/247/3067 3467/250/3069 3521/230/3123 3519/229/3141
f 3467/250/3069 3502/251/3104 3522/212/3142 3521/230/3123
f 3506/249/3108 3463/246/3065 3520/252/3122 3523/220/3125
f 3524/248/3126 3506/249/3108 3523/220/3125 3501/216/3138
f 3502/251/3104 3524/248/3126 3501/216/3138 3522/212/3142
f 3551/189/3091 3526/152/3144 3528/134/3145 3552/190/3092
f 3552/190/3092 3528/134/3145 3530/135/3146 3553/191/3093
f 3553/191/3093 3530/135/3146 3532/137/3147 3554/192/3094
f 3554/192/3094 3532/137/3147 3534/139/3148 3555/193/3095
f 3555/193/3095 3534/139/3148 3536/145/3149 3556/194/3096
f 3556/194/3096 3536/145/3149 3526/153/3144 3551/195/3091
f 3567/196/3107 3548/199/3088 3537/198/3077 3585/197/3125
f 3562/200/3102 3547/203/3087 3538/202/3078 3557/201/3097
f 3566/204/3106 3546/205/3086 3548/199/3088 3567/196/3107
f 3561/206/3101 3545/207/3085 3547/203/3087 3562/200/3102
f 3565/208/3105 3544/209/3084 3546/205/3086 3566/204/3106
f 3560/210/3100 3543/211/3083 3545/207/3085 3561/206/3101
f 3584/212/3142 3542/213/3152 3544/209/3084 3565/208/3105
f 3559/214/3099 3541/215/3151 3543/211/3083 3560/210/3100
f 3563/216/3138 3540/217/3150 3542/213/3152 3584/212/3142
f 3558/218/3098 3539/219/3079 3541/215/3151 3559/214/3099
f 3585/220/3125 3537/221/3077 3540/217/3150 3563/216/3138
f 3557/222/3097 3538/223/3078 3539/219/3079 3558/218/3098
f 3531/224/3071 3533/226/3073 3550/225/3090
f 3582/227/3122 3581/229/3141 3549/228/3153
f 3581/229/3141 3583/230/3123 3549/228/3153
f 3535/231/3075 3582/227/3122 3549/228/3153 3550/225/3090
f 3533/226/3073 3535/231/3075 3550/225/3090
f 3583/230/3123 3531/224/3071 3550/225/3090 3549/228/3153
f 3573/232/3139 3556/194/3096 3551/195/3091 3574/233/3114
f 3572/234/3112 3555/193/3095 3556/194/3096 3573/232/3139
f 3571/235/3111 3554/192/3094 3555/193/3095 3572/234/3112
f 3570/236/3110 3553/191/3093 3554/192/3094 3571/235/3111
f 3569/237/3109 3552/190/3092 3553/191/3093 3570/236/3110
f 3574/238/3114 3551/189/3091 3552/190/3092 3569/237/3109
f 3580/239/3120 3557/222/3097 3558/218/3098 3575/240/3115
f 3575/240/3115 3558/218/3098 3559/214/3099 3576/241/3116
f 3576/241/3116 3559/214/3099 3560/210/3100 3577/242/3117
f 3577/242/3117 3560/210/3100 3561/206/3101 3578/243/3118
f 3578/243/3118 3561/206/3101 3562/200/3102 3579/244/3140
f 3579/244/3140 3562/200/3102 3557/201/3097 3580/245/3120
f 3525/246/3143 3568/249/3154 3586/248/3126 3527/247/3067
f 3527/247/3067 3586/248/3126 3564/251/3104 3529/250/3069
f 3583/230/3123 3584/212/3142 3565/208/3105 3531/224/3071
f 3531/224/3071 3565/208/3105 3566/204/3106 3533/226/3073
f 3533/226/3073 3566/204/3106 3567/196/3107 3535/231/3075
f 3535/231/3075 3567/196/3107 3585/197/3125 3582/227/3122
f 3538/223/3078 3574/238/3114 3569/237/3109 3539/219/3079
f 3539/219/3079 3569/237/3109 3570/236/3110 3541/215/3151
f 3541/215/3151 3570/236/3110 3571/235/3111 3543/211/3083
f 3543/211/3083 3571/235/3111 3572/234/3112 3545/207/3085
f 3545/207/3085 3572/234/3112 3573/232/3139 3547/203/3087
f 3547/203/3087 3573/232/3139 3574/233/3114 3538/202/3078
f 3548/199/3088 3579/244/3140 3580/245/3120 3537/198/3077
f 3546/205/3086 3578/243/3118 3579/244/3140 3548/199/3088
f 3544/209/3084 3577/242/3117 3578/243/3118 3546/205/3086
f 3542/213/3152 3576/241/3116 3577/242/3117 3544/209/3084
f 3540/217/3150 3575/240/3115 3576/241/3116 3542/213/3152
f 3537/221/3077 3580/239/3120 3575/240/3115 3540/217/3150
f 3525/246/3143 3527/247/3067 3581/229/3141 3582/252/3122
f 3527/247/3067 3529/250/3069 3583/230/3123 3581/229/3141
f 3529/250/3069 3564/251/3104 3584/212/3142 3583/230/3123
f 3568/249/3154 3525/246/3143 3582/252/3122 3585/220/3125
f 3586/248/3126 3568/249/3154 3585/220/3125 3563/216/3138
f 3564/251/3104 3586/248/3126 3563/216/3138 3584/212/3142
f 3613/189/3091 3588/152/3155 3590/134/3156 3614/190/3092
f 3614/190/3092 3590/134/3156 3592/135/3157 3615/191/3162
f 3615/191/3162 3592/135/3157 3594/137/3158 3616/192/3094
f 3616/192/3094 3594/137/3158 3596/139/3159 3617/193/3095
f 3617/193/3095 3596/139/3159 3598/145/3160 3618/194/3096
f 3618/194/3096 3598/145/3160 3588/153/3155 3613/195/3091
f 3629/196/3107 3610/199/3088 3599/198/3077 3647/197/3125
f 3624/200/3102 3609/203/3087 3600/202/3078 3619/201/3137
f 3628/204/3106 3608/205/3086 3610/199/3088 3629/196/3107
f 3623/206/3164 3607/207/3085 3609/203/3087 3624/200/3102
f 3627/208/3105 3606/209/3161 3608/205/3086 3628/204/3106
f 3622/210/3163 3605/211/3083 3607/207/3085 3623/206/3164
f 3646/212/3142 3604/213/3082 3606/209/3161 3627/208/3105
f 3621/214/3099 3603/215/3081 3605/211/3083 3622/210/3163
f 3625/216/3138 3602/217/3080 3604/213/3082 3646/212/3142
f 3620/218/3098 3601/219/3079 3603/215/3081 3621/214/3099
f 3647/220/3125 3599/221/3077 3602/217/3080 3625/216/3138
f 3619/222/3137 3600/223/3078 3601/219/3079 3620/218/3098
f 3593/224/3071 3595/226/3073 3612/225/3090
f 3644/227/3122 3643/229/3141 3611/228/3153
f 3643/229/3141 3645/230/3123 3611/228/3153
f 3597/231/3075 3644/227/3122 3611/228/3153 3612/225/3090
f 3595/226/3073 3597/231/3075 3612/225/3090
f 3645/230/3123 3593/224/3071 3612/225/3090 3611/228/3153
f 3635/232/3139 3618/194/3096 3613/195/3091 3636/233/3114
f 3634/234/3112 3617/193/3095 3618/194/3096 3635/232/3139
f 3633/235/3111 3616/192/3094 3617/193/3095 3634/234/3112
f 3632/236/3110 3615/191/3162 3616/192/3094 3633/235/3111
f 3631/237/3109 3614/190/3092 3615/191/3162 3632/236/3110
f 3636/238/3114 3613/189/3091 3614/190/3092 3631/237/3109
f 3642/239/3120 3619/222/3137 3620/218/3098 3637/240/3115
f 3637/240/3115 3620/218/3098 3621/214/3099 3638/241/3116
f 3638/241/3116 3621/214/3099 3622/210/3163 3639/242/3165
f 3639/242/3165 3622/210/3163 3623/206/3164 3640/243/3118
f 3640/243/3118 3623/206/3164 3624/200/3102 3641/244/3140
f 3641/244/3140 3624/200/3102 3619/201/3137 3642/245/3120
f 3587/246/3065 3630/249/3154 3648/248/3166 3589/247/3067
f 3589/247/3067 3648/248/3166 3626/251/3104 3591/250/3069
f 3645/230/3123 3646/212/3142 3627/208/3105 3593/224/3071
f 3593/224/3071 3627/208/3105 3628/204/3106 3595/226/3073
f 3595/226/3073 3628/204/3106 3629/196/3107 3597/231/3075
f 3597/231/3075 3629/196/3107 3647/197/3125 3644/227/3122
f 3600/223/3078 3636/238/3114 3631/237/3109 3601/219/3079
f 3601/219/3079 3631/237/3109 3632/236/3110 3603/215/3081
f 3603/215/3081 3632/236/3110 3633/235/3111 3605/211/3083
f 3605/211/3083 3633/235/3111 3634/234/3112 3607/207/3085
f 3607/207/3085 3634/234/3112 3635/232/3139 3609/203/3087
f 3609/203/3087 3635/232/3139 3636/233/3114 3600/202/3078
f 3610/199/3088 3641/244/3140 3642/245/3120 3599/198/3077
f 3608/205/3086 3640/243/3118 3641/244/3140 3610/199/3088
f 3606/209/3161 3639/242/3165 3640/243/3118 3608/205/3086
f 3604/213/3082 3638/241/3116 3639/242/3165 3606/209/3161
f 3602/217/3080 3637/240/3115 3638/241/3116 3604/213/3082
f 3599/221/3077 3642/239/3120 3637/240/3115 3602/217/3080
f 3587/246/3065 3589/247/3067 3643/229/3141 3644/252/3122
f 3589/247/3067 3591/250/3069 3645/230/3123 3643/229/3141
f 3591/250/3069 3626/251/3104 3646/212/3142 3645/230/3123
f 3630/249/3154 3587/246/3065 3644/252/3122 3647/220/3125
f 3648/248/3166 3630/249/3154 3647/220/3125 3625/216/3138
f 3626/251/3104 3648/248/3166 3625/216/3138 3646/212/3142
f 3683/196/3201 3666/199/3184 3655/198/3173 3701/197/3219
f 3678/200/3196 3665/203/3183 3656/202/3174 3673/201/3191
f 3682/204/3200 3664/205/3182 3666/199/3184 3683/196/3201
f 3677/206/3195 3663/207/3181 3665/203/3183 3678/200/3196
f 3681/208/3199 3662/209/3180 3664/205/3182 3682/204/3200
f 3676/210/3194 3661/211/3179 3663/207/3181 3677/206/3195
f 3700/212/3218 3660/213/3178 3662/209/3180 3681/208/3199
f 3675/214/3193 3659/215/3177 3661/211/3179 3676/210/3194
f 3679/216/3197 3658/217/3176 3660/213/3178 3700/212/3218
f 3674/218/3192 3657/219/3175 3659/215/3177 3675/214/3193
f 3701/220/3219 3655/221/3173 3658/217/3176 3679/216/3197
f 3673/222/3191 3656/223/3174 3657/219/3175 3674/218/3192
f 3652/224/3170 3653/226/3171 3668/225/3186
f 3698/227/3216 3697/229/3215 3667/228/3185
f 3697/229/3215 3699/230/3217 3667/228/3185
f 3654/231/3172 3698/227/3216 3667/228/3185 3668/225/3186
f 3653/226/3171 3654/231/3172 3668/225/3186
f 3699/230/3217 3652/224/3170 3668/225/3186 3667/228/3185
f 3689/232/3207 3672/194/3190 3669/195/3187 3690/233/3208
f 3688/234/3206 3671/193/3189 3672/194/3190 3689/232/3207
f 3687/235/3205 3670/192/3188 3671/193/3189 3688/234/3206
f 3696/239/3214 3673/222/3191 3674/218/3192 3691/240/3209
f 3691/240/3209 3674/218/3192 3675/214/3193 3692/241/3210
f 3692/241/3210 3675/214/3193 3676/210/3194 3693/242/3211
f 3693/242/3211 3676/210/3194 3677/206/3195 3694/243/3212
f 3694/243/3212 3677/206/3195 3678/200/3196 3695/244/3213
f 3695/244/3213 3678/200/3196 3673/201/3191 3696/245/3214
f 3649/246/3167 3684/249/3202 3702/248/3220 3650/247/3168
f 3650/247/3168 3702/248/3220 3680/251/3198 3651/250/3169
f 3699/230/3217 3700/212/3218 3681/208/3199 3652/224/3170
f 3652/224/3170 3681/208/3199 3682/204/3200 3653/226/3171
f 3653/226/3171 3682/204/3200 3683/196/3201 3654/231/3172
f 3654/231/3172 3683/196/3201 3701/197/3219 3698/227/3216
f 3656/223/3174 3690/238/3208 3685/237/3203 3657/219/3175
f 3657/219/3175 3685/237/3203 3686/236/3204 3659/215/3177
f 3659/215/3177 3686/236/3204 3687/235/3205 3661/211/3179
f 3661/211/3179 3687/235/3205 3688/234/3206 3663/207/3181
f 3663/207/3181 3688/234/3206 3689/232/3207 3665/203/3183
f 3665/203/3183 3689/232/3207 3690/233/3208 3656/202/3174
f 3666/199/3184 3695/244/3213 3696/245/3214 3655/198/3173
f 3664/205/3182 3694/243/3212 3695/244/3213 3666/199/3184
f 3662/209/3180 3693/242/3211 3694/243/3212 3664/205/3182
f 3660/213/3178 3692/241/3210 3693/242/3211 3662/209/3180
f 3658/217/3176 3691/240/3209 3692/241/3210 3660/213/3178
f 3655/221/3173 3696/239/3214 3691/240/3209 3658/217/3176
f 3649/246/3167 3650/247/3168 3697/229/3215 3698/252/3216
f 3650/247/3168 3651/250/3169 3699/230/3217 3697/229/3215
f 3651/250/3169 3680/251/3198 3700/212/3218 3699/230/3217
f 3684/249/3202 3649/246/3167 3698/252/3216 3701/220/3219
f 3702/248/3220 3684/249/3202 3701/220/3219 3679/216/3197
f 3680/251/3198 3702/248/3220 3679/216/3197 3700/212/3218
f 3532/137/3147 3530/135/3146 3588/153/3155 3598/145/3160
f 3470/137/3130 3468/135/3129 3526/153/3144 3536/145/3149
f 3408/137/3072 3406/135/3070 3464/153/3127 3474/145/3132
f 3532/137/3147 3598/145/3160 3716/137/3234
f 3594/137/3158 3592/135/3157 3720/135/3238 3721/137/3239
f 3406/135/3070 3404/134/3068 3704/134/3222 3705/135/3223
f 3534/139/3148 3532/137/3147 3716/137/3234 3717/139/3235
f 3474/145/3132 3472/139/3131 3712/139/3230 3706/145/3224
f 3588/153/3155 3530/135/3146 3715/153/3233
f 3590/134/3156 3588/152/3155 3715/152/3233 3719/134/3237
f 3412/145/3076 3410/139/3074 3707/139/3225 3708/145/3226
f 3530/135/3146 3528/134/3145 3714/134/3232 3715/135/3233
f 3470/137/3130 3536/145/3149 3711/137/3229
f 3526/153/3144 3468/135/3129 3710/153/3228
f 3596/139/3159 3594/137/3158 3721/137/3239 3722/139/3240
f 3536/145/3149 3534/139/3148 3717/139/3235 3711/145/3229
f 3466/134/3128 3464/152/3127 3705/152/3223 3709/134/3227
f 3464/153/3127 3406/135/3070 3705/153/3223
f 3592/135/3157 3590/134/3156 3719/134/3237 3720/135/3238
f 3404/134/3068 3402/152/3066 3703/152/3221 3704/134/3222
f 3402/153/3066 3412/145/3076 3708/145/3226 3703/153/3221
f 3408/137/3072 3474/145/3132 3706/137/3224
f 3472/139/3131 3470/137/3130 3711/137/3229 3712/139/3230
f 3598/145/3160 3596/139/3159 3722/139/3240 3716/145/3234
f 3410/139/3074 3408/137/3072 3706/137/3224 3707/139/3225
f 3528/134/3145 3526/152/3144 3710/152/3228 3714/134/3232
f 3468/135/3129 3466/134/3128 3709/134/3227 3710/135/3228
f 3720/135/3238 3719/134/3237 3729/134/3247 3730/135/3248
f 3721/137/3239 3720/135/3238 3730/135/3248 3731/137/3249
f 3710/135/3228 3709/134/3227 3723/134/3241
f 3722/139/3240 3721/137/3239 3731/137/3249 3727/139/3245
f 3715/152/3233 3726/152/3244 3729/134/3247
f 3712/139/3230 3711/137/3229 3724/139/3242
f 3711/145/3229 3717/139/3235 3728/139/3246
f 3706/145/3224 3712/139/3230 3724/145/3242
f 3714/134/3232 3710/152/3228 3726/134/3244
f 3709/134/3227 3705/152/3223 3723/134/3241
f 3704/134/3222 3703/152/3221 3713/152/3231 3718/134/3236
f 3716/145/3234 3722/139/3240 3727/145/3245
f 3715/135/3233 3714/134/3232 3726/135/3244
f 3705/135/3223 3704/134/3222 3718/134/3236
f 3717/139/3235 3716/137/3234 3727/137/3245
f 3706/137/3224 3724/137/3242 3725/139/3243
f 3719/134/3237 3715/152/3233 3729/134/3247
f 3726/135/3244 3710/135/3228 3723/134/3241
f 3723/135/3241 3705/135/3223 3718/134/3236
f 3728/139/3246 3717/139/3235 3727/137/3245
f 3724/145/3242 3711/145/3229 3728/139/3246
f 3707/139/3225 3706/137/3224 3725/139/3243
f 3725/139/3243 3724/137/3242 3756/137/3274 3753/139/3271
f 3728/139/3246 3727/137/3245 3757/137/3275 3755/139/3273
f 3726/135/3244 3723/134/3241 3734/134/3252 3738/135/3256
f 3729/134/3247 3726/152/3244 3738/152/3256 3741/134/3259
f 3730/135/3248 3729/134/3247 3741/134/3259 3742/135/3260
f 3727/139/3245 3731/137/3249 3754/137/3272 3757/139/3275
f 3723/135/3241 3718/134/3236 3733/134/3251 3734/135/3252
f 3731/137/3249 3730/135/3248 3742/135/3260 3754/137/3272
f 3724/145/3242 3728/139/3246 3755/139/3273 3756/145/3274
f 3718/134/3236 3713/152/3231 3732/152/3250 3733/134/3251
f 3669/195/3187 3672/194/3190 3750/254/3268 3745/253/3263
f 3732/153/3250 3747/255/3265 3745/253/3263
f 3672/194/3190 3671/193/3189 3751/256/3269 3750/254/3268
f 3671/193/3189 3670/192/3188 3752/257/3270 3751/256/3269
f 3685/237/3203 3744/259/3262 3749/258/3267 3686/236/3204
f 3669/195/3187 3747/255/3265 3748/260/3266 3685/237/3203 3690/238/3208
f 3703/152/3221 3708/145/3226 3744/259/3262 3748/261/3266 3713/152/3231
f 3707/139/3225 3725/139/3243 3749/258/3267
f 3687/235/3205 3686/236/3204 3725/139/3243 3670/192/3188
f 3736/139/3254 3752/257/3270 3753/139/3271
f 3745/253/3263 3746/262/3264 3732/153/3250
f 3748/260/3266 3747/255/3265 3713/153/3231
f 3745/253/3263 3747/255/3265 3669/195/3187
f 3748/261/3266 3744/259/3262 3685/237/3203
f 3749/258/3267 3744/259/3262 3708/145/3226 3707/139/3225
f 3749/258/3267 3725/139/3243 3686/236/3204
f 3750/254/3268 3751/256/3269 3736/139/3254 3737/145/3255
f 3745/253/3263 3750/254/3268 3737/145/3255 3746/262/3264
f 3753/139/3271 3752/257/3270 3670/192/3188 3725/139/3243
f 3751/256/3269 3752/257/3270 3736/139/3254
f 3753/139/3271 3756/137/3274 3735/137/3253 3736/139/3254
f 3756/145/3274 3755/139/3273 3740/139/3258 3735/145/3253
f 3757/139/3275 3754/137/3272 3743/137/3261 3739/139/3257
f 3755/139/3273 3757/137/3275 3739/137/3257 3740/139/3258
f 3754/137/3272 3742/135/3260 3743/137/3261
f 3747/255/3265 3732/153/3250 3713/153/3231
f 3741/134/3259 3738/152/3256 3767/152/3285 3768/134/3286
f 3781/1/3299 3784/1/3302 3793/264/3311 3795/263/3313
f 3738/135/3256 3734/134/3252 3766/134/3284 3767/135/3285
f 3742/135/3260 3741/134/3259 3768/134/3286 3769/135/3287
f 3784/1/3302 3785/1/3303 3794/265/3312 3793/264/3311
f 3732/153/3250 3746/262/3264 3770/262/3288 3764/153/3282
f 3746/262/3264 3737/145/3255 3770/262/3288
f 3742/135/3260 3769/135/3287 3743/137/3261
f 3740/139/3258 3739/137/3257 3773/137/3291 3774/139/3292
f 3739/139/3257 3743/137/3261 3775/137/3293 3773/139/3291
f 3769/135/3287 3775/137/3293 3743/137/3261
f 3736/139/3254 3735/137/3253 3771/137/3289 3772/139/3290
f 3735/145/3253 3740/139/3258 3774/139/3292 3771/145/3289
f 3736/139/3254 3772/139/3290 3770/262/3288 3737/145/3255
f 2600/1/2368 3779/1/3297 3790/1/3308 3761/1/3279
f 2598/1/2366 3777/1/3295 3778/1/3296 2599/1/2367
f 2609/1/2377 3783/1/3301 3785/1/3303 2611/1/2379
f 3760/1/3278 3789/1/3307 3788/1/3306 3759/1/3277
f 2602/1/2370 3781/1/3299 3780/1/3298 2601/1/2369
f 2603/1/2371 2599/1/2367 3778/1/3296 3782/1/3300 2608/1/2376 2607/1/2375 2606/1/2374 2605/1/2373 2604/1/2372
f 2608/1/2376 3782/1/3300 3783/1/3301 2609/1/2377
f 3761/1/3279 3790/1/3308 3789/1/3307 3760/1/3278
f 2601/1/2369 3780/1/3298 3779/1/3297 2600/1/2368
f 3758/1/3276 3787/1/3305 3791/1/3309 3762/1/3280
f 3783/1/3301 3782/103/3300 3766/134/3284 3796/266/3314
f 2610/1/2378 3784/1/3302 3781/1/3299 2602/1/2370
f 2612/1/2380 3786/1/3304 3787/1/3305 3758/1/3276
f 3763/1/3281 3792/1/3310 3776/1/3294 2597/1/2365
f 3759/1/3277 3788/1/3306 3786/1/3304 2612/1/2380
f 3762/1/3280 3791/1/3309 3792/1/3310 3763/1/3281
f 2611/1/2379 3785/1/3303 3784/1/3302 2610/1/2378
f 3767/152/3285 3766/134/3284 3782/103/3300 3778/1/3296
f 2597/1/2365 3776/1/3294 3777/1/3295 2598/1/2366
f 3774/139/3292 3773/137/3291 3791/1/3309 3787/1/3305
f 3774/139/3292 3787/1/3305 3786/1/3304 3771/145/3289
f 3772/139/3290 3771/145/3289 3786/1/3304 3788/1/3306
f 3770/262/3288 3772/139/3290 3788/1/3306 3789/1/3307
f 3773/137/3291 3775/137/3293 3792/1/3310 3791/1/3309
f 3775/137/3293 3769/135/3287 3776/1/3294 3792/1/3310
f 3769/135/3287 3768/134/3286 3777/1/3295 3776/1/3294
f 3768/134/3286 3767/152/3285 3778/1/3296 3777/1/3295
f 3789/1/3307 3790/1/3308 3770/262/3288
f 3764/153/3282 3770/262/3288 3790/1/3308 3779/1/3297
f 3785/1/3303 3783/1/3301 3796/266/3314 3794/265/3312
f 3766/134/3284 3734/134/3252 3732/153/3250 3764/153/3282 3765/267/3283 3795/263/3313 3793/264/3311 3794/265/3312 3796/266/3314
f 3780/1/3298 3765/267/3283 3764/153/3282 3779/1/3297
f 3765/267/3283 3780/1/3298 3781/1/3299 3795/263/3313
f 3881/1/3399 3887/103/3405 1784/152/1559 1776/152/1551
f 3952/268/3470 3799/103/3317 3800/1/3318 3951/269/3469
f 3850/270/3368 3801/103/3319 3802/1/3320 3848/271/3366
f 3832/272/3350 3834/273/3352 3804/1/3322 3800/1/3318
f 3951/269/3469 3953/2/3471 3803/1/3321 3798/1/3316
f 3797/103/3315 3798/1/3316 1691/152/1466 1689/252/1464
f 3850/270/3368 3851/274/3369 3807/103/3325 3801/103/3319
f 3851/274/3369 3852/103/3370 3809/103/3327 3807/103/3325
f 3852/103/3370 3853/103/3371 3811/103/3329 3809/103/3327
f 3853/103/3371 3854/103/3372 3813/103/3331 3811/103/3329
f 3854/103/3372 3855/103/3373 3815/103/3333 3813/103/3331
f 3855/103/3373 3856/103/3374 3817/103/3335 3815/103/3333
f 3856/103/3374 3857/103/3375 3819/103/3337 3817/103/3335
f 3823/103/3341 3875/103/3393 3873/103/3391 3819/103/3337
f 3997/2/3515 4000/90/3518 3980/1/3498 3820/1/3338
f 3825/103/3343 3876/103/3394 3875/103/3393 3823/103/3341
f 3860/103/3378 3861/103/3379 3827/103/3345 3825/103/3343
f 3862/275/3380 3863/276/3381 3831/103/3349 3829/103/3347
f 3849/277/3367 3805/1/3323 3831/103/3349 3863/276/3381
f 3804/1/3322 3834/273/3352 3847/278/3365 3830/103/3348
f 3828/103/3346 3830/103/3348 3847/278/3365 3846/103/3364
f 3861/103/3379 3862/275/3380 3829/103/3347 3827/103/3345
f 3824/103/3342 3826/103/3344 3845/103/3363 3844/103/3362
f 3843/103/3361 3844/103/3362 3860/103/3378 3859/103/3377
f 3841/103/3359 3843/103/3361 3859/103/3377 3857/103/3375
f 4001/1/3519 4002/1/3520 3982/1/3500 3981/1/3499
f 3816/103/3334 3818/103/3336 3841/103/3359 3840/103/3358
f 3814/103/3332 3816/103/3334 3840/103/3358 3839/103/3357
f 3812/103/3330 3814/103/3332 3839/103/3357 3838/103/3356
f 3810/103/3328 3812/103/3330 3838/103/3356 3837/103/3355
f 3806/103/3324 3808/103/3326 3836/103/3354 3835/103/3353
f 3799/103/3317 3806/103/3324 3835/103/3353 3833/279/3351
f 3848/271/3366 3849/277/3367 3834/273/3352 3832/272/3350
f 3799/103/3317 3833/279/3351 3832/272/3350 3800/1/3318
f 3802/1/3320 3805/1/3323 3849/277/3367 3848/271/3366
f 3834/273/3352 3849/277/3367 3863/276/3381 3847/278/3365
f 3846/103/3364 3847/278/3365 3863/276/3381 3862/275/3380
f 3826/103/3344 3828/103/3346 3846/103/3364 3845/103/3363
f 3844/103/3362 3845/103/3363 3861/103/3379 3860/103/3378
f 3823/103/3341 3859/103/3377 3860/103/3378 3825/103/3343
f 3819/103/3337 3857/103/3375 3859/103/3377 3823/103/3341
f 4000/90/3518 4001/1/3519 3981/1/3499 3980/1/3498
f 3840/103/3358 3841/103/3359 3857/103/3375 3856/103/3374
f 3839/103/3357 3840/103/3358 3856/103/3374 3855/103/3373
f 3838/103/3356 3839/103/3357 3855/103/3373 3854/103/3372
f 3837/103/3355 3838/103/3356 3854/103/3372 3853/103/3371
f 3836/103/3354 3837/103/3355 3853/103/3371 3852/103/3370
f 3835/103/3353 3836/103/3354 3852/103/3370 3851/274/3369
f 3833/279/3351 3835/103/3353 3851/274/3369 3850/270/3368
f 3833/279/3351 3850/270/3368 3848/271/3366 3832/272/3350
f 3809/103/3327 3868/103/3386 3867/103/3385 3807/103/3325
f 3819/103/3337 3873/103/3391 3872/103/3390 3817/103/3335
f 3827/103/3345 3877/103/3395 3876/103/3394 3825/103/3343
f 3802/1/3320 3865/1/3383 3866/1/3384 3805/1/3323
f 3801/103/3319 3864/103/3382 3865/1/3383 3802/1/3320
f 3815/103/3333 3871/103/3389 3870/103/3388 3813/103/3331
f 3960/1/3478 3824/103/3342 3822/103/3340 3961/1/3479
f 3805/1/3323 3866/1/3384 3879/103/3397 3831/103/3349
f 3811/103/3329 3869/103/3387 3868/103/3386 3809/103/3327
f 3961/1/3479 3822/103/3340 3818/103/3336 3963/1/3481
f 3845/103/3363 3846/103/3364 3862/275/3380 3861/103/3379
f 3807/103/3325 3867/103/3385 3864/103/3382 3801/103/3319
f 3817/103/3335 3872/103/3390 3871/103/3389 3815/103/3333
f 3813/103/3331 3870/103/3388 3869/103/3387 3811/103/3329
f 3993/1/3511 3997/2/3515 3820/1/3338 3821/1/3339
f 3831/103/3349 3879/103/3397 3878/103/3396 3829/103/3347
f 3798/1/3316 3803/1/3321 1697/152/1472 1691/152/1466
f 3882/1/3400 3884/1/3402 3955/1/3473 3954/3/3472
f 3953/2/3471 3804/1/3322 3882/1/3400 3954/3/3472
f 3967/1/3485 3808/103/3326 3888/1/3406 3973/1/3491
f 3887/103/3405 3955/1/3473 3956/90/3474 3886/1/3404
f 3978/1/3496 3979/1/3497 3984/1/3502 3883/1/3401
f 3949/1/3467 3889/1/3407 3880/1/3398 3950/1/3468 3890/1/3408
f 3979/1/3497 3962/1/3480 3985/1/3503 4232/1/3750 3984/1/3502
f 3892/280/3410 3893/280/3411 1792/152/1567 1790/152/1565
f 3894/1/3412 3896/1/3414 3895/280/3413 3893/280/3411
f 3893/280/3411 3895/280/3413 1795/152/1570 1792/152/1567
f 3896/1/3414 3898/1/3416 3897/280/3415 3895/280/3413
f 3895/280/3413 3897/280/3415 1798/152/1573 1795/152/1570
f 3950/1/3468 3938/1/3456 3901/1/3419 3891/1/3409
f 3829/103/3347 3878/103/3396 3877/103/3395 3827/103/3345
f 3945/1/3463 3944/1/3462 3899/1/3417 4008/1/3526 3946/1/3464
f 3901/1/3419 3903/1/3421 3904/280/3422 3902/280/3420
f 3891/1/3409 3901/1/3419 3902/280/3420 1804/152/1579 1798/152/1573 3897/280/3415
f 3903/1/3421 3905/1/3423 3906/280/3424 3904/280/3422
f 3902/280/3420 3904/280/3422 1807/152/1582 1804/152/1579
f 3905/1/3423 3907/1/3425 3908/280/3426 3906/280/3424
f 3904/280/3422 3906/280/3424 1810/152/1585 1807/152/1582
f 3906/280/3424 3908/280/3426 1813/152/1588 1810/152/1585
f 3919/1/3437 3926/1/3444 3928/1/3446 3920/1/3438
f 3907/1/3425 3909/1/3427 3910/280/3428 3908/280/3426
f 3910/280/3428 3934/280/3452 1844/152/1619 1816/152/1591
f 3913/1/3431 3915/1/3433 3916/280/3434 3914/280/3432
f 3912/280/3430 3914/280/3432 1822/152/1597 1819/152/1594
f 3915/1/3433 3927/1/3445 3931/280/3449 3916/280/3434
f 3914/280/3432 3916/280/3434 1825/152/1600 1822/152/1597
f 3913/1/3431 3922/1/3440 3923/1/3441 3915/1/3433
f 3903/1/3421 3917/1/3435 3918/1/3436 3905/1/3423
f 3905/1/3423 3918/1/3436 3919/1/3437 3907/1/3425
f 3907/1/3425 3919/1/3437 3920/1/3438 3909/1/3427
f 3909/1/3427 3920/1/3438 3936/1/3454 3935/1/3453
f 3911/1/3429 3921/1/3439 3922/1/3440 3913/1/3431
f 3917/1/3435 3924/1/3442 3925/1/3443 3918/1/3436
f 3922/1/3440 3929/1/3447 3930/1/3448 3923/1/3441
f 3920/1/3438 3928/1/3446 3936/1/3454
f 3918/1/3436 3925/1/3443 3926/1/3444 3919/1/3437
f 3921/1/3439 3937/1/3455 3929/1/3447 3922/1/3440
f 3910/280/3428 1816/152/1591 1813/152/1588 3908/280/3426
f 3926/1/3444 3925/1/3443 3930/1/3448 3929/1/3447
f 3937/1/3455 3928/1/3446 3926/1/3444 3929/1/3447
f 3897/280/3415 3898/1/3416 3900/1/3418 3885/1/3403 3891/1/3409
f 3909/1/3427 3935/1/3453 3934/280/3452 3910/280/3428
f 3923/1/3441 3932/1/3450 3927/1/3445 3915/1/3433
f 3916/280/3434 3931/280/3449 1841/152/1616 1825/152/1600
f 3930/1/3448 3933/1/3451 3932/1/3450 3923/1/3441
f 3925/1/3443 3924/1/3442 3933/1/3451 3930/1/3448
f 3901/1/3419 3938/1/3456 3917/1/3435 3903/1/3421
f 3938/1/3456 3939/1/3457 3924/1/3442 3917/1/3435
f 3939/1/3457 3940/1/3458 3933/1/3451 3924/1/3442
f 3940/1/3458 3941/1/3459 3932/1/3450 3933/1/3451
f 3941/1/3459 3942/1/3460 3927/1/3445 3932/1/3450
f 3942/1/3460 3943/1/3461 3931/1/3449 3927/1/3445
f 3943/1/3461 1855/1/1630 1841/1/1616 3931/1/3449
f 3911/1/3429 3913/1/3431 3914/280/3432 3912/280/3430
f 3887/1/3405 3886/1/3404 1781/152/1556 1784/152/1559
f 3944/1/3462 3945/1/3463 3940/1/3458 3939/1/3457
f 3945/1/3463 3946/1/3464 3941/1/3459 3940/1/3458
f 3946/1/3464 3947/1/3465 3942/1/3460 3941/1/3459
f 3947/1/3465 3948/1/3466 3943/1/3461 3942/1/3460
f 3938/1/3456 3950/1/3468 3880/1/3398 3939/1/3457
f 3804/1/3322 3830/103/3348 3882/1/3400
f 1781/152/1556 3886/1/3404 3892/280/3410 1790/152/1565
f 3950/1/3468 3891/1/3409 3884/1/3402 3890/1/3408
f 3885/1/3403 3900/1/3418 3957/1/3475 3956/90/3474
f 3803/1/3321 3953/2/3471 3954/3/3472 3881/1/3399
f 3884/1/3402 3885/1/3403 3956/90/3474 3955/1/3473
f 3800/1/3318 3804/1/3322 3953/2/3471 3951/269/3469
f 3797/103/3315 3952/268/3470 3951/269/3469 3798/1/3316
f 3830/103/3348 3828/103/3346 3977/1/3495 3949/1/3467
f 3826/103/3344 3824/103/3342 3960/1/3478 3959/1/3477
f 3970/1/3488 3969/1/3487 3960/1/3478 3961/1/3479
f 3970/1/3488 3961/1/3479 3963/1/3481 3971/1/3489
f 3994/1/3512 3993/1/3511 3821/1/3339 3874/1/3392
f 3818/103/3336 3816/103/3334 3964/1/3482 3963/1/3481
f 3816/103/3334 3814/103/3332 3965/1/3483 3964/1/3482
f 3814/103/3332 3812/103/3330 3966/1/3484 3965/1/3483
f 3812/103/3330 3810/103/3328 3967/1/3485 3966/1/3484
f 3808/103/3326 3799/103/3317 3952/268/3470 3968/1/3486
f 3952/268/3470 3797/103/3315 3976/1/3494 3968/1/3486
f 1689/252/1464 1891/1/1666 3976/1/3494 3797/103/3315
f 3887/103/3405 3881/1/3399 3954/3/3472 3955/1/3473
f 3999/2/3517 3996/90/3514 3962/1/3480 3979/1/3497
f 3996/90/3514 3994/1/3512 3874/1/3392 3962/1/3480
f 3963/1/3481 3964/1/3482 3858/1/3376 3971/1/3489
f 3964/1/3482 3965/1/3483 3842/1/3360 3858/1/3376
f 3965/1/3483 3966/1/3484 3972/1/3490 3842/1/3360
f 3966/1/3484 3967/1/3485 3973/1/3491 3972/1/3490
f 3836/103/3354 3810/103/3328 3837/103/3355
f 3968/1/3486 3976/1/3494 3975/1/3493 3974/1/3492
f 3976/1/3494 1891/1/1666 1890/1/1665 3975/1/3493
f 3808/103/3326 3806/103/3324 3799/103/3317
f 3830/103/3348 3890/1/3408 3884/1/3402 3882/1/3400
f 3959/1/3477 3960/1/3478 3969/1/3487 3958/1/3476
f 3977/1/3495 3889/1/3407 3949/1/3467
f 3889/1/3407 3977/1/3495 3959/1/3477 3958/1/3476
f 3891/1/3409 3885/1/3403 3884/1/3402
f 3803/1/3321 3881/1/3399 1776/152/1551 1697/152/1472
f 4004/3/3522 3998/1/3516 3978/1/3496 3899/1/3417
f 3998/1/3516 3999/2/3517 3979/1/3497 3978/1/3496
f 3822/103/3340 3824/103/3342 3844/103/3362 3843/103/3361
f 3818/103/3336 3822/103/3340 3843/103/3361 3841/103/3359
f 4002/1/3520 4003/3/3521 3983/1/3501 3982/1/3500
f 4003/3/3521 1921/1/1696 1899/1/1674 3983/1/3501
f 3808/103/3326 3968/1/3486 3974/1/3492 3888/1/3406
f 3890/1/3408 3830/103/3348 3949/1/3467
f 3962/1/3480 3874/1/3392 3986/1/3504 3985/1/3503
f 3874/1/3392 3821/1/3339 3987/1/3505 3986/1/3504
f 3821/1/3339 3820/1/3338 3988/1/3506 3987/1/3505
f 3820/1/3338 3980/1/3498 3989/1/3507 3988/1/3506
f 3980/1/3498 3981/1/3499 3990/1/3508 3989/1/3507
f 3981/1/3499 3982/1/3500 3991/1/3509 3990/1/3508
f 3982/1/3500 3983/1/3501 3992/1/3510 3991/1/3509
f 3983/1/3501 1899/1/1674 1909/1/1684 3992/1/3510
f 3975/1/3493 1890/1/1665 1921/1/1696 4003/3/3521
f 3974/1/3492 3975/1/3493 4003/3/3521 4002/1/3520
f 3969/1/3487 3970/1/3488 3999/2/3517 3998/1/3516
f 3958/1/3476 3969/1/3487 3998/1/3516 4004/3/3522
f 3880/1/3398 3889/1/3407 3995/1/3513 3944/1/3462 3939/1/3457
f 3971/1/3489 3858/1/3376 3994/1/3512 3996/90/3514
f 3970/1/3488 3971/1/3489 3996/90/3514 3999/2/3517
f 3858/1/3376 3842/1/3360 3993/1/3511 3994/1/3512
f 3977/1/3495 3828/103/3346 3826/103/3344 3959/1/3477
f 3842/1/3360 3972/1/3490 3997/2/3515 3993/1/3511
f 3973/1/3491 3888/1/3406 4001/1/3519 4000/90/3518
f 3888/1/3406 3974/1/3492 4002/1/3520 4001/1/3519
f 3972/1/3490 3973/1/3491 4000/90/3518 3997/2/3515
f 3889/1/3407 3958/1/3476 4004/3/3522 3995/1/3513
f 4004/3/3522 3899/1/3417 3944/1/3462 3995/1/3513
f 3899/1/3417 3978/1/3496 3883/1/3401 4008/1/3526
f 3948/1/3466 3947/1/3465 4005/1/3523 4007/1/3525
f 4008/1/3526 4005/1/3523 3947/1/3465 3946/1/3464
f 1925/1/1700 1855/1/1630 3943/1/3461 3948/1/3466
f 3883/1/3401 4005/1/3523 4008/1/3526
f 4005/1/3523 4010/1/3528 4011/1/3529 4007/1/3525
f 3883/1/3401 4006/1/3524 4010/1/3528 4005/1/3523
f 3984/1/3502 4009/1/3527 4006/1/3524 3883/1/3401
f 4007/1/3525 4011/1/3529 1934/1/1709 1861/1/1636
f 4007/1/3525 1861/1/1636 1925/1/1700 3948/1/3466
f 4010/1/3528 4012/1/3530 4013/1/3531 4011/1/3529
f 4011/1/3529 4013/1/3531 1931/1/1706 1934/1/1709
f 4013/1/3531 4014/1/3532 1935/1/1710 1931/1/1706
f 4012/1/3530 2172/1/1947 4014/1/3532 4013/1/3531
f 4014/1/3532 4016/1/3534 1938/1/1713 1935/1/1710
f 4016/1/3534 2173/1/1948 4/1/4 1938/1/1713
f 3984/1/3502 4015/1/3533 4018/1/3536 4009/1/3527
f 4016/1/3534 4014/1/3532 2172/1/1947 2173/1/1948
f 3985/1/3503 4017/1/3535 4019/1/3537 4232/1/3750
f 3985/1/3503 4020/1/3538 4021/1/3539 4017/1/3535
f 4020/1/3538 4233/1/3751 4030/1/3548 4021/1/3539
f 4022/1/3540 4024/1/3542 4025/1/3543 4023/1/3541
f 4024/1/3542 4026/1/3544 4027/1/3545 4025/1/3543
f 4026/1/3544 4028/1/3546 4029/1/3547 4027/1/3545
f 4028/1/3546 2175/1/1950 2174/1/1949 4029/1/3547
f 3987/1/3505 4032/1/3550 4031/1/3549 3986/1/3504
f 3992/1/3510 4037/1/3555 4036/1/3554 3991/1/3509
f 3986/1/3504 4031/1/3549 4020/1/3538 3985/1/3503
f 3991/1/3509 4036/1/3554 4035/1/3553 3990/1/3508
f 1909/1/1684 1961/1/1736 4037/1/3555 3992/1/3510
f 3990/1/3508 4035/1/3553 4034/1/3552 3989/1/3507
f 3989/1/3507 4034/1/3552 4033/1/3551 3988/1/3506
f 3988/1/3506 4033/1/3551 4032/1/3550 3987/1/3505
f 4034/1/3552 4238/1/3756 4236/1/3754 4033/1/3551
f 4032/1/3550 4235/1/3753 4240/1/3758 4031/1/3549
f 4031/1/3549 4240/1/3758 4233/1/3751 4020/1/3538
f 4037/1/3555 4234/1/3752 4239/1/3757 4036/1/3554
f 4035/1/3553 4237/1/3755 4238/1/3756 4034/1/3552
f 4033/1/3551 4236/1/3754 4235/1/3753 4032/1/3550
f 1961/1/1736 2167/1/1942 4234/1/3752 4037/1/3555
f 4036/1/3554 4239/1/3757 4237/1/3755 4035/1/3553
f 4038/1/3556 4045/1/3563 4024/1/3542 4022/1/3540
f 1969/1/1744 1977/1/1752 4051/1/3569 4044/1/3562
f 4043/1/3561 4050/1/3568 4049/1/3567 4042/1/3560
f 4041/1/3559 4048/1/3566 4047/1/3565 4040/1/3558
f 4044/1/3562 4051/1/3569 4050/1/3568 4043/1/3561
f 4039/1/3557 4046/1/3564 4045/1/3563 4038/1/3556
f 4042/1/3560 4049/1/3567 4048/1/3566 4041/1/3559
f 4040/1/3558 4047/1/3565 4046/1/3564 4039/1/3557
f 4049/1/3567 4056/1/3574 4055/1/3573 4048/1/3566
f 4045/1/3563 4052/1/3570 4026/1/3544 4024/1/3542
f 1977/1/1752 1985/1/1760 4058/1/3576 4051/1/3569
f 4050/1/3568 4057/1/3575 4056/1/3574 4049/1/3567
f 4047/1/3565 4054/1/3572 4053/1/3571 4046/1/3564
f 4048/1/3566 4055/1/3573 4054/1/3572 4047/1/3565
f 4046/1/3564 4053/1/3571 4052/1/3570 4045/1/3563
f 4051/1/3569 4058/1/3576 4057/1/3575 4050/1/3568
f 4057/1/3575 4064/1/3582 4063/1/3581 4056/1/3574
f 4053/1/3571 4060/1/3578 4059/1/3577 4052/1/3570
f 4055/1/3573 4062/1/3580 4061/1/3579 4054/1/3572
f 4052/1/3570 4059/1/3577 4028/1/3546 4026/1/3544
f 4058/1/3576 4065/1/3583 4064/1/3582 4057/1/3575
f 4054/1/3572 4061/1/3579 4060/1/3578 4053/1/3571
f 4056/1/3574 4063/1/3581 4062/1/3580 4055/1/3573
f 1985/1/1760 1993/1/1768 4065/1/3583 4058/1/3576
f 4059/1/3577 2176/1/1951 2175/1/1950 4028/1/3546
f 1993/1/1768 13/1/13 4065/1/3583
f 4064/1/3582 2180/1/1955 4063/1/3581
f 4060/1/3578 2177/1/1952 2176/1/1951 4059/1/3577
f 4062/1/3580 2179/1/1954 2178/1/1953 4061/1/3579
f 4065/1/3583 13/1/13 2180/1/1955 4064/1/3582
f 4063/1/3581 2180/1/1955 2179/1/1954 4062/1/3580
f 4061/1/3579 2178/1/1953 2177/1/1952 4060/1/3578
f 4066/103/3584 4068/1/3586 4069/152/3587 4067/252/3585
f 4067/252/3585 4071/252/3589 4070/103/3588 4066/103/3584
f 4071/252/3589 4073/252/3591 4072/103/3590 4070/103/3588
f 4073/252/3591 4075/252/3593 4074/103/3592 4072/103/3590
f 4075/252/3593 4133/252/3651 4132/103/3650 4074/103/3592
f 4077/252/3595 4079/252/3597 4078/103/3596 4076/103/3594
f 4079/252/3597 4081/252/3599 4080/103/3598 4078/103/3596
f 4081/252/3599 4083/252/3601 4082/103/3600 4080/103/3598
f 4083/252/3601 4085/252/3603 4084/103/3602 4082/103/3600
f 4085/252/3603 4087/252/3605 4086/103/3604 4084/103/3602
f 4087/252/3605 4089/252/3607 4088/103/3606 4086/103/3604
f 4089/252/3607 4091/252/3609 4090/103/3608 4088/103/3606
f 4091/252/3609 4093/252/3611 4092/103/3610 4090/103/3608
f 4093/252/3611 4095/252/3613 4094/103/3612 4092/103/3610
f 4095/252/3613 4097/252/3615 4096/103/3614 4094/103/3612
f 4097/252/3615 4099/252/3617 4098/103/3616 4096/103/3614
f 4101/252/3619 4103/252/3621 4102/103/3620 4100/103/3618
f 4102/103/3620 4105/103/3623 4104/103/3622 4100/103/3618
f 4105/103/3623 4107/103/3625 4106/103/3624 4104/103/3622
f 4107/103/3625 4109/103/3627 4108/103/3626 4106/103/3624
f 4109/103/3627 4111/103/3629 4110/103/3628 4108/103/3626
f 4111/103/3629 4113/103/3631 4112/103/3630 4110/103/3628
f 4113/103/3631 4115/103/3633 4114/103/3632 4112/103/3630
f 4115/103/3633 4117/103/3635 4116/103/3634 4114/103/3632
f 4117/103/3635 4119/103/3637 4118/103/3636 4116/103/3634
f 4119/103/3637 4121/103/3639 4120/103/3638 4118/103/3636
f 4121/103/3639 4123/103/3641 4122/103/3640 4120/103/3638
f 4123/103/3641 4125/103/3643 4124/103/3642 4122/103/3640
f 4125/103/3643 4127/103/3645 4126/103/3644 4124/103/3642
f 4106/103/3624 4129/103/3647 4128/103/3646 4104/103/3622
f 4129/103/3647 4131/103/3649 4130/103/3648 4128/103/3646
f 4073/252/3591 4126/103/3644 4127/103/3645 4075/252/3593
f 4133/252/3651 4077/252/3595 4076/103/3594 4132/103/3650
f 4096/103/3614 4098/103/3616 4121/103/3639 4119/103/3637
f 4094/103/3612 4096/103/3614 4119/103/3637 4117/103/3635
f 4092/103/3610 4094/103/3612 4117/103/3635 4115/103/3633
f 4090/103/3608 4092/103/3610 4115/103/3633 4113/103/3631
f 4110/103/3628 4161/103/3679 4159/103/3677 4108/103/3626
f 4128/103/3646 4172/103/3690 4155/103/3673 4104/103/3622
f 4082/103/3600 4146/103/3664 4145/103/3663 4080/103/3598
f 4103/252/3621 4154/252/3672 4153/103/3671 4102/103/3620
f 4113/103/3631 4164/103/3682 4150/103/3668 4090/103/3608
f 4109/103/3627 4160/103/3678 4162/103/3680 4111/103/3629
f 4106/103/3624 4157/103/3675 4173/103/3691 4129/103/3647
f 4120/103/3638 4168/103/3686 4167/103/3685 4118/103/3636
f 4074/103/3592 4142/103/3660 4140/103/3658 4072/103/3590
f 4131/103/3649 4175/103/3693 4174/103/3692 4130/103/3648
f 4101/252/3619 4152/252/3670 4154/252/3672 4103/252/3621
f 4112/103/3630 4163/103/3681 4161/103/3679 4110/103/3628
f 4130/103/3648 4174/103/3692 4172/103/3690 4128/103/3646
f 4084/103/3602 4147/103/3665 4146/103/3664 4082/103/3600
f 4111/103/3629 4162/103/3680 4164/103/3682 4113/103/3631
f 4066/103/3584 4134/103/3652 4136/1/3654 4068/1/3586
f 4129/103/3647 4173/103/3691 4175/103/3693 4131/103/3649
f 4104/103/3622 4155/103/3673 4151/103/3669 4100/103/3618
f 4122/103/3640 4169/103/3687 4168/103/3686 4120/103/3638
f 4076/103/3594 4143/103/3661 4176/103/3694 4132/103/3650
f 4132/103/3650 4176/103/3694 4142/103/3660 4074/103/3592
f 4102/103/3620 4153/103/3671 4156/103/3674 4105/103/3623
f 4114/103/3632 4165/103/3683 4163/103/3681 4112/103/3630
f 4069/152/3587 4137/152/3655 4135/252/3653 4067/252/3585
f 4086/103/3604 4148/103/3666 4147/103/3665 4084/103/3602
f 4068/1/3586 4136/1/3654 4137/152/3655 4069/152/3587
f 4124/103/3642 4184/103/3702 4183/103/3701 4122/103/3640
f 4078/103/3596 4144/103/3662 4143/103/3661 4076/103/3594
f 4105/103/3623 4156/103/3674 4158/103/3676 4107/103/3625
f 4114/103/3632 4189/103/3707 4192/103/3710 4165/103/3683
f 4070/103/3588 4138/103/3656 4134/103/3652 4066/103/3584
f 4073/252/3591 4141/252/3659 4171/103/3689 4126/103/3644
f 4088/103/3606 4149/103/3667 4148/103/3666 4086/103/3604
f 4067/252/3585 4135/252/3653 4139/252/3657 4071/252/3589
f 4108/103/3626 4159/103/3677 4157/103/3675 4106/103/3624
f 4122/103/3640 4183/103/3701 4186/103/3704 4169/103/3687
f 4080/103/3598 4145/103/3663 4144/103/3662 4078/103/3596
f 4107/103/3625 4158/103/3676 4160/103/3678 4109/103/3627
f 4116/103/3634 4190/103/3708 4189/103/3707 4114/103/3632
f 4072/103/3590 4140/103/3658 4138/103/3656 4070/103/3588
f 4090/103/3608 4150/103/3668 4149/103/3667 4088/103/3606
f 4100/103/3618 4151/103/3669 4152/252/3670 4101/252/3619
f 4071/252/3589 4139/252/3657 4141/252/3659 4073/252/3591
f 4144/103/3662 4154/252/3672 4152/252/3670 4143/103/3661
f 4144/103/3662 4145/103/3663 4153/103/3671 4154/252/3672
f 4145/103/3663 4146/103/3664 4156/103/3674 4153/103/3671
f 4146/103/3664 4147/103/3665 4158/103/3676 4156/103/3674
f 4147/103/3665 4148/103/3666 4160/103/3678 4158/103/3676
f 4136/1/3654 4134/103/3652 4157/103/3675 4159/103/3677
f 4134/103/3652 4138/103/3656 4173/103/3691 4157/103/3675
f 4138/103/3656 4140/103/3658 4175/103/3693 4173/103/3691
f 4140/103/3658 4142/103/3660 4174/103/3692 4175/103/3693
f 4176/103/3694 4177/281/3695 4174/103/3692 4142/103/3660
f 4152/252/3670 4151/103/3669 4178/103/3696 4177/281/3695
f 4151/103/3669 4155/103/3673 4172/103/3690 4178/103/3696
f 4178/103/3696 4172/103/3690 4174/103/3692 4177/281/3695
f 4177/281/3695 4176/103/3694 4143/103/3661 4152/252/3670
f 4135/252/3653 4180/103/3698 4170/103/3688 4139/252/3657
f 4137/152/3655 4136/1/3654 4159/103/3677 4161/103/3679
f 4170/103/3688 4171/103/3689 4141/252/3659 4139/252/3657
f 4163/103/3681 4165/103/3683 4181/103/3699 4182/103/3700
f 4184/103/3702 4187/103/3705 4186/103/3704 4183/103/3701
f 4165/103/3683 4166/103/3684 4181/103/3699
f 4180/103/3698 4135/252/3653 4137/152/3655 4182/103/3700
f 4167/103/3685 4168/103/3686 4169/103/3687 4179/103/3697
f 4179/103/3697 4169/103/3687 4170/103/3688 4180/103/3698
f 4137/152/3655 4161/103/3679 4163/103/3681 4182/103/3700
f 4166/103/3684 4167/103/3685 4179/103/3697 4181/103/3699
f 4181/103/3699 4179/103/3697 4180/103/3698 4182/103/3700
f 4185/103/3703 4188/103/3706 4187/103/3705 4184/103/3702
f 4170/103/3688 4187/103/3705 4188/103/3706 4171/103/3689
f 4171/103/3689 4188/103/3706 4185/103/3703 4126/103/3644
f 4126/103/3644 4185/103/3703 4184/103/3702 4124/103/3642
f 4169/103/3687 4186/103/3704 4187/103/3705 4170/103/3688
f 4190/103/3708 4193/103/3711 4192/103/3710 4189/103/3707
f 4191/103/3709 4194/103/3712 4193/103/3711 4190/103/3708
f 4165/103/3683 4192/103/3710 4193/103/3711 4166/103/3684
f 4167/103/3685 4194/103/3712 4191/103/3709 4118/103/3636
f 4118/103/3636 4191/103/3709 4190/103/3708 4116/103/3634
f 4166/103/3684 4193/103/3711 4194/103/3712 4167/103/3685
f 4148/103/3666 4149/103/3667 4162/103/3680 4160/103/3678
f 4149/103/3667 4150/103/3668 4164/103/3682 4162/103/3680
f 4077/252/3595 4196/252/3714 4197/252/3715 4079/252/3597
f 4087/252/3605 4205/252/3723 4200/252/3718 4089/252/3607
f 4123/103/3641 4212/103/3730 4213/103/3731 4125/103/3643
f 4097/252/3615 4209/252/3727 4210/252/3728 4099/252/3617
f 4098/103/3616 4201/103/3719 4211/103/3729 4121/103/3639
f 4083/252/3601 4204/252/3722 4199/252/3717 4085/252/3603
f 4093/252/3611 4207/252/3725 4208/252/3726 4095/252/3613
f 4079/252/3597 4197/252/3715 4198/252/3716 4081/252/3599
f 4089/252/3607 4200/252/3718 4206/252/3724 4091/252/3609
f 4125/103/3643 4213/103/3731 4202/103/3720 4127/103/3645
f 4133/252/3651 4203/252/3721 4196/252/3714 4077/252/3595
f 4075/252/3593 4195/252/3713 4203/252/3721 4133/252/3651
f 4085/252/3603 4199/252/3717 4205/252/3723 4087/252/3605
f 4121/103/3639 4211/103/3729 4212/103/3730 4123/103/3641
f 4095/252/3613 4208/252/3726 4209/252/3727 4097/252/3615
f 4099/252/3617 4210/252/3728 4201/103/3719 4098/103/3616
f 4127/103/3645 4202/103/3720 4195/252/3713 4075/252/3593
f 4081/252/3599 4198/252/3716 4204/252/3722 4083/252/3601
f 4091/252/3609 4206/252/3724 4207/252/3725 4093/252/3611
f 4224/252/3742 4223/1/3741 4230/103/3748 4229/103/3747 4228/103/3746 4226/103/3744 4227/252/3745 4225/252/3743
f 4200/252/3718 4221/252/3739 4222/252/3740 4206/252/3724
f 4195/252/3713 4214/252/3732 4231/252/3749 4203/252/3721
f 4206/252/3724 4222/252/3740 4223/252/3741 4207/252/3725
f 4196/252/3714 4215/252/3733 4216/252/3734 4197/252/3715
f 4203/252/3721 4231/252/3749 4215/252/3733 4196/252/3714
f 4207/252/3725 4223/252/3741 4224/252/3742 4208/252/3726
f 4197/252/3715 4216/252/3734 4217/252/3735 4198/252/3716
f 4202/103/3720 4230/103/3748 4214/252/3732 4195/252/3713
f 4208/252/3726 4224/252/3742 4225/252/3743 4209/252/3727
f 4198/252/3716 4217/252/3735 4218/252/3736 4204/252/3722
f 4201/103/3719 4226/103/3744 4228/103/3746 4211/103/3729
f 4210/252/3728 4227/252/3745 4226/103/3744 4201/103/3719
f 4204/252/3722 4218/252/3736 4219/252/3737 4199/252/3717
f 4209/252/3727 4225/252/3743 4227/252/3745 4210/252/3728
f 4199/252/3717 4219/252/3737 4220/252/3738 4205/252/3723
f 4211/103/3729 4228/103/3746 4229/103/3747 4212/103/3730
f 4205/252/3723 4220/252/3738 4221/252/3739 4200/252/3718
f 4019/1/3537 4015/1/3533 3984/1/3502 4232/1/3750
f 4021/1/3539 4215/1/3733 4231/1/3749 4017/1/3535
f 4015/1/3533 4230/1/3748 4223/1/3741 4018/1/3536
f 4030/1/3548 4216/1/3734 4215/1/3733 4021/1/3539
f 2171/1/1946 4222/1/3740 4221/1/3739 2174/1/1949
f 4017/1/3535 4231/1/3749 4214/1/3732 4019/1/3537
f 2174/1/1949 4221/1/3739 4220/1/3738 4029/1/3547
f 4019/1/3537 4214/1/3732 4230/1/3748 4015/1/3533
f 4029/1/3547 4220/1/3738 4219/1/3737 4027/1/3545
f 4027/1/3545 4219/1/3737 4218/1/3736 4025/1/3543
f 4025/1/3543 4218/1/3736 4217/1/3735 4023/1/3541
f 4023/1/3541 4217/1/3735 4216/1/3734 4030/1/3548
f 4018/1/3536 4223/1/3741 4222/1/3740 2171/1/1946
f 4233/1/3751 4022/1/3540 4023/1/3541 4030/1/3548
f 4230/103/3748 4202/103/3720 4213/103/3731 4212/103/3730 4229/103/3747
f 4239/1/3757 4043/1/3561 4042/1/3560 4237/1/3755
f 4234/1/3752 4044/1/3562 4043/1/3561 4239/1/3757
f 4237/1/3755 4042/1/3560 4041/1/3559 4238/1/3756
f 4238/1/3756 4041/1/3559 4040/1/3558 4236/1/3754
f 4236/1/3754 4040/1/3558 4039/1/3557 4235/1/3753
f 4235/1/3753 4039/1/3557 4038/1/3556 4240/1/3758
f 2167/1/1942 1969/1/1744 4044/1/3562 4234/1/3752
f 4240/1/3758 4038/1/3556 4022/1/3540 4233/1/3751
f 3886/1/3404 3956/90/3474 3957/1/3475 3894/1/3412 3893/280/3411 3892/280/3410
f 3810/103/3328 3836/103/3354 3808/103/3326 3967/1/3485
f 2170/1/1945 4009/1/3527 4018/1/3536 2171/1/1946
f 2170/1/1945 2172/1/1947 4006/1/3524 4009/1/3527
f 4010/1/3528 4006/1/3524 2172/1/1947 4012/1/3530
l 605 639
l 2714 2748
