# Blender 4.4.3
# www.blender.org
o M
v 0.020438 4.134179 0.329495
v 0.003298 4.134497 0.331296
v 0.021870 4.094208 0.323384
v 0.003298 4.094365 0.329046
v 0.045735 4.131746 0.309004
v 0.043788 4.095901 0.310968
v 0.070516 4.115739 0.259757
v 0.070515 4.105415 0.259410
v 0.021476 4.083179 0.327392
v 0.003298 4.084083 0.336407
v 0.045502 4.081319 0.316259
v 0.078207 4.092648 0.270222
v 0.054177 4.162417 0.288169
v 0.076683 4.138979 0.272239
v 0.071450 4.221413 0.323383
v 0.083161 4.146451 0.281260
v 0.101494 4.201709 0.307723
v 0.099206 4.155808 0.282318
v 0.133784 4.202821 0.279396
v 0.116380 4.154926 0.281335
v 0.166143 4.197835 0.248690
v 0.131824 4.153096 0.270132
v 0.186808 4.175200 0.216368
v 0.141110 4.144209 0.264121
v 0.199322 4.149282 0.195608
v 0.150721 4.130784 0.248746
v 0.155442 4.394648 0.233998
v 0.198389 4.350566 0.196662
v 0.190025 4.094949 0.201639
v 0.154111 4.104280 0.246248
v 0.172079 4.057453 0.234982
v 0.147188 4.089407 0.255201
v 0.133299 4.041441 0.257592
v 0.123017 4.078658 0.264188
v 0.097680 4.043705 0.284289
v 0.104074 4.078251 0.274794
v 0.066551 4.055653 0.291271
v 0.092352 4.080322 0.277998
v 0.054452 4.097103 0.274748
v 0.055418 4.124377 0.275632
v 0.059095 4.083587 0.290413
v 0.060725 4.151427 0.286538
v 0.074820 4.182445 0.293986
v 0.100244 4.188821 0.289089
v 0.126667 4.187132 0.275799
v 0.155753 4.184309 0.254354
v 0.170854 4.160707 0.231829
v 0.181857 4.139234 0.220778
v 0.181367 4.255737 0.232144
v 0.181078 4.100315 0.219625
v 0.164888 4.069514 0.246165
v 0.129599 4.055915 0.262322
v 0.100800 4.058404 0.281827
v 0.079009 4.067911 0.287399
v 0.063221 4.102594 0.266563
v 0.069594 4.087724 0.276513
v 0.063194 4.117515 0.269400
v 0.067812 4.145103 0.282984
v 0.078426 4.162818 0.289694
v 0.099214 4.169945 0.288913
v 0.121731 4.169907 0.279750
v 0.140985 4.167064 0.261263
v 0.154992 4.151266 0.248709
v 0.167109 4.134475 0.237041
v 0.211858 4.212598 0.181707
v 0.169509 4.103850 0.235012
v 0.157231 4.079161 0.252667
v 0.127129 4.067145 0.264737
v 0.102778 4.067842 0.279972
v 0.085164 4.073711 0.282222
v 0.069783 4.112558 0.251039
v 0.071039 4.102278 0.250240
v 0.080878 4.087866 0.260096
v 0.076595 4.138799 0.263117
v 0.084287 4.145512 0.271982
v 0.098855 4.153848 0.272579
v 0.114228 4.152643 0.271772
v 0.126865 4.149580 0.265379
v 0.136345 4.142642 0.253976
v 0.146062 4.131287 0.241359
v 0.227433 4.263162 0.133133
v 0.151372 4.101703 0.235803
v 0.142366 4.079686 0.242773
v 0.120000 4.073270 0.254524
v 0.101758 4.078463 0.266334
v 0.091238 4.079651 0.266794
v 0.085649 3.995280 0.293812
v 0.020893 4.069020 0.347605
v 0.003298 4.070193 0.355573
v 0.051457 4.062633 0.325206
v 0.156002 3.945720 0.146560
v 0.053594 4.029934 0.338552
v 0.051210 4.014322 0.350496
v 0.003298 4.023277 0.373274
v 0.018917 4.023327 0.361456
v 0.021504 4.046926 0.371355
v 0.003298 4.047867 0.377993
v 0.075514 4.286344 0.326552
v 0.100493 4.000690 0.274945
v 0.075560 4.021818 0.306674
v 0.053621 4.012749 0.341580
v 0.015145 4.006687 0.362864
v 0.003298 4.005940 0.364618
v 0.015455 3.998503 0.355812
v 0.003298 3.999061 0.360269
v 0.022881 4.006984 0.350207
v 0.014774 3.995404 0.353510
v 0.003298 3.996087 0.354589
v 0.023218 4.006191 0.346315
v 0.015343 3.993414 0.350708
v 0.003298 3.993655 0.348255
v 0.023054 4.003104 0.344361
v 0.127567 3.954412 0.233131
v 0.033461 4.007451 0.349248
v 0.053526 3.990435 0.327804
v 0.014791 3.989328 0.345332
v 0.003298 3.988697 0.340896
v 0.053372 3.976938 0.327942
v 0.019411 3.978462 0.341924
v 0.003298 3.978031 0.340482
v 0.053314 3.974968 0.327348
v 0.021904 3.975195 0.338697
v 0.003298 3.973117 0.334268
v 0.053524 3.971820 0.327430
v 0.024840 3.970890 0.339237
v 0.003298 3.967523 0.336319
v 0.053136 3.962140 0.324715
v 0.027021 3.961557 0.332373
v 0.003298 3.960577 0.332157
v 0.052849 3.952322 0.308377
v 0.026737 3.949398 0.309434
v 0.003298 3.949235 0.306182
v 0.053359 3.943437 0.312432
v 0.027507 3.940270 0.312344
v 0.003298 3.939312 0.312046
v 0.053778 3.929731 0.304128
v 0.028172 3.923632 0.303810
v 0.003298 3.920529 0.302975
v 0.075765 3.973677 0.307679
v 0.075542 3.970006 0.309864
v 0.075269 3.967367 0.310661
v 0.074801 3.961231 0.309454
v 0.074219 3.953193 0.299674
v 0.074690 3.949362 0.299851
v 0.074806 3.941231 0.296185
v 0.096708 3.957842 0.282962
v 0.095707 3.957188 0.284047
v 0.094504 3.956589 0.289814
v 0.053414 3.926540 0.282529
v 0.095203 3.956018 0.285394
v 0.094003 3.954678 0.288862
v 0.095235 3.952839 0.283667
v 0.028319 3.919168 0.283818
v 0.003298 3.915685 0.284501
v 0.074155 3.936897 0.279497
v 0.096281 3.954310 0.283120
v 0.003298 3.943497 0.307160
v 0.027658 3.943916 0.305559
v 0.053027 3.947369 0.306523
v 0.073792 3.950699 0.298388
v 0.093573 3.954894 0.292104
v 0.074958 3.983571 0.302725
v 0.097597 3.962610 0.277925
v 0.097230 3.947844 0.276047
v 0.073873 3.934337 0.276054
v 0.053435 3.922107 0.280298
v 0.028516 3.913277 0.285171
v 0.003298 3.910896 0.284547
v 0.106592 3.958346 0.264113
v 0.105887 3.950732 0.262513
v 0.085944 3.923223 0.256030
v 0.056905 3.911766 0.254942
v 0.029469 3.903482 0.273730
v 0.003298 3.885216 0.273080
v 0.084659 4.036862 0.296170
v 0.083568 3.998665 0.303007
v 0.034798 4.094688 0.317283
v 0.035531 4.133214 0.324514
v 0.035269 4.082368 0.320298
v 0.035772 4.067796 0.333870
v 0.034418 4.043895 0.349366
v 0.029243 4.023808 0.357153
v 0.025295 4.008631 0.353764
v 0.134519 4.002796 0.251885
v 0.135094 4.023091 0.255904
v 0.177939 4.041380 0.221436
v 0.196830 4.090808 0.183440
v 0.236874 4.203343 0.098725
v 0.214457 4.161894 0.170938
v 0.201102 4.192673 0.196532
v 0.174128 4.228965 0.241827
v 0.141324 4.235723 0.278723
v 0.106327 4.235151 0.307911
v 0.051885 4.220276 0.337486
v 0.178668 4.020495 0.203285
v 0.202795 4.082734 0.160135
v 0.224072 4.174140 0.146633
v 0.146501 4.272916 0.276261
v 0.109918 4.281361 0.310092
v 0.053965 4.288819 0.339661
v 0.023933 4.291136 0.344337
v 0.021983 4.219683 0.345731
v 0.003298 4.292494 0.350477
v 0.003298 4.219398 0.349644
v 0.097095 4.024698 0.280540
v 0.166335 3.969484 0.164163
v 0.207510 4.049679 0.114358
v 0.109700 4.424268 0.269793
v 0.076755 4.438258 0.285708
v 0.054794 4.445599 0.297411
v 0.027661 4.448768 0.300806
v 0.003298 4.451849 0.304927
v 0.199149 4.020679 0.078844
v 0.242637 4.222222 0.064252
v 0.237423 4.298844 0.088406
v 0.203391 4.395318 0.122145
v 0.157941 4.455194 0.146962
v 0.106388 4.488056 0.163769
v 0.074459 4.501379 0.170497
v 0.054383 4.507797 0.171488
v 0.027729 4.511328 0.174892
v 0.003298 4.513934 0.175943
v 0.187820 4.287155 0.222448
v 0.222409 4.234612 0.160262
v 0.104514 3.978971 0.269528
v 0.230843 4.188921 0.122589
v 0.152067 4.326947 0.264561
v 0.172909 3.997532 0.184788
v 0.205582 4.068851 0.137476
v 0.110030 4.345284 0.303513
v 0.075368 4.355550 0.318051
v 0.055532 4.360620 0.328621
v 0.027130 4.361972 0.334947
v 0.003298 4.363397 0.340049
v 0.131627 3.979402 0.243090
v 0.098405 3.909601 0.209174
v 0.136951 3.933515 0.121082
v 0.003298 3.901498 0.282346
v 0.029415 3.888578 0.262935
v 0.115720 3.929739 0.222491
v 0.177958 3.998823 0.061479
v 0.086528 3.901830 0.184322
v 0.029211 3.875977 0.240327
v 0.121975 3.931923 0.076581
v 0.003298 3.868423 0.225477
v 0.134308 3.971906 0.021005
v 0.075844 3.890509 0.159096
v 0.026154 3.872522 0.213998
v 0.003298 3.871909 0.252569
v 0.076202 3.907156 0.105887
v 0.003298 3.868227 0.207592
v 0.063034 3.889147 0.136444
v 0.025046 3.872326 0.196029
v 0.204227 4.057851 0.053092
v 0.003298 3.868482 0.193506
v 0.024844 3.873709 0.175612
v 0.003298 3.873447 0.163994
v 0.030083 3.873708 0.161398
v 0.003298 3.870251 0.152966
v 0.030910 3.886053 0.131162
v 0.227233 4.167785 0.042493
v 0.184986 4.019915 0.042421
v 0.174354 4.005126 0.013890
v 0.218782 4.111192 0.050514
v 0.240039 4.234562 0.027344
v 0.232160 4.188913 0.023982
v 0.233860 4.210056 -0.051622
v 0.221334 4.181283 -0.037456
v 0.233351 4.165434 -0.085310
v 0.217559 4.144701 -0.061025
v 0.216688 4.102775 -0.087101
v 0.210474 4.105563 -0.063146
v 0.199755 4.051812 -0.069845
v 0.198260 4.061135 -0.050220
v 0.183936 4.013862 -0.031900
v 0.184989 4.023145 -0.018297
v 0.231985 4.191088 -0.005150
v 0.237992 4.310016 0.029052
v 0.202555 4.417130 0.031925
v 0.148025 4.475041 0.033174
v 0.101049 4.505697 0.033804
v 0.072036 4.515988 0.034714
v 0.054434 4.520298 0.034015
v 0.027704 4.526779 0.034600
v 0.003298 4.529342 0.034480
v 0.230004 4.263905 -0.090709
v 0.193659 4.324258 -0.130854
v 0.143119 4.357503 -0.154232
v 0.100658 4.372213 -0.164863
v 0.074617 4.379594 -0.171014
v 0.054280 4.383220 -0.174547
v 0.027576 4.387626 -0.177457
v 0.003298 4.389783 -0.178861
v 0.223616 4.197982 -0.124083
v 0.190130 4.235905 -0.171009
v 0.141911 4.256720 -0.193370
v 0.100175 4.267492 -0.201933
v 0.073020 4.272941 -0.208283
v 0.052285 4.276543 -0.212550
v 0.027491 4.279074 -0.215817
v 0.003298 4.280902 -0.217229
v 0.210538 4.107301 -0.119026
v 0.183971 4.115711 -0.160096
v 0.145263 4.126769 -0.179714
v 0.104596 4.135647 -0.187746
v 0.077371 4.139761 -0.196399
v 0.052283 4.144559 -0.198132
v 0.024482 4.146249 -0.200999
v 0.003298 4.148728 -0.201176
v 0.190022 4.047782 -0.091647
v 0.169472 4.046123 -0.111579
v 0.139547 4.044932 -0.121376
v 0.102035 4.044394 -0.130532
v 0.073902 4.043490 -0.133828
v 0.052408 4.042721 -0.137106
v 0.024535 4.041965 -0.141214
v 0.003298 4.041840 -0.143898
v 0.165844 4.006746 -0.051872
v 0.153212 4.002700 -0.062573
v 0.129130 4.000090 -0.072179
v 0.101266 3.998974 -0.081736
v 0.073969 3.998050 -0.087691
v 0.051669 3.997191 -0.091976
v 0.025367 3.996351 -0.097721
v 0.003298 3.996210 -0.100054
v 0.106061 3.969221 -0.011113
v 0.098418 3.970832 -0.021477
v 0.096591 3.971592 -0.033589
v 0.090478 3.972349 -0.040029
v 0.074404 3.973861 -0.046708
v 0.052491 3.974208 -0.050329
v 0.025359 3.975138 -0.052138
v 0.003298 3.974528 -0.054199
v 0.096182 3.901584 0.063784
v 0.113161 3.911513 0.021411
v 0.069744 3.882616 0.089107
v 0.003298 3.861809 0.129011
v 0.034195 3.868695 0.114579
v 0.102935 3.907524 -0.019802
v 0.095350 3.906701 -0.031857
v 0.090224 3.906147 -0.039188
v 0.083496 3.905577 -0.045193
v 0.067016 3.905175 -0.049408
v 0.050513 3.905070 -0.053779
v 0.028028 3.905273 -0.056120
v 0.003298 3.905107 -0.058814
v 0.104293 3.773616 -0.071170
v 0.055854 3.760123 -0.096914
v 0.075006 3.761426 -0.085643
v 0.120269 3.783461 -0.059120
v 0.140425 3.800328 -0.039932
v 0.142144 3.802505 -0.018776
v 0.036445 3.762571 0.109420
v 0.003298 3.756474 0.126529
v 0.076719 3.769291 0.088083
v 0.136873 3.803473 0.022190
v 0.114933 3.786358 0.062908
v 0.097086 3.853749 0.061840
v 0.118084 3.861445 0.020822
v 0.071604 3.843015 0.088281
v 0.003298 3.824710 0.127240
v 0.035016 3.829138 0.111803
v 0.106635 3.860793 -0.021775
v 0.095868 3.861160 -0.034101
v 0.090258 3.860516 -0.042301
v 0.083676 3.858160 -0.052634
v 0.067760 3.856088 -0.062193
v 0.050803 3.856298 -0.067645
v 0.027469 3.856935 -0.071098
v 0.003298 3.857858 -0.073979
v 0.104601 3.814797 0.062450
v 0.124621 3.826181 0.021967
v 0.073822 3.799758 0.089432
v 0.003298 3.786448 0.126227
v 0.034820 3.789545 0.111327
v 0.110936 3.828392 -0.020987
v 0.105149 3.828537 -0.036602
v 0.097632 3.825653 -0.050576
v 0.086072 3.820346 -0.066830
v 0.071909 3.816272 -0.073831
v 0.052863 3.811064 -0.082771
v 0.027886 3.808779 -0.090444
v 0.003298 3.807475 -0.094396
v 0.028449 3.756176 -0.106811
v 0.003298 3.754976 -0.117449
v 0.040505 3.734248 0.135962
v 0.003298 3.725975 0.146013
v 0.081663 3.742289 0.132298
v 0.150834 3.772629 0.088632
v 0.150961 3.754308 0.127943
v 0.239015 3.773136 0.075543
v 0.239693 3.760299 0.110991
v 0.240023 3.781650 0.047217
v 0.240984 3.790758 0.018227
v 0.242451 3.789851 -0.019265
v 0.239756 3.786466 -0.036943
v 0.236668 3.773498 -0.056650
v 0.233174 3.764612 -0.070038
v 0.231957 3.755119 -0.084097
v 0.166195 3.798774 -0.019169
v 0.130842 3.759886 -0.084118
v 0.163056 3.795410 -0.038607
v 0.157732 3.785657 0.052855
v 0.156930 3.784348 -0.058520
v 0.165794 3.798850 0.022662
v 0.143037 3.769619 -0.070993
v 0.310661 3.760813 0.072369
v 0.312118 3.753006 0.102061
v 0.307701 3.766937 0.044733
v 0.307595 3.774272 0.015040
v 0.305128 3.774824 -0.016999
v 0.305245 3.772411 -0.034133
v 0.303032 3.768807 -0.052783
v 0.300611 3.762960 -0.067125
v 0.298057 3.752734 -0.083389
v 0.043464 3.715873 0.159454
v 0.003298 3.707323 0.169531
v 0.082860 3.725264 0.158118
v 0.152296 3.737756 0.156371
v 0.240510 3.745423 0.141717
v 0.316559 3.737725 0.130258
v 0.044865 3.696638 0.184461
v 0.003298 3.687760 0.192343
v 0.084830 3.710606 0.179258
v 0.157618 3.721421 0.172165
v 0.245002 3.723256 0.161520
v 0.324675 3.713742 0.154740
v 0.049707 3.652798 0.206839
v 0.003298 3.645034 0.215706
v 0.096007 3.671120 0.206836
v 0.168597 3.684626 0.197337
v 0.258400 3.675761 0.184585
v 0.325853 3.661794 0.178149
v 0.133202 3.594661 0.276711
v 0.119350 3.627353 0.242229
v 0.189227 3.476203 0.391623
v 0.199835 3.514258 0.352883
v 0.200361 3.591213 0.270430
v 0.187292 3.629459 0.236508
v 0.213722 3.463381 0.393375
v 0.242026 3.496940 0.352479
v 0.275157 3.563745 0.245446
v 0.263926 3.620541 0.203411
v 0.234111 3.433383 0.395028
v 0.277892 3.451300 0.354197
v 0.312148 3.451809 0.267603
v 0.313903 3.447221 0.188430
v 0.240502 3.402680 0.398908
v 0.290105 3.398246 0.358674
v 0.322442 3.395152 0.269887
v 0.306243 3.385257 0.192199
v 0.239198 3.375764 0.407470
v 0.284727 3.350246 0.364344
v 0.314736 3.327885 0.287802
v 0.308098 3.320932 0.219949
v 0.222837 3.350497 0.410987
v 0.258324 3.306216 0.374890
v 0.272032 3.280682 0.309719
v 0.278655 3.276629 0.254972
v 0.199808 3.337775 0.418168
v 0.222414 3.290278 0.384979
v 0.240265 3.255500 0.334085
v 0.240470 3.238946 0.295411
v 0.169847 3.328609 0.420426
v 0.173282 3.283419 0.399685
v 0.178720 3.251550 0.351353
v 0.181269 3.235065 0.325668
v 0.165703 3.403743 0.421680
v 0.138664 3.336123 0.422572
v 0.121819 3.286377 0.398190
v 0.108750 3.266811 0.349627
v 0.109511 3.249236 0.339236
v 0.111173 3.349910 0.419438
v 0.032921 3.258468 0.332797
v 0.092582 3.378343 0.414948
v 0.018853 3.340877 0.382969
v 0.003298 3.340704 0.327079
v 0.082124 3.403037 0.409081
v 0.009204 3.403042 0.376002
v 0.003298 3.402983 0.325554
v 0.088222 3.434540 0.403315
v 0.014477 3.456399 0.362056
v 0.003298 3.456611 0.303331
v 0.003298 3.504060 0.284621
v 0.104303 3.462728 0.396008
v 0.024605 3.505565 0.332604
v 0.073035 3.580684 0.280821
v 0.060420 3.616800 0.246737
v 0.158820 3.484433 0.392576
v 0.153074 3.522746 0.354741
v 0.003298 3.555350 0.266859
v 0.003298 3.608607 0.251108
v 0.054956 3.730287 -0.132612
v 0.074418 3.732061 -0.126160
v 0.027369 3.729867 -0.135540
v 0.003298 3.728540 -0.136691
v 0.227865 3.723648 -0.111071
v 0.111830 3.733468 -0.120155
v 0.286570 3.714728 -0.113740
v 0.054672 3.699542 -0.148295
v 0.074817 3.700891 -0.145547
v 0.026752 3.701255 -0.150928
v 0.003298 3.700146 -0.151892
v 0.224571 3.692154 -0.127699
v 0.104934 3.702417 -0.140112
v 0.282609 3.680281 -0.128929
v 0.053938 3.626773 -0.167712
v 0.076034 3.628677 -0.162631
v 0.026698 3.627274 -0.168293
v 0.003298 3.625890 -0.168746
v 0.219448 3.636975 -0.142601
v 0.103529 3.632415 -0.152485
v 0.282972 3.640208 -0.133971
v 0.054333 3.536785 -0.169323
v 0.076195 3.538010 -0.167697
v 0.026923 3.537299 -0.169751
v 0.003298 3.535789 -0.169752
v 0.231027 3.574780 -0.138644
v 0.107022 3.539349 -0.157005
v 0.281341 3.596438 -0.132318
v 0.057129 3.437455 -0.155249
v 0.079132 3.437395 -0.147624
v 0.028243 3.437505 -0.160403
v 0.003298 3.437728 -0.162193
v 0.253499 3.515942 -0.126519
v 0.213578 3.437253 -0.141088
v 0.283761 3.550454 -0.112997
v 0.327032 3.608979 0.171848
v 0.317773 3.510509 0.148595
v 0.319554 3.528928 0.129665
v 0.315785 3.478601 0.083846
v 0.315972 3.506561 0.064359
v 0.321453 3.457056 0.011976
v 0.326348 3.475229 0.015133
v 0.298254 3.471939 -0.078924
v 0.308162 3.491345 -0.065992
v 0.318524 3.445938 0.155790
v 0.319093 3.449808 0.090885
v 0.320057 3.440190 0.013966
v 0.291198 3.438836 -0.080211
v 0.058488 3.380829 -0.135840
v 0.081268 3.380785 -0.131407
v 0.030144 3.380693 -0.139431
v 0.003298 3.380665 -0.141196
v 0.208306 3.381328 -0.116440
v 0.316445 3.388380 0.172614
v 0.319744 3.388431 0.106633
v 0.317282 3.387138 0.019463
v 0.292410 3.383835 -0.069665
v 0.057860 3.320487 -0.095471
v 0.081137 3.320778 -0.091665
v 0.029289 3.320157 -0.101745
v 0.003298 3.320053 -0.103466
v 0.207060 3.321086 -0.084260
v 0.310707 3.324106 0.198837
v 0.310069 3.325770 0.126209
v 0.302814 3.324941 0.030752
v 0.287627 3.322357 -0.049789
v 0.054208 3.278358 -0.066550
v 0.077844 3.278738 -0.064337
v 0.027900 3.278073 -0.064790
v 0.003298 3.278116 -0.062630
v 0.203119 3.278687 -0.055298
v 0.289877 3.278363 0.228151
v 0.302303 3.282459 0.130003
v 0.295657 3.281757 0.032178
v 0.279961 3.279733 -0.017386
v 0.051400 3.240106 -0.044684
v 0.076458 3.240380 -0.046491
v 0.026955 3.240041 -0.047733
v 0.003298 3.240226 -0.045331
v 0.202662 3.241086 -0.039345
v 0.263106 3.239897 0.255739
v 0.299200 3.245261 0.131668
v 0.287883 3.244347 0.029633
v 0.275555 3.242652 -0.007731
v 0.003298 2.989809 0.324049
v 0.062283 2.981540 0.325794
v 0.146378 2.998914 0.317064
v 0.219422 3.008324 0.307883
v 0.225005 3.010518 -0.040384
v 0.313311 3.006954 0.045983
v 0.326102 3.017177 0.162732
v 0.277954 3.015756 0.267540
v 0.003298 3.015753 -0.043065
v 0.039258 3.015360 -0.043505
v 0.084449 3.016408 -0.044379
v 0.060235 3.016288 -0.043623
v 0.003298 3.073014 -0.033821
v 0.262486 3.073594 0.275860
v 0.226866 3.069546 -0.031933
v 0.003298 3.057216 0.322651
v 0.056823 3.051887 0.328874
v 0.317784 3.075209 0.174180
v 0.037302 3.073231 -0.034113
v 0.059779 3.073400 -0.034342
v 0.084306 3.073285 -0.034856
v 0.281772 3.067399 -0.008912
v 0.137563 3.060623 0.324548
v 0.212015 3.068322 0.313819
v 0.306607 3.068968 0.049988
v 0.003298 3.117479 -0.029091
v 0.003298 3.167478 -0.028883
v 0.003298 3.198026 -0.031766
v 0.259469 3.119595 0.275692
v 0.253332 3.170260 0.276175
v 0.251800 3.202137 0.272661
v 0.034628 3.117656 -0.029323
v 0.030450 3.167588 -0.029014
v 0.028474 3.198095 -0.031828
v 0.279563 3.114710 -0.002326
v 0.274169 3.166359 -0.000847
v 0.273762 3.198754 -0.002679
v 0.129848 3.108848 0.328628
v 0.116420 3.164207 0.332485
v 0.113552 3.214804 0.328710
v 0.299482 3.116239 0.054604
v 0.292556 3.167839 0.058101
v 0.291929 3.200018 0.052059
v 0.206674 3.198771 -0.030216
v 0.214830 3.167104 -0.022729
v 0.221917 3.116155 -0.025720
v 0.003298 3.220728 0.330239
v 0.003298 3.160387 0.336947
v 0.003298 3.105455 0.327727
v 0.037829 3.219562 0.326575
v 0.047040 3.160829 0.331346
v 0.051506 3.103492 0.331317
v 0.301134 3.201533 0.173286
v 0.303391 3.159861 0.178687
v 0.310815 3.120189 0.176325
v 0.051757 3.198315 -0.031936
v 0.053780 3.167604 -0.029149
v 0.057725 3.117809 -0.029527
v 0.075559 3.198351 -0.035370
v 0.078332 3.167368 -0.029293
v 0.082232 3.117836 -0.029748
v 0.187334 3.209692 0.332668
v 0.192582 3.167666 0.325806
v 0.203697 3.115145 0.319296
v 0.285303 3.003716 -0.016781
v 0.372901 3.744402 0.069438
v 0.377649 3.734838 0.095998
v 0.368228 3.749651 0.043033
v 0.362108 3.753472 0.014016
v 0.357366 3.756623 -0.014357
v 0.354526 3.755247 -0.032937
v 0.349497 3.752190 -0.045739
v 0.346393 3.750375 -0.061790
v 0.342119 3.740890 -0.077368
v 0.382042 3.722215 0.122707
v 0.382005 3.695718 0.144393
v 0.373248 3.644885 0.166904
v 0.328680 3.702101 -0.106210
v 0.324475 3.668576 -0.120769
v 0.322703 3.636140 -0.125321
v 0.318940 3.594938 -0.123813
v 0.316521 3.549690 -0.104889
v 0.362504 3.596532 0.162311
v 0.348933 3.542457 0.122760
v 0.341279 3.510958 0.080900
v 0.325631 3.508563 -0.057680
v 0.391329 3.392147 0.016355
v 0.454230 3.672466 0.070337
v 0.455773 3.666998 0.102995
v 0.448981 3.673710 0.042635
v 0.445681 3.675870 0.012659
v 0.440043 3.676642 -0.018523
v 0.439710 3.677406 -0.033553
v 0.436073 3.676400 -0.050838
v 0.431841 3.673152 -0.068725
v 0.427097 3.663120 -0.085937
v 0.456821 3.652934 0.131347
v 0.455608 3.624969 0.157665
v 0.448261 3.571777 0.183797
v 0.410535 3.620877 -0.117535
v 0.404546 3.583887 -0.133836
v 0.402414 3.548473 -0.138786
v 0.396553 3.502557 -0.136925
v 0.392230 3.452984 -0.114658
v 0.434292 3.502856 0.178564
v 0.417200 3.445122 0.134495
v 0.408711 3.412084 0.088686
v 0.401192 3.410166 -0.064028
v 0.478729 3.313400 0.014840
v 0.537911 3.563201 0.061577
v 0.537658 3.552055 0.086600
v 0.533515 3.571217 0.037683
v 0.531417 3.571939 0.014087
v 0.527557 3.570928 -0.015506
v 0.527212 3.570288 -0.026600
v 0.525306 3.567259 -0.042524
v 0.522619 3.562224 -0.055304
v 0.518537 3.553622 -0.069842
v 0.536591 3.528828 0.109932
v 0.532847 3.505279 0.131856
v 0.523239 3.460931 0.153847
v 0.504049 3.503663 -0.095689
v 0.498589 3.473388 -0.109111
v 0.495679 3.443941 -0.113530
v 0.489349 3.405869 -0.112379
v 0.483445 3.364239 -0.094173
v 0.508262 3.403112 0.150026
v 0.495462 3.355597 0.113714
v 0.490073 3.328644 0.074750
v 0.488793 3.327942 -0.051780
v 0.621364 3.226375 0.013743
v 0.687495 3.413740 0.051156
v 0.686491 3.406117 0.071869
v 0.687537 3.418168 0.032479
v 0.687290 3.418901 0.013445
v 0.685674 3.418552 -0.009906
v 0.685764 3.418088 -0.018872
v 0.684470 3.415878 -0.031979
v 0.682172 3.412002 -0.042644
v 0.678349 3.405156 -0.054724
v 0.683803 3.396410 0.090926
v 0.678126 3.377599 0.108753
v 0.667429 3.342907 0.125767
v 0.663759 3.378937 -0.075673
v 0.655795 3.355176 -0.086322
v 0.650015 3.331886 -0.089620
v 0.641457 3.302459 -0.088470
v 0.630576 3.267128 -0.074038
v 0.652976 3.297753 0.122092
v 0.637914 3.258358 0.092945
v 0.631332 3.237384 0.061681
v 0.629883 3.237360 -0.039743
v 0.757291 3.111812 0.014091
v 0.814471 3.303115 0.053323
v 0.813155 3.295188 0.075193
v 0.814906 3.307659 0.033561
v 0.815192 3.308366 0.013420
v 0.814363 3.307976 -0.011048
v 0.814847 3.307440 -0.020435
v 0.814028 3.305066 -0.033921
v 0.812156 3.301021 -0.044751
v 0.808825 3.294023 -0.057001
v 0.810233 3.284973 0.095292
v 0.804738 3.265425 0.113684
v 0.794761 3.229513 0.131063
v 0.794994 3.267083 -0.078658
v 0.787619 3.242490 -0.089772
v 0.782576 3.218524 -0.093098
v 0.774485 3.188126 -0.091829
v 0.766813 3.154344 -0.077064
v 0.782494 3.182897 0.126629
v 0.771848 3.144629 0.096023
v 0.766775 3.123039 0.063755
v 0.758106 3.131151 -0.050883
v 0.943846 2.990685 0.014018
v 0.975120 3.164225 0.055766
v 0.971489 3.155488 0.076286
v 0.979017 3.170080 0.035537
v 0.983228 3.172280 0.014893
v 0.987389 3.174004 -0.009821
v 0.989873 3.174183 -0.019365
v 0.991880 3.172870 -0.032974
v 0.992051 3.169618 -0.043524
v 0.990756 3.163563 -0.054827
v 0.968981 3.145652 0.092788
v 0.967044 3.128037 0.105106
v 0.966304 3.097062 0.114257
v 0.978805 3.138415 -0.074931
v 0.972195 3.115128 -0.085169
v 0.967741 3.092503 -0.088211
v 0.960231 3.063546 -0.087012
v 0.953035 3.031279 -0.073012
v 0.964095 3.056156 0.108407
v 0.957741 3.021559 0.087057
v 0.952985 3.001409 0.061294
v 0.952976 3.001490 -0.039097
v 1.197502 2.914350 -0.049823
v 1.198390 2.928424 -0.047448
v 1.200125 2.945912 -0.037883
v 1.195814 2.904280 0.075592
v 1.191584 2.923231 0.068033
v 1.189931 2.935067 0.060507
v 1.201474 2.956577 -0.024678
v 1.200129 2.959212 -0.017652
v 1.198812 2.960426 -0.011004
v 1.196701 2.960368 -0.002647
v 1.194864 2.959663 0.003023
v 1.191836 2.957202 0.018498
v 1.189664 2.954568 0.030956
v 1.189093 2.942398 0.051695
v 1.188979 2.949448 0.041104
v 1.186438 2.850472 0.016127
v 0.003298 2.503853 0.226367
v 0.046939 2.502600 0.227021
v 0.003298 2.435855 0.190654
v 0.047096 2.445572 0.211997
v 0.003298 2.385555 0.148491
v 0.023210 2.387700 0.156558
v 0.003298 2.365872 0.088530
v 0.003298 2.372080 0.097490
v 0.003298 2.365631 0.024057
v 0.006580 2.358870 0.031220
v 0.003298 2.365848 -0.042316
v 0.024455 2.369031 -0.031986
v 0.003298 2.378531 -0.118771
v 0.020007 2.377440 -0.110040
v 0.003298 2.408022 -0.175101
v 0.146205 2.553582 0.249731
v 0.151947 2.496819 0.232947
v 0.245977 2.625916 0.258072
v 0.257321 2.575201 0.260906
v 0.354751 2.698824 0.189841
v 0.360546 2.649795 0.176328
v 0.388795 2.755951 0.083588
v 0.398904 2.709125 0.070485
v 0.360426 2.766796 -0.019798
v 0.378035 2.726015 -0.031733
v 0.318455 2.737257 -0.177086
v 0.330075 2.680007 -0.184129
v 0.226433 2.667379 -0.244670
v 0.233854 2.602412 -0.252946
v 0.131267 2.576179 -0.242460
v 0.134134 2.510263 -0.241011
v 0.036635 2.408844 -0.167766
v 0.003298 2.474450 -0.229211
v 0.038744 2.475422 -0.227804
v 0.003298 2.917128 0.317244
v 0.003298 2.839954 0.306313
v 0.003298 2.757335 0.285165
v 0.003298 2.674183 0.271067
v 0.003298 2.588770 0.247836
v 0.041505 2.586622 0.248842
v 0.047092 2.675659 0.263179
v 0.055537 2.753109 0.286900
v 0.067120 2.838033 0.304757
v 0.067459 2.912373 0.320713
v 0.037396 2.955267 -0.057963
v 0.031005 2.873288 -0.101044
v 0.029039 2.784091 -0.161547
v 0.033842 2.684454 -0.197236
v 0.035449 2.587725 -0.209461
v 0.003298 2.954834 -0.059187
v 0.003298 2.872048 -0.104726
v 0.003298 2.779162 -0.169261
v 0.003298 2.684333 -0.202594
v 0.003298 2.587708 -0.216239
v 0.146055 2.940205 0.314441
v 0.149034 2.855903 0.305538
v 0.150120 2.772442 0.294771
v 0.139921 2.694615 0.279730
v 0.136892 2.622270 0.260509
v 0.226810 2.964787 0.302931
v 0.232582 2.892057 0.296466
v 0.238992 2.818936 0.289732
v 0.239841 2.748232 0.278750
v 0.238235 2.683050 0.262513
v 0.289743 2.986038 0.258717
v 0.304876 2.927977 0.245434
v 0.320747 2.868192 0.233378
v 0.333413 2.809404 0.219372
v 0.344763 2.754150 0.202068
v 0.335085 2.985486 0.158068
v 0.345670 2.943628 0.138222
v 0.358338 2.891594 0.125149
v 0.368959 2.844939 0.112682
v 0.377250 2.804657 0.098736
v 0.321706 2.978877 0.042003
v 0.326845 2.940104 0.027069
v 0.330646 2.896375 0.003482
v 0.333375 2.848900 -0.006818
v 0.343420 2.812851 -0.012625
v 0.274533 2.975291 -0.029310
v 0.274768 2.933519 -0.056439
v 0.273575 2.894650 -0.081072
v 0.285739 2.845619 -0.113144
v 0.302732 2.788684 -0.152924
v 0.212557 2.973041 -0.057702
v 0.190412 2.929445 -0.093619
v 0.194328 2.875061 -0.126680
v 0.204947 2.806353 -0.185240
v 0.216144 2.733032 -0.223264
v 0.076832 2.964024 -0.062595
v 0.092310 2.903032 -0.106440
v 0.096776 2.827864 -0.159763
v 0.115570 2.745071 -0.214230
v 0.132682 2.666749 -0.234971
v 0.072335 2.381074 0.185920
v 0.006572 2.362590 0.129760
v 0.003298 2.355626 0.080973
v 0.003298 2.354375 0.032139
v 0.003298 2.353225 -0.020145
v 0.030329 2.359488 -0.080816
v 0.149787 2.430907 0.231241
v 0.266858 2.513423 0.263284
v 0.369148 2.576972 0.176331
v 0.419702 2.629880 0.067971
v 0.400121 2.636511 -0.038952
v 0.338476 2.598136 -0.188237
v 0.242752 2.546090 -0.249143
v 0.136904 2.457002 -0.234303
v 0.047956 2.377266 -0.146321
v 0.077356 2.296346 0.185832
v 0.012554 2.291796 0.133869
v 0.003298 2.286129 0.083761
v 0.003298 2.286733 0.033913
v 0.003298 2.287370 -0.019732
v 0.032517 2.287781 -0.082761
v 0.151512 2.297616 0.230763
v 0.270833 2.310028 0.269629
v 0.382305 2.318883 0.183225
v 0.459788 2.329892 0.070891
v 0.450263 2.331414 -0.041281
v 0.373914 2.321279 -0.135374
v 0.282827 2.310743 -0.164782
v 0.158016 2.297615 -0.162164
v 0.070072 2.286077 -0.133583
v 0.003298 2.341591 0.082672
v 0.003298 2.329499 0.083216
v 0.009347 2.333220 0.133284
v 0.009733 2.346923 0.132891
v 0.439929 2.529237 0.065546
v 0.456124 2.426336 0.066172
v 0.442863 2.422393 -0.039396
v 0.425921 2.531452 -0.042576
v 0.003298 2.340079 0.032761
v 0.003298 2.328373 0.033052
v 0.374089 2.405577 -0.144307
v 0.353521 2.494684 -0.171149
v 0.003298 2.340127 -0.020295
v 0.003298 2.329088 -0.020231
v 0.275340 2.385435 -0.172930
v 0.253455 2.458314 -0.215046
v 0.031109 2.344992 -0.082349
v 0.032253 2.332773 -0.082861
v 0.158562 2.356305 -0.170194
v 0.141516 2.402414 -0.204255
v 0.074118 2.363319 0.185916
v 0.076129 2.343606 0.185688
v 0.152000 2.358901 0.230343
v 0.149249 2.392944 0.230806
v 0.064811 2.356282 -0.144980
v 0.072953 2.340236 -0.138909
v 0.270980 2.381419 0.269992
v 0.272908 2.452311 0.266766
v 0.386128 2.409640 0.188216
v 0.377842 2.499818 0.184226
v 0.083214 2.169756 0.180429
v 0.043165 2.171058 0.129395
v 0.027034 2.169963 0.080524
v 0.026461 2.169744 0.032639
v 0.029283 2.170208 -0.023197
v 0.038616 2.170712 -0.079792
v 0.146396 2.169296 0.216612
v 0.263180 2.173037 0.261819
v 0.373451 2.175262 0.178316
v 0.453654 2.180561 0.069770
v 0.442675 2.180029 -0.042834
v 0.359632 2.171404 -0.131336
v 0.274442 2.167569 -0.162374
v 0.159909 2.167586 -0.159849
v 0.076564 2.171622 -0.129680
v 0.106756 1.395172 0.059762
v 0.088065 1.395642 0.014775
v 0.079171 1.395212 -0.014401
v 0.078110 1.395569 -0.043250
v 0.079207 1.396044 -0.075976
v 0.085049 1.397207 -0.119557
v 0.139201 1.395439 0.082708
v 0.207971 1.395943 0.110246
v 0.280717 1.395780 0.052836
v 0.326400 1.396803 -0.029362
v 0.312130 1.398985 -0.107036
v 0.265223 1.400570 -0.156013
v 0.208443 1.403201 -0.176286
v 0.156027 1.402783 -0.174675
v 0.105316 1.399381 -0.150922
v 0.424313 2.059088 -0.046432
v 0.399225 1.948164 -0.050594
v 0.372154 1.826878 -0.056346
v 0.356286 1.721087 -0.068094
v 0.339616 1.610724 -0.080557
v 0.333252 1.519282 -0.091424
v 0.271619 1.526708 -0.144515
v 0.281327 1.617116 -0.133496
v 0.293778 1.727659 -0.134425
v 0.304122 1.833863 -0.132577
v 0.322011 1.947996 -0.130797
v 0.339272 2.059356 -0.129668
v 0.043087 2.057965 -0.026311
v 0.049378 1.946917 -0.029816
v 0.058652 1.832724 -0.031205
v 0.065401 1.727150 -0.042290
v 0.070317 1.617244 -0.053930
v 0.064291 1.525042 -0.064534
v 0.062752 1.524523 -0.027453
v 0.068598 1.616696 -0.016481
v 0.063561 1.726531 -0.002325
v 0.056831 1.832108 0.011753
v 0.047563 1.946281 0.018108
v 0.041428 2.057409 0.026012
v 0.212292 1.527113 -0.160578
v 0.217463 1.618170 -0.150795
v 0.225301 1.728617 -0.152991
v 0.230147 1.835050 -0.152521
v 0.239506 1.949242 -0.152921
v 0.255746 2.060483 -0.157791
v 0.052334 2.058753 -0.079845
v 0.058108 1.947715 -0.078824
v 0.066580 1.833513 -0.074993
v 0.072964 1.727926 -0.083178
v 0.077501 1.617951 -0.092678
v 0.071285 1.525865 -0.103102
v 0.154367 1.527292 -0.158777
v 0.159064 1.618484 -0.149004
v 0.162977 1.728854 -0.151110
v 0.162966 1.835214 -0.150489
v 0.164403 1.949381 -0.150668
v 0.167343 2.060520 -0.155384
v 0.093330 2.056973 0.166121
v 0.094175 1.945473 0.147017
v 0.098096 1.830963 0.127805
v 0.101439 1.725193 0.105955
v 0.101246 1.615203 0.085474
v 0.098267 1.523479 0.073855
v 0.134018 1.522658 0.098623
v 0.137076 1.614162 0.116650
v 0.139812 1.724392 0.138658
v 0.139519 1.830249 0.162303
v 0.140648 1.944977 0.184628
v 0.144400 2.056710 0.200165
v 0.088440 2.059812 -0.126878
v 0.091539 1.948776 -0.124171
v 0.097129 1.834666 -0.126340
v 0.101657 1.728680 -0.128517
v 0.101674 1.618501 -0.127797
v 0.097827 1.526867 -0.137895
v 0.210996 1.522077 0.129265
v 0.215365 1.613352 0.147678
v 0.223845 1.723704 0.171711
v 0.229806 1.829778 0.197789
v 0.241037 1.944712 0.224037
v 0.253211 2.056817 0.242889
v 0.282526 1.521442 0.072606
v 0.287697 1.612749 0.084302
v 0.300851 1.723058 0.104693
v 0.312650 1.829005 0.126414
v 0.332979 1.943463 0.145397
v 0.352888 2.055564 0.164184
v 0.058113 2.058153 0.117612
v 0.062439 1.946675 0.102659
v 0.069908 1.832203 0.087990
v 0.075410 1.726428 0.068761
v 0.079544 1.616557 0.050335
v 0.073781 1.524622 0.038657
v 0.343719 1.521761 -0.005723
v 0.349707 1.613155 0.005468
v 0.366893 1.723509 0.020849
v 0.383476 1.829314 0.036547
v 0.409820 1.943580 0.050667
v 0.433689 2.055716 0.064347
v 0.043120 2.057406 0.070890
v 0.048880 1.946110 0.059421
v 0.057873 1.831854 0.048949
v 0.064405 1.726217 0.032328
v 0.069349 1.616426 0.016067
v 0.063625 1.524274 0.004827
v 0.119652 1.331562 0.040767
v 0.101236 1.332411 -0.003562
v 0.092251 1.332052 -0.032665
v 0.091106 1.332359 -0.061390
v 0.092053 1.332895 -0.094044
v 0.097617 1.334509 -0.137577
v 0.149100 1.331511 0.070881
v 0.208532 1.332521 0.098933
v 0.289180 1.333887 0.041044
v 0.334526 1.336422 -0.046951
v 0.319951 1.338171 -0.117374
v 0.273084 1.340275 -0.173281
v 0.217780 1.341748 -0.192148
v 0.165655 1.340830 -0.190748
v 0.117839 1.337571 -0.168935
v 0.129409 1.290129 0.034848
v 0.110492 1.291509 -0.009894
v 0.101471 1.291177 -0.038917
v 0.100256 1.291587 -0.067771
v 0.101161 1.292194 -0.113270
v 0.106801 1.294100 -0.156949
v 0.159025 1.289126 0.057488
v 0.213257 1.289885 0.085375
v 0.297784 1.291507 0.028830
v 0.339110 1.294916 -0.056216
v 0.327176 1.295572 -0.128811
v 0.277033 1.300562 -0.194140
v 0.226333 1.299172 -0.208231
v 0.175134 1.298513 -0.206829
v 0.127501 1.297056 -0.188238
v 0.069547 1.460248 -0.070280
v 0.126957 1.203367 0.006256
v 0.108417 1.204662 -0.037552
v 0.099529 1.204472 -0.066074
v 0.098359 1.204828 -0.094129
v 0.099211 1.205303 -0.149466
v 0.104814 1.206584 -0.192182
v 0.156710 1.202158 0.028953
v 0.231648 1.202802 0.055597
v 0.315124 1.204451 0.006137
v 0.343907 1.208014 -0.159193
v 0.295357 1.210722 -0.231029
v 0.234412 1.209632 -0.242921
v 0.171598 1.209345 -0.241332
v 0.125024 1.208404 -0.222933
v 0.326277 1.458029 -0.099273
v 0.076029 1.461275 -0.111488
v 0.100446 1.459639 0.067074
v 0.099507 1.462852 -0.144549
v 0.078693 1.460114 0.026726
v 0.069186 1.459551 -0.004827
v 0.267971 1.462500 -0.151468
v 0.068231 1.459781 -0.035371
v 0.210589 1.464703 -0.168512
v 0.155456 1.464753 -0.166806
v 0.137072 1.459495 0.090926
v 0.209701 1.459237 0.119768
v 0.281111 1.458336 0.062724
v 0.338624 1.458433 -0.017617
v 0.165963 1.218642 -0.001757
v 0.140906 1.218229 -0.069048
v 0.139919 1.218041 -0.095256
v 0.140738 1.218145 -0.150158
v 0.145554 1.218268 -0.189684
v 0.355175 1.206375 -0.076411
v 0.161640 1.218493 -0.215068
v 0.126951 1.131917 -0.008028
v 0.108439 1.132863 -0.051843
v 0.099512 1.132458 -0.080588
v 0.098358 1.132503 -0.108597
v 0.099205 1.132763 -0.163922
v 0.104853 1.133164 -0.206981
v 0.156837 1.131300 0.014871
v 0.240563 1.133527 0.041654
v 0.321863 1.133486 -0.008147
v 0.365436 1.134568 -0.090876
v 0.354451 1.135183 -0.173756
v 0.305482 1.135965 -0.244194
v 0.234262 1.134815 -0.257891
v 0.171281 1.134423 -0.256216
v 0.125100 1.133756 -0.237883
v 0.175683 0.703728 -0.223483
v 0.227505 0.703561 -0.232002
v 0.288362 0.703786 -0.211840
v 0.324376 0.703049 -0.166278
v 0.333380 0.703301 -0.097592
v 0.295238 0.704198 -0.030156
v 0.225374 0.705045 0.019583
v 0.166430 0.705923 -0.012538
v 0.120893 0.703895 -0.186042
v 0.116131 0.704205 -0.157607
v 0.115531 0.704494 -0.113668
v 0.116814 0.705396 -0.092157
v 0.125202 0.706892 -0.069409
v 0.138048 0.703708 -0.208430
v 0.143209 0.706653 -0.033069
v 0.103118 1.046835 -0.204377
v 0.106427 0.960815 -0.201750
v 0.114633 0.875133 -0.198856
v 0.117796 0.789578 -0.195936
v 0.097555 1.046859 -0.162550
v 0.100965 0.960823 -0.161474
v 0.104384 0.874987 -0.160401
v 0.112761 0.789533 -0.158889
v 0.371663 1.048482 -0.091864
v 0.375389 0.961905 -0.093200
v 0.366982 0.875105 -0.094661
v 0.353705 0.788599 -0.096164
v 0.161886 0.790379 -0.006040
v 0.160513 0.875637 -0.000866
v 0.159441 0.961230 0.004504
v 0.158264 1.046625 0.009796
v 0.096745 1.046711 -0.109392
v 0.100164 0.960786 -0.110207
v 0.103595 0.874856 -0.111009
v 0.112025 0.789361 -0.111879
v 0.120567 0.790772 -0.063339
v 0.117898 0.875939 -0.059637
v 0.114917 0.961405 -0.056656
v 0.106647 1.047269 -0.054227
v 0.313705 0.789358 -0.025636
v 0.325116 0.875627 -0.021093
v 0.328446 0.962108 -0.016580
v 0.326306 1.048177 -0.012231
v 0.228054 0.789978 0.023737
v 0.236801 0.874730 0.032494
v 0.243905 0.961788 0.033709
v 0.242086 1.049927 0.035597
v 0.127937 1.046812 -0.234257
v 0.130538 0.961098 -0.230434
v 0.132865 0.875347 -0.226400
v 0.135478 0.789474 -0.218688
v 0.344487 0.788539 -0.167461
v 0.357444 0.875017 -0.168858
v 0.365484 0.961861 -0.170366
v 0.361305 1.048557 -0.172000
v 0.129546 1.046697 -0.012171
v 0.131842 0.961047 -0.016735
v 0.134124 0.875588 -0.021303
v 0.136518 0.790574 -0.025679
v 0.307042 0.789573 -0.222108
v 0.318439 0.875845 -0.229965
v 0.325152 0.962417 -0.233818
v 0.319341 1.048952 -0.237934
v 0.228585 0.789518 -0.242978
v 0.229722 0.875448 -0.251414
v 0.231012 0.961523 -0.261200
v 0.232617 1.047727 -0.262820
v 0.113043 0.789701 -0.087671
v 0.104840 0.875058 -0.085032
v 0.101454 0.960798 -0.083221
v 0.097934 1.046732 -0.082010
v 0.174508 0.789569 -0.234316
v 0.173410 0.875519 -0.242652
v 0.172241 0.961433 -0.247077
v 0.171589 1.047272 -0.251637
v 0.189193 0.308326 -0.179729
v 0.220391 0.308209 -0.182877
v 0.262621 0.307992 -0.173767
v 0.288906 0.306009 -0.127794
v 0.296294 0.305176 -0.080215
v 0.273348 0.306849 -0.032451
v 0.218770 0.310623 0.004684
v 0.183977 0.310983 -0.017461
v 0.157287 0.307527 -0.143960
v 0.157359 0.307992 -0.114260
v 0.160841 0.308656 -0.085749
v 0.162682 0.308720 -0.070450
v 0.167573 0.309042 -0.054985
v 0.166469 0.308095 -0.166031
v 0.173063 0.309687 -0.030176
v 0.317323 0.623922 -0.150229
v 0.309937 0.543913 -0.147920
v 0.302735 0.464010 -0.134319
v 0.295511 0.384232 -0.131654
v 0.267285 0.385047 -0.175457
v 0.272434 0.464353 -0.181138
v 0.277629 0.544137 -0.192802
v 0.283071 0.624134 -0.203252
v 0.124868 0.623955 -0.175201
v 0.129442 0.543880 -0.166602
v 0.133728 0.465073 -0.157167
v 0.146706 0.387474 -0.148050
v 0.146228 0.387911 -0.121809
v 0.133596 0.464239 -0.131394
v 0.126980 0.543709 -0.142923
v 0.120623 0.624484 -0.143099
v 0.226604 0.625551 0.013891
v 0.224070 0.544885 0.009623
v 0.221978 0.465153 0.006672
v 0.220508 0.385285 0.005330
v 0.273020 0.385016 -0.033199
v 0.278532 0.465216 -0.034522
v 0.284217 0.545098 -0.034581
v 0.289901 0.624907 -0.033566
v 0.158938 0.624709 -0.045366
v 0.162969 0.544431 -0.037501
v 0.171561 0.464453 -0.037881
v 0.168702 0.386799 -0.031433
v 0.180739 0.386134 -0.018001
v 0.184096 0.465026 -0.021328
v 0.179219 0.544733 -0.019309
v 0.177796 0.624521 -0.023168
v 0.123044 0.624599 -0.105698
v 0.132286 0.543327 -0.107924
v 0.142910 0.463365 -0.099602
v 0.150741 0.388247 -0.090716
v 0.153443 0.387952 -0.073384
v 0.148929 0.463294 -0.080909
v 0.137183 0.543614 -0.089195
v 0.127696 0.624954 -0.088673
v 0.140294 0.625427 -0.069397
v 0.147978 0.544267 -0.066149
v 0.159222 0.464123 -0.058373
v 0.159790 0.387782 -0.054127
v 0.302082 0.384245 -0.082351
v 0.309972 0.464481 -0.086307
v 0.317842 0.544447 -0.092403
v 0.325711 0.624321 -0.098743
v 0.220667 0.385087 -0.185840
v 0.222160 0.464111 -0.192178
v 0.223966 0.543643 -0.204424
v 0.225815 0.623572 -0.215634
v 0.141071 0.623673 -0.199813
v 0.144209 0.543569 -0.189378
v 0.147744 0.464821 -0.178423
v 0.157650 0.386759 -0.170236
v 0.184314 0.385709 -0.183846
v 0.180185 0.464315 -0.191167
v 0.178736 0.543569 -0.203231
v 0.177321 0.623653 -0.214335
v 0.191805 0.226317 -0.159178
v 0.216752 0.226885 -0.160260
v 0.243598 0.228628 -0.156888
v 0.264357 0.228891 -0.117819
v 0.283475 0.227457 -0.085774
v 0.266947 0.222316 -0.016482
v 0.219739 0.217067 0.014390
v 0.195437 0.218795 -0.003538
v 0.175961 0.226162 -0.147323
v 0.172994 0.225820 -0.117881
v 0.170822 0.227463 -0.091328
v 0.170329 0.227821 -0.081616
v 0.176666 0.225868 -0.066242
v 0.179132 0.225838 -0.154168
v 0.180762 0.222151 -0.007571
v 0.183891 0.168884 -0.195583
v 0.217564 0.168974 -0.196432
v 0.256970 0.169242 -0.188173
v 0.280008 0.168357 -0.139295
v 0.297145 0.168528 -0.086466
v 0.149632 0.168113 -0.170175
v 0.144323 0.167873 -0.136726
v 0.138603 0.166744 -0.096904
v 0.139207 0.166811 -0.081382
v 0.150454 0.172129 -0.064111
v 0.159638 0.168570 -0.185913
v 0.183903 0.108373 -0.202019
v 0.217572 0.108438 -0.202861
v 0.256884 0.108959 -0.194662
v 0.279884 0.108757 -0.145739
v 0.285622 0.108768 -0.083518
v 0.149385 0.108311 -0.176660
v 0.143340 0.107072 -0.143725
v 0.138500 0.108870 -0.099099
v 0.139126 0.109011 -0.083775
v 0.146659 0.106577 -0.064573
v 0.159495 0.108299 -0.192383
v 0.183980 0.048018 -0.181174
v 0.217567 0.048055 -0.181987
v 0.256834 0.048556 -0.173729
v 0.279457 0.048110 -0.125657
v 0.284989 0.047875 -0.083277
v 0.149479 0.048421 -0.146586
v 0.146436 0.046002 -0.121680
v 0.145973 0.045891 -0.091350
v 0.146708 0.045717 -0.076266
v 0.151402 0.045850 -0.061736
v 0.159457 0.048100 -0.171474
v 0.200870 0.073060 0.336974
v 0.200870 0.072764 0.365441
v 0.211220 0.072825 0.336825
v 0.211133 0.072533 0.361087
v 0.220922 0.046684 0.330125
v 0.224177 0.053195 0.361871
v 0.200870 0.035205 0.329937
v 0.200870 0.035665 0.363010
v 0.180816 0.046690 0.330117
v 0.177563 0.053195 0.361871
v 0.190520 0.072825 0.336824
v 0.190607 0.072533 0.361086
v 0.200886 0.085003 0.303075
v 0.220010 0.083599 0.303053
v 0.221063 0.059342 0.302012
v 0.200906 0.047687 0.301500
v 0.180736 0.059077 0.302407
v 0.181845 0.083628 0.303449
v 0.201010 0.088493 0.262805
v 0.226066 0.086654 0.264247
v 0.226715 0.055990 0.264155
v 0.201031 0.041469 0.263081
v 0.182135 0.049027 0.269499
v 0.181927 0.086873 0.264044
v 0.200883 0.072535 0.333396
v 0.220220 0.071082 0.331219
v 0.220004 0.070463 0.365952
v 0.200870 0.070667 0.376725
v 0.181737 0.070463 0.365952
v 0.181514 0.071075 0.331209
v 0.241917 0.072893 0.324970
v 0.241918 0.072325 0.349107
v 0.250970 0.072644 0.324788
v 0.250882 0.072119 0.345322
v 0.260001 0.048566 0.318107
v 0.262863 0.054362 0.346266
v 0.241917 0.038218 0.317915
v 0.241918 0.038669 0.347315
v 0.223835 0.048570 0.318089
v 0.220974 0.054362 0.346266
v 0.232867 0.072644 0.324788
v 0.232955 0.072119 0.345322
v 0.241993 0.083027 0.294560
v 0.259089 0.081670 0.294496
v 0.260134 0.059689 0.293456
v 0.241996 0.049173 0.292990
v 0.223760 0.059412 0.293798
v 0.224808 0.081656 0.294864
v 0.242218 0.086111 0.259064
v 0.264233 0.084454 0.260211
v 0.264918 0.056762 0.260168
v 0.242127 0.043708 0.259342
v 0.224037 0.055874 0.261602
v 0.227386 0.084770 0.262126
v 0.241936 0.072207 0.321868
v 0.259276 0.070701 0.319195
v 0.259078 0.070059 0.349920
v 0.241918 0.070227 0.359574
v 0.224759 0.070059 0.349920
v 0.224552 0.070692 0.319181
v 0.278590 0.072967 0.308988
v 0.278593 0.071987 0.329591
v 0.286659 0.072674 0.308768
v 0.286561 0.071799 0.326245
v 0.295163 0.050015 0.301906
v 0.297721 0.055259 0.327307
v 0.278590 0.040534 0.301713
v 0.278593 0.040978 0.328286
v 0.262023 0.050019 0.301883
v 0.259464 0.055259 0.327307
v 0.270527 0.072675 0.308769
v 0.270624 0.071799 0.326245
v 0.278671 0.081519 0.281013
v 0.294249 0.080189 0.280951
v 0.295285 0.059945 0.279936
v 0.278714 0.050306 0.279536
v 0.261949 0.059635 0.280378
v 0.263017 0.080184 0.281392
v 0.278909 0.084286 0.249175
v 0.298850 0.082695 0.250396
v 0.299543 0.057240 0.250591
v 0.278928 0.045440 0.249553
v 0.262154 0.057172 0.251891
v 0.265092 0.082668 0.251394
v 0.278617 0.072047 0.306186
v 0.294417 0.070415 0.302987
v 0.294235 0.069749 0.330634
v 0.278593 0.069889 0.339429
v 0.262950 0.069749 0.330634
v 0.262759 0.070403 0.302971
v 0.309261 0.074795 0.289243
v 0.309227 0.071249 0.301619
v 0.315229 0.074503 0.289227
v 0.315115 0.071081 0.299222
v 0.322649 0.053343 0.281009
v 0.324527 0.057366 0.300433
v 0.309243 0.045548 0.280864
v 0.309249 0.045962 0.301318
v 0.295909 0.053163 0.281040
v 0.294010 0.057203 0.300501
v 0.303182 0.074027 0.288901
v 0.303363 0.071095 0.299221
v 0.309433 0.078264 0.265907
v 0.321620 0.076967 0.265861
v 0.322673 0.060655 0.265013
v 0.309448 0.052785 0.264486
v 0.295839 0.060163 0.265389
v 0.296916 0.076980 0.266380
v 0.309648 0.080313 0.242243
v 0.324716 0.079084 0.242230
v 0.325654 0.058488 0.242225
v 0.309690 0.049170 0.242533
v 0.296910 0.057712 0.244816
v 0.300258 0.078962 0.244775
v 0.309484 0.072059 0.286402
v 0.321895 0.069522 0.282060
v 0.321648 0.068933 0.303134
v 0.309246 0.069175 0.310054
v 0.296847 0.069065 0.303126
v 0.296694 0.069796 0.282066
v 0.154429 0.073438 0.338868
v 0.154432 0.073729 0.376237
v 0.167384 0.073244 0.338657
v 0.167375 0.073429 0.370642
v 0.182520 0.040835 0.331315
v 0.182840 0.050620 0.371276
v 0.154420 0.024661 0.331300
v 0.154415 0.029163 0.372585
v 0.126295 0.040915 0.331362
v 0.125947 0.050720 0.371198
v 0.141452 0.073240 0.338615
v 0.141473 0.073424 0.370643
v 0.154408 0.089200 0.297154
v 0.177814 0.087729 0.297353
v 0.179088 0.058572 0.296148
v 0.154371 0.044427 0.294845
v 0.129904 0.058605 0.295187
v 0.130907 0.087769 0.296794
v 0.177991 0.099549 0.236367
v 0.177274 0.048589 0.236028
v 0.200902 0.024786 0.218908
v 0.222887 0.047223 0.217448
v 0.223198 0.096806 0.217729
v 0.201453 0.099546 0.219682
v 0.154411 0.076005 0.333271
v 0.181746 0.074453 0.331803
v 0.177672 0.071403 0.376297
v 0.154418 0.071629 0.389302
v 0.131170 0.071326 0.376312
v 0.127153 0.074464 0.331984
v 0.178638 0.044226 0.318195
v 0.178239 0.073455 0.319970
v 0.130709 0.073435 0.320263
v 0.130255 0.044115 0.318279
v 0.154381 0.075013 0.320846
v 0.154410 0.030512 0.317757
v 0.242396 0.095486 0.215817
v 0.261848 0.093235 0.210978
v 0.261534 0.048317 0.210589
v 0.242097 0.028682 0.215226
v 0.279282 0.092281 0.206055
v 0.297122 0.088254 0.202606
v 0.296500 0.049836 0.202100
v 0.278931 0.031663 0.205324
v 0.309757 0.085371 0.199369
v 0.322332 0.084183 0.200077
v 0.325721 0.052905 0.197954
v 0.309961 0.038097 0.198388
v 0.154269 0.101249 0.252849
v 0.153992 0.030002 0.252463
v 0.129781 0.053034 0.251954
v 0.130178 0.094191 0.251364
v 0.204211 0.116073 0.166164
v 0.200825 0.026606 0.164498
v 0.240375 0.111627 0.166078
v 0.272084 0.108198 0.165936
v 0.279595 0.035235 0.164007
v 0.242670 0.031454 0.164456
v 0.163744 0.117895 0.166047
v 0.298673 0.104182 0.167637
v 0.322122 0.098194 0.166427
v 0.325653 0.061371 0.163869
v 0.311858 0.043806 0.163459
v 0.162124 0.117721 0.165620
v 0.152372 0.033828 0.164202
v 0.139632 0.063287 0.168323
v 0.136864 0.104685 0.166571
v 0.200657 0.174777 0.084575
v 0.204797 0.035304 0.080866
v 0.231335 0.169078 0.081601
v 0.256618 0.161784 0.083223
v 0.273297 0.043817 0.080524
v 0.240890 0.036707 0.080805
v 0.178667 0.176880 0.083529
v 0.272622 0.156138 0.085169
v 0.293770 0.143215 0.086124
v 0.310176 0.080720 0.079531
v 0.290727 0.060798 0.079778
v 0.160765 0.164518 0.080467
v 0.162633 0.040659 0.080871
v 0.152307 0.078581 0.076109
v 0.157397 0.149084 0.076088
v 0.194154 0.204204 0.052949
v 0.204797 0.035298 0.048940
v 0.223972 0.200024 0.054415
v 0.258810 0.188761 0.053839
v 0.273666 0.043979 0.048680
v 0.240870 0.036701 0.048873
v 0.169169 0.189897 0.044910
v 0.328260 0.077866 0.163095
v 0.286105 0.167262 0.053915
v 0.306288 0.095033 0.046158
v 0.296858 0.063325 0.045759
v 0.169578 0.191034 0.043597
v 0.162653 0.040628 0.049217
v 0.149033 0.080964 0.045641
v 0.155774 0.162107 0.046340
v 0.273370 0.044055 -0.002421
v 0.159259 0.041764 0.001718
v 0.311224 0.172915 -0.011134
v 0.295405 0.112126 -0.007576
v 0.153165 0.169749 0.003013
v 0.148670 0.116527 0.002292
v 0.330938 0.065039 0.195714
v 0.304989 0.125444 0.050126
v 0.323558 0.062020 0.301993
v 0.328809 0.067119 0.241109
v 0.323175 0.067652 0.265353
v 0.311773 0.105569 0.079144
v 0.323164 0.061845 0.281366
v 0.126906 0.075782 0.251373
v 0.149180 0.115411 0.074918
v 0.126894 0.069924 0.295170
v 0.125703 0.057921 0.331547
v 0.132116 0.083308 0.166193
v 0.149106 0.132954 0.046893
v 0.126933 0.059369 0.318799
v 0.127398 0.057338 0.373259
v 0.294010 0.089863 -0.006730
v 0.287550 0.064611 -0.002349
v 0.241708 0.038218 -0.003156
v 0.206139 0.036322 -0.001934
v 0.186093 0.034111 -0.169686
v 0.214892 0.034149 -0.170348
v 0.248331 0.034585 -0.163583
v 0.265854 0.035225 -0.122978
v 0.258563 0.035056 -0.039688
v 0.157134 0.033976 -0.140546
v 0.154871 0.032031 -0.112912
v 0.152831 0.033274 -0.094563
v 0.154242 0.034519 -0.079939
v 0.181622 0.032261 -0.029975
v 0.165277 0.034093 -0.161549
v 0.226701 0.029057 -0.068941
v 0.236151 0.030107 -0.147844
v 0.164974 0.030128 -0.069258
v 0.194431 0.027599 -0.099497
v 0.180891 0.027845 -0.118474
v 0.166568 0.030894 -0.131997
v 1.598327 2.585129 0.092072
v 1.447491 2.718985 0.107328
v 1.603225 2.583503 0.083583
v 1.455205 2.722733 0.082527
v 1.598001 2.584663 0.075387
v 1.449390 2.714585 0.059641
v 1.585677 2.571270 0.071522
v 1.428652 2.693443 0.060205
v 1.579094 2.570976 0.084678
v 1.419352 2.685079 0.084682
v 1.586293 2.571962 0.097357
v 1.429026 2.696898 0.108901
v 1.564331 2.612534 0.102181
v 1.517018 2.654043 0.103379
v 1.523408 2.656198 0.083362
v 1.570478 2.614019 0.083399
v 1.516116 2.653022 0.064160
v 1.563475 2.611584 0.065352
v 1.501212 2.635029 0.064650
v 1.549580 2.594448 0.065830
v 1.494229 2.626715 0.084985
v 1.543326 2.586465 0.084909
v 1.502134 2.636045 0.104502
v 1.550427 2.595423 0.103231
v 1.597189 2.569665 0.084413
v 1.593222 2.569740 0.084466
v 1.481962 2.686962 0.102486
v 1.489613 2.690037 0.083411
v 1.480912 2.685771 0.065110
v 1.463712 2.664971 0.065582
v 1.455758 2.655232 0.084955
v 1.464772 2.666164 0.103558
v 1.532900 2.640938 0.100229
v 1.539467 2.642767 0.083477
v 1.531978 2.639894 0.067407
v 1.516732 2.621440 0.067708
v 1.509692 2.612915 0.084851
v 1.517669 2.622480 0.101309
v 1.579119 2.606115 0.083384
v 1.574877 2.601911 0.071283
v 1.556343 2.589254 0.065797
v 1.549780 2.582197 0.084905
v 1.557204 2.590235 0.103281
v 1.575362 2.602589 0.096062
v 1.519497 2.660118 0.083352
v 1.511790 2.656992 0.063740
v 1.496656 2.638693 0.064265
v 1.489691 2.630079 0.085004
v 1.497582 2.639737 0.104905
v 1.512723 2.658024 0.103789
v 1.567580 2.616712 0.083390
v 1.560406 2.614476 0.065260
v 1.546163 2.597206 0.065690
v 1.539868 2.589179 0.084912
v 1.547018 2.598182 0.103380
v 1.561275 2.615431 0.102258
v 1.604005 2.574274 0.083609
v 1.597642 2.577894 0.097046
v 1.597010 2.577215 0.070704
v 1.570922 2.605707 0.065337
v 1.571782 2.606675 0.102152
v 1.579617 2.602554 0.083410
v 1.616063 2.580473 0.041290
v 1.449290 2.729986 0.058422
v 1.621422 2.578740 0.032035
v 1.453907 2.731200 0.030462
v 1.615711 2.579966 0.023111
v 1.448428 2.726544 0.008082
v 1.602448 2.565818 0.018967
v 1.432342 2.696112 0.004067
v 1.595272 2.565572 0.033216
v 1.418195 2.691866 0.033124
v 1.603113 2.566565 0.046946
v 1.432221 2.695734 0.055210
v 1.578595 2.610903 0.052225
v 1.526170 2.656876 0.053566
v 1.533148 2.659113 0.031794
v 1.585271 2.612405 0.031834
v 1.525188 2.655765 0.010907
v 1.577666 2.609871 0.012241
v 1.509037 2.636243 0.011467
v 1.562594 2.591300 0.012779
v 1.501464 2.627204 0.033555
v 1.555796 2.582661 0.033470
v 1.510038 2.637346 0.054755
v 1.563515 2.592355 0.053343
v 1.615023 2.564141 0.032922
v 1.610716 2.564230 0.032982
v 1.487669 2.693283 0.052438
v 1.495734 2.696571 0.031770
v 1.486390 2.692018 0.012038
v 1.467622 2.669257 0.012527
v 1.458914 2.658740 0.033462
v 1.468845 2.670496 0.053682
v 1.543766 2.642345 0.050083
v 1.550934 2.644238 0.031923
v 1.542764 2.641211 0.014499
v 1.526233 2.621182 0.014857
v 1.518593 2.611918 0.033407
v 1.527252 2.622312 0.051217
v 1.594633 2.603922 0.031823
v 1.590006 2.599209 0.018556
v 1.570061 2.585605 0.012718
v 1.562910 2.577954 0.033468
v 1.570997 2.586669 0.053420
v 1.590538 2.599950 0.045716
v 1.528813 2.663458 0.031783
v 1.520418 2.660152 0.010447
v 1.504006 2.640284 0.011044
v 1.496440 2.630928 0.033576
v 1.505012 2.641420 0.055199
v 1.521434 2.661273 0.054014
v 1.582037 2.615409 0.031824
v 1.574246 2.613040 0.012114
v 1.558849 2.594355 0.012610
v 1.551984 2.585654 0.033476
v 1.559779 2.595414 0.053521
v 1.575189 2.614078 0.052340
v 1.622269 2.568977 0.032062
v 1.615327 2.572864 0.046587
v 1.614646 2.572131 0.018112
v 1.585822 2.603379 0.012190
v 1.586756 2.604430 0.052232
v 1.595213 2.599922 0.031842
v 1.598091 2.584536 -0.015850
v 1.448743 2.716036 -0.004086
v 1.603048 2.582896 -0.024436
v 1.450960 2.723470 -0.025148
v 1.597763 2.584065 -0.032725
v 1.447271 2.719511 -0.046946
v 1.585319 2.570576 -0.036626
v 1.429158 2.687422 -0.046510
v 1.578660 2.570288 -0.023331
v 1.416006 2.686128 -0.022653
v 1.585941 2.571275 -0.010518
v 1.425240 2.693427 -0.000887
v 1.563654 2.612327 -0.005637
v 1.515689 2.654404 -0.004420
v 1.522154 2.656569 -0.024660
v 1.569867 2.613813 -0.024623
v 1.514777 2.653371 -0.044077
v 1.562788 2.611367 -0.042866
v 1.499715 2.635184 -0.043578
v 1.548743 2.594047 -0.042381
v 1.492656 2.626777 -0.023019
v 1.542420 2.585980 -0.023097
v 1.500646 2.636210 -0.003289
v 1.549600 2.595033 -0.004577
v 1.596966 2.568962 -0.023599
v 1.592956 2.569038 -0.023545
v 1.480228 2.687747 -0.005351
v 1.487892 2.690876 -0.024599
v 1.479354 2.686576 -0.043000
v 1.461879 2.665365 -0.042619
v 1.453681 2.655670 -0.022984
v 1.462784 2.666668 -0.004272
v 1.531789 2.641117 -0.007612
v 1.538434 2.642955 -0.024544
v 1.530858 2.640061 -0.040786
v 1.515448 2.621407 -0.040477
v 1.508332 2.612788 -0.023155
v 1.516395 2.622458 -0.006526
v 1.578600 2.605837 -0.024637
v 1.574309 2.601568 -0.036887
v 1.555596 2.588789 -0.042418
v 1.548958 2.581656 -0.023101
v 1.556467 2.589781 -0.004524
v 1.574800 2.602254 -0.011805
v 1.518191 2.660542 -0.024668
v 1.510394 2.657395 -0.044502
v 1.495097 2.638898 -0.043969
v 1.488057 2.630187 -0.023002
v 1.496035 2.639952 -0.002880
v 1.511337 2.658437 -0.004005
v 1.566927 2.616545 -0.024632
v 1.559675 2.614293 -0.042963
v 1.545285 2.596843 -0.042524
v 1.538917 2.588730 -0.023094
v 1.546149 2.597830 -0.004425
v 1.560553 2.615259 -0.005554
v 1.603836 2.573600 -0.024410
v 1.597400 2.577253 -0.010835
v 1.596762 2.576568 -0.037449
v 1.570325 2.605411 -0.042886
v 1.571195 2.606389 -0.005660
v 1.579108 2.602220 -0.024613
v 1.576481 2.589889 -0.065111
v 1.446609 2.705702 -0.052724
v 1.580910 2.588372 -0.072818
v 1.448423 2.712571 -0.073266
v 1.576184 2.589466 -0.080271
v 1.439969 2.707705 -0.094766
v 1.564821 2.576843 -0.083852
v 1.423327 2.687698 -0.094103
v 1.558842 2.576499 -0.071813
v 1.415528 2.678409 -0.071330
v 1.565386 2.577478 -0.060206
v 1.425332 2.685801 -0.050544
v 1.546034 2.614197 -0.055844
v 1.503949 2.651150 -0.054797
v 1.509738 2.653218 -0.073020
v 1.551644 2.615665 -0.072986
v 1.503128 2.650218 -0.090500
v 1.545251 2.613332 -0.089455
v 1.489497 2.633789 -0.090081
v 1.532565 2.597668 -0.089039
v 1.483119 2.626215 -0.071537
v 1.526868 2.590350 -0.071604
v 1.490337 2.634713 -0.053742
v 1.533337 2.598562 -0.054865
v 1.575247 2.575312 -0.072047
v 1.571628 2.575372 -0.072001
v 1.472740 2.680463 -0.055597
v 1.479641 2.683354 -0.072976
v 1.471755 2.679397 -0.089657
v 1.456091 2.660472 -0.089256
v 1.448849 2.651619 -0.071559
v 1.457056 2.661531 -0.054587
v 1.518076 2.639498 -0.057605
v 1.524032 2.641265 -0.072919
v 1.517238 2.638547 -0.087605
v 1.503306 2.621705 -0.087362
v 1.496879 2.613933 -0.071656
v 1.504160 2.622651 -0.056581
v 1.559565 2.608339 -0.073005
v 1.555712 2.604653 -0.083919
v 1.538607 2.592984 -0.089041
v 1.532643 2.586533 -0.071610
v 1.539392 2.593879 -0.054845
v 1.556147 2.605268 -0.061563
v 1.506262 2.656702 -0.073030
v 1.499256 2.653764 -0.090879
v 1.485428 2.637069 -0.090429
v 1.479075 2.629213 -0.071522
v 1.486272 2.638021 -0.053378
v 1.500105 2.654703 -0.054426
v 1.549090 2.618041 -0.072994
v 1.542546 2.615949 -0.089506
v 1.529476 2.600119 -0.089143
v 1.523771 2.592780 -0.071605
v 1.530254 2.601012 -0.054749
v 1.543339 2.616820 -0.055812
v 1.581621 2.579688 -0.072793
v 1.575850 2.583036 -0.060468
v 1.575269 2.582414 -0.084632
v 1.551978 2.608089 -0.089430
v 1.552762 2.608972 -0.055914
v 1.559977 2.605227 -0.072971
v 1.385457 2.622362 0.163233
v 1.391980 2.620665 0.153210
v 1.391930 2.623055 0.140576
v 1.378338 2.608787 0.131650
v 1.368035 2.608941 0.146719
v 1.368697 2.607986 0.160483
v 1.358209 2.652524 0.165118
v 1.334979 2.692975 0.155703
v 1.354500 2.694890 0.139103
v 1.374186 2.656129 0.148120
v 1.354317 2.695556 0.112792
v 1.376100 2.655703 0.121728
v 1.334306 2.682916 0.106498
v 1.358493 2.637258 0.117113
v 1.315778 2.672304 0.130871
v 1.341578 2.628513 0.139257
v 1.317687 2.677949 0.153596
v 1.340956 2.635039 0.161425
v 1.381655 2.605139 0.151544
v 1.378278 2.605597 0.150324
v 1.323345 2.738981 0.144863
v 1.317019 2.718731 0.100493
v 1.287099 2.705927 0.122335
v 1.286900 2.714314 0.144104
v 1.342451 2.678436 0.156642
v 1.361093 2.681191 0.142613
v 1.359947 2.683554 0.117817
v 1.339269 2.668473 0.113982
v 1.322478 2.659433 0.133273
v 1.323270 2.666640 0.153013
v 1.378802 2.648160 0.149162
v 1.380412 2.643565 0.130366
v 1.362735 2.630965 0.118265
v 1.345538 2.623162 0.140545
v 1.344974 2.628658 0.162740
v 1.369565 2.643442 0.161292
v 1.352627 2.710903 0.137922
v 1.354211 2.706498 0.114381
v 1.332350 2.688160 0.104752
v 1.313308 2.676130 0.130074
v 1.312515 2.686636 0.153277
v 1.329163 2.702888 0.154913
v 1.372537 2.659296 0.147660
v 1.374417 2.659345 0.121180
v 1.356408 2.640496 0.116340
v 1.339639 2.631645 0.138636
v 1.338781 2.638226 0.160857
v 1.356413 2.655870 0.164773
v 1.386799 2.607776 0.152520
v 1.377477 2.611614 0.163613
v 1.388764 2.612058 0.137401
v 1.379808 2.647855 0.123510
v 1.362297 2.647401 0.166516
v 1.378549 2.643852 0.149012
v 1.426319 2.743569 0.104165
v 1.432009 2.746027 0.079257
v 1.423688 2.746078 0.053661
v 1.404749 2.722533 0.054906
v 1.396539 2.696381 0.080752
v 1.405748 2.716869 0.104132
v 1.429743 2.753748 0.024774
v 1.422610 2.747485 -0.005312
v 1.402628 2.723104 -0.000911
v 1.396402 2.716408 0.029415
v 1.400619 2.771688 0.103108
v 1.428189 2.747875 -0.031044
v 1.420040 2.739845 -0.055134
v 1.399169 2.716028 -0.050965
v 1.392743 2.711092 -0.025614
v 1.411600 2.781997 0.071246
v 1.424360 2.737189 -0.075631
v 1.414882 2.732298 -0.095686
v 1.397273 2.712015 -0.094057
v 1.390218 2.703124 -0.071506
v 1.417575 2.785737 0.013773
v 1.376927 2.775536 0.010919
v 1.378316 2.741135 0.076083
v 1.411064 2.780188 -0.043148
v 1.375794 2.746981 -0.060941
v 1.358907 2.769162 -0.042702
v 1.399269 2.768027 -0.084439
v 1.387127 2.763734 -0.092146
v 1.368424 2.733955 -0.094218
v 1.351235 2.820722 0.094666
v 1.364831 2.820763 0.064918
v 1.362508 2.838815 0.012653
v 1.250685 2.811523 0.015407
v 1.241696 2.809390 0.059040
v 1.264834 2.812560 0.115259
v 1.343784 2.830473 -0.027710
v 1.259051 2.812046 -0.039798
v 1.254482 2.816565 -0.018185
v 1.325181 2.813577 -0.059248
v 1.322675 2.801997 -0.068105
v 1.274426 2.815571 -0.057845
v 1.383131 2.732398 0.121864
v 1.324697 2.785349 0.140878
v 1.287153 2.814998 0.105871
v 1.370507 2.787435 0.119556
v 1.366623 2.753245 0.132716
v 1.383095 2.700501 0.095918
v 1.274215 2.761545 0.130350
v 1.271197 2.747925 0.093128
v 1.315863 2.753259 0.077879
v 1.342172 2.775862 0.071599
v 1.313865 2.787671 -0.066131
v 1.323172 2.779331 -0.037273
v 1.341844 2.781713 0.006043
v 1.311119 2.774701 -0.057016
v 1.188006 2.857307 -0.017218
v 1.189538 2.854750 0.043340
v 1.193977 2.864147 0.060739
v 1.197883 2.885604 0.075097
v 1.191048 2.875758 -0.041637
v 1.194652 2.896166 -0.049792
v 1.283356 2.857941 0.090656
v 1.293945 2.861735 0.081672
v 1.298375 2.878301 0.023845
v 1.291221 2.872169 -0.009778
v 1.287926 2.864459 -0.040206
v 1.268879 2.858446 -0.060016
v 1.249310 2.849923 0.094302
v 1.211336 2.830580 0.011848
v 1.212361 2.831701 0.047401
v 1.219695 2.840155 -0.042465
v 1.215575 2.834036 -0.012588
v 1.243987 2.854944 -0.061799
v 1.226348 2.889109 -0.042626
v 1.236711 2.902976 -0.034588
v 1.242484 2.917672 -0.017623
v 1.223347 2.882521 0.076088
v 1.228782 2.891222 0.070268
v 1.231335 2.896811 0.061668
v 1.237132 2.917253 0.020818
v 1.236354 2.914753 0.032146
v 1.234373 2.903929 0.052197
v 1.235917 2.909317 0.041627
v 1.194453 2.845732 0.015872
v 1.199123 2.851029 -0.016473
v 1.198351 2.847345 0.046651
v 1.205191 2.857073 0.062743
v 1.216384 2.870500 0.075000
v 1.205286 2.861782 -0.039118
v 1.214647 2.876540 -0.045119
v 1.298570 2.869889 0.055858
v 1.299123 2.873950 0.044544
v 1.295889 2.865783 0.067758
v 1.299935 2.877826 0.035642
v 0.238580 4.097890 0.000421
v 0.233588 4.089738 0.007179
v 0.239275 4.082712 -0.012898
v 0.236210 4.076658 -0.009983
v 0.236681 4.107741 0.012621
v 0.232416 4.104162 0.020866
v 0.234408 4.116535 0.024381
v 0.232053 4.114290 0.030517
v 0.239191 4.128575 0.020892
v 0.232384 4.133729 0.038670
v 0.249498 4.145165 0.005676
v 0.247602 4.161356 0.019120
v 0.254009 4.144849 -0.005882
v 0.257151 4.163250 -0.003365
v 0.259731 4.139678 -0.023879
v 0.266147 4.155595 -0.031834
v 0.260533 4.122373 -0.037798
v 0.265660 4.126508 -0.050654
v 0.252612 4.093447 -0.038200
v 0.255632 4.090796 -0.049702
v 0.245756 4.074761 -0.033554
v 0.247022 4.066570 -0.045077
v 0.239775 4.061437 -0.027391
v 0.239399 4.051624 -0.035969
v 0.230846 4.049217 -0.013011
v 0.231303 4.037427 -0.025512
v 0.220518 4.040914 0.008124
v 0.215168 4.018322 0.001531
v 0.214852 4.043620 0.024311
v 0.205243 4.018244 0.026521
v 0.211717 4.048260 0.035538
v 0.201717 4.026535 0.041023
v 0.209106 4.063619 0.049387
v 0.204536 4.046826 0.048826
v 0.250836 4.130255 -0.006029
v 0.250209 4.139718 -0.000365
v 0.254422 4.134544 -0.014302
v 0.253098 4.139444 -0.007260
v 0.248722 4.120531 -0.008196
v 0.253822 4.120683 -0.022068
v 0.246519 4.102643 -0.015153
v 0.249994 4.098135 -0.027901
v 0.241720 4.081680 -0.018126
v 0.244196 4.076674 -0.028676
v 0.238232 4.073216 -0.015170
v 0.238843 4.066315 -0.022295
v 0.230635 4.060634 -0.003504
v 0.230534 4.053607 -0.009752
v 0.225252 4.055836 0.008321
v 0.220873 4.043530 0.008735
v 0.217559 4.053360 0.024038
v 0.215444 4.045844 0.024358
v 0.216142 4.061844 0.032485
v 0.212678 4.050941 0.034955
v 0.216962 4.071558 0.038332
v 0.210427 4.068463 0.048990
v 0.219269 4.079844 0.036052
v 0.215988 4.085096 0.046568
v 0.224702 4.093480 0.034252
v 0.220618 4.096518 0.043075
v 0.229436 4.103592 0.030099
v 0.224817 4.110513 0.042028
v 0.244157 4.123219 0.005376
v 0.240931 4.113112 0.005603
v 0.239096 4.127775 0.019057
v 0.236057 4.117989 0.020099
v 0.244050 4.138663 0.015566
v 0.238302 4.150390 0.034680
v 0.237843 4.099543 -0.002731
v 0.225520 4.089113 0.006473
v 0.237972 4.083779 -0.013419
v 0.236431 4.077622 -0.008769
v 0.235703 4.108692 0.009430
v 0.224605 4.104991 0.022881
v 0.234990 4.117690 0.020405
v 0.226119 4.103245 0.023764
v 0.233874 4.128114 0.015173
v 0.247315 4.143488 0.003111
v 0.250848 4.143501 -0.006166
v 0.259821 4.140244 -0.022030
v 0.260964 4.120780 -0.035555
v 0.249819 4.093522 -0.036326
v 0.241836 4.077081 -0.031960
v 0.231089 4.066542 -0.025359
v 0.225164 4.058538 -0.016827
v 0.241889 4.131290 -0.005807
v 0.246407 4.142190 0.002815
v 0.254102 4.135554 -0.016567
v 0.249400 4.145093 -0.006779
v 0.247300 4.127259 -0.010355
v 0.256593 4.119023 -0.025460
v 0.241626 4.101195 -0.008495
v 0.249897 4.096403 -0.032353
v 0.239372 4.083361 -0.015311
v 0.238946 4.076996 -0.033645
v 0.237065 4.076645 -0.012465
v 0.230543 4.065392 -0.026063
v 0.228157 4.063904 -0.006219
v 0.225269 4.057386 -0.018236
v 0.219194 4.062129 0.009075
v 0.208432 4.061983 0.019327
v 0.214177 4.070711 0.025155
v 0.210192 4.072876 0.031134
v 0.211808 4.081917 0.027656
v 0.225158 4.101925 0.020661
v 0.226668 4.104373 0.025406
v 0.238179 4.126093 -0.000511
v 0.237812 4.111595 0.005404
v 0.234616 4.130633 0.019663
v 0.229434 4.119945 0.021758
v 0.244015 4.138263 0.013135
v 0.240479 4.134546 0.005430
v 0.241203 4.129248 -0.005688
v 0.215987 4.074983 0.018217
v 0.220279 4.081477 0.011368
v 0.218106 4.061021 0.012083
v 0.221206 4.069960 0.003538
v 0.222973 4.083788 0.029300
v 0.227671 4.090182 0.023232
v 0.229438 4.102183 0.025118
v 0.217717 4.084085 0.021995
v 0.222704 4.091670 0.018560
v 0.225140 4.103863 0.020000
v 0.226884 4.058910 0.013729
v 0.223622 4.063916 0.022134
v 0.220807 4.062205 0.029590
v 0.213858 4.067221 0.008891
v 0.210970 4.069249 0.016183
v 0.207963 4.070336 0.022502
v 0.222021 4.137012 0.035817
v 0.236043 4.165509 0.014782
v 0.245343 4.167509 -0.008210
v 0.254360 4.159502 -0.037016
v 0.243822 4.093909 -0.055429
v 0.227644 4.054045 -0.041379
v 0.195952 4.067171 0.045255
v 0.214757 4.113892 0.039434
v 0.227305 4.154224 0.031039
v 0.253897 4.130045 -0.056174
v 0.235338 4.069557 -0.050672
v 0.219373 4.039499 -0.030483
v 0.203353 4.020555 -0.003563
v 0.194153 4.020029 0.022203
v 0.188785 4.029897 0.036595
v 0.191459 4.050384 0.044531
v 0.197583 4.072009 0.044863
v 0.206738 4.086557 0.045006
v 0.212163 4.097718 0.041859
v 0.203569 4.121687 0.033210
v 0.208121 4.145676 0.018544
v 0.211034 4.147160 -0.005527
v 0.217341 4.140704 -0.031024
v 0.218169 4.116151 -0.047079
v 0.213009 4.085558 -0.045981
v 0.208855 4.064430 -0.041518
v 0.204562 4.050539 -0.032768
v 0.182629 4.039499 0.013606
v 0.188492 4.022929 0.028782
v 0.190821 4.021212 0.025706
v 0.190830 4.027855 0.035976
v 0.192399 4.059103 0.042808
v 0.189982 4.045239 0.041861
v 0.193328 4.063065 0.042647
v 0.198202 4.076754 0.041918
v 0.193275 4.068842 0.043902
v 0.207582 4.135277 0.030136
v 0.219379 4.117628 0.076333
v 0.238982 4.233799 -0.008150
v 0.027711 4.481193 -0.099753
v 0.202450 4.377380 -0.048468
v 0.146428 4.433483 -0.072677
v 0.074762 4.465948 -0.094044
v 0.100937 4.457609 -0.088205
v 0.003298 4.483508 -0.099428
v 0.054503 4.473523 -0.096972
v 0.237950 4.301554 -0.025493
v 0.003298 3.260996 0.327381
v 0.130507 3.479104 0.393099
v 0.055876 3.358709 0.401013
v 0.039881 3.403040 0.390547
v 0.105036 3.514001 0.345578
v 0.069135 3.484285 0.375523
v 0.050311 3.448202 0.382903
v 0.076618 3.322354 0.399936
v 0.044184 3.294035 0.364005
v 0.302241 3.530486 0.195101
v 0.086897 3.551404 0.308390
v 0.143591 3.567611 0.305306
v 0.205667 3.560621 0.302619
v 0.265469 3.534063 0.290051
v 0.003298 3.294044 0.326366
v -0.013841 4.134179 0.329495
v -0.015273 4.094208 0.323384
v -0.039138 4.131746 0.309004
v -0.037192 4.095901 0.310968
v -0.063919 4.115739 0.259757
v -0.063919 4.105415 0.259410
v -0.014880 4.083179 0.327392
v -0.038905 4.081319 0.316259
v -0.071610 4.092648 0.270222
v -0.047581 4.162417 0.288169
v -0.070086 4.138979 0.272239
v -0.064854 4.221413 0.323383
v -0.076564 4.146451 0.281260
v -0.094897 4.201709 0.307723
v -0.092610 4.155808 0.282318
v -0.127187 4.202821 0.279396
v -0.109783 4.154926 0.281335
v -0.159546 4.197835 0.248690
v -0.125227 4.153096 0.270132
v -0.180212 4.175200 0.216368
v -0.134514 4.144209 0.264121
v -0.192725 4.149282 0.195608
v -0.144125 4.130784 0.248746
v -0.148845 4.394648 0.233998
v -0.191793 4.350566 0.196662
v -0.183429 4.094949 0.201639
v -0.147514 4.104280 0.246248
v -0.165482 4.057453 0.234982
v -0.140591 4.089407 0.255201
v -0.126702 4.041441 0.257592
v -0.116421 4.078658 0.264188
v -0.091084 4.043705 0.284289
v -0.097478 4.078251 0.274794
v -0.059955 4.055653 0.291271
v -0.085756 4.080322 0.277998
v -0.047855 4.097103 0.274748
v -0.048821 4.124377 0.275632
v -0.052499 4.083587 0.290413
v -0.054128 4.151427 0.286538
v -0.068224 4.182445 0.293986
v -0.093647 4.188821 0.289089
v -0.120071 4.187132 0.275799
v -0.149157 4.184309 0.254354
v -0.164258 4.160707 0.231829
v -0.175260 4.139234 0.220778
v -0.174770 4.255737 0.232144
v -0.174482 4.100315 0.219625
v -0.158291 4.069514 0.246165
v -0.123002 4.055915 0.262322
v -0.094203 4.058404 0.281827
v -0.072412 4.067911 0.287399
v -0.056624 4.102594 0.266563
v -0.062998 4.087724 0.276513
v -0.056597 4.117515 0.269400
v -0.061216 4.145103 0.282984
v -0.071829 4.162818 0.289694
v -0.092617 4.169945 0.288913
v -0.115135 4.169907 0.279750
v -0.134389 4.167064 0.261263
v -0.148395 4.151266 0.248709
v -0.160512 4.134475 0.237041
v -0.205262 4.212598 0.181707
v -0.162913 4.103850 0.235012
v -0.150634 4.079161 0.252667
v -0.120532 4.067145 0.264737
v -0.096181 4.067842 0.279972
v -0.078567 4.073711 0.282222
v -0.063187 4.112558 0.251039
v -0.064442 4.102278 0.250240
v -0.074281 4.087866 0.260096
v -0.069999 4.138799 0.263117
v -0.077690 4.145512 0.271982
v -0.092258 4.153848 0.272579
v -0.107632 4.152643 0.271772
v -0.120268 4.149580 0.265379
v -0.129748 4.142642 0.253976
v -0.139465 4.131287 0.241359
v -0.220837 4.263162 0.133133
v -0.144776 4.101703 0.235803
v -0.135769 4.079686 0.242773
v -0.113404 4.073270 0.254524
v -0.095162 4.078463 0.266334
v -0.084642 4.079651 0.266794
v -0.079053 3.995280 0.293812
v -0.014297 4.069020 0.347605
v -0.044861 4.062633 0.325206
v -0.149405 3.945720 0.146560
v -0.046997 4.029934 0.338552
v -0.044613 4.014322 0.350496
v -0.012321 4.023327 0.361456
v -0.014908 4.046926 0.371355
v -0.068917 4.286344 0.326552
v -0.093896 4.000690 0.274945
v -0.068964 4.021818 0.306674
v -0.047024 4.012749 0.341580
v -0.008549 4.006687 0.362864
v -0.008859 3.998503 0.355812
v -0.016285 4.006984 0.350207
v -0.008177 3.995404 0.353510
v -0.016621 4.006191 0.346315
v -0.008746 3.993414 0.350708
v -0.016458 4.003104 0.344361
v -0.120970 3.954412 0.233131
v -0.026865 4.007451 0.349248
v -0.046930 3.990435 0.327804
v -0.008195 3.989328 0.345332
v -0.046775 3.976938 0.327942
v -0.012814 3.978462 0.341924
v -0.046718 3.974968 0.327348
v -0.015308 3.975195 0.338697
v -0.046928 3.971820 0.327430
v -0.018244 3.970890 0.339237
v -0.046540 3.962140 0.324715
v -0.020425 3.961557 0.332373
v -0.046253 3.952322 0.308377
v -0.020141 3.949398 0.309434
v -0.046763 3.943437 0.312432
v -0.020910 3.940270 0.312344
v -0.047181 3.929731 0.304128
v -0.021576 3.923632 0.303810
v -0.069168 3.973677 0.307679
v -0.068946 3.970006 0.309864
v -0.068673 3.967367 0.310661
v -0.068205 3.961231 0.309454
v -0.067622 3.953193 0.299674
v -0.068093 3.949362 0.299851
v -0.068209 3.941231 0.296185
v -0.090111 3.957842 0.282962
v -0.089111 3.957188 0.284047
v -0.087908 3.956589 0.289814
v -0.046817 3.926540 0.282529
v -0.088607 3.956018 0.285394
v -0.087406 3.954678 0.288862
v -0.088638 3.952839 0.283667
v -0.021723 3.919168 0.283818
v -0.067558 3.936897 0.279497
v -0.089685 3.954310 0.283120
v -0.021061 3.943916 0.305559
v -0.046430 3.947369 0.306523
v -0.067195 3.950699 0.298388
v -0.086976 3.954894 0.292104
v -0.068361 3.983571 0.302725
v -0.091000 3.962610 0.277925
v -0.090633 3.947844 0.276047
v -0.067277 3.934337 0.276054
v -0.046838 3.922107 0.280298
v -0.021919 3.913277 0.285171
v -0.099995 3.958346 0.264113
v -0.099291 3.950732 0.262513
v -0.079348 3.923223 0.256030
v -0.050309 3.911766 0.254942
v -0.022873 3.903482 0.273730
v -0.078063 4.036862 0.296170
v -0.076972 3.998665 0.303007
v -0.028202 4.094688 0.317283
v -0.028935 4.133214 0.324514
v -0.028672 4.082368 0.320298
v -0.029175 4.067796 0.333870
v -0.027821 4.043895 0.349366
v -0.022646 4.023808 0.357153
v -0.018699 4.008631 0.353764
v -0.127922 4.002796 0.251885
v -0.128497 4.023091 0.255904
v -0.171342 4.041380 0.221436
v -0.190234 4.090808 0.183440
v -0.230278 4.203343 0.098725
v -0.207860 4.161894 0.170938
v -0.194505 4.192673 0.196532
v -0.167531 4.228965 0.241827
v -0.134727 4.235723 0.278723
v -0.099730 4.235151 0.307911
v -0.045289 4.220276 0.337486
v -0.172071 4.020495 0.203285
v -0.196198 4.082734 0.160135
v -0.217476 4.174140 0.146633
v -0.139904 4.272916 0.276261
v -0.103322 4.281361 0.310092
v -0.047369 4.288819 0.339661
v -0.017337 4.291136 0.344337
v -0.015387 4.219683 0.345731
v -0.090498 4.024698 0.280540
v -0.159738 3.969484 0.164163
v -0.200914 4.049679 0.114358
v -0.103103 4.424268 0.269793
v -0.070158 4.438258 0.285708
v -0.048198 4.445599 0.297411
v -0.021065 4.448768 0.300806
v -0.192552 4.020679 0.078844
v -0.236040 4.222222 0.064252
v -0.230827 4.298844 0.088406
v -0.196795 4.395318 0.122145
v -0.151345 4.455194 0.146962
v -0.099791 4.488056 0.163769
v -0.067862 4.501379 0.170497
v -0.047787 4.507797 0.171488
v -0.021133 4.511328 0.174892
v -0.181223 4.287155 0.222448
v -0.215813 4.234612 0.160262
v -0.097917 3.978971 0.269528
v -0.224247 4.188921 0.122589
v -0.145470 4.326947 0.264561
v -0.166313 3.997532 0.184788
v -0.198986 4.068851 0.137476
v -0.103433 4.345284 0.303513
v -0.068771 4.355550 0.318051
v -0.048935 4.360620 0.328621
v -0.020534 4.361972 0.334947
v -0.125030 3.979402 0.243090
v -0.091808 3.909601 0.209174
v -0.130355 3.933515 0.121082
v -0.022819 3.888578 0.262935
v -0.109123 3.929739 0.222491
v -0.171361 3.998823 0.061479
v -0.079931 3.901830 0.184322
v -0.022615 3.875977 0.240327
v -0.115378 3.931923 0.076581
v -0.127711 3.971906 0.021005
v -0.069248 3.890509 0.159096
v -0.019558 3.872522 0.213998
v -0.069605 3.907156 0.105887
v -0.056438 3.889147 0.136444
v -0.018450 3.872326 0.196029
v -0.197630 4.057851 0.053092
v -0.018247 3.873709 0.175612
v -0.023487 3.873708 0.161398
v -0.024314 3.886053 0.131162
v -0.220637 4.167785 0.042493
v -0.178390 4.019915 0.042421
v -0.167757 4.005126 0.013890
v -0.212185 4.111192 0.050514
v -0.233443 4.234562 0.027344
v -0.225563 4.188913 0.023982
v -0.227263 4.210056 -0.051622
v -0.214738 4.181283 -0.037456
v -0.226754 4.165434 -0.085310
v -0.210963 4.144701 -0.061025
v -0.210092 4.102775 -0.087101
v -0.203877 4.105563 -0.063146
v -0.193158 4.051812 -0.069845
v -0.191664 4.061135 -0.050220
v -0.177339 4.013862 -0.031900
v -0.178393 4.023145 -0.018297
v -0.225389 4.191088 -0.005150
v -0.231396 4.310016 0.029052
v -0.195959 4.417130 0.031925
v -0.141429 4.475041 0.033174
v -0.094452 4.505697 0.033804
v -0.065439 4.515988 0.034714
v -0.047838 4.520298 0.034015
v -0.021108 4.526779 0.034600
v -0.223408 4.263905 -0.090709
v -0.187062 4.324258 -0.130854
v -0.136522 4.357503 -0.154232
v -0.094062 4.372213 -0.164863
v -0.068021 4.379594 -0.171014
v -0.047684 4.383220 -0.174547
v -0.020979 4.387626 -0.177457
v -0.217020 4.197982 -0.124083
v -0.183533 4.235905 -0.171009
v -0.135315 4.256720 -0.193370
v -0.093578 4.267492 -0.201933
v -0.066423 4.272941 -0.208283
v -0.045688 4.276543 -0.212550
v -0.020894 4.279074 -0.215817
v -0.203942 4.107301 -0.119026
v -0.177375 4.115711 -0.160096
v -0.138666 4.126769 -0.179714
v -0.097999 4.135647 -0.187746
v -0.070774 4.139761 -0.196399
v -0.045687 4.144559 -0.198132
v -0.017886 4.146249 -0.200999
v -0.183426 4.047782 -0.091647
v -0.162876 4.046123 -0.111579
v -0.132950 4.044932 -0.121376
v -0.095439 4.044394 -0.130532
v -0.067305 4.043490 -0.133828
v -0.045811 4.042721 -0.137106
v -0.017938 4.041965 -0.141214
v -0.159248 4.006746 -0.051872
v -0.146616 4.002700 -0.062573
v -0.122533 4.000090 -0.072179
v -0.094669 3.998974 -0.081736
v -0.067372 3.998050 -0.087691
v -0.045072 3.997191 -0.091976
v -0.018770 3.996351 -0.097721
v -0.099464 3.969221 -0.011113
v -0.091822 3.970832 -0.021477
v -0.089995 3.971592 -0.033589
v -0.083881 3.972349 -0.040029
v -0.067808 3.973861 -0.046708
v -0.045895 3.974208 -0.050329
v -0.018763 3.975138 -0.052138
v -0.089586 3.901584 0.063784
v -0.106565 3.911513 0.021411
v -0.063148 3.882616 0.089107
v -0.027599 3.868695 0.114579
v -0.096338 3.907524 -0.019802
v -0.088754 3.906701 -0.031857
v -0.083627 3.906147 -0.039188
v -0.076900 3.905577 -0.045193
v -0.060419 3.905175 -0.049408
v -0.043917 3.905070 -0.053779
v -0.021431 3.905273 -0.056120
v -0.097697 3.773616 -0.071170
v -0.049257 3.760123 -0.096914
v -0.068409 3.761426 -0.085643
v -0.113672 3.783461 -0.059120
v -0.133829 3.800328 -0.039932
v -0.135548 3.802505 -0.018776
v -0.029849 3.762571 0.109420
v -0.070122 3.769291 0.088083
v -0.130277 3.803473 0.022190
v -0.108336 3.786358 0.062908
v -0.090490 3.853749 0.061840
v -0.111487 3.861445 0.020822
v -0.065008 3.843015 0.088281
v -0.028419 3.829138 0.111803
v -0.100039 3.860793 -0.021775
v -0.089272 3.861160 -0.034101
v -0.083661 3.860516 -0.042301
v -0.077079 3.858160 -0.052634
v -0.061163 3.856088 -0.062193
v -0.044207 3.856298 -0.067645
v -0.020872 3.856935 -0.071098
v -0.098004 3.814797 0.062450
v -0.118025 3.826181 0.021967
v -0.067226 3.799758 0.089432
v -0.028224 3.789545 0.111327
v -0.104340 3.828392 -0.020987
v -0.098552 3.828537 -0.036602
v -0.091036 3.825653 -0.050576
v -0.079476 3.820346 -0.066830
v -0.065313 3.816272 -0.073831
v -0.046266 3.811064 -0.082771
v -0.021289 3.808779 -0.090444
v -0.021852 3.756176 -0.106811
v -0.033908 3.734248 0.135962
v -0.075066 3.742289 0.132298
v -0.144238 3.772629 0.088632
v -0.144365 3.754308 0.127943
v -0.232419 3.773136 0.075543
v -0.233096 3.760299 0.110991
v -0.233426 3.781650 0.047217
v -0.234387 3.790758 0.018227
v -0.235854 3.789851 -0.019265
v -0.233160 3.786466 -0.036943
v -0.230072 3.773498 -0.056650
v -0.226577 3.764612 -0.070038
v -0.225360 3.755119 -0.084097
v -0.159599 3.798774 -0.019169
v -0.124246 3.759886 -0.084118
v -0.156460 3.795410 -0.038607
v -0.151135 3.785657 0.052855
v -0.150333 3.784348 -0.058520
v -0.159198 3.798850 0.022662
v -0.136440 3.769619 -0.070993
v -0.304065 3.760813 0.072369
v -0.305522 3.753006 0.102061
v -0.301105 3.766937 0.044733
v -0.300998 3.774272 0.015040
v -0.298531 3.774824 -0.016999
v -0.298649 3.772411 -0.034133
v -0.296436 3.768807 -0.052783
v -0.294015 3.762960 -0.067125
v -0.291461 3.752734 -0.083389
v -0.036867 3.715873 0.159454
v -0.076263 3.725264 0.158118
v -0.145699 3.737756 0.156371
v -0.233913 3.745423 0.141717
v -0.309963 3.737725 0.130258
v -0.038268 3.696638 0.184461
v -0.078234 3.710606 0.179258
v -0.151021 3.721421 0.172165
v -0.238406 3.723256 0.161520
v -0.318079 3.713742 0.154740
v -0.043110 3.652798 0.206839
v -0.089411 3.671120 0.206836
v -0.162001 3.684626 0.197337
v -0.251804 3.675761 0.184585
v -0.319256 3.661794 0.178149
v -0.126606 3.594661 0.276711
v -0.112754 3.627353 0.242229
v -0.182630 3.476203 0.391623
v -0.193238 3.514258 0.352883
v -0.193765 3.591213 0.270430
v -0.180696 3.629459 0.236508
v -0.207126 3.463381 0.393375
v -0.235429 3.496940 0.352479
v -0.268560 3.563745 0.245446
v -0.257330 3.620541 0.203411
v -0.227514 3.433383 0.395028
v -0.271296 3.451300 0.354197
v -0.305552 3.451809 0.267603
v -0.307306 3.447221 0.188430
v -0.233905 3.402680 0.398908
v -0.283508 3.398246 0.358674
v -0.315846 3.395152 0.269887
v -0.299647 3.385257 0.192199
v -0.232602 3.375764 0.407470
v -0.278131 3.350246 0.364344
v -0.308139 3.327885 0.287802
v -0.301502 3.320932 0.219949
v -0.216241 3.350497 0.410987
v -0.251727 3.306216 0.374890
v -0.265436 3.280682 0.309719
v -0.272058 3.276629 0.254972
v -0.193212 3.337775 0.418168
v -0.215817 3.290278 0.384979
v -0.233668 3.255500 0.334085
v -0.233874 3.238946 0.295411
v -0.163250 3.328609 0.420426
v -0.166686 3.283419 0.399685
v -0.172123 3.251550 0.351353
v -0.174673 3.235065 0.325668
v -0.159106 3.403743 0.421680
v -0.132068 3.336123 0.422572
v -0.115222 3.286377 0.398190
v -0.102154 3.266811 0.349627
v -0.102915 3.249236 0.339236
v -0.104576 3.349910 0.419438
v -0.026325 3.258468 0.332797
v -0.085985 3.378343 0.414948
v -0.012256 3.340877 0.382969
v -0.075528 3.403037 0.409081
v -0.002607 3.403042 0.376002
v -0.081625 3.434540 0.403315
v -0.007881 3.456399 0.362056
v -0.097706 3.462728 0.396008
v -0.018008 3.505565 0.332604
v -0.066438 3.580684 0.280821
v -0.053823 3.616800 0.246737
v -0.152224 3.484433 0.392576
v -0.146477 3.522746 0.354741
v -0.048359 3.730287 -0.132612
v -0.067821 3.732061 -0.126160
v -0.020772 3.729867 -0.135540
v -0.221268 3.723648 -0.111071
v -0.105233 3.733468 -0.120155
v -0.279974 3.714728 -0.113740
v -0.048076 3.699542 -0.148295
v -0.068220 3.700891 -0.145547
v -0.020156 3.701255 -0.150928
v -0.217975 3.692154 -0.127699
v -0.098338 3.702417 -0.140112
v -0.276012 3.680281 -0.128929
v -0.047341 3.626773 -0.167712
v -0.069438 3.628677 -0.162631
v -0.020101 3.627274 -0.168293
v -0.212851 3.636975 -0.142601
v -0.096932 3.632415 -0.152485
v -0.276375 3.640208 -0.133971
v -0.047737 3.536785 -0.169323
v -0.069598 3.538010 -0.167697
v -0.020326 3.537299 -0.169751
v -0.224430 3.574780 -0.138644
v -0.100426 3.539349 -0.157005
v -0.274744 3.596438 -0.132318
v -0.050532 3.437455 -0.155249
v -0.072535 3.437395 -0.147624
v -0.021647 3.437505 -0.160403
v -0.246903 3.515942 -0.126519
v -0.206981 3.437253 -0.141088
v -0.277164 3.550454 -0.112997
v -0.320436 3.608979 0.171848
v -0.311177 3.510509 0.148595
v -0.312957 3.528928 0.129665
v -0.309188 3.478601 0.083846
v -0.309375 3.506561 0.064359
v -0.314857 3.457056 0.011976
v -0.319751 3.475229 0.015133
v -0.291657 3.471939 -0.078924
v -0.301565 3.491345 -0.065992
v -0.311927 3.445938 0.155790
v -0.312497 3.449808 0.090885
v -0.313460 3.440190 0.013966
v -0.284601 3.438836 -0.080211
v -0.051891 3.380829 -0.135840
v -0.074672 3.380785 -0.131407
v -0.023548 3.380693 -0.139431
v -0.201709 3.381328 -0.116440
v -0.309848 3.388380 0.172614
v -0.313148 3.388431 0.106633
v -0.310686 3.387138 0.019463
v -0.285814 3.383835 -0.069665
v -0.051264 3.320487 -0.095471
v -0.074540 3.320778 -0.091665
v -0.022692 3.320157 -0.101745
v -0.200464 3.321086 -0.084260
v -0.304110 3.324106 0.198837
v -0.303473 3.325770 0.126209
v -0.296217 3.324941 0.030752
v -0.281030 3.322357 -0.049789
v -0.047612 3.278358 -0.066550
v -0.071247 3.278738 -0.064337
v -0.021303 3.278073 -0.064790
v -0.196522 3.278687 -0.055298
v -0.283280 3.278363 0.228151
v -0.295707 3.282459 0.130003
v -0.289060 3.281757 0.032178
v -0.273365 3.279733 -0.017386
v -0.044803 3.240106 -0.044684
v -0.069862 3.240380 -0.046491
v -0.020359 3.240041 -0.047733
v -0.196066 3.241086 -0.039345
v -0.256509 3.239897 0.255739
v -0.292603 3.245261 0.131668
v -0.281287 3.244347 0.029633
v -0.268959 3.242652 -0.007731
v -0.055686 2.981540 0.325794
v -0.139782 2.998914 0.317064
v -0.212826 3.008324 0.307883
v -0.218409 3.010518 -0.040384
v -0.306714 3.006954 0.045983
v -0.319506 3.017177 0.162732
v -0.271357 3.015756 0.267540
v -0.032661 3.015360 -0.043505
v -0.077852 3.016408 -0.044379
v -0.053639 3.016288 -0.043623
v -0.255889 3.073594 0.275860
v -0.220270 3.069546 -0.031933
v -0.050226 3.051887 0.328874
v -0.311188 3.075209 0.174180
v -0.030706 3.073231 -0.034113
v -0.053182 3.073400 -0.034342
v -0.077710 3.073285 -0.034856
v -0.275176 3.067399 -0.008912
v -0.130966 3.060623 0.324548
v -0.205419 3.068322 0.313819
v -0.300011 3.068968 0.049988
v -0.252872 3.119595 0.275692
v -0.246735 3.170260 0.276175
v -0.245203 3.202137 0.272661
v -0.028032 3.117656 -0.029323
v -0.023854 3.167588 -0.029014
v -0.021877 3.198095 -0.031828
v -0.272966 3.114710 -0.002326
v -0.267572 3.166359 -0.000847
v -0.267165 3.198754 -0.002679
v -0.123252 3.108848 0.328628
v -0.109823 3.164207 0.332485
v -0.106955 3.214804 0.328710
v -0.292886 3.116239 0.054604
v -0.285959 3.167839 0.058101
v -0.285332 3.200018 0.052059
v -0.200077 3.198771 -0.030216
v -0.208234 3.167104 -0.022729
v -0.215321 3.116155 -0.025720
v -0.031232 3.219562 0.326575
v -0.040443 3.160829 0.331346
v -0.044910 3.103492 0.331317
v -0.294538 3.201533 0.173286
v -0.296794 3.159861 0.178687
v -0.304219 3.120189 0.176325
v -0.045160 3.198315 -0.031936
v -0.047183 3.167604 -0.029149
v -0.051128 3.117809 -0.029527
v -0.068963 3.198351 -0.035370
v -0.071735 3.167368 -0.029293
v -0.075635 3.117836 -0.029748
v -0.180737 3.209692 0.332668
v -0.185986 3.167666 0.325806
v -0.197101 3.115145 0.319296
v -0.278707 3.003716 -0.016781
v -0.366305 3.744402 0.069438
v -0.371052 3.734838 0.095998
v -0.361632 3.749651 0.043033
v -0.355511 3.753472 0.014016
v -0.350770 3.756623 -0.014357
v -0.347930 3.755247 -0.032937
v -0.342900 3.752190 -0.045739
v -0.339796 3.750375 -0.061790
v -0.335523 3.740890 -0.077368
v -0.375445 3.722215 0.122707
v -0.375409 3.695718 0.144393
v -0.366651 3.644885 0.166904
v -0.322084 3.702101 -0.106210
v -0.317879 3.668576 -0.120769
v -0.316107 3.636140 -0.125321
v -0.312343 3.594938 -0.123813
v -0.309925 3.549690 -0.104889
v -0.355908 3.596532 0.162311
v -0.342336 3.542457 0.122760
v -0.334682 3.510958 0.080900
v -0.319035 3.508563 -0.057680
v -0.384733 3.392147 0.016355
v -0.447634 3.672466 0.070337
v -0.449177 3.666998 0.102995
v -0.442384 3.673710 0.042635
v -0.439085 3.675870 0.012659
v -0.433446 3.676642 -0.018523
v -0.433114 3.677406 -0.033553
v -0.429476 3.676400 -0.050838
v -0.425244 3.673152 -0.068725
v -0.420500 3.663120 -0.085937
v -0.450225 3.652934 0.131347
v -0.449011 3.624969 0.157665
v -0.441665 3.571777 0.183797
v -0.403939 3.620877 -0.117535
v -0.397949 3.583887 -0.133836
v -0.395817 3.548473 -0.138786
v -0.389956 3.502557 -0.136925
v -0.385634 3.452984 -0.114658
v -0.427695 3.502856 0.178564
v -0.410603 3.445122 0.134495
v -0.402115 3.412084 0.088686
v -0.394596 3.410166 -0.064028
v -0.472133 3.313400 0.014840
v -0.531314 3.563201 0.061577
v -0.531061 3.552055 0.086600
v -0.526918 3.571217 0.037683
v -0.524820 3.571939 0.014087
v -0.520960 3.570928 -0.015506
v -0.520616 3.570288 -0.026600
v -0.518709 3.567259 -0.042524
v -0.516023 3.562224 -0.055304
v -0.511941 3.553622 -0.069842
v -0.529994 3.528828 0.109932
v -0.526250 3.505279 0.131856
v -0.516642 3.460931 0.153847
v -0.497452 3.503663 -0.095689
v -0.491993 3.473388 -0.109111
v -0.489082 3.443941 -0.113530
v -0.482752 3.405869 -0.112379
v -0.476848 3.364239 -0.094173
v -0.501665 3.403112 0.150026
v -0.488865 3.355597 0.113714
v -0.483476 3.328644 0.074750
v -0.482197 3.327942 -0.051780
v -0.614767 3.226375 0.013743
v -0.680898 3.413740 0.051156
v -0.679894 3.406117 0.071869
v -0.680941 3.418168 0.032479
v -0.680693 3.418901 0.013445
v -0.679077 3.418552 -0.009906
v -0.679167 3.418088 -0.018872
v -0.677874 3.415878 -0.031979
v -0.675575 3.412002 -0.042644
v -0.671753 3.405156 -0.054724
v -0.677206 3.396410 0.090926
v -0.671529 3.377599 0.108753
v -0.660832 3.342907 0.125767
v -0.657162 3.378937 -0.075673
v -0.649199 3.355176 -0.086322
v -0.643418 3.331886 -0.089620
v -0.634860 3.302459 -0.088470
v -0.623979 3.267128 -0.074038
v -0.646379 3.297753 0.122092
v -0.631318 3.258358 0.092945
v -0.624735 3.237384 0.061681
v -0.623286 3.237360 -0.039743
v -0.750695 3.111812 0.014091
v -0.807875 3.303115 0.053323
v -0.806559 3.295188 0.075193
v -0.808309 3.307659 0.033561
v -0.808595 3.308366 0.013420
v -0.807767 3.307976 -0.011048
v -0.808251 3.307440 -0.020435
v -0.807432 3.305066 -0.033921
v -0.805559 3.301021 -0.044751
v -0.802229 3.294023 -0.057001
v -0.803636 3.284973 0.095292
v -0.798141 3.265425 0.113684
v -0.788164 3.229513 0.131063
v -0.788398 3.267083 -0.078658
v -0.781022 3.242490 -0.089772
v -0.775979 3.218524 -0.093098
v -0.767888 3.188126 -0.091829
v -0.760216 3.154344 -0.077064
v -0.775897 3.182897 0.126629
v -0.765252 3.144629 0.096023
v -0.760178 3.123039 0.063755
v -0.751510 3.131151 -0.050883
v -0.937250 2.990685 0.014018
v -0.968524 3.164225 0.055766
v -0.964892 3.155488 0.076286
v -0.972421 3.170080 0.035537
v -0.976631 3.172280 0.014893
v -0.980792 3.174004 -0.009821
v -0.983276 3.174183 -0.019365
v -0.985283 3.172870 -0.032974
v -0.985454 3.169618 -0.043524
v -0.984159 3.163563 -0.054827
v -0.962384 3.145652 0.092788
v -0.960448 3.128037 0.105106
v -0.959707 3.097062 0.114257
v -0.972208 3.138415 -0.074931
v -0.965598 3.115128 -0.085169
v -0.961144 3.092503 -0.088211
v -0.953635 3.063546 -0.087012
v -0.946438 3.031279 -0.073012
v -0.957499 3.056156 0.108407
v -0.951145 3.021559 0.087057
v -0.946388 3.001409 0.061294
v -0.946379 3.001490 -0.039097
v -1.190906 2.914350 -0.049823
v -1.191794 2.928424 -0.047448
v -1.193529 2.945912 -0.037883
v -1.189218 2.904280 0.075592
v -1.184988 2.923231 0.068033
v -1.183334 2.935067 0.060507
v -1.194877 2.956577 -0.024678
v -1.193532 2.959212 -0.017652
v -1.192216 2.960426 -0.011004
v -1.190104 2.960368 -0.002647
v -1.188268 2.959663 0.003023
v -1.185239 2.957202 0.018498
v -1.183067 2.954568 0.030956
v -1.182497 2.942398 0.051695
v -1.182383 2.949448 0.041104
v -1.179841 2.850472 0.016127
v -0.040342 2.502600 0.227021
v -0.040499 2.445572 0.211997
v -0.016613 2.387700 0.156558
v 0.000016 2.358870 0.031220
v -0.017859 2.369031 -0.031986
v -0.013410 2.377440 -0.110040
v -0.139609 2.553582 0.249731
v -0.145351 2.496819 0.232947
v -0.239380 2.625916 0.258072
v -0.250724 2.575201 0.260906
v -0.348154 2.698824 0.189841
v -0.353949 2.649795 0.176328
v -0.382198 2.755951 0.083588
v -0.392307 2.709125 0.070485
v -0.353829 2.766796 -0.019798
v -0.371438 2.726015 -0.031733
v -0.311859 2.737257 -0.177086
v -0.323479 2.680007 -0.184129
v -0.219837 2.667379 -0.244670
v -0.227257 2.602412 -0.252946
v -0.124671 2.576179 -0.242460
v -0.127537 2.510263 -0.241011
v -0.030039 2.408844 -0.167766
v -0.032147 2.475422 -0.227804
v -0.034908 2.586622 0.248842
v -0.040496 2.675659 0.263179
v -0.048941 2.753109 0.286900
v -0.060524 2.838033 0.304757
v -0.060863 2.912373 0.320713
v -0.030800 2.955267 -0.057963
v -0.024409 2.873288 -0.101044
v -0.022442 2.784091 -0.161547
v -0.027245 2.684454 -0.197236
v -0.028853 2.587725 -0.209461
v -0.139458 2.940205 0.314441
v -0.142438 2.855903 0.305538
v -0.143523 2.772442 0.294771
v -0.133324 2.694615 0.279730
v -0.130295 2.622270 0.260509
v -0.220214 2.964787 0.302931
v -0.225985 2.892057 0.296466
v -0.232395 2.818936 0.289732
v -0.233244 2.748232 0.278750
v -0.231638 2.683050 0.262513
v -0.283146 2.986038 0.258717
v -0.298279 2.927977 0.245434
v -0.314151 2.868192 0.233378
v -0.326817 2.809404 0.219372
v -0.338166 2.754150 0.202068
v -0.328489 2.985486 0.158068
v -0.339073 2.943628 0.138222
v -0.351741 2.891594 0.125149
v -0.362362 2.844939 0.112682
v -0.370653 2.804657 0.098736
v -0.315109 2.978877 0.042003
v -0.320248 2.940104 0.027069
v -0.324049 2.896375 0.003482
v -0.326778 2.848900 -0.006818
v -0.336824 2.812851 -0.012625
v -0.267937 2.975291 -0.029310
v -0.268171 2.933519 -0.056439
v -0.266979 2.894650 -0.081072
v -0.279143 2.845619 -0.113144
v -0.296135 2.788684 -0.152924
v -0.205960 2.973041 -0.057702
v -0.183816 2.929445 -0.093619
v -0.187732 2.875061 -0.126680
v -0.198350 2.806353 -0.185240
v -0.209548 2.733032 -0.223264
v -0.070235 2.964024 -0.062595
v -0.085713 2.903032 -0.106440
v -0.090180 2.827864 -0.159763
v -0.108974 2.745071 -0.214230
v -0.126085 2.666749 -0.234971
v -0.065739 2.381074 0.185920
v 0.000025 2.362590 0.129760
v -0.023733 2.359488 -0.080816
v -0.143190 2.430907 0.231241
v -0.260262 2.513423 0.263284
v -0.362551 2.576972 0.176331
v -0.413106 2.629880 0.067971
v -0.393525 2.636511 -0.038952
v -0.331879 2.598136 -0.188237
v -0.236155 2.546090 -0.249143
v -0.130307 2.457002 -0.234303
v -0.041359 2.377266 -0.146321
v -0.070760 2.296346 0.185832
v -0.005958 2.291796 0.133869
v -0.025920 2.287781 -0.082761
v -0.144915 2.297616 0.230763
v -0.264236 2.310028 0.269629
v -0.375708 2.318883 0.183225
v -0.453191 2.329892 0.070891
v -0.443667 2.331414 -0.041281
v -0.367318 2.321279 -0.135374
v -0.276231 2.310743 -0.164782
v -0.151419 2.297615 -0.162164
v -0.063476 2.286077 -0.133583
v -0.002751 2.333220 0.133284
v -0.003136 2.346923 0.132891
v -0.433333 2.529237 0.065546
v -0.449528 2.426336 0.066172
v -0.436266 2.422393 -0.039396
v -0.419325 2.531452 -0.042576
v -0.367493 2.405577 -0.144307
v -0.346924 2.494684 -0.171149
v -0.268743 2.385435 -0.172930
v -0.246858 2.458314 -0.215046
v -0.024512 2.344992 -0.082349
v -0.025657 2.332773 -0.082861
v -0.151965 2.356305 -0.170194
v -0.134919 2.402414 -0.204255
v -0.067521 2.363319 0.185916
v -0.069532 2.343606 0.185688
v -0.145404 2.358901 0.230343
v -0.142652 2.392944 0.230806
v -0.058215 2.356282 -0.144980
v -0.066357 2.340236 -0.138909
v -0.264383 2.381419 0.269992
v -0.266311 2.452311 0.266766
v -0.379532 2.409640 0.188216
v -0.371246 2.499818 0.184226
v -0.076618 2.169756 0.180429
v -0.036568 2.171058 0.129395
v -0.020438 2.169963 0.080524
v -0.019864 2.169744 0.032639
v -0.022686 2.170208 -0.023197
v -0.032020 2.170712 -0.079792
v -0.139799 2.169296 0.216612
v -0.256583 2.173037 0.261819
v -0.366854 2.175262 0.178316
v -0.447057 2.180561 0.069770
v -0.436078 2.180029 -0.042834
v -0.353035 2.171404 -0.131336
v -0.267846 2.167569 -0.162374
v -0.153313 2.167586 -0.159849
v -0.069968 2.171622 -0.129680
v -0.100159 1.395172 0.059762
v -0.081469 1.395642 0.014775
v -0.072575 1.395212 -0.014401
v -0.071513 1.395569 -0.043250
v -0.072610 1.396044 -0.075976
v -0.078453 1.397207 -0.119557
v -0.132604 1.395439 0.082708
v -0.201375 1.395943 0.110246
v -0.274121 1.395780 0.052836
v -0.319803 1.396803 -0.029362
v -0.305533 1.398985 -0.107036
v -0.258626 1.400570 -0.156013
v -0.201846 1.403201 -0.176286
v -0.149430 1.402783 -0.174675
v -0.098719 1.399381 -0.150922
v -0.417716 2.059088 -0.046432
v -0.392629 1.948164 -0.050594
v -0.365558 1.826878 -0.056346
v -0.349689 1.721087 -0.068094
v -0.333019 1.610724 -0.080557
v -0.326655 1.519282 -0.091424
v -0.265023 1.526708 -0.144515
v -0.274731 1.617116 -0.133496
v -0.287181 1.727659 -0.134425
v -0.297525 1.833863 -0.132577
v -0.315415 1.947996 -0.130797
v -0.332676 2.059356 -0.129668
v -0.036490 2.057965 -0.026311
v -0.042782 1.946917 -0.029816
v -0.052056 1.832724 -0.031205
v -0.058805 1.727150 -0.042290
v -0.063720 1.617244 -0.053930
v -0.057694 1.525042 -0.064534
v -0.056155 1.524523 -0.027453
v -0.062002 1.616696 -0.016481
v -0.056965 1.726531 -0.002325
v -0.050234 1.832108 0.011753
v -0.040966 1.946281 0.018108
v -0.034831 2.057409 0.026012
v -0.205696 1.527113 -0.160578
v -0.210867 1.618170 -0.150795
v -0.218704 1.728617 -0.152991
v -0.223550 1.835050 -0.152521
v -0.232909 1.949242 -0.152921
v -0.249150 2.060483 -0.157791
v -0.045737 2.058753 -0.079845
v -0.051511 1.947715 -0.078824
v -0.059983 1.833513 -0.074993
v -0.066367 1.727926 -0.083178
v -0.070905 1.617951 -0.092678
v -0.064688 1.525865 -0.103102
v -0.147771 1.527292 -0.158777
v -0.152468 1.618484 -0.149004
v -0.156381 1.728854 -0.151110
v -0.156370 1.835214 -0.150489
v -0.157806 1.949381 -0.150668
v -0.160747 2.060520 -0.155384
v -0.086733 2.056973 0.166121
v -0.087579 1.945473 0.147017
v -0.091500 1.830963 0.127805
v -0.094842 1.725193 0.105955
v -0.094649 1.615203 0.085474
v -0.091670 1.523479 0.073855
v -0.127421 1.522658 0.098623
v -0.130480 1.614162 0.116650
v -0.133215 1.724392 0.138658
v -0.132922 1.830249 0.162303
v -0.134052 1.944977 0.184628
v -0.137804 2.056710 0.200165
v -0.081843 2.059812 -0.126878
v -0.084942 1.948776 -0.124171
v -0.090533 1.834666 -0.126340
v -0.095060 1.728680 -0.128517
v -0.095078 1.618501 -0.127797
v -0.091230 1.526867 -0.137895
v -0.204399 1.522077 0.129265
v -0.208768 1.613352 0.147678
v -0.217249 1.723704 0.171711
v -0.223210 1.829778 0.197789
v -0.234440 1.944712 0.224037
v -0.246614 2.056817 0.242889
v -0.275929 1.521442 0.072606
v -0.281100 1.612749 0.084302
v -0.294255 1.723058 0.104693
v -0.306054 1.829005 0.126414
v -0.326382 1.943463 0.145397
v -0.346292 2.055564 0.164184
v -0.051517 2.058153 0.117612
v -0.055843 1.946675 0.102659
v -0.063311 1.832203 0.087990
v -0.068814 1.726428 0.068761
v -0.072947 1.616557 0.050335
v -0.067185 1.524622 0.038657
v -0.337123 1.521761 -0.005723
v -0.343110 1.613155 0.005468
v -0.360296 1.723509 0.020849
v -0.376879 1.829314 0.036547
v -0.403223 1.943580 0.050667
v -0.427092 2.055716 0.064347
v -0.036523 2.057406 0.070890
v -0.042284 1.946110 0.059421
v -0.051277 1.831854 0.048949
v -0.057808 1.726217 0.032328
v -0.062752 1.616426 0.016067
v -0.057029 1.524274 0.004827
v -0.113055 1.331562 0.040767
v -0.094640 1.332411 -0.003562
v -0.085654 1.332052 -0.032665
v -0.084509 1.332359 -0.061390
v -0.085457 1.332895 -0.094044
v -0.091021 1.334509 -0.137577
v -0.142504 1.331511 0.070881
v -0.201936 1.332521 0.098933
v -0.282583 1.333887 0.041044
v -0.327929 1.336422 -0.046951
v -0.313354 1.338171 -0.117374
v -0.266487 1.340275 -0.173281
v -0.211184 1.341748 -0.192148
v -0.159059 1.340830 -0.190748
v -0.111242 1.337571 -0.168935
v -0.122813 1.290129 0.034848
v -0.103895 1.291509 -0.009894
v -0.094874 1.291177 -0.038917
v -0.093660 1.291587 -0.067771
v -0.094565 1.292194 -0.113270
v -0.100204 1.294100 -0.156949
v -0.152428 1.289126 0.057488
v -0.206660 1.289885 0.085375
v -0.291187 1.291507 0.028830
v -0.332514 1.294916 -0.056216
v -0.320579 1.295572 -0.128811
v -0.270436 1.300562 -0.194140
v -0.219737 1.299172 -0.208231
v -0.168537 1.298513 -0.206829
v -0.120905 1.297056 -0.188238
v -0.062950 1.460248 -0.070280
v -0.120361 1.203367 0.006256
v -0.101820 1.204662 -0.037552
v -0.092932 1.204472 -0.066074
v -0.091762 1.204828 -0.094129
v -0.092614 1.205303 -0.149466
v -0.098217 1.206584 -0.192182
v -0.150113 1.202158 0.028953
v -0.225052 1.202802 0.055597
v -0.308528 1.204451 0.006137
v -0.337311 1.208014 -0.159193
v -0.288761 1.210722 -0.231029
v -0.227816 1.209632 -0.242921
v -0.165001 1.209345 -0.241332
v -0.118428 1.208404 -0.222933
v -0.319681 1.458029 -0.099273
v -0.069432 1.461275 -0.111488
v -0.093849 1.459639 0.067074
v -0.092911 1.462852 -0.144549
v -0.072096 1.460114 0.026726
v -0.062589 1.459551 -0.004827
v -0.261375 1.462500 -0.151468
v -0.061634 1.459781 -0.035371
v -0.203992 1.464703 -0.168512
v -0.148859 1.464753 -0.166806
v -0.130475 1.459495 0.090926
v -0.203105 1.459237 0.119768
v -0.274514 1.458336 0.062724
v -0.332028 1.458433 -0.017617
v -0.159367 1.218642 -0.001757
v -0.134309 1.218229 -0.069048
v -0.133322 1.218041 -0.095256
v -0.134141 1.218145 -0.150158
v -0.138958 1.218268 -0.189684
v -0.348579 1.206375 -0.076411
v -0.155044 1.218493 -0.215068
v -0.120354 1.131917 -0.008028
v -0.101843 1.132863 -0.051843
v -0.092915 1.132458 -0.080588
v -0.091762 1.132503 -0.108597
v -0.092608 1.132763 -0.163922
v -0.098256 1.133164 -0.206981
v -0.150240 1.131300 0.014871
v -0.233967 1.133527 0.041654
v -0.315267 1.133486 -0.008147
v -0.358839 1.134568 -0.090876
v -0.347854 1.135183 -0.173756
v -0.298886 1.135965 -0.244194
v -0.227666 1.134815 -0.257891
v -0.164684 1.134423 -0.256216
v -0.118503 1.133756 -0.237883
v -0.169086 0.703728 -0.223483
v -0.220908 0.703561 -0.232002
v -0.281766 0.703786 -0.211840
v -0.317779 0.703049 -0.166278
v -0.326783 0.703301 -0.097592
v -0.288642 0.704198 -0.030156
v -0.218777 0.705045 0.019583
v -0.159834 0.705923 -0.012538
v -0.114296 0.703895 -0.186042
v -0.109534 0.704205 -0.157607
v -0.108935 0.704494 -0.113668
v -0.110217 0.705396 -0.092157
v -0.118605 0.706892 -0.069409
v -0.131452 0.703708 -0.208430
v -0.136613 0.706653 -0.033069
v -0.096522 1.046835 -0.204377
v -0.099830 0.960815 -0.201750
v -0.108036 0.875133 -0.198856
v -0.111199 0.789578 -0.195936
v -0.090958 1.046859 -0.162550
v -0.094369 0.960823 -0.161474
v -0.097787 0.874987 -0.160401
v -0.106164 0.789533 -0.158889
v -0.365067 1.048482 -0.091864
v -0.368793 0.961905 -0.093200
v -0.360385 0.875105 -0.094661
v -0.347108 0.788599 -0.096164
v -0.155289 0.790379 -0.006040
v -0.153916 0.875637 -0.000866
v -0.152844 0.961230 0.004504
v -0.151667 1.046625 0.009796
v -0.090148 1.046711 -0.109392
v -0.093567 0.960786 -0.110207
v -0.096999 0.874856 -0.111009
v -0.105428 0.789361 -0.111879
v -0.113970 0.790772 -0.063339
v -0.111302 0.875939 -0.059637
v -0.108320 0.961405 -0.056656
v -0.100051 1.047269 -0.054227
v -0.307109 0.789358 -0.025636
v -0.318520 0.875627 -0.021093
v -0.321850 0.962108 -0.016580
v -0.319709 1.048177 -0.012231
v -0.221458 0.789978 0.023737
v -0.230204 0.874730 0.032494
v -0.237309 0.961788 0.033709
v -0.235490 1.049927 0.035597
v -0.121341 1.046812 -0.234257
v -0.123941 0.961098 -0.230434
v -0.126269 0.875347 -0.226400
v -0.128882 0.789474 -0.218688
v -0.337890 0.788539 -0.167461
v -0.350847 0.875017 -0.168858
v -0.358888 0.961861 -0.170366
v -0.354708 1.048557 -0.172000
v -0.122949 1.046697 -0.012171
v -0.125245 0.961047 -0.016735
v -0.127528 0.875588 -0.021303
v -0.129921 0.790574 -0.025679
v -0.300445 0.789573 -0.222108
v -0.311842 0.875845 -0.229965
v -0.318555 0.962417 -0.233818
v -0.312745 1.048952 -0.237934
v -0.221988 0.789518 -0.242978
v -0.223126 0.875448 -0.251414
v -0.224416 0.961523 -0.261200
v -0.226020 1.047727 -0.262820
v -0.106447 0.789701 -0.087671
v -0.098243 0.875058 -0.085032
v -0.094858 0.960798 -0.083221
v -0.091338 1.046732 -0.082010
v -0.167911 0.789569 -0.234316
v -0.166813 0.875519 -0.242652
v -0.165645 0.961433 -0.247077
v -0.164993 1.047272 -0.251637
v -0.182597 0.308326 -0.179729
v -0.213794 0.308209 -0.182877
v -0.256025 0.307992 -0.173767
v -0.282309 0.306009 -0.127794
v -0.289698 0.305176 -0.080215
v -0.266751 0.306849 -0.032451
v -0.212174 0.310623 0.004684
v -0.177381 0.310983 -0.017461
v -0.150690 0.307527 -0.143960
v -0.150763 0.307992 -0.114260
v -0.154244 0.308656 -0.085749
v -0.156085 0.308720 -0.070450
v -0.160976 0.309042 -0.054985
v -0.159873 0.308095 -0.166031
v -0.166467 0.309687 -0.030176
v -0.310727 0.623922 -0.150229
v -0.303341 0.543913 -0.147920
v -0.296139 0.464010 -0.134319
v -0.288915 0.384232 -0.131654
v -0.260689 0.385047 -0.175457
v -0.265837 0.464353 -0.181138
v -0.271032 0.544137 -0.192802
v -0.276474 0.624134 -0.203252
v -0.118272 0.623955 -0.175201
v -0.122845 0.543880 -0.166602
v -0.127132 0.465073 -0.157167
v -0.140110 0.387474 -0.148050
v -0.139632 0.387911 -0.121809
v -0.126999 0.464239 -0.131394
v -0.120384 0.543709 -0.142923
v -0.114027 0.624484 -0.143099
v -0.220008 0.625551 0.013891
v -0.217474 0.544885 0.009623
v -0.215381 0.465153 0.006672
v -0.213911 0.385285 0.005330
v -0.266424 0.385016 -0.033199
v -0.271935 0.465216 -0.034522
v -0.277621 0.545098 -0.034581
v -0.283304 0.624907 -0.033566
v -0.152341 0.624709 -0.045366
v -0.156373 0.544431 -0.037501
v -0.164965 0.464453 -0.037881
v -0.162106 0.386799 -0.031433
v -0.174143 0.386134 -0.018001
v -0.177500 0.465026 -0.021328
v -0.172622 0.544733 -0.019309
v -0.171200 0.624521 -0.023168
v -0.116447 0.624599 -0.105698
v -0.125689 0.543327 -0.107924
v -0.136313 0.463365 -0.099602
v -0.144144 0.388247 -0.090716
v -0.146846 0.387952 -0.073384
v -0.142332 0.463294 -0.080909
v -0.130586 0.543614 -0.089195
v -0.121100 0.624954 -0.088673
v -0.133697 0.625427 -0.069397
v -0.141382 0.544267 -0.066149
v -0.152626 0.464123 -0.058373
v -0.153194 0.387782 -0.054127
v -0.295486 0.384245 -0.082351
v -0.303375 0.464481 -0.086307
v -0.311246 0.544447 -0.092403
v -0.319115 0.624321 -0.098743
v -0.214071 0.385087 -0.185840
v -0.215563 0.464111 -0.192178
v -0.217370 0.543643 -0.204424
v -0.219219 0.623572 -0.215634
v -0.134474 0.623673 -0.199813
v -0.137612 0.543569 -0.189378
v -0.141148 0.464821 -0.178423
v -0.151053 0.386759 -0.170236
v -0.177717 0.385709 -0.183846
v -0.173588 0.464315 -0.191167
v -0.172139 0.543569 -0.203231
v -0.170725 0.623653 -0.214335
v -0.185208 0.226317 -0.159178
v -0.210156 0.226885 -0.160260
v -0.237002 0.228628 -0.156888
v -0.257761 0.228891 -0.117819
v -0.276878 0.227457 -0.085774
v -0.260350 0.222316 -0.016482
v -0.213143 0.217067 0.014390
v -0.188841 0.218795 -0.003538
v -0.169364 0.226162 -0.147323
v -0.166398 0.225820 -0.117881
v -0.164225 0.227463 -0.091328
v -0.163732 0.227821 -0.081616
v -0.170069 0.225868 -0.066242
v -0.172536 0.225838 -0.154168
v -0.174165 0.222151 -0.007571
v -0.177294 0.168884 -0.195583
v -0.210967 0.168974 -0.196432
v -0.250374 0.169242 -0.188173
v -0.273412 0.168357 -0.139295
v -0.290548 0.168528 -0.086466
v -0.143035 0.168113 -0.170175
v -0.137726 0.167873 -0.136726
v -0.132006 0.166744 -0.096904
v -0.132610 0.166811 -0.081382
v -0.143858 0.172129 -0.064111
v -0.153042 0.168570 -0.185913
v -0.177306 0.108373 -0.202019
v -0.210976 0.108438 -0.202861
v -0.250287 0.108959 -0.194662
v -0.273288 0.108757 -0.145739
v -0.279025 0.108768 -0.083518
v -0.142788 0.108311 -0.176660
v -0.136743 0.107072 -0.143725
v -0.131904 0.108870 -0.099099
v -0.132530 0.109011 -0.083775
v -0.140063 0.106577 -0.064573
v -0.152898 0.108299 -0.192383
v -0.177383 0.048018 -0.181174
v -0.210971 0.048055 -0.181987
v -0.250238 0.048556 -0.173729
v -0.272860 0.048110 -0.125657
v -0.278392 0.047875 -0.083277
v -0.142882 0.048421 -0.146586
v -0.139840 0.046002 -0.121680
v -0.139376 0.045891 -0.091350
v -0.140111 0.045717 -0.076266
v -0.144806 0.045850 -0.061736
v -0.152861 0.048100 -0.171474
v -0.194273 0.073060 0.336974
v -0.194274 0.072764 0.365441
v -0.204624 0.072825 0.336825
v -0.204536 0.072533 0.361087
v -0.214326 0.046684 0.330125
v -0.217581 0.053195 0.361871
v -0.194273 0.035205 0.329937
v -0.194274 0.035665 0.363010
v -0.174219 0.046690 0.330117
v -0.170967 0.053195 0.361871
v -0.183924 0.072825 0.336824
v -0.184011 0.072533 0.361086
v -0.194290 0.085003 0.303075
v -0.213413 0.083599 0.303053
v -0.214467 0.059342 0.302012
v -0.194310 0.047687 0.301500
v -0.174139 0.059077 0.302407
v -0.175248 0.083628 0.303449
v -0.194414 0.088493 0.262805
v -0.219469 0.086654 0.264247
v -0.220118 0.055990 0.264155
v -0.194434 0.041469 0.263081
v -0.175539 0.049027 0.269499
v -0.175331 0.086873 0.264044
v -0.194286 0.072535 0.333396
v -0.213623 0.071082 0.331219
v -0.213407 0.070463 0.365952
v -0.194274 0.070667 0.376725
v -0.175140 0.070463 0.365952
v -0.174918 0.071075 0.331209
v -0.235321 0.072893 0.324970
v -0.235322 0.072325 0.349107
v -0.244374 0.072644 0.324788
v -0.244285 0.072119 0.345322
v -0.253405 0.048566 0.318107
v -0.256266 0.054362 0.346266
v -0.235320 0.038218 0.317915
v -0.235322 0.038669 0.347315
v -0.217239 0.048570 0.318089
v -0.214378 0.054362 0.346266
v -0.226270 0.072644 0.324788
v -0.226359 0.072119 0.345322
v -0.235397 0.083027 0.294560
v -0.252492 0.081670 0.294496
v -0.253538 0.059689 0.293456
v -0.235400 0.049173 0.292990
v -0.217164 0.059412 0.293798
v -0.218212 0.081656 0.294864
v -0.235622 0.086111 0.259064
v -0.257637 0.084454 0.260211
v -0.258321 0.056762 0.260168
v -0.235530 0.043708 0.259342
v -0.217441 0.055874 0.261602
v -0.220790 0.084770 0.262126
v -0.235340 0.072207 0.321868
v -0.252680 0.070701 0.319195
v -0.252481 0.070059 0.349920
v -0.235322 0.070227 0.359574
v -0.218162 0.070059 0.349920
v -0.217956 0.070692 0.319181
v -0.271994 0.072967 0.308988
v -0.271996 0.071987 0.329591
v -0.280062 0.072674 0.308768
v -0.279964 0.071799 0.326245
v -0.288567 0.050015 0.301906
v -0.291125 0.055259 0.327307
v -0.271993 0.040534 0.301713
v -0.271996 0.040978 0.328286
v -0.255426 0.050019 0.301883
v -0.252868 0.055259 0.327307
v -0.263930 0.072675 0.308769
v -0.264028 0.071799 0.326245
v -0.272074 0.081519 0.281013
v -0.287652 0.080189 0.280951
v -0.288688 0.059945 0.279936
v -0.272118 0.050306 0.279536
v -0.255352 0.059635 0.280378
v -0.256420 0.080184 0.281392
v -0.272312 0.084286 0.249175
v -0.292253 0.082695 0.250396
v -0.292947 0.057240 0.250591
v -0.272331 0.045440 0.249553
v -0.255557 0.057172 0.251891
v -0.258495 0.082668 0.251394
v -0.272020 0.072047 0.306186
v -0.287820 0.070415 0.302987
v -0.287639 0.069749 0.330634
v -0.271996 0.069889 0.339429
v -0.256353 0.069749 0.330634
v -0.256162 0.070403 0.302971
v -0.302665 0.074795 0.289243
v -0.302630 0.071249 0.301619
v -0.308633 0.074503 0.289227
v -0.308519 0.071081 0.299222
v -0.316052 0.053343 0.281009
v -0.317930 0.057366 0.300433
v -0.302646 0.045548 0.280864
v -0.302653 0.045962 0.301318
v -0.289312 0.053163 0.281040
v -0.287414 0.057203 0.300501
v -0.296585 0.074027 0.288901
v -0.296766 0.071095 0.299221
v -0.302836 0.078264 0.265907
v -0.315024 0.076967 0.265861
v -0.316076 0.060655 0.265013
v -0.302851 0.052785 0.264486
v -0.289243 0.060163 0.265389
v -0.290319 0.076980 0.266380
v -0.303051 0.080313 0.242243
v -0.318119 0.079084 0.242230
v -0.319057 0.058488 0.242225
v -0.303093 0.049170 0.242533
v -0.290314 0.057712 0.244816
v -0.293661 0.078962 0.244775
v -0.302887 0.072059 0.286402
v -0.315298 0.069522 0.282060
v -0.315052 0.068933 0.303134
v -0.302649 0.069175 0.310054
v -0.290250 0.069065 0.303126
v -0.290098 0.069796 0.282066
v -0.147832 0.073438 0.338868
v -0.147835 0.073729 0.376237
v -0.160787 0.073244 0.338657
v -0.160778 0.073429 0.370642
v -0.175923 0.040835 0.331315
v -0.176243 0.050620 0.371276
v -0.147824 0.024661 0.331300
v -0.147819 0.029163 0.372585
v -0.119699 0.040915 0.331362
v -0.119350 0.050720 0.371198
v -0.134856 0.073240 0.338615
v -0.134877 0.073424 0.370643
v -0.147811 0.089200 0.297154
v -0.171218 0.087729 0.297353
v -0.172492 0.058572 0.296148
v -0.147774 0.044427 0.294845
v -0.123307 0.058605 0.295187
v -0.124311 0.087769 0.296794
v -0.171395 0.099549 0.236367
v -0.170677 0.048589 0.236028
v -0.194305 0.024786 0.218908
v -0.216291 0.047223 0.217448
v -0.216601 0.096806 0.217729
v -0.194856 0.099546 0.219682
v -0.147815 0.076005 0.333271
v -0.175150 0.074453 0.331803
v -0.171076 0.071403 0.376297
v -0.147821 0.071629 0.389302
v -0.124574 0.071326 0.376312
v -0.120557 0.074464 0.331984
v -0.172042 0.044226 0.318195
v -0.171642 0.073455 0.319970
v -0.124112 0.073435 0.320263
v -0.123659 0.044115 0.318279
v -0.147785 0.075013 0.320846
v -0.147813 0.030512 0.317757
v -0.235800 0.095486 0.215817
v -0.255251 0.093235 0.210978
v -0.254937 0.048317 0.210589
v -0.235500 0.028682 0.215226
v -0.272686 0.092281 0.206055
v -0.290525 0.088254 0.202606
v -0.289903 0.049836 0.202100
v -0.272335 0.031663 0.205324
v -0.303160 0.085371 0.199369
v -0.315736 0.084183 0.200077
v -0.319125 0.052905 0.197954
v -0.303365 0.038097 0.198388
v -0.147672 0.101249 0.252849
v -0.147396 0.030002 0.252463
v -0.123184 0.053034 0.251954
v -0.123582 0.094191 0.251364
v -0.197614 0.116073 0.166164
v -0.194229 0.026606 0.164498
v -0.233778 0.111627 0.166078
v -0.265487 0.108198 0.165936
v -0.272998 0.035235 0.164007
v -0.236073 0.031454 0.164456
v -0.157147 0.117895 0.166047
v -0.292077 0.104182 0.167637
v -0.315526 0.098194 0.166427
v -0.319056 0.061371 0.163869
v -0.305262 0.043806 0.163459
v -0.155528 0.117721 0.165620
v -0.145775 0.033828 0.164202
v -0.133036 0.063287 0.168323
v -0.130267 0.104685 0.166571
v -0.194061 0.174777 0.084575
v -0.198200 0.035304 0.080866
v -0.224739 0.169078 0.081601
v -0.250022 0.161784 0.083223
v -0.266700 0.043817 0.080524
v -0.234293 0.036707 0.080805
v -0.172071 0.176880 0.083529
v -0.266025 0.156138 0.085169
v -0.287173 0.143215 0.086124
v -0.303579 0.080720 0.079531
v -0.284130 0.060798 0.079778
v -0.154169 0.164518 0.080467
v -0.156036 0.040659 0.080871
v -0.145710 0.078581 0.076109
v -0.150801 0.149084 0.076088
v -0.187557 0.204204 0.052949
v -0.198200 0.035298 0.048940
v -0.217375 0.200024 0.054415
v -0.252213 0.188761 0.053839
v -0.267069 0.043979 0.048680
v -0.234274 0.036701 0.048873
v -0.162573 0.189897 0.044910
v -0.321664 0.077866 0.163095
v -0.279508 0.167262 0.053915
v -0.299691 0.095033 0.046158
v -0.290262 0.063325 0.045759
v -0.162982 0.191034 0.043597
v -0.156056 0.040628 0.049217
v -0.142436 0.080964 0.045641
v -0.149177 0.162107 0.046340
v -0.266774 0.044055 -0.002421
v -0.152663 0.041764 0.001718
v -0.304628 0.172915 -0.011134
v -0.288808 0.112126 -0.007576
v -0.146569 0.169749 0.003013
v -0.142074 0.116527 0.002292
v -0.324341 0.065039 0.195714
v -0.298392 0.125444 0.050126
v -0.316961 0.062020 0.301993
v -0.322212 0.067119 0.241109
v -0.316578 0.067652 0.265353
v -0.305177 0.105569 0.079144
v -0.316567 0.061845 0.281366
v -0.120309 0.075782 0.251373
v -0.142584 0.115411 0.074918
v -0.120298 0.069924 0.295170
v -0.119106 0.057921 0.331547
v -0.125519 0.083308 0.166193
v -0.142509 0.132954 0.046893
v -0.120337 0.059369 0.318799
v -0.120801 0.057338 0.373259
v -0.287413 0.089863 -0.006730
v -0.280953 0.064611 -0.002349
v -0.235111 0.038218 -0.003156
v -0.199543 0.036322 -0.001934
v -0.179496 0.034111 -0.169686
v -0.208296 0.034149 -0.170348
v -0.241734 0.034585 -0.163583
v -0.259257 0.035225 -0.122978
v -0.251967 0.035056 -0.039688
v -0.150537 0.033976 -0.140546
v -0.148274 0.032031 -0.112912
v -0.146234 0.033274 -0.094563
v -0.147646 0.034519 -0.079939
v -0.175026 0.032261 -0.029975
v -0.158680 0.034093 -0.161549
v -0.220105 0.029057 -0.068941
v -0.229554 0.030107 -0.147844
v -0.158378 0.030128 -0.069258
v -0.187835 0.027599 -0.099497
v -0.174295 0.027845 -0.118474
v -0.159972 0.030894 -0.131997
v -1.591730 2.585129 0.092072
v -1.440894 2.718985 0.107328
v -1.596628 2.583503 0.083583
v -1.448609 2.722733 0.082527
v -1.591405 2.584663 0.075387
v -1.442793 2.714585 0.059641
v -1.579081 2.571270 0.071522
v -1.422055 2.693443 0.060205
v -1.572497 2.570976 0.084678
v -1.412756 2.685079 0.084682
v -1.579696 2.571962 0.097357
v -1.422430 2.696898 0.108901
v -1.557735 2.612534 0.102181
v -1.510422 2.654043 0.103379
v -1.516811 2.656198 0.083362
v -1.563881 2.614019 0.083399
v -1.509519 2.653022 0.064160
v -1.556878 2.611584 0.065352
v -1.494616 2.635029 0.064650
v -1.542983 2.594448 0.065830
v -1.487633 2.626715 0.084985
v -1.536729 2.586465 0.084909
v -1.495537 2.636045 0.104502
v -1.543831 2.595423 0.103231
v -1.590593 2.569665 0.084413
v -1.586626 2.569740 0.084466
v -1.475365 2.686962 0.102486
v -1.483016 2.690037 0.083411
v -1.474315 2.685771 0.065110
v -1.457115 2.664971 0.065582
v -1.449162 2.655232 0.084955
v -1.458175 2.666164 0.103558
v -1.526303 2.640938 0.100229
v -1.532871 2.642767 0.083477
v -1.525382 2.639894 0.067407
v -1.510135 2.621440 0.067708
v -1.503096 2.612915 0.084851
v -1.511073 2.622480 0.101309
v -1.572523 2.606115 0.083384
v -1.568281 2.601911 0.071283
v -1.549747 2.589254 0.065797
v -1.543183 2.582197 0.084905
v -1.550608 2.590235 0.103281
v -1.568766 2.602589 0.096062
v -1.512900 2.660118 0.083352
v -1.505193 2.656992 0.063740
v -1.490059 2.638693 0.064265
v -1.483094 2.630079 0.085004
v -1.490986 2.639737 0.104905
v -1.506127 2.658024 0.103789
v -1.560983 2.616712 0.083390
v -1.553810 2.614476 0.065260
v -1.539566 2.597206 0.065690
v -1.533271 2.589179 0.084912
v -1.540421 2.598182 0.103380
v -1.554679 2.615431 0.102258
v -1.597408 2.574274 0.083609
v -1.591046 2.577894 0.097046
v -1.590414 2.577215 0.070704
v -1.564325 2.605707 0.065337
v -1.565185 2.606675 0.102152
v -1.573020 2.602554 0.083410
v -1.609467 2.580473 0.041290
v -1.442693 2.729986 0.058422
v -1.614825 2.578740 0.032035
v -1.447310 2.731200 0.030462
v -1.609115 2.579966 0.023111
v -1.441831 2.726544 0.008082
v -1.595851 2.565818 0.018967
v -1.425745 2.696112 0.004067
v -1.588676 2.565572 0.033216
v -1.411599 2.691866 0.033124
v -1.596516 2.566565 0.046946
v -1.425625 2.695734 0.055210
v -1.571999 2.610903 0.052225
v -1.519573 2.656876 0.053566
v -1.526551 2.659113 0.031794
v -1.578674 2.612405 0.031834
v -1.518591 2.655765 0.010907
v -1.571069 2.609871 0.012241
v -1.502441 2.636243 0.011467
v -1.555997 2.591300 0.012779
v -1.494867 2.627204 0.033555
v -1.549199 2.582661 0.033470
v -1.503442 2.637346 0.054755
v -1.556919 2.592355 0.053343
v -1.608426 2.564141 0.032922
v -1.604119 2.564230 0.032982
v -1.481072 2.693283 0.052438
v -1.489137 2.696571 0.031770
v -1.479793 2.692018 0.012038
v -1.461026 2.669257 0.012527
v -1.452318 2.658740 0.033462
v -1.462249 2.670496 0.053682
v -1.537170 2.642345 0.050083
v -1.544338 2.644238 0.031923
v -1.536167 2.641211 0.014499
v -1.519636 2.621182 0.014857
v -1.511996 2.611918 0.033407
v -1.520655 2.622312 0.051217
v -1.588036 2.603922 0.031823
v -1.583409 2.599209 0.018556
v -1.563464 2.585605 0.012718
v -1.556313 2.577954 0.033468
v -1.564400 2.586669 0.053420
v -1.583941 2.599950 0.045716
v -1.522216 2.663458 0.031783
v -1.513821 2.660152 0.010447
v -1.497409 2.640284 0.011044
v -1.489844 2.630928 0.033576
v -1.498416 2.641420 0.055199
v -1.514838 2.661273 0.054014
v -1.575441 2.615409 0.031824
v -1.567649 2.613040 0.012114
v -1.552253 2.594355 0.012610
v -1.545387 2.585654 0.033476
v -1.553183 2.595414 0.053521
v -1.568592 2.614078 0.052340
v -1.615672 2.568977 0.032062
v -1.608731 2.572864 0.046587
v -1.608050 2.572131 0.018112
v -1.579225 2.603379 0.012190
v -1.580160 2.604430 0.052232
v -1.588616 2.599922 0.031842
v -1.591495 2.584536 -0.015850
v -1.442147 2.716036 -0.004086
v -1.596451 2.582896 -0.024436
v -1.444363 2.723470 -0.025148
v -1.591166 2.584065 -0.032725
v -1.440674 2.719511 -0.046946
v -1.578722 2.570576 -0.036626
v -1.422561 2.687422 -0.046510
v -1.572063 2.570288 -0.023331
v -1.409409 2.686128 -0.022653
v -1.579344 2.571275 -0.010518
v -1.418643 2.693427 -0.000887
v -1.557057 2.612327 -0.005637
v -1.509093 2.654404 -0.004420
v -1.515557 2.656569 -0.024660
v -1.563271 2.613813 -0.024623
v -1.508181 2.653371 -0.044077
v -1.556191 2.611367 -0.042866
v -1.493118 2.635184 -0.043578
v -1.542146 2.594047 -0.042381
v -1.486060 2.626777 -0.023019
v -1.535823 2.585980 -0.023097
v -1.494050 2.636210 -0.003289
v -1.543003 2.595033 -0.004577
v -1.590370 2.568962 -0.023599
v -1.586360 2.569038 -0.023545
v -1.473631 2.687747 -0.005351
v -1.481296 2.690876 -0.024599
v -1.472757 2.686576 -0.043000
v -1.455282 2.665365 -0.042619
v -1.447084 2.655670 -0.022984
v -1.456187 2.666668 -0.004272
v -1.525193 2.641117 -0.007612
v -1.531837 2.642955 -0.024544
v -1.524261 2.640061 -0.040786
v -1.508851 2.621407 -0.040477
v -1.501735 2.612788 -0.023155
v -1.509799 2.622458 -0.006526
v -1.572003 2.605837 -0.024637
v -1.567712 2.601568 -0.036887
v -1.549000 2.588789 -0.042418
v -1.542361 2.581656 -0.023101
v -1.549870 2.589781 -0.004524
v -1.568204 2.602254 -0.011805
v -1.511594 2.660542 -0.024668
v -1.503798 2.657395 -0.044502
v -1.488500 2.638898 -0.043969
v -1.481461 2.630187 -0.023002
v -1.489439 2.639952 -0.002880
v -1.504740 2.658437 -0.004005
v -1.560330 2.616545 -0.024632
v -1.553078 2.614293 -0.042963
v -1.538688 2.596843 -0.042524
v -1.532320 2.588730 -0.023094
v -1.539553 2.597830 -0.004425
v -1.553957 2.615259 -0.005554
v -1.597240 2.573600 -0.024410
v -1.590804 2.577253 -0.010835
v -1.590166 2.576568 -0.037449
v -1.563729 2.605411 -0.042886
v -1.564598 2.606389 -0.005660
v -1.572511 2.602220 -0.024613
v -1.569885 2.589889 -0.065111
v -1.440013 2.705702 -0.052724
v -1.574313 2.588372 -0.072818
v -1.441826 2.712571 -0.073266
v -1.569587 2.589466 -0.080271
v -1.433373 2.707705 -0.094766
v -1.558224 2.576843 -0.083852
v -1.416731 2.687698 -0.094103
v -1.552245 2.576499 -0.071813
v -1.408932 2.678409 -0.071330
v -1.558789 2.577478 -0.060206
v -1.418735 2.685801 -0.050544
v -1.539437 2.614197 -0.055844
v -1.497352 2.651150 -0.054797
v -1.503141 2.653218 -0.073020
v -1.545048 2.615665 -0.072986
v -1.496532 2.650218 -0.090500
v -1.538654 2.613332 -0.089455
v -1.482901 2.633789 -0.090081
v -1.525969 2.597668 -0.089039
v -1.476522 2.626215 -0.071537
v -1.520271 2.590350 -0.071604
v -1.483741 2.634713 -0.053742
v -1.526740 2.598562 -0.054865
v -1.568650 2.575312 -0.072047
v -1.565032 2.575372 -0.072001
v -1.466143 2.680463 -0.055597
v -1.473045 2.683354 -0.072976
v -1.465158 2.679397 -0.089657
v -1.449494 2.660472 -0.089256
v -1.442252 2.651619 -0.071559
v -1.450460 2.661531 -0.054587
v -1.511480 2.639498 -0.057605
v -1.517435 2.641265 -0.072919
v -1.510642 2.638547 -0.087605
v -1.496709 2.621705 -0.087362
v -1.490283 2.613933 -0.071656
v -1.497563 2.622651 -0.056581
v -1.552968 2.608339 -0.073005
v -1.549116 2.604653 -0.083919
v -1.532011 2.592984 -0.089041
v -1.526047 2.586533 -0.071610
v -1.532796 2.593879 -0.054845
v -1.549551 2.605268 -0.061563
v -1.499666 2.656702 -0.073030
v -1.492660 2.653764 -0.090879
v -1.478832 2.637069 -0.090429
v -1.472479 2.629213 -0.071522
v -1.479676 2.638021 -0.053378
v -1.493508 2.654703 -0.054426
v -1.542494 2.618041 -0.072994
v -1.535949 2.615949 -0.089506
v -1.522879 2.600119 -0.089143
v -1.517174 2.592780 -0.071605
v -1.523657 2.601012 -0.054749
v -1.536743 2.616820 -0.055812
v -1.575025 2.579688 -0.072793
v -1.569253 2.583036 -0.060468
v -1.568672 2.582414 -0.084632
v -1.545381 2.608089 -0.089430
v -1.546165 2.608972 -0.055914
v -1.553381 2.605227 -0.072971
v -1.378860 2.622362 0.163233
v -1.385383 2.620665 0.153210
v -1.385334 2.623055 0.140576
v -1.371742 2.608787 0.131650
v -1.361439 2.608941 0.146719
v -1.362101 2.607986 0.160483
v -1.351612 2.652524 0.165118
v -1.328383 2.692975 0.155703
v -1.347903 2.694890 0.139103
v -1.367590 2.656129 0.148120
v -1.347721 2.695556 0.112792
v -1.369503 2.655703 0.121728
v -1.327709 2.682916 0.106498
v -1.351897 2.637258 0.117113
v -1.309182 2.672304 0.130871
v -1.334982 2.628513 0.139257
v -1.311091 2.677949 0.153596
v -1.334359 2.635039 0.161425
v -1.375058 2.605139 0.151544
v -1.371682 2.605597 0.150324
v -1.316749 2.738981 0.144863
v -1.310422 2.718731 0.100493
v -1.280502 2.705927 0.122335
v -1.280303 2.714314 0.144104
v -1.335855 2.678436 0.156642
v -1.354497 2.681191 0.142613
v -1.353350 2.683554 0.117817
v -1.332673 2.668473 0.113982
v -1.315881 2.659433 0.133273
v -1.316673 2.666640 0.153013
v -1.372205 2.648160 0.149162
v -1.373816 2.643565 0.130366
v -1.356138 2.630965 0.118265
v -1.338941 2.623162 0.140545
v -1.338378 2.628658 0.162740
v -1.362968 2.643442 0.161292
v -1.346031 2.710903 0.137922
v -1.347615 2.706498 0.114381
v -1.325754 2.688160 0.104752
v -1.306712 2.676130 0.130074
v -1.305919 2.686636 0.153277
v -1.322566 2.702888 0.154913
v -1.365941 2.659296 0.147660
v -1.367821 2.659345 0.121180
v -1.349811 2.640496 0.116340
v -1.333042 2.631645 0.138636
v -1.332184 2.638226 0.160857
v -1.349817 2.655870 0.164773
v -1.380203 2.607776 0.152520
v -1.370880 2.611614 0.163613
v -1.382167 2.612058 0.137401
v -1.373211 2.647855 0.123510
v -1.355700 2.647401 0.166516
v -1.371953 2.643852 0.149012
v -1.419723 2.743569 0.104165
v -1.425412 2.746027 0.079257
v -1.417092 2.746078 0.053661
v -1.398152 2.722533 0.054906
v -1.389943 2.696381 0.080752
v -1.399151 2.716869 0.104132
v -1.423146 2.753748 0.024774
v -1.416014 2.747485 -0.005312
v -1.396032 2.723104 -0.000911
v -1.389806 2.716408 0.029415
v -1.394022 2.771688 0.103108
v -1.421593 2.747875 -0.031044
v -1.413443 2.739845 -0.055134
v -1.392573 2.716028 -0.050965
v -1.386146 2.711092 -0.025614
v -1.405003 2.781997 0.071246
v -1.417764 2.737189 -0.075631
v -1.408286 2.732298 -0.095686
v -1.390677 2.712015 -0.094057
v -1.383622 2.703124 -0.071506
v -1.410979 2.785737 0.013773
v -1.370331 2.775536 0.010919
v -1.371719 2.741135 0.076083
v -1.404468 2.780188 -0.043148
v -1.369197 2.746981 -0.060941
v -1.352311 2.769162 -0.042702
v -1.392672 2.768027 -0.084439
v -1.380530 2.763734 -0.092146
v -1.361827 2.733955 -0.094218
v -1.344638 2.820722 0.094666
v -1.358234 2.820763 0.064918
v -1.355911 2.838815 0.012653
v -1.244089 2.811523 0.015407
v -1.235099 2.809390 0.059040
v -1.258237 2.812560 0.115259
v -1.337187 2.830473 -0.027710
v -1.252455 2.812046 -0.039798
v -1.247885 2.816565 -0.018185
v -1.318585 2.813577 -0.059248
v -1.316079 2.801997 -0.068105
v -1.267830 2.815571 -0.057845
v -1.376535 2.732398 0.121864
v -1.318100 2.785349 0.140878
v -1.280557 2.814998 0.105871
v -1.363910 2.787435 0.119556
v -1.360027 2.753245 0.132716
v -1.376499 2.700501 0.095918
v -1.267619 2.761545 0.130350
v -1.264600 2.747925 0.093128
v -1.309266 2.753259 0.077879
v -1.335576 2.775862 0.071599
v -1.307268 2.787671 -0.066131
v -1.316575 2.779331 -0.037273
v -1.335247 2.781713 0.006043
v -1.304522 2.774701 -0.057016
v -1.181410 2.857307 -0.017218
v -1.182941 2.854750 0.043340
v -1.187381 2.864147 0.060739
v -1.191287 2.885604 0.075097
v -1.184451 2.875758 -0.041637
v -1.188055 2.896166 -0.049792
v -1.276759 2.857941 0.090656
v -1.287348 2.861735 0.081672
v -1.291778 2.878301 0.023845
v -1.284625 2.872169 -0.009778
v -1.281329 2.864459 -0.040206
v -1.262283 2.858446 -0.060016
v -1.242713 2.849923 0.094302
v -1.204739 2.830580 0.011848
v -1.205765 2.831701 0.047401
v -1.213099 2.840155 -0.042465
v -1.208978 2.834036 -0.012588
v -1.237390 2.854944 -0.061799
v -1.219751 2.889109 -0.042626
v -1.230115 2.902976 -0.034588
v -1.235887 2.917672 -0.017623
v -1.216750 2.882521 0.076088
v -1.222186 2.891222 0.070268
v -1.224739 2.896811 0.061668
v -1.230535 2.917253 0.020818
v -1.229758 2.914753 0.032146
v -1.227777 2.903929 0.052197
v -1.229320 2.909317 0.041627
v -1.187857 2.845732 0.015872
v -1.192526 2.851029 -0.016473
v -1.191754 2.847345 0.046651
v -1.198595 2.857073 0.062743
v -1.209788 2.870500 0.075000
v -1.198689 2.861782 -0.039118
v -1.208051 2.876540 -0.045119
v -1.291973 2.869889 0.055858
v -1.292526 2.873950 0.044544
v -1.289293 2.865783 0.067758
v -1.293339 2.877826 0.035642
v -0.231983 4.097890 0.000421
v -0.226991 4.089738 0.007179
v -0.232678 4.082712 -0.012898
v -0.229613 4.076658 -0.009983
v -0.230085 4.107741 0.012621
v -0.225820 4.104162 0.020866
v -0.227811 4.116535 0.024381
v -0.225456 4.114290 0.030517
v -0.232594 4.128575 0.020892
v -0.225788 4.133729 0.038670
v -0.242902 4.145165 0.005676
v -0.241005 4.161356 0.019120
v -0.247412 4.144849 -0.005882
v -0.250554 4.163250 -0.003365
v -0.253135 4.139678 -0.023879
v -0.259550 4.155595 -0.031834
v -0.253936 4.122373 -0.037798
v -0.259063 4.126508 -0.050654
v -0.246015 4.093447 -0.038200
v -0.249036 4.090796 -0.049702
v -0.239159 4.074761 -0.033554
v -0.240425 4.066570 -0.045077
v -0.233178 4.061437 -0.027391
v -0.232802 4.051624 -0.035969
v -0.224249 4.049217 -0.013011
v -0.224707 4.037427 -0.025512
v -0.213922 4.040914 0.008124
v -0.208571 4.018322 0.001531
v -0.208256 4.043620 0.024311
v -0.198647 4.018244 0.026521
v -0.205120 4.048260 0.035538
v -0.195121 4.026535 0.041023
v -0.202509 4.063619 0.049387
v -0.197939 4.046826 0.048826
v -0.244240 4.130255 -0.006029
v -0.243613 4.139718 -0.000365
v -0.247826 4.134544 -0.014302
v -0.246502 4.139444 -0.007260
v -0.242125 4.120531 -0.008196
v -0.247226 4.120683 -0.022068
v -0.239923 4.102643 -0.015153
v -0.243397 4.098135 -0.027901
v -0.235124 4.081680 -0.018126
v -0.237599 4.076674 -0.028676
v -0.231635 4.073216 -0.015170
v -0.232247 4.066315 -0.022295
v -0.224039 4.060634 -0.003504
v -0.223937 4.053607 -0.009752
v -0.218656 4.055836 0.008321
v -0.214276 4.043530 0.008735
v -0.210962 4.053360 0.024038
v -0.208847 4.045844 0.024358
v -0.209546 4.061844 0.032485
v -0.206082 4.050941 0.034955
v -0.210366 4.071558 0.038332
v -0.203830 4.068463 0.048990
v -0.212672 4.079844 0.036052
v -0.209392 4.085096 0.046568
v -0.218105 4.093480 0.034252
v -0.214022 4.096518 0.043075
v -0.222839 4.103592 0.030099
v -0.218221 4.110513 0.042028
v -0.237560 4.123219 0.005376
v -0.234334 4.113112 0.005603
v -0.232500 4.127775 0.019057
v -0.229461 4.117989 0.020099
v -0.237453 4.138663 0.015566
v -0.231706 4.150390 0.034680
v -0.231247 4.099543 -0.002731
v -0.218923 4.089113 0.006473
v -0.231375 4.083779 -0.013419
v -0.229834 4.077622 -0.008769
v -0.229107 4.108692 0.009430
v -0.218008 4.104991 0.022881
v -0.228393 4.117690 0.020405
v -0.219522 4.103245 0.023764
v -0.227278 4.128114 0.015173
v -0.240718 4.143488 0.003111
v -0.244252 4.143501 -0.006166
v -0.253224 4.140244 -0.022030
v -0.254367 4.120780 -0.035555
v -0.243222 4.093522 -0.036326
v -0.235239 4.077081 -0.031960
v -0.224492 4.066542 -0.025359
v -0.218568 4.058538 -0.016827
v -0.235292 4.131290 -0.005807
v -0.239810 4.142190 0.002815
v -0.247506 4.135554 -0.016567
v -0.242803 4.145093 -0.006779
v -0.240703 4.127259 -0.010355
v -0.249996 4.119023 -0.025460
v -0.235029 4.101195 -0.008495
v -0.243300 4.096403 -0.032353
v -0.232776 4.083361 -0.015311
v -0.232350 4.076996 -0.033645
v -0.230469 4.076645 -0.012465
v -0.223946 4.065392 -0.026063
v -0.221560 4.063904 -0.006219
v -0.218672 4.057386 -0.018236
v -0.212597 4.062129 0.009075
v -0.201835 4.061983 0.019327
v -0.207580 4.070711 0.025155
v -0.203595 4.072876 0.031134
v -0.205211 4.081917 0.027656
v -0.218562 4.101925 0.020661
v -0.220071 4.104373 0.025406
v -0.231582 4.126093 -0.000511
v -0.231216 4.111595 0.005404
v -0.228019 4.130633 0.019663
v -0.222838 4.119945 0.021758
v -0.237418 4.138263 0.013135
v -0.233882 4.134546 0.005430
v -0.234607 4.129248 -0.005688
v -0.209391 4.074983 0.018217
v -0.213683 4.081477 0.011368
v -0.211509 4.061021 0.012083
v -0.214610 4.069960 0.003538
v -0.216376 4.083788 0.029300
v -0.221074 4.090182 0.023232
v -0.222841 4.102183 0.025118
v -0.211120 4.084085 0.021995
v -0.216107 4.091670 0.018560
v -0.218543 4.103863 0.020000
v -0.220288 4.058910 0.013729
v -0.217025 4.063916 0.022134
v -0.214210 4.062205 0.029590
v -0.207261 4.067221 0.008891
v -0.204374 4.069249 0.016183
v -0.201366 4.070336 0.022502
v -0.215424 4.137012 0.035817
v -0.229446 4.165509 0.014782
v -0.238747 4.167509 -0.008210
v -0.247763 4.159502 -0.037016
v -0.237225 4.093909 -0.055429
v -0.221047 4.054045 -0.041379
v -0.189356 4.067171 0.045255
v -0.208161 4.113892 0.039434
v -0.220708 4.154224 0.031039
v -0.247300 4.130045 -0.056174
v -0.228741 4.069557 -0.050672
v -0.212776 4.039499 -0.030483
v -0.196756 4.020555 -0.003563
v -0.187557 4.020029 0.022203
v -0.182189 4.029897 0.036595
v -0.184862 4.050384 0.044531
v -0.190986 4.072009 0.044863
v -0.200142 4.086557 0.045006
v -0.205567 4.097718 0.041859
v -0.196973 4.121687 0.033210
v -0.201524 4.145676 0.018544
v -0.204437 4.147160 -0.005527
v -0.210745 4.140704 -0.031024
v -0.211573 4.116151 -0.047079
v -0.206412 4.085558 -0.045981
v -0.202258 4.064430 -0.041518
v -0.197965 4.050539 -0.032768
v -0.176033 4.039499 0.013606
v -0.181895 4.022929 0.028782
v -0.184225 4.021212 0.025706
v -0.184233 4.027855 0.035976
v -0.185803 4.059103 0.042808
v -0.183386 4.045239 0.041861
v -0.186731 4.063065 0.042647
v -0.191605 4.076754 0.041918
v -0.186678 4.068842 0.043902
v -0.200985 4.135277 0.030136
v -0.212783 4.117628 0.076333
v -0.232385 4.233799 -0.008150
v -0.021114 4.481193 -0.099753
v -0.195853 4.377380 -0.048468
v -0.139832 4.433483 -0.072677
v -0.068165 4.465948 -0.094044
v -0.094340 4.457609 -0.088205
v -0.047906 4.473523 -0.096972
v -0.231353 4.301554 -0.025493
v -0.123911 3.479104 0.393099
v -0.049280 3.358709 0.401013
v -0.033284 3.403040 0.390547
v -0.098440 3.514001 0.345578
v -0.062538 3.484285 0.375523
v -0.043715 3.448202 0.382903
v -0.070021 3.322354 0.399936
v -0.037587 3.294035 0.364005
v -0.295645 3.530486 0.195101
v -0.080301 3.551404 0.308390
v -0.136995 3.567611 0.305306
v -0.199070 3.560621 0.302619
v -0.258872 3.534063 0.290051
vn 0.2470 -0.1597 0.9558
vn -0.0000 -0.1516 0.9884
vn 0.3517 0.1145 0.9291
vn -0.0000 0.1968 0.9804
vn 0.8588 -0.1502 0.4898
vn 0.8106 0.1757 0.5587
vn 0.9258 -0.2072 0.3163
vn 0.8975 0.3017 0.3217
vn 0.4067 0.5511 0.7286
vn -0.0000 0.6878 0.7259
vn 0.6597 0.4266 0.6188
vn 0.5428 0.7230 0.4273
vn 0.7506 -0.3952 0.5295
vn 0.6668 -0.6172 0.4176
vn 0.5117 -0.2278 0.8284
vn 0.3450 -0.7151 0.6080
vn 0.4080 -0.4412 0.7993
vn 0.2378 -0.6804 0.6931
vn 0.6211 -0.2774 0.7330
vn 0.2736 -0.6153 0.7393
vn 0.7374 -0.1494 0.6587
vn 0.4136 -0.4905 0.7670
vn 0.8047 -0.0779 0.5885
vn 0.2566 -0.5308 0.8077
vn 0.8555 -0.0751 0.5124
vn 0.0069 -0.4555 0.8902
vn 0.7471 0.4195 0.5155
vn 0.8741 0.2509 0.4160
vn 0.8895 -0.0696 0.4515
vn -0.2459 0.2237 0.9431
vn 0.7687 -0.1301 0.6262
vn -0.1645 0.6502 0.7417
vn 0.5754 -0.1628 0.8015
vn 0.1331 0.8794 0.4571
vn 0.5070 0.0739 0.8588
vn 0.3093 0.8021 0.5109
vn 0.6511 0.2765 0.7068
vn 0.3337 0.7380 0.5866
vn 0.7367 0.3444 0.5820
vn 0.6916 -0.2291 0.6850
vn 0.6707 0.4522 0.5879
vn 0.4547 -0.3109 0.8346
vn 0.2024 -0.3987 0.8944
vn 0.3752 -0.4421 0.8147
vn 0.5474 -0.2843 0.7871
vn 0.6594 -0.2102 0.7218
vn 0.7381 -0.0820 0.6697
vn 0.7933 -0.0254 0.6083
vn 0.8204 -0.0004 0.5718
vn 0.8335 -0.0095 0.5524
vn 0.6860 -0.0944 0.7214
vn 0.5314 -0.1240 0.8380
vn 0.4269 0.0669 0.9018
vn 0.4287 0.2944 0.8542
vn 0.5628 0.3118 0.7655
vn 0.3125 0.6370 0.7046
vn 0.6142 -0.2552 0.7468
vn 0.2095 -0.4649 0.8602
vn 0.1042 -0.3189 0.9420
vn 0.2467 -0.1627 0.9553
vn 0.5014 -0.0720 0.8622
vn 0.6589 -0.0567 0.7501
vn 0.6949 -0.0700 0.7157
vn 0.7030 -0.0153 0.7111
vn 0.8931 -0.0291 0.4490
vn 0.7060 0.0685 0.7049
vn 0.5499 0.0594 0.8331
vn 0.4615 0.0409 0.8862
vn 0.4083 0.2153 0.8871
vn 0.2897 0.4487 0.8454
vn 0.9993 -0.0286 -0.0233
vn 0.9492 0.3103 -0.0520
vn 0.7799 0.6178 -0.1003
vn 0.9082 -0.4176 0.0279
vn 0.5867 -0.8021 0.1115
vn 0.2392 -0.9518 0.1919
vn 0.0053 -0.9573 0.2891
vn -0.1141 -0.9020 0.4165
vn -0.4418 -0.8116 0.3823
vn -0.7766 -0.4948 0.3899
vn 0.9595 0.0746 0.2718
vn -0.9601 0.1660 0.2250
vn -0.6927 0.6904 -0.2088
vn -0.2874 0.8952 -0.3406
vn 0.0497 0.9859 -0.1595
vn 0.4739 0.8747 -0.1021
vn 0.7840 -0.0638 0.6174
vn 0.4865 0.6479 0.5861
vn -0.0000 0.7613 0.6484
vn 0.7292 0.4195 0.5406
vn 0.7574 -0.6508 0.0524
vn 0.7443 0.2790 0.6067
vn 0.5444 -0.1290 0.8289
vn -0.0000 -0.2911 0.9567
vn 0.5790 -0.2576 0.7735
vn 0.5873 0.2025 0.7836
vn -0.0000 0.2400 0.9708
vn 0.4809 0.0221 0.8765
vn 0.7014 -0.0934 0.7066
vn 0.7910 0.1931 0.5806
vn 0.7147 -0.2288 0.6609
vn 0.4577 -0.3815 0.8031
vn -0.0000 -0.4435 0.8963
vn 0.5055 -0.6107 0.6095
vn -0.0000 -0.6897 0.7241
vn 0.7524 -0.4319 0.4973
vn 0.4167 -0.7529 0.5094
vn -0.0000 -0.8513 0.5246
vn 0.8283 -0.4294 0.3600
vn 0.3930 -0.6529 0.6475
vn -0.0000 -0.7717 0.6359
vn 0.5540 -0.4457 0.7031
vn 0.7698 -0.4484 0.4543
vn 0.2205 -0.4334 0.8738
vn 0.5729 -0.2494 0.7807
vn 0.1837 -0.3707 0.9104
vn -0.0000 -0.3982 0.9173
vn 0.5464 -0.0616 0.8353
vn 0.1299 -0.4039 0.9055
vn -0.0000 -0.5295 0.8483
vn 0.5167 0.0259 0.8558
vn 0.0995 -0.2426 0.9650
vn -0.0000 -0.2820 0.9594
vn 0.4837 -0.0673 0.8726
vn 0.1600 -0.1274 0.9789
vn -0.0000 -0.2399 0.9708
vn 0.3611 -0.5509 0.7524
vn 0.1406 -0.6550 0.7425
vn -0.0000 -0.7119 0.7023
vn 0.1960 0.3447 0.9180
vn -0.0516 0.3877 0.9203
vn -0.0000 0.4157 0.9095
vn 0.2560 -0.0678 0.9643
vn 0.0001 -0.0539 0.9985
vn -0.0000 -0.0272 0.9996
vn 0.3561 -0.7435 0.5661
vn 0.1335 -0.7906 0.5976
vn -0.0000 -0.7979 0.6028
vn 0.7646 0.2175 0.6067
vn 0.7308 0.2417 0.6384
vn 0.6881 -0.0054 0.7256
vn 0.4951 -0.5459 0.6759
vn 0.4529 -0.0749 0.8884
vn 0.5212 -0.2602 0.8128
vn 0.5764 -0.6699 0.4679
vn 0.9001 0.0887 0.4266
vn 0.8396 0.0414 0.5417
vn 0.7877 -0.0596 0.6132
vn 0.3957 -0.7266 0.5616
vn 0.3041 -0.6746 0.6726
vn 0.6897 -0.4377 0.5768
vn 0.7305 -0.5825 0.3564
vn 0.1710 -0.5962 0.7844
vn -0.0000 -0.5291 0.8486
vn 0.4891 -0.7552 0.4364
vn 0.8142 -0.2676 0.5152
vn -0.0000 -0.8305 0.5571
vn 0.0890 -0.8176 0.5689
vn 0.2589 -0.7613 0.5945
vn 0.4457 -0.6776 0.5850
vn 0.3639 -0.4944 0.7894
vn 0.7598 -0.0501 0.6482
vn 0.8546 0.0183 0.5190
vn 0.6745 -0.5022 0.5411
vn 0.4504 -0.6783 0.5806
vn 0.3809 -0.5751 0.7240
vn 0.2168 -0.3684 0.9040
vn -0.0000 -0.2581 0.9661
vn 0.7814 -0.2365 0.5776
vn 0.7239 -0.4558 0.5179
vn 0.5169 -0.7279 0.4504
vn 0.5183 -0.6731 0.5275
vn 0.4126 -0.6125 0.6743
vn -0.0000 -0.7015 0.7126
vn 0.5582 0.2683 0.7852
vn 0.7728 -0.1101 0.6250
vn 0.5156 0.0919 0.8519
vn 0.5212 -0.1810 0.8340
vn 0.4635 0.4482 0.7644
vn 0.5619 0.5296 0.6355
vn 0.6730 0.2848 0.6826
vn 0.5750 -0.1301 0.8077
vn 0.4602 -0.3609 0.8112
vn 0.6774 -0.2853 0.6780
vn 0.6223 -0.2010 0.7566
vn 0.8358 -0.1997 0.5114
vn 0.9292 -0.1423 0.3410
vn 0.9876 -0.0888 0.1294
vn 0.9090 -0.1058 0.4032
vn 0.8569 -0.0495 0.5132
vn 0.7887 -0.0535 0.6124
vn 0.6961 -0.0730 0.7143
vn 0.5175 -0.1380 0.8445
vn 0.4484 -0.1366 0.8833
vn 0.8719 -0.3113 0.3779
vn 0.9515 -0.2055 0.2287
vn 0.9485 -0.1176 0.2943
vn 0.7268 0.0090 0.6868
vn 0.5575 0.0109 0.8301
vn 0.3691 0.0454 0.9283
vn 0.2259 0.0633 0.9721
vn 0.2233 -0.0997 0.9696
vn -0.0000 0.0686 0.9976
vn -0.0000 -0.1009 0.9949
vn 0.6489 -0.0325 0.7602
vn 0.8662 -0.4326 0.2500
vn 0.9555 -0.2749 0.1066
vn 0.5890 0.5306 0.6095
vn 0.4885 0.5908 0.6421
vn 0.3299 0.6286 0.7043
vn 0.1904 0.6662 0.7211
vn -0.0000 0.6762 0.7367
vn 0.8977 -0.4231 -0.1228
vn 0.9964 -0.0798 0.0277
vn 0.9783 0.1596 0.1320
vn 0.8833 0.4270 0.1936
vn 0.7011 0.6709 0.2415
vn 0.5159 0.8139 0.2674
vn 0.3854 0.8818 0.2718
vn 0.2585 0.9301 0.2611
vn 0.1547 0.9481 0.2779
vn -0.0000 0.9603 0.2790
vn 0.8478 0.0720 0.5254
vn 0.9353 0.0130 0.3536
vn 0.7378 -0.1302 0.6623
vn 0.9692 -0.0954 0.2272
vn 0.7446 0.1493 0.6506
vn 0.8754 -0.3558 0.3274
vn 0.9528 -0.2321 0.1955
vn 0.5794 0.1981 0.7906
vn 0.4895 0.2154 0.8450
vn 0.3567 0.2327 0.9048
vn 0.2111 0.2437 0.9466
vn -0.0000 0.2525 0.9676
vn 0.7509 -0.3285 0.5729
vn 0.5454 -0.8054 0.2322
vn 0.6353 -0.7635 -0.1158
vn -0.0000 -0.5584 0.8296
vn 0.4589 -0.6867 0.5638
vn 0.6679 -0.6583 0.3472
vn 0.7567 -0.6126 -0.2283
vn 0.5208 -0.8504 0.0750
vn 0.3847 -0.8930 0.2337
vn 0.7436 -0.6658 -0.0614
vn -0.0000 -0.9971 0.0765
vn 0.7506 -0.6206 -0.2268
vn 0.4334 -0.8992 -0.0600
vn 0.3142 -0.9475 0.0592
vn -0.0000 -0.9307 0.3658
vn 0.5474 -0.8308 0.1005
vn -0.0000 -0.9999 -0.0134
vn 0.2686 -0.9205 -0.2837
vn 0.2464 -0.9684 -0.0382
vn 0.9144 -0.2452 -0.3222
vn -0.0000 -0.9979 -0.0642
vn 0.2312 -0.9720 -0.0416
vn -0.0000 -0.9879 -0.1553
vn 0.2498 -0.9599 -0.1270
vn -0.0000 -0.9988 0.0491
vn 0.4434 -0.8885 0.1185
vn 0.9361 -0.2853 -0.2058
vn 0.8492 -0.4357 -0.2983
vn 0.7935 -0.6058 -0.0585
vn 0.8776 -0.2420 -0.4138
vn 0.9976 -0.0632 -0.0295
vn 0.9539 -0.2910 -0.0737
vn 0.9921 -0.1198 -0.0362
vn 0.9625 -0.2551 0.0927
vn 0.9852 -0.1708 -0.0130
vn 0.9704 -0.1762 0.1651
vn 0.9586 -0.2832 -0.0302
vn 0.9746 -0.2226 -0.0247
vn 0.9017 -0.4247 -0.0808
vn 0.9039 -0.3891 -0.1776
vn 0.7647 -0.6384 -0.0875
vn 0.8773 -0.4672 0.1099
vn 0.9553 -0.2946 -0.0237
vn 0.9795 0.2002 -0.0219
vn 0.8471 0.5264 -0.0737
vn 0.6452 0.7565 -0.1070
vn 0.4478 0.8862 -0.1192
vn 0.3277 0.9376 -0.1164
vn 0.2631 0.9572 -0.1205
vn 0.1633 0.9806 -0.1082
vn -0.0000 0.9941 -0.1087
vn 0.9434 0.1503 -0.2957
vn 0.7470 0.3718 -0.5511
vn 0.5044 0.4720 -0.7231
vn 0.3594 0.4825 -0.7987
vn 0.2941 0.4840 -0.8242
vn 0.2272 0.4847 -0.8446
vn 0.1363 0.4932 -0.8592
vn -0.0000 0.5005 -0.8657
vn 0.9099 -0.0190 -0.4143
vn 0.6604 0.0816 -0.7465
vn 0.3618 0.1229 -0.9241
vn 0.2648 0.1221 -0.9566
vn 0.2218 0.1169 -0.9681
vn 0.1565 0.1171 -0.9807
vn 0.0943 0.1127 -0.9892
vn -0.0292 0.1207 -0.9923
vn 0.8292 -0.3177 -0.4599
vn 0.5468 -0.3443 -0.7632
vn 0.2530 -0.3334 -0.9082
vn 0.1774 -0.3265 -0.9284
vn 0.1452 -0.3187 -0.9367
vn 0.0950 -0.3092 -0.9462
vn 0.0666 -0.3111 -0.9481
vn -0.4090 -0.2672 -0.8725
vn 0.7074 -0.5801 -0.4039
vn 0.4421 -0.6488 -0.6194
vn 0.2142 -0.6601 -0.7200
vn 0.1525 -0.6368 -0.7558
vn 0.1209 -0.6257 -0.7706
vn 0.1106 -0.6106 -0.7842
vn 0.0925 -0.5967 -0.7971
vn -0.0315 -0.5878 -0.8084
vn 0.5253 -0.7926 -0.3095
vn 0.3874 -0.8251 -0.4112
vn 0.2668 -0.8200 -0.5064
vn 0.1794 -0.7930 -0.5822
vn 0.1296 -0.7891 -0.6004
vn 0.1142 -0.7971 -0.5930
vn 0.0923 -0.8036 -0.5879
vn -0.0000 -0.8065 -0.5913
vn 0.7386 -0.5158 -0.4341
vn 0.7506 -0.4936 -0.4392
vn 0.6333 -0.5695 -0.5241
vn 0.3997 -0.5215 -0.7538
vn 0.2181 -0.5052 -0.8350
vn 0.1330 -0.4957 -0.8582
vn 0.0913 -0.5089 -0.8560
vn -0.0000 -0.5172 -0.8559
vn 0.8552 -0.3206 0.4073
vn 0.9843 -0.1551 -0.0846
vn 0.6804 -0.2915 0.6724
vn -0.0000 -0.4853 0.8744
vn 0.5798 -0.3241 0.7475
vn 0.8812 0.0224 -0.4722
vn 0.8573 0.0280 -0.5140
vn 0.8112 0.0186 -0.5844
vn 0.5532 0.0720 -0.8300
vn 0.2925 0.1261 -0.9479
vn 0.1740 0.1581 -0.9720
vn 0.1063 0.1748 -0.9788
vn -0.0000 0.1851 -0.9827
vn 0.2556 0.5474 -0.7969
vn 0.2676 0.5404 -0.7977
vn 0.2589 0.5574 -0.7889
vn 0.2891 0.6025 -0.7439
vn 0.3374 0.8201 -0.4622
vn 0.4339 0.8954 -0.1002
vn 0.3095 0.3920 0.8663
vn -0.0000 0.3942 0.9190
vn 0.2731 0.5507 0.7887
vn 0.5049 0.8191 0.2722
vn 0.3775 0.6702 0.6390
vn 0.7967 0.0779 0.5994
vn 0.9884 0.1198 0.0933
vn 0.6159 0.0263 0.7873
vn -0.0000 -0.0360 0.9994
vn 0.4865 -0.0150 0.8735
vn 0.9008 0.1262 -0.4156
vn 0.8214 0.1425 -0.5523
vn 0.7926 0.1675 -0.5863
vn 0.5957 0.2328 -0.7687
vn 0.3427 0.2733 -0.8988
vn 0.2293 0.2985 -0.9265
vn 0.1413 0.3247 -0.9352
vn -0.0000 0.3378 -0.9412
vn 0.7295 0.1881 0.6577
vn 0.9074 0.3743 0.1910
vn 0.5518 0.0548 0.8321
vn -0.0000 -0.0170 0.9999
vn 0.4662 -0.0070 0.8847
vn 0.8379 0.4736 -0.2715
vn 0.7261 0.4500 -0.5199
vn 0.6585 0.3701 -0.6553
vn 0.5044 0.3055 -0.8076
vn 0.3717 0.2699 -0.8882
vn 0.3079 0.2917 -0.9056
vn 0.2129 0.3340 -0.9182
vn -0.0000 0.3629 -0.9318
vn 0.1910 0.5352 -0.8229
vn -0.0000 0.5460 -0.8378
vn 0.0219 0.7506 0.6603
vn -0.0000 0.7264 0.6873
vn -0.0728 0.8298 0.5533
vn 0.0040 0.9092 0.4164
vn -0.0403 0.8827 0.4682
vn 0.1082 0.9441 0.3115
vn 0.0880 0.9134 0.3974
vn 0.1443 0.9428 0.3004
vn 0.1694 0.9736 0.1532
vn 0.1758 0.9795 -0.0982
vn 0.1516 0.9311 -0.3317
vn 0.1019 0.8406 -0.5320
vn 0.0574 0.8055 -0.5898
vn 0.0517 0.7515 -0.6577
vn 0.1406 0.9858 -0.0920
vn 0.0594 0.7561 -0.6518
vn 0.1289 0.9160 -0.3798
vn 0.0783 0.9164 0.3926
vn 0.0794 0.7600 -0.6450
vn 0.1231 0.9712 0.2040
vn 0.0485 0.7413 -0.6694
vn 0.2217 0.9456 0.2382
vn 0.2083 0.9138 0.3487
vn 0.2507 0.9461 0.2052
vn 0.2830 0.9533 0.1052
vn 0.2829 0.9563 -0.0741
vn 0.2668 0.9324 -0.2437
vn 0.2237 0.9044 -0.3634
vn 0.1787 0.8611 -0.4759
vn 0.1664 0.7120 -0.6821
vn -0.0905 0.7892 0.6075
vn -0.0000 0.7798 0.6260
vn -0.1314 0.7963 0.5905
vn -0.0356 0.7989 0.6005
vn 0.0955 0.8054 0.5851
vn 0.2147 0.8015 0.5582
vn -0.0678 0.6438 0.7622
vn -0.0000 0.6087 0.7934
vn -0.1048 0.6683 0.7365
vn 0.0279 0.6414 0.7667
vn 0.1286 0.6017 0.7883
vn 0.2295 0.5600 0.7961
vn -0.0510 0.5893 0.8063
vn -0.0000 0.6214 0.7835
vn -0.0695 0.5801 0.8116
vn 0.1013 0.5528 0.8271
vn 0.2159 0.4110 0.8857
vn 0.2542 0.2254 0.9405
vn -0.0116 0.7024 0.7117
vn -0.0345 0.6609 0.7497
vn 0.1818 0.5297 0.8285
vn 0.2461 0.6957 0.6749
vn 0.2666 0.7004 0.6621
vn 0.1985 0.6209 0.7583
vn 0.3199 0.4399 0.8391
vn 0.5281 0.5710 0.6285
vn 0.7445 0.5027 0.4393
vn 0.4424 0.3838 0.8105
vn 0.4542 0.2738 0.8478
vn 0.7513 0.3384 0.5666
vn 0.9482 0.2341 0.2150
vn 0.9871 0.0764 0.1410
vn 0.4953 0.1885 0.8480
vn 0.8246 0.1167 0.5535
vn 0.9945 0.0243 0.1017
vn 0.9935 0.0124 0.1131
vn 0.4767 0.0301 0.8785
vn 0.7970 -0.1745 0.5783
vn 0.9327 -0.3191 0.1679
vn 0.9610 -0.2554 0.1057
vn 0.3968 -0.1512 0.9054
vn 0.6420 -0.4439 0.6251
vn 0.7608 -0.5841 0.2828
vn 0.8408 -0.4836 0.2430
vn 0.2689 -0.1959 0.9430
vn 0.3937 -0.5840 0.7099
vn 0.4846 -0.7507 0.4491
vn 0.7068 -0.4523 0.5440
vn 0.0949 -0.2600 0.9609
vn 0.0796 -0.6605 0.7466
vn 0.0637 -0.8193 0.5699
vn 0.2624 -0.4835 0.8351
vn 0.0609 0.1783 0.9821
vn -0.0887 -0.2003 0.9757
vn -0.2066 -0.6576 0.7245
vn -0.1693 -0.7302 0.6619
vn -0.0664 -0.4495 0.8908
vn -0.2161 -0.1262 0.9682
vn -0.2067 -0.2852 0.9359
vn -0.2585 0.0368 0.9653
vn -0.7066 -0.2192 0.6728
vn -0.0000 -0.4886 0.8725
vn -0.2953 0.1645 0.9411
vn -0.7999 0.0928 0.5929
vn -0.0000 0.1631 0.9866
vn -0.2518 0.2842 0.9251
vn -0.7592 0.3039 0.5756
vn -0.0000 0.6237 0.7817
vn -0.0000 0.6681 0.7441
vn -0.1737 0.4557 0.8730
vn -0.5956 0.5278 0.6055
vn -0.2088 0.6152 0.7602
vn -0.1139 0.6294 0.7687
vn 0.0129 0.5598 0.8285
vn -0.0253 0.7155 0.6982
vn -0.0000 0.5836 0.8120
vn -0.0000 0.5887 0.8084
vn 0.1413 0.6193 -0.7723
vn 0.1443 0.6637 -0.7339
vn 0.0904 0.5927 -0.8003
vn -0.0000 0.5711 -0.8208
vn 0.0727 0.5772 -0.8134
vn 0.0900 0.6544 -0.7508
vn 0.1556 0.4961 -0.8542
vn 0.1220 0.3556 -0.9266
vn 0.1739 0.3649 -0.9147
vn 0.0495 0.3562 -0.9331
vn -0.0000 0.3473 -0.9378
vn 0.0852 0.3405 -0.9364
vn 0.1447 0.3670 -0.9189
vn 0.1527 0.2840 -0.9466
vn 0.0977 0.1312 -0.9865
vn 0.2229 0.1334 -0.9657
vn 0.0281 0.1279 -0.9914
vn -0.0000 0.1159 -0.9933
vn 0.1068 0.0973 -0.9895
vn 0.1974 0.1220 -0.9727
vn 0.1630 0.0640 -0.9845
vn 0.1188 -0.0569 -0.9913
vn 0.1985 -0.0461 -0.9790
vn 0.0403 -0.0407 -0.9984
vn -0.0000 -0.0376 -0.9993
vn 0.2064 -0.0552 -0.9769
vn 0.1814 -0.0285 -0.9830
vn 0.2192 -0.1506 -0.9640
vn 0.1743 -0.2228 -0.9592
vn 0.1620 -0.2282 -0.9601
vn 0.0854 -0.2195 -0.9719
vn -0.0000 -0.2147 -0.9767
vn 0.4552 -0.1173 -0.8826
vn 0.3248 -0.2003 -0.9243
vn 0.4114 -0.3086 -0.8576
vn 0.3980 -0.1139 0.9103
vn 0.9896 -0.0265 0.1411
vn 0.8091 -0.4441 0.3848
vn 0.9996 -0.0035 0.0285
vn 0.6624 -0.6409 0.3878
vn 0.9871 -0.1111 -0.1149
vn 0.2845 -0.9552 0.0816
vn 0.8040 -0.1858 -0.5649
vn 0.7578 -0.3902 -0.5229
vn 0.9923 0.0229 0.1217
vn 0.9998 0.0171 0.0059
vn 0.9898 -0.0471 -0.1344
vn 0.7917 -0.1756 -0.5851
vn 0.1757 -0.4267 -0.8872
vn 0.1383 -0.4283 -0.8930
vn 0.1039 -0.4366 -0.8936
vn -0.0000 -0.4375 -0.8992
vn 0.2825 -0.3849 -0.8787
vn 0.9880 -0.0296 0.1514
vn 0.9961 -0.0882 -0.0042
vn 0.9829 -0.1194 -0.1405
vn 0.7752 -0.2436 -0.5829
vn 0.1205 -0.5668 -0.8150
vn 0.0981 -0.5445 -0.8330
vn 0.0691 -0.5924 -0.8027
vn -0.0000 -0.6050 -0.7962
vn 0.2317 -0.5096 -0.8286
vn 0.9774 -0.1342 0.1635
vn 0.9821 -0.1883 -0.0098
vn 0.9689 -0.2072 -0.1351
vn 0.7185 -0.3967 -0.5713
vn 0.0566 -0.5276 -0.8476
vn 0.0609 -0.4976 -0.8653
vn 0.0011 -0.5474 -0.8369
vn -0.0000 -0.5487 -0.8360
vn 0.2186 -0.4827 -0.8480
vn 0.9227 -0.3208 0.2136
vn 0.9737 -0.2269 0.0217
vn 0.9686 -0.1875 -0.1633
vn 0.7509 -0.3582 -0.5549
vn -0.0006 -0.3775 -0.9260
vn 0.0059 -0.3468 -0.9379
vn -0.0140 -0.3821 -0.9240
vn -0.0000 -0.3709 -0.9287
vn 0.2262 -0.2838 -0.9318
vn 0.8898 -0.1315 0.4370
vn 0.9945 -0.0954 0.0430
vn 0.9701 -0.1070 -0.2178
vn 0.7377 -0.1975 -0.6456
vn -0.0000 -0.0472 0.9989
vn 0.0195 -0.0588 0.9981
vn 0.1226 -0.0700 0.9900
vn 0.3685 -0.0369 0.9289
vn 0.2277 0.2274 -0.9468
vn 0.9433 0.1698 -0.2851
vn 0.9684 0.1935 0.1573
vn 0.7503 0.0746 0.6569
vn -0.0000 0.2007 -0.9797
vn -0.0109 0.1598 -0.9871
vn -0.0201 0.2473 -0.9687
vn -0.0459 0.2209 -0.9742
vn -0.0000 0.1331 -0.9911
vn 0.7481 0.0572 0.6611
vn 0.2154 0.1423 -0.9661
vn -0.0000 -0.0497 0.9988
vn -0.0072 -0.0543 0.9985
vn 0.9721 0.1269 0.1975
vn -0.0102 0.1333 -0.9910
vn -0.0156 0.1349 -0.9907
vn 0.0042 0.1378 -0.9904
vn 0.6989 0.1414 -0.7011
vn 0.1063 -0.0734 0.9916
vn 0.3849 -0.0304 0.9225
vn 0.9601 0.1361 -0.2443
vn -0.0000 0.0558 -0.9984
vn -0.0000 -0.0440 -0.9990
vn -0.0000 -0.2134 -0.9770
vn 0.7684 0.0735 0.6358
vn 0.7756 0.0738 0.6270
vn 0.7882 0.0470 0.6136
vn -0.0081 0.0562 -0.9984
vn -0.0054 -0.0434 -0.9990
vn 0.0014 -0.2107 -0.9775
vn 0.7230 0.1374 -0.6771
vn 0.7257 0.0306 -0.6873
vn 0.7307 -0.0889 -0.6769
vn 0.0796 -0.0601 0.9950
vn 0.0268 -0.0137 0.9995
vn -0.0024 -0.0525 0.9986
vn 0.9656 0.1458 -0.2151
vn 0.9788 0.0736 -0.1910
vn 0.9819 -0.0130 -0.1890
vn 0.2060 -0.1721 -0.9633
vn 0.2133 -0.0391 -0.9762
vn 0.2071 0.1030 -0.9729
vn -0.0000 0.0291 0.9996
vn -0.0000 0.0112 0.9999
vn -0.0000 -0.0809 0.9967
vn 0.0004 -0.0294 0.9996
vn 0.0296 0.0149 0.9995
vn -0.0078 -0.0633 0.9980
vn 0.9749 0.0871 0.2049
vn 0.9725 0.1086 0.2060
vn 0.9723 0.1357 0.1902
vn -0.0290 -0.2087 -0.9776
vn -0.0241 -0.0572 -0.9981
vn -0.0099 0.0578 -0.9983
vn -0.0234 -0.2145 -0.9764
vn 0.0013 -0.0780 -0.9969
vn 0.0111 0.0706 -0.9974
vn 0.3688 -0.0268 0.9291
vn 0.3687 -0.0089 0.9295
vn 0.3879 -0.0161 0.9215
vn 0.7107 0.1525 -0.6868
vn 0.4773 0.8695 0.1270
vn 0.4653 0.8438 0.2675
vn 0.4977 0.8652 0.0618
vn 0.5158 0.8565 0.0181
vn 0.5160 0.8545 -0.0607
vn 0.5127 0.8374 -0.1895
vn 0.4877 0.8290 -0.2737
vn 0.4528 0.7968 -0.4000
vn 0.3787 0.6406 -0.6680
vn 0.4339 0.7488 0.5010
vn 0.3407 0.5280 0.7779
vn 0.1569 0.1900 0.9692
vn 0.2944 0.4430 -0.8468
vn 0.2105 0.2692 -0.9398
vn 0.0794 0.0683 -0.9945
vn -0.0345 -0.1660 -0.9855
vn -0.1420 -0.5001 -0.8542
vn -0.0978 -0.2627 0.9599
vn -0.2605 -0.6220 0.7384
vn -0.3818 -0.7732 0.5064
vn -0.1588 -0.8063 -0.5698
vn -0.7388 -0.6712 0.0598
vn 0.7328 0.6784 0.0519
vn 0.7222 0.6515 0.2323
vn 0.7279 0.6847 -0.0371
vn 0.7279 0.6822 -0.0693
vn 0.7273 0.6826 -0.0704
vn 0.7207 0.6777 -0.1459
vn 0.6974 0.6650 -0.2671
vn 0.6586 0.6311 -0.4097
vn 0.5403 0.5017 -0.6756
vn 0.6611 0.5667 0.4918
vn 0.5204 0.4223 0.7422
vn 0.2225 0.1372 0.9652
vn 0.4003 0.3556 -0.8446
vn 0.2671 0.2194 -0.9383
vn 0.0961 0.0429 -0.9945
vn -0.1697 -0.2033 -0.9643
vn -0.5123 -0.5133 -0.6885
vn -0.2326 -0.2621 0.9366
vn -0.5741 -0.4971 0.6506
vn -0.6720 -0.5929 0.4438
vn -0.6719 -0.6522 -0.3509
vn -0.5992 -0.8000 0.0304
vn 0.7502 0.6465 0.1383
vn 0.7448 0.5829 0.3249
vn 0.7455 0.6665 0.0016
vn 0.7354 0.6742 -0.0677
vn 0.7346 0.6749 -0.0699
vn 0.7330 0.6699 -0.1179
vn 0.7160 0.6394 -0.2804
vn 0.6804 0.5885 -0.4368
vn 0.5807 0.4518 -0.6772
vn 0.6921 0.5010 0.5197
vn 0.6047 0.3698 0.7054
vn 0.3401 0.0768 0.9373
vn 0.4610 0.3112 -0.8310
vn 0.3685 0.1954 -0.9088
vn 0.2149 0.0165 -0.9765
vn -0.0139 -0.2358 -0.9717
vn -0.3449 -0.5672 -0.7479
vn -0.1163 -0.3466 0.9308
vn -0.4099 -0.6087 0.6793
vn -0.5304 -0.7293 0.4322
vn -0.5252 -0.7482 -0.4053
vn -0.5852 -0.8105 0.0240
vn 0.6670 0.7098 0.2268
vn 0.6324 0.6705 0.3880
vn 0.6796 0.7291 0.0807
vn 0.6769 0.7354 -0.0303
vn 0.6740 0.7369 -0.0518
vn 0.6689 0.7349 -0.1122
vn 0.6462 0.7073 -0.2867
vn 0.6025 0.6552 -0.4558
vn 0.4926 0.5273 -0.6923
vn 0.5615 0.5897 0.5805
vn 0.4344 0.4357 0.7883
vn 0.1958 0.1355 0.9712
vn 0.3525 0.3656 -0.8615
vn 0.2378 0.2203 -0.9460
vn 0.0940 0.0367 -0.9949
vn -0.0807 -0.1920 -0.9781
vn -0.3415 -0.5189 -0.7836
vn -0.1701 -0.3023 0.9379
vn -0.4169 -0.6005 0.6823
vn -0.5319 -0.7336 0.4230
vn -0.5355 -0.7284 -0.4274
vn -0.5941 -0.8041 0.0208
vn 0.6276 0.7292 0.2728
vn 0.6049 0.6969 0.3853
vn 0.6407 0.7535 0.1474
vn 0.6402 0.7670 0.0428
vn 0.6339 0.7732 0.0179
vn 0.6269 0.7774 -0.0512
vn 0.6050 0.7595 -0.2392
vn 0.5586 0.7097 -0.4294
vn 0.4520 0.5806 -0.6772
vn 0.5293 0.6091 0.5906
vn 0.3781 0.4315 0.8191
vn 0.1234 0.1201 0.9851
vn 0.3066 0.3969 -0.8651
vn 0.1691 0.2229 -0.9601
vn 0.0296 0.0397 -0.9988
vn -0.1437 -0.1883 -0.9715
vn -0.3696 -0.4963 -0.7856
vn -0.2097 -0.3055 0.9288
vn -0.4315 -0.5882 0.6841
vn -0.5360 -0.7295 0.4249
vn -0.5335 -0.7174 -0.4479
vn -0.5251 -0.8510 0.0118
vn 0.6457 0.6854 0.3366
vn 0.6291 0.6565 0.4163
vn 0.6589 0.7137 0.2378
vn 0.6642 0.7314 0.1545
vn 0.6559 0.7413 0.1423
vn 0.6574 0.7492 0.0806
vn 0.6553 0.7476 -0.1078
vn 0.6290 0.7123 -0.3114
vn 0.5420 0.5932 -0.5953
vn 0.5640 0.5711 0.5964
vn 0.4351 0.3992 0.8071
vn 0.2183 0.1051 0.9702
vn 0.3889 0.4035 -0.8282
vn 0.2582 0.2250 -0.9395
vn 0.1215 0.0334 -0.9920
vn -0.0497 -0.2039 -0.9777
vn -0.2817 -0.5302 -0.7997
vn -0.1109 -0.3166 0.9421
vn -0.3449 -0.6090 0.7143
vn -0.4692 -0.7727 0.4276
vn -0.4585 -0.7729 -0.4387
vn 0.2566 0.0569 -0.9648
vn 0.4118 0.2620 -0.8728
vn 0.5928 0.5160 -0.6183
vn 0.1951 0.1535 0.9687
vn 0.4555 0.4494 0.7685
vn 0.5593 0.5646 0.6070
vn 0.6866 0.6622 -0.3001
vn 0.7068 0.6991 -0.1080
vn 0.7074 0.7068 0.0005
vn 0.7013 0.7066 0.0944
vn 0.6992 0.7040 0.1245
vn 0.6848 0.7077 0.1738
vn 0.6546 0.6928 0.3026
vn 0.6137 0.6424 0.4590
vn 0.6301 0.6674 0.3970
vn -0.5283 -0.8490 -0.0061
vn -0.0000 -0.3119 0.9501
vn -0.0930 -0.2821 0.9549
vn -0.0000 -0.5482 0.8364
vn -0.2215 -0.3702 0.9022
vn -0.0000 -0.8803 0.4744
vn -0.3907 -0.5980 0.6998
vn -0.0000 -0.9943 0.1070
vn -0.0000 -0.8998 0.4362
vn -0.0000 -0.9988 -0.0499
vn -0.9789 -0.2034 -0.0196
vn -0.0000 -0.9926 -0.1215
vn -0.7877 -0.5836 -0.1975
vn -0.0000 -0.9373 -0.3486
vn -0.2682 -0.8880 -0.3736
vn -0.0000 -0.7741 -0.6331
vn -0.0561 -0.1839 0.9813
vn -0.1617 -0.1535 0.9748
vn 0.2849 -0.0710 0.9559
vn 0.2541 -0.0143 0.9671
vn 0.7818 0.0303 0.6228
vn 0.7820 0.0877 0.6171
vn 0.9727 0.2205 0.0720
vn 0.9717 0.2149 0.0984
vn 0.8989 0.3512 -0.2621
vn 0.9205 0.2863 -0.2660
vn 0.6736 0.3639 -0.6434
vn 0.7372 0.2047 -0.6440
vn 0.1772 0.2047 -0.9626
vn 0.2137 0.0542 -0.9754
vn -0.1732 0.0305 -0.9844
vn -0.0769 -0.2355 -0.9688
vn -0.1473 -0.6354 -0.7580
vn -0.0000 -0.2856 -0.9583
vn 0.0293 -0.2844 -0.9583
vn -0.0000 -0.1283 0.9917
vn -0.0000 -0.1998 0.9798
vn -0.0000 -0.2288 0.9735
vn -0.0000 -0.2225 0.9749
vn -0.0000 -0.2306 0.9731
vn -0.0269 -0.2209 0.9749
vn -0.0079 -0.2179 0.9759
vn -0.0162 -0.2181 0.9758
vn 0.0037 -0.1798 0.9837
vn 0.0280 -0.1232 0.9920
vn -0.0836 0.3828 -0.9200
vn -0.1104 0.5255 -0.8436
vn -0.1006 0.4663 -0.8789
vn -0.0830 0.2365 -0.9681
vn -0.0834 0.1335 -0.9875
vn -0.0000 0.3613 -0.9325
vn -0.0000 0.5225 -0.8527
vn -0.0000 0.4347 -0.9006
vn -0.0000 0.2348 -0.9720
vn -0.0000 0.1367 -0.9906
vn 0.1232 -0.0863 0.9886
vn 0.0894 -0.1285 0.9877
vn 0.0476 -0.1735 0.9837
vn 0.0229 -0.2250 0.9741
vn -0.0140 -0.1856 0.9825
vn 0.3810 -0.0463 0.9234
vn 0.3732 -0.0603 0.9258
vn 0.3719 -0.1003 0.9228
vn 0.3708 -0.1792 0.9113
vn 0.3303 -0.1539 0.9312
vn 0.7763 0.0833 0.6248
vn 0.7831 0.0548 0.6195
vn 0.7904 0.0441 0.6110
vn 0.7975 -0.0165 0.6031
vn 0.7961 -0.0102 0.6050
vn 0.9636 0.2151 0.1588
vn 0.9754 0.2003 0.0922
vn 0.9802 0.1833 0.0754
vn 0.9831 0.1745 0.0551
vn 0.9763 0.2114 0.0458
vn 0.9170 0.2456 -0.3143
vn 0.8914 0.2890 -0.3492
vn 0.8835 0.2794 -0.3759
vn 0.8886 0.3117 -0.3365
vn 0.8869 0.3586 -0.2914
vn 0.6077 0.3240 -0.7251
vn 0.5831 0.4328 -0.6875
vn 0.5800 0.4677 -0.6670
vn 0.6125 0.5161 -0.5987
vn 0.6375 0.4766 -0.6054
vn 0.1897 0.4484 -0.8735
vn 0.1308 0.5607 -0.8176
vn 0.1411 0.5803 -0.8021
vn 0.1376 0.5488 -0.8246
vn 0.1506 0.3821 -0.9117
vn -0.1101 0.4405 -0.8910
vn -0.1529 0.5508 -0.8205
vn -0.2024 0.5298 -0.8236
vn -0.2003 0.3694 -0.9074
vn -0.1961 0.1895 -0.9621
vn -0.4913 -0.1918 0.8496
vn -0.9262 0.0176 0.3767
vn -0.8650 0.4763 0.1577
vn -0.7429 0.6657 -0.0702
vn -0.4025 0.8050 -0.4359
vn -0.9320 -0.1364 -0.3358
vn -0.2934 -0.0812 0.9525
vn 0.1903 0.0646 0.9796
vn 0.7520 0.1364 0.6448
vn 0.9643 0.2079 0.1640
vn 0.9359 0.2033 -0.2877
vn 0.7310 0.0671 -0.6790
vn 0.2807 -0.1329 -0.9505
vn -0.1500 -0.3526 -0.9237
vn -0.5778 -0.5328 -0.6182
vn -0.5859 -0.0549 0.8085
vn -0.8599 -0.1060 0.4994
vn -0.6161 -0.5841 0.5284
vn -0.9276 -0.3729 -0.0207
vn -0.5362 -0.3508 -0.7677
vn -0.8736 -0.0518 -0.4839
vn -0.4166 -0.0325 0.9085
vn 0.1670 -0.0479 0.9848
vn 0.7282 -0.0426 0.6840
vn 0.9692 -0.0112 0.2459
vn 0.9285 -0.0088 -0.3711
vn 0.5805 -0.0490 -0.8128
vn 0.1641 -0.0697 -0.9840
vn -0.1677 -0.0695 -0.9834
vn -0.5968 -0.0526 -0.8006
vn -0.9698 -0.0682 0.2340
vn -0.9622 -0.0173 0.2719
vn -0.8704 -0.0174 0.4921
vn -0.8613 -0.0311 0.5072
vn 0.9680 0.1713 0.1836
vn 0.9750 0.0890 0.2035
vn 0.9365 0.0778 -0.3420
vn 0.9347 0.1527 -0.3209
vn -1.0000 -0.0000 -0.0000
vn 0.6451 -0.0607 -0.7617
vn 0.6888 -0.0593 -0.7225
vn -0.7679 -0.0304 -0.6398
vn -0.7654 -0.0316 -0.6427
vn 0.2273 -0.2525 -0.9405
vn 0.3010 -0.3382 -0.8917
vn -0.8664 -0.2053 -0.4551
vn -0.8592 -0.1029 -0.5012
vn -0.0868 -0.3478 -0.9336
vn -0.1090 -0.4923 -0.8636
vn -0.5672 -0.0320 0.8230
vn -0.5639 -0.0253 0.8254
vn -0.4070 -0.0087 0.9134
vn -0.4031 -0.0076 0.9151
vn -0.5432 -0.4825 -0.6871
vn -0.5432 -0.2979 -0.7850
vn 0.1555 0.0088 0.9878
vn 0.1822 0.0592 0.9815
vn 0.7383 0.0361 0.6735
vn 0.7383 0.1205 0.6636
vn -0.6350 -0.1233 0.7626
vn -0.8567 -0.1706 0.4868
vn -0.9713 -0.1820 0.1529
vn -0.9860 -0.1667 -0.0095
vn -0.9798 -0.1448 -0.1377
vn -0.8990 -0.1038 -0.4255
vn -0.4316 -0.0975 0.8968
vn 0.1514 -0.1256 0.9805
vn 0.7098 -0.1234 0.6935
vn 0.9575 -0.1116 0.2661
vn 0.9129 -0.0963 -0.3966
vn 0.5520 -0.0791 -0.8301
vn 0.1621 -0.0493 -0.9855
vn -0.1820 -0.0393 -0.9825
vn -0.5910 -0.0665 -0.8039
vn -0.7607 -0.2258 0.6086
vn -0.9114 -0.2315 0.3403
vn -0.9632 -0.2112 0.1662
vn -0.9842 -0.1773 0.0007
vn -0.9839 -0.1574 -0.0848
vn -0.9342 -0.0898 -0.3453
vn -0.4911 -0.1889 0.8504
vn 0.1267 -0.1609 0.9788
vn 0.7407 -0.1079 0.6631
vn 0.9802 -0.0584 0.1894
vn 0.8831 0.0580 -0.4655
vn 0.5319 0.1573 -0.8321
vn 0.1379 0.1898 -0.9721
vn -0.2359 0.1577 -0.9589
vn -0.6618 0.0482 -0.7481
vn 0.8961 -0.1557 -0.4157
vn 0.8911 -0.1721 -0.4199
vn 0.9002 -0.1347 -0.4141
vn 0.8991 -0.0989 -0.4265
vn 0.8896 -0.0554 -0.4535
vn 0.8852 -0.0181 -0.4648
vn 0.4741 0.0653 -0.8781
vn 0.4898 0.0052 -0.8718
vn 0.5069 -0.0379 -0.8612
vn 0.5117 -0.0509 -0.8577
vn 0.5137 -0.0834 -0.8539
vn 0.5243 -0.0973 -0.8459
vn -0.9907 -0.0874 -0.1046
vn -0.9920 -0.0659 -0.1073
vn -0.9918 -0.0655 -0.1093
vn -0.9926 -0.0420 -0.1139
vn -0.9933 0.0227 -0.1129
vn -0.9941 0.0045 -0.1080
vn -0.9999 -0.0098 -0.0073
vn -0.9999 0.0102 -0.0102
vn -0.9985 -0.0533 -0.0107
vn -0.9974 -0.0717 -0.0068
vn -0.9977 -0.0680 -0.0032
vn -0.9956 -0.0935 -0.0044
vn 0.1188 0.1075 -0.9871
vn 0.1169 0.0359 -0.9925
vn 0.1176 -0.0146 -0.9930
vn 0.1146 -0.0070 -0.9934
vn 0.1205 -0.0320 -0.9922
vn 0.1415 -0.0569 -0.9883
vn -0.9127 -0.0798 -0.4007
vn -0.9206 -0.0580 -0.3862
vn -0.9317 -0.0505 -0.3596
vn -0.9308 -0.0212 -0.3650
vn -0.9228 0.0451 -0.3826
vn -0.9216 0.0407 -0.3859
vn -0.1971 0.1145 -0.9737
vn -0.1911 0.0515 -0.9802
vn -0.1885 -0.0033 -0.9821
vn -0.1902 0.0029 -0.9817
vn -0.1890 -0.0181 -0.9818
vn -0.1811 -0.0441 -0.9825
vn -0.6835 -0.1308 0.7181
vn -0.7174 -0.1251 0.6853
vn -0.7271 -0.1483 0.6704
vn -0.7380 -0.1423 0.6596
vn -0.7416 -0.0978 0.6636
vn -0.7287 -0.0942 0.6783
vn -0.4836 -0.1305 0.8655
vn -0.5044 -0.1481 0.8507
vn -0.5079 -0.1741 0.8436
vn -0.5023 -0.1763 0.8465
vn -0.4893 -0.1399 0.8608
vn -0.4590 -0.1237 0.8798
vn -0.5868 -0.0606 -0.8074
vn -0.6094 -0.0336 -0.7922
vn -0.6261 -0.0175 -0.7796
vn -0.6240 -0.0038 -0.7814
vn -0.6153 0.0595 -0.7860
vn -0.6074 0.0917 -0.7891
vn 0.1463 -0.1713 0.9743
vn 0.1545 -0.2070 0.9661
vn 0.1655 -0.2356 0.9577
vn 0.1523 -0.2399 0.9588
vn 0.1487 -0.2115 0.9660
vn 0.1463 -0.1850 0.9718
vn 0.7089 -0.1401 0.6913
vn 0.7098 -0.1759 0.6821
vn 0.7079 -0.2121 0.6738
vn 0.7004 -0.2274 0.6765
vn 0.6940 -0.2326 0.6814
vn 0.6927 -0.2050 0.6915
vn -0.8812 -0.1281 0.4550
vn -0.8906 -0.1040 0.4427
vn -0.8902 -0.1202 0.4395
vn -0.8975 -0.1121 0.4266
vn -0.9053 -0.0523 0.4214
vn -0.9086 -0.0615 0.4132
vn 0.9584 -0.1068 0.2646
vn 0.9529 -0.1421 0.2680
vn 0.9466 -0.1851 0.2640
vn 0.9377 -0.2184 0.2704
vn 0.9319 -0.2410 0.2709
vn 0.9375 -0.2058 0.2805
vn -0.9792 -0.1096 0.1706
vn -0.9827 -0.0801 0.1667
vn -0.9822 -0.0896 0.1650
vn -0.9845 -0.0765 0.1578
vn -0.9876 -0.0123 0.1566
vn -0.9868 -0.0331 0.1588
vn -0.7839 -0.2943 0.5467
vn -0.9065 -0.2692 0.3252
vn -0.9576 -0.2410 0.1579
vn -0.9779 -0.2091 0.0016
vn -0.9801 -0.1823 -0.0785
vn -0.9384 -0.0770 -0.3368
vn -0.5199 -0.2853 0.8052
vn 0.0889 -0.2286 0.9695
vn 0.7499 -0.0645 0.6584
vn 0.9847 0.1031 0.1404
vn 0.8837 0.2358 -0.4043
vn 0.5474 0.3356 -0.7667
vn 0.1347 0.3344 -0.9327
vn -0.2254 0.2683 -0.9366
vn -0.6604 0.1276 -0.7400
vn -0.7697 -0.2422 0.5907
vn -0.9242 -0.1752 0.3395
vn -0.9742 -0.1408 0.1765
vn -0.9948 -0.1011 0.0103
vn -0.9949 -0.0654 -0.0767
vn -0.9344 0.0634 -0.3506
vn -0.4990 -0.3092 0.8096
vn 0.0786 -0.2783 0.9573
vn 0.7499 -0.0553 0.6593
vn 0.9804 0.1286 0.1494
vn 0.8891 0.2786 -0.3632
vn 0.5120 0.3968 -0.7618
vn 0.1083 0.3864 -0.9160
vn -0.1877 0.3444 -0.9199
vn -0.6114 0.2558 -0.7488
vn -0.9899 -0.1027 -0.0982
vn -0.7911 -0.1449 0.5943
vn -0.9372 -0.0767 0.3403
vn -0.9856 -0.0306 0.1666
vn -0.9999 0.0086 0.0117
vn -0.9965 0.0348 -0.0754
vn -0.9295 0.1170 -0.3499
vn -0.4764 -0.2329 0.8478
vn 0.1158 -0.2176 0.9692
vn 0.7453 -0.0405 0.6655
vn 0.9017 0.2480 -0.3541
vn 0.5211 0.3043 -0.7974
vn 0.0859 0.2856 -0.9545
vn -0.1958 0.2749 -0.9413
vn -0.6162 0.2284 -0.7538
vn 0.8819 -0.0694 -0.4663
vn -0.9251 -0.0488 -0.3765
vn -0.7352 -0.1402 0.6632
vn -0.6258 0.0456 -0.7786
vn -0.9133 -0.1519 0.3778
vn -0.9770 -0.1410 0.1597
vn 0.4962 0.0494 -0.8668
vn -0.9930 -0.1177 -0.0044
vn 0.1336 0.1103 -0.9849
vn -0.2075 0.1108 -0.9719
vn -0.4633 -0.1288 0.8768
vn 0.1445 -0.1508 0.9779
vn 0.7210 -0.1464 0.6773
vn 0.9640 -0.1518 0.2181
vn 0.9795 0.1226 0.1600
vn -0.7888 -0.0793 0.6095
vn -0.9350 -0.0365 0.3527
vn -0.9864 -0.0077 0.1639
vn -0.9999 0.0083 0.0116
vn -0.9969 0.0168 -0.0767
vn -0.9262 0.0336 -0.3754
vn -0.4650 -0.1232 0.8767
vn 0.1297 -0.1163 0.9847
vn 0.7340 -0.0206 0.6788
vn 0.9838 0.0826 0.1591
vn 0.9223 0.1361 -0.3617
vn 0.5416 0.1294 -0.8306
vn 0.0746 0.1007 -0.9921
vn -0.2177 0.0838 -0.9724
vn -0.6117 0.0566 -0.7890
vn -0.2508 -0.1299 -0.9593
vn 0.0731 -0.1506 -0.9859
vn 0.5538 -0.1785 -0.8133
vn 0.9058 -0.1832 -0.3820
vn 0.9677 -0.1680 0.1879
vn 0.7256 -0.1193 0.6777
vn 0.0339 -0.1056 0.9938
vn -0.5843 -0.1278 0.8014
vn -0.9208 -0.0835 -0.3809
vn -0.9954 -0.0589 -0.0760
vn -0.9966 -0.0646 0.0519
vn -0.9662 -0.0872 0.2424
vn -0.8985 -0.1213 0.4219
vn -0.6079 -0.1135 -0.7859
vn -0.7835 -0.1532 0.6022
vn -0.9216 -0.0262 -0.3873
vn -0.9129 -0.0608 -0.4037
vn -0.9118 -0.0713 -0.4044
vn -0.9138 -0.0724 -0.3997
vn -0.9972 -0.0114 -0.0736
vn -0.9948 -0.0482 -0.0902
vn -0.9918 -0.0701 -0.1067
vn -0.9934 -0.0644 -0.0944
vn 0.9801 0.0453 0.1931
vn 0.9796 -0.0291 0.1989
vn 0.9733 -0.1201 0.1957
vn 0.9634 -0.1902 0.1887
vn -0.5281 -0.0709 0.8462
vn -0.5018 -0.0494 0.8636
vn -0.4784 -0.0464 0.8769
vn -0.4620 -0.0578 0.8850
vn -0.9998 -0.0109 0.0143
vn -0.9991 -0.0402 0.0155
vn -0.9975 -0.0691 0.0155
vn -0.9974 -0.0702 0.0168
vn -0.9227 -0.0705 0.3790
vn -0.9127 -0.0523 0.4052
vn -0.9081 -0.0591 0.4145
vn -0.9217 -0.0377 0.3861
vn 0.7122 -0.1523 0.6853
vn 0.7110 -0.1030 0.6956
vn 0.7091 -0.0361 0.7042
vn 0.7125 0.0005 0.7017
vn 0.0446 -0.0996 0.9940
vn 0.0734 -0.0744 0.9945
vn 0.1094 -0.0408 0.9932
vn 0.1110 -0.0457 0.9928
vn -0.5972 -0.0465 -0.8007
vn -0.5953 -0.0592 -0.8013
vn -0.6089 -0.0740 -0.7898
vn -0.6067 -0.0976 -0.7889
vn 0.9166 -0.1895 -0.3520
vn 0.9321 -0.1217 -0.3411
vn 0.9410 -0.0270 -0.3373
vn 0.9372 0.0571 -0.3442
vn -0.7740 -0.0536 0.6309
vn -0.7819 -0.0605 0.6205
vn -0.7912 -0.0535 0.6092
vn -0.7909 -0.0778 0.6070
vn 0.5707 -0.1643 -0.8046
vn 0.5822 -0.1149 -0.8049
vn 0.6055 -0.0442 -0.7946
vn 0.5948 0.0247 -0.8035
vn 0.0533 -0.1222 -0.9911
vn 0.0387 -0.0955 -0.9947
vn 0.0341 -0.0584 -0.9977
vn 0.0529 -0.0121 -0.9985
vn -0.9762 -0.0720 0.2044
vn -0.9693 -0.0653 0.2372
vn -0.9702 -0.0505 0.2368
vn -0.9810 -0.0210 0.1931
vn -0.2647 -0.1095 -0.9581
vn -0.2737 -0.0814 -0.9584
vn -0.2865 -0.0553 -0.9565
vn -0.2640 -0.0338 -0.9639
vn -0.2723 -0.1528 -0.9500
vn 0.0633 -0.1499 -0.9867
vn 0.5736 -0.1816 -0.7987
vn 0.9140 -0.1784 -0.3643
vn 0.9890 -0.1115 0.0973
vn 0.7833 -0.0086 0.6215
vn 0.0093 0.0478 0.9988
vn -0.5980 0.0362 0.8007
vn -0.9630 -0.1687 -0.2103
vn -0.9877 -0.1535 0.0305
vn -0.9880 -0.1255 0.0896
vn -0.9693 -0.1175 0.2160
vn -0.9614 -0.1001 0.2562
vn -0.7215 -0.1637 -0.6728
vn -0.8772 -0.0281 0.4793
vn 0.9273 -0.1194 -0.3548
vn 0.9210 -0.1223 -0.3699
vn 0.9312 -0.1158 -0.3457
vn 0.9345 -0.0910 -0.3441
vn 0.5758 -0.0799 -0.8137
vn 0.5637 -0.1310 -0.8155
vn 0.5524 -0.1490 -0.8201
vn 0.5594 -0.1509 -0.8151
vn -0.9310 -0.0922 -0.3532
vn -0.9405 -0.0943 -0.3263
vn -0.9499 -0.1357 -0.2815
vn -0.9600 -0.1577 -0.2315
vn -0.9877 -0.1313 0.0851
vn -0.9898 -0.1088 0.0916
vn -0.9962 -0.0819 0.0301
vn -0.9964 -0.0797 -0.0296
vn 0.0305 -0.0758 0.9967
vn 0.0122 -0.0408 0.9991
vn 0.0176 -0.0241 0.9996
vn 0.0296 -0.0028 0.9996
vn 0.7410 -0.0272 0.6710
vn 0.7388 -0.0454 0.6724
vn 0.7442 -0.0539 0.6658
vn 0.7483 -0.0669 0.6599
vn -0.7931 -0.1041 0.6001
vn -0.8119 -0.0399 0.5824
vn -0.8328 -0.0113 0.5534
vn -0.8588 0.0024 0.5122
vn -0.6580 0.0150 0.7528
vn -0.6711 -0.0036 0.7413
vn -0.6717 -0.0217 0.7405
vn -0.6499 -0.0791 0.7559
vn -0.9856 -0.0971 0.1383
vn -0.9721 -0.0984 0.2127
vn -0.9679 -0.0876 0.2356
vn -0.9788 -0.0972 0.1804
vn -0.9623 -0.0664 0.2639
vn -0.9427 -0.0624 0.3279
vn -0.9277 -0.0984 0.3600
vn -0.9333 -0.1099 0.3419
vn -0.8614 -0.1123 0.4953
vn -0.8734 -0.0696 0.4819
vn -0.9015 -0.0334 0.4316
vn -0.9344 -0.0316 0.3548
vn 0.9795 -0.0684 0.1895
vn 0.9763 -0.0837 0.1995
vn 0.9784 -0.0856 0.1880
vn 0.9807 -0.0932 0.1720
vn 0.0787 -0.0642 -0.9948
vn 0.0916 -0.1200 -0.9885
vn 0.0933 -0.1470 -0.9847
vn 0.0889 -0.1508 -0.9846
vn -0.6212 -0.1195 -0.7744
vn -0.6290 -0.1299 -0.7665
vn -0.6514 -0.1475 -0.7443
vn -0.6978 -0.1394 -0.7026
vn -0.2584 -0.0896 -0.9619
vn -0.2154 -0.1301 -0.9678
vn -0.1996 -0.1443 -0.9692
vn -0.2179 -0.1372 -0.9663
vn -0.2444 0.1729 -0.9542
vn 0.0548 0.1519 -0.9869
vn 0.5925 0.0980 -0.7996
vn 0.9116 0.0257 -0.4102
vn 0.9879 0.1150 -0.1042
vn 0.7803 0.4142 0.4687
vn 0.0728 0.7287 0.6810
vn -0.4587 0.5637 0.6869
vn -0.9541 0.1507 -0.2589
vn -0.9852 0.1587 -0.0649
vn -0.9851 0.1717 -0.0055
vn -0.9655 0.1592 0.2063
vn -0.9555 0.1698 0.2414
vn -0.6904 0.2035 -0.6942
vn -0.8194 0.4136 0.3969
vn -0.1965 0.3251 -0.9250
vn 0.0715 0.3168 -0.9458
vn 0.5832 0.2797 -0.7627
vn 0.9208 0.1580 -0.3565
vn 0.9772 0.1114 -0.1805
vn -0.9047 0.2663 -0.3326
vn -0.9590 0.2515 -0.1307
vn -0.9695 0.2399 -0.0505
vn -0.9495 0.2116 0.2318
vn -0.9284 0.2755 0.2492
vn -0.6154 0.3095 -0.7249
vn -0.1942 -0.1087 -0.9749
vn 0.0895 -0.1118 -0.9897
vn 0.5905 -0.0898 -0.8020
vn 0.9488 -0.0590 -0.3102
vn 0.9838 -0.1311 -0.1224
vn -0.9326 -0.0527 -0.3570
vn -0.9900 -0.0381 -0.1358
vn -0.9984 -0.0479 -0.0306
vn -0.9754 -0.0402 0.2168
vn -0.9721 -0.0284 0.2329
vn -0.6324 -0.0903 -0.7694
vn -0.1774 -0.4813 -0.8584
vn 0.0857 -0.4890 -0.8681
vn 0.5791 -0.4658 -0.6691
vn 0.8684 -0.4496 -0.2092
vn 0.8604 -0.5080 -0.0411
vn -0.9084 -0.3320 -0.2541
vn -0.9402 -0.3249 -0.1018
vn -0.9473 -0.3202 0.0121
vn -0.9069 -0.3611 0.2173
vn -0.8614 -0.4452 0.2443
vn -0.6364 -0.4300 -0.6403
vn -0.0001 0.9954 -0.0953
vn -0.0000 0.9923 0.1242
vn 0.0944 0.9926 -0.0761
vn 0.1174 0.9901 0.0769
vn 0.8437 -0.5247 -0.1136
vn 0.8360 -0.3556 0.4180
vn 0.0002 -0.9866 -0.1630
vn -0.0000 -0.8451 0.5346
vn -0.8438 -0.5244 -0.1142
vn -0.8359 -0.3556 0.4181
vn -0.0946 0.9926 -0.0763
vn -0.1175 0.9901 0.0769
vn -0.0001 0.9707 0.2403
vn 0.6636 0.7130 0.2264
vn 0.9039 -0.4278 0.0052
vn 0.0263 -0.9929 -0.1157
vn -0.9124 -0.4066 -0.0460
vn -0.6927 0.7008 0.1702
vn 0.0499 0.9818 0.1834
vn 0.7105 0.6960 0.1035
vn 0.9403 -0.3392 0.0293
vn 0.0566 -0.9738 0.2204
vn -0.6211 -0.7595 0.1935
vn 0.4667 0.8620 0.1978
vn 0.0011 0.9968 0.0803
vn 0.7696 0.6308 0.0992
vn 0.6894 0.4948 0.5291
vn -0.0000 0.4199 0.9075
vn -0.6894 0.4947 0.5291
vn -0.7700 0.6304 0.0987
vn -0.0001 0.9933 -0.1157
vn -0.0000 0.9905 0.1377
vn 0.1055 0.9901 -0.0922
vn 0.1310 0.9874 0.0882
vn 0.8442 -0.5240 -0.1127
vn 0.8358 -0.3542 0.4196
vn 0.0003 -0.9867 -0.1625
vn -0.0000 -0.8438 0.5366
vn -0.8440 -0.5242 -0.1134
vn -0.8357 -0.3542 0.4197
vn -0.1057 0.9901 -0.0925
vn -0.1311 0.9874 0.0882
vn 0.0007 0.9712 0.2381
vn 0.6677 0.7106 0.2217
vn 0.9056 -0.4242 0.0039
vn -0.0059 -0.9899 -0.1419
vn -0.9179 -0.3905 -0.0698
vn -0.6923 0.7043 0.1574
vn 0.0398 0.9868 0.1570
vn 0.7506 0.6524 0.1047
vn 0.9084 -0.4091 0.0860
vn -0.0058 -0.9798 0.2000
vn -0.9547 -0.1291 -0.2680
vn 0.4594 0.8882 -0.0011
vn 0.0009 0.9993 0.0380
vn 0.7735 0.6264 0.0962
vn 0.6926 0.4895 0.5299
vn -0.0000 0.4163 0.9092
vn -0.6926 0.4894 0.5299
vn -0.7741 0.6258 0.0957
vn -0.0001 0.9907 -0.1362
vn -0.0000 0.9881 0.1541
vn 0.1201 0.9868 -0.1083
vn 0.1482 0.9835 0.1036
vn 0.8447 -0.5234 -0.1118
vn 0.8356 -0.3528 0.4211
vn 0.0003 -0.9867 -0.1623
vn -0.0000 -0.8426 0.5385
vn -0.8443 -0.5237 -0.1131
vn -0.8355 -0.3529 0.4211
vn -0.1204 0.9868 -0.1086
vn -0.1484 0.9835 0.1036
vn -0.0023 0.9727 0.2319
vn 0.6712 0.7085 0.2179
vn 0.9067 -0.4217 0.0059
vn -0.0079 -0.9895 -0.1444
vn -0.9177 -0.3909 -0.0709
vn -0.6954 0.7019 0.1541
vn 0.0466 0.9894 0.1377
vn 0.7383 0.6669 0.1003
vn 0.9137 -0.3967 0.0877
vn -0.0037 -0.9814 0.1918
vn 0.2152 -0.8225 -0.5265
vn 0.5271 0.8481 0.0539
vn 0.0011 0.9999 -0.0152
vn 0.7784 0.6211 0.0915
vn 0.6968 0.4827 0.5306
vn -0.0000 0.4131 0.9107
vn -0.6968 0.4826 0.5306
vn -0.7790 0.6204 0.0911
vn -0.0144 0.9858 -0.1675
vn -0.0050 0.9645 0.2640
vn 0.2139 0.9677 -0.1331
vn 0.2559 0.9407 0.2228
vn 0.8249 -0.5526 -0.1194
vn 0.8307 -0.3791 0.4076
vn 0.0040 -0.9869 -0.1614
vn -0.0005 -0.8393 0.5436
vn -0.8453 -0.5226 -0.1114
vn -0.8346 -0.3496 0.4258
vn -0.2084 0.9683 -0.1376
vn -0.2477 0.9457 0.2104
vn 0.0015 0.9766 0.2149
vn 0.6324 0.7449 0.2126
vn 0.8620 -0.5069 0.0017
vn 0.0053 -0.9899 -0.1415
vn -0.9217 -0.3764 -0.0934
vn -0.7126 0.6918 0.1165
vn 0.0545 0.9917 0.1168
vn 0.6389 0.7598 0.1204
vn 0.8020 -0.5798 0.1436
vn 0.0047 -0.9842 0.1770
vn -0.4672 -0.6276 -0.6227
vn 0.5502 0.8350 0.0101
vn 0.0014 0.9666 -0.2563
vn 0.7739 0.6272 0.0871
vn 0.7115 0.4473 0.5420
vn -0.0010 0.4047 0.9145
vn -0.7189 0.4424 0.5361
vn -0.7999 0.5967 0.0644
vn 0.0003 0.9849 0.1730
vn -0.0010 0.9949 0.1009
vn 0.0399 0.9858 0.1629
vn 0.0520 0.9963 0.0687
vn 0.8619 -0.4921 -0.1219
vn 0.8123 -0.3515 0.4655
vn -0.0006 -0.9939 -0.1100
vn 0.0006 -0.8195 0.5731
vn -0.8418 -0.5295 -0.1053
vn -0.8110 -0.3766 0.4477
vn -0.0402 0.9852 0.1665
vn -0.0538 0.9961 0.0698
vn -0.0102 0.9289 0.3702
vn 0.6726 0.6733 0.3071
vn 0.9274 -0.3738 -0.0154
vn 0.0016 -0.9818 -0.1899
vn -0.8665 -0.4900 -0.0954
vn -0.6360 0.7205 0.2762
vn 0.1739 0.9516 0.2533
vn 0.0061 -0.9902 0.1393
vn 0.0021 -0.9963 0.0860
vn 0.0213 -0.9846 0.1732
vn 0.1006 0.9586 0.2664
vn 0.1490 0.9476 0.2824
vn -0.0000 0.9903 0.1388
vn 0.7187 0.6918 -0.0701
vn 0.6408 0.5158 0.5686
vn 0.0008 0.4280 0.9038
vn -0.6293 0.5238 0.5741
vn -0.6880 0.7254 -0.0225
vn 0.7949 -0.4928 -0.3540
vn 0.7701 0.6367 0.0404
vn -0.6911 0.7156 0.1016
vn -0.7514 -0.5658 -0.3395
vn -0.0011 0.9748 0.2232
vn 0.0006 -0.8920 -0.4521
vn 0.1045 0.9615 0.2542
vn 0.1208 0.9576 0.2615
vn 0.0339 -0.9869 0.1577
vn -0.0041 -0.9954 0.0958
vn 0.1566 0.9539 0.2561
vn 0.2077 0.9419 0.2641
vn 0.0589 -0.9921 0.1110
vn -0.0042 -0.9978 0.0660
vn 0.1721 0.9415 0.2896
vn 0.6374 0.7499 0.1772
vn 0.8236 -0.5671 -0.0039
vn 0.0096 -1.0000 -0.0010
vn -0.0709 0.9794 0.1893
vn -0.0757 -0.9927 0.0939
vn -0.8784 -0.4779 0.0016
vn -0.7439 0.6629 0.0847
vn 0.1005 0.8954 0.4338
vn -0.0139 -0.9981 0.0604
vn 0.1328 0.8911 0.4339
vn 0.1399 0.8864 0.4412
vn 0.2373 -0.9712 0.0199
vn 0.1100 -0.9912 0.0742
vn -0.0603 0.9256 0.3737
vn 0.2201 0.8778 0.4254
vn 0.7022 0.6816 0.2057
vn 0.8784 -0.4367 -0.1940
vn 0.5250 -0.8418 -0.1251
vn -0.4156 0.8649 0.2815
vn -0.5563 -0.8296 -0.0485
vn -0.9301 -0.3399 -0.1395
vn -0.8402 0.5408 0.0395
vn 0.0196 0.7910 0.6115
vn -0.0346 -0.9983 -0.0464
vn 0.1622 0.7614 0.6276
vn 0.2438 0.7856 0.5687
vn 0.3779 -0.9233 -0.0689
vn 0.1220 -0.9916 -0.0432
vn -0.3342 0.7932 0.5091
vn 0.3248 0.8016 0.5019
vn 0.7083 0.6611 0.2476
vn 0.9209 -0.3357 -0.1978
vn 0.6877 -0.7127 -0.1382
vn -0.7272 0.6205 0.2934
vn -0.6323 -0.7713 -0.0732
vn -0.9745 -0.2129 -0.0703
vn -0.9089 0.3949 0.1338
vn -0.1393 0.8662 0.4798
vn -0.0414 -0.9991 -0.0106
vn 0.1438 0.8282 0.5416
vn 0.3878 0.7671 0.5111
vn 0.4713 -0.8819 -0.0136
vn 0.1248 -0.9921 -0.0098
vn -0.4455 0.7700 0.4567
vn 0.9912 0.1041 -0.0821
vn 0.7561 0.5549 0.3469
vn 0.9731 -0.1563 -0.1691
vn 0.8310 -0.5489 -0.0904
vn -0.4166 0.8410 0.3452
vn -0.6299 -0.7764 0.0228
vn -0.9886 -0.1505 0.0076
vn -0.9504 0.2967 0.0938
vn 0.5961 -0.8029 -0.0027
vn -0.7087 -0.7034 0.0538
vn 0.9607 0.2605 0.0956
vn 0.9926 -0.0936 -0.0768
vn -0.9538 0.2939 0.0627
vn -0.9999 -0.0053 0.0128
vn 0.9997 -0.0215 -0.0064
vn 0.9879 0.1549 -0.0052
vn 0.8353 -0.0782 0.5442
vn 0.9942 0.0121 0.1067
vn 0.9931 0.0469 0.1074
vn 0.9794 0.1697 -0.1097
vn 0.9970 0.0759 -0.0116
vn -0.9995 -0.0034 -0.0321
vn -0.9977 0.0598 -0.0308
vn -0.9994 0.0276 0.0228
vn -0.9948 0.0609 -0.0813
vn -0.9921 -0.0162 -0.1247
vn -0.9938 0.0977 0.0537
vn -0.9935 -0.0077 -0.1136
vn -0.8169 -0.1035 0.5674
vn 0.9796 -0.1581 -0.1238
vn 0.9299 -0.3540 -0.1001
vn 0.1108 -0.9923 0.0559
vn -0.0124 -0.9981 0.0612
vn -0.1136 -0.8602 -0.4971
vn 0.0370 -0.8664 -0.4980
vn 0.3388 -0.8409 -0.4220
vn 0.4245 -0.9007 -0.0926
vn 0.2742 -0.9590 0.0712
vn -0.5533 -0.8155 -0.1698
vn -0.5520 -0.8329 -0.0408
vn -0.5951 -0.8032 0.0262
vn -0.6864 -0.6951 0.2140
vn -0.1737 -0.9783 0.1133
vn -0.4196 -0.8237 -0.3814
vn 0.0813 -0.9951 0.0571
vn 0.0994 -0.9900 -0.1002
vn -0.3163 -0.9381 0.1413
vn -0.0169 -0.9999 -0.0036
vn -0.0789 -0.9953 -0.0555
vn -0.1308 -0.9880 -0.0818
vn 0.7573 0.5408 0.3662
vn 0.3972 0.4150 0.8185
vn 0.9054 0.4234 -0.0304
vn 0.7224 0.6910 -0.0254
vn 0.7371 0.5190 -0.4329
vn 0.6771 0.1824 -0.7129
vn -0.0160 -0.7512 -0.6599
vn -0.2829 -0.5605 -0.7783
vn -0.2975 -0.9541 0.0339
vn -0.6111 -0.7897 0.0537
vn 0.0163 -0.7089 0.7052
vn -0.2710 -0.3238 0.9065
vn 0.4202 0.4548 0.7852
vn 0.4606 0.3937 0.7955
vn 0.6788 0.7332 -0.0404
vn 0.6659 0.7451 -0.0371
vn 0.4238 0.3487 -0.8359
vn 0.3827 0.4106 -0.8276
vn -0.2596 -0.4393 -0.8600
vn -0.3141 -0.4297 -0.8466
vn -0.6103 -0.7913 0.0363
vn -0.5992 -0.7999 0.0342
vn -0.2186 -0.3965 0.8916
vn -0.2761 -0.3835 0.8813
vn 0.4483 -0.8935 0.0272
vn 0.2004 -0.9794 0.0253
vn 0.4398 0.4231 0.7922
vn 0.6948 0.7181 -0.0401
vn 0.4040 0.3726 -0.8354
vn -0.2984 -0.4282 -0.8530
vn -0.6135 -0.7887 0.0402
vn -0.2652 -0.3746 0.8884
vn 0.4426 0.4577 0.7711
vn 0.6634 0.7472 -0.0396
vn 0.4052 0.4116 -0.8163
vn -0.3113 -0.4204 -0.8523
vn -0.6326 -0.7737 0.0343
vn -0.2700 -0.3758 0.8865
vn 0.8681 0.4953 -0.0333
vn 0.7649 0.4823 -0.4269
vn -0.2516 -0.5066 -0.8247
vn -0.5056 -0.8620 0.0350
vn -0.2132 -0.4586 0.8627
vn 0.7887 0.4979 0.3606
vn 0.6965 0.7165 -0.0389
vn 0.3814 0.3787 -0.8433
vn -0.3003 -0.4089 -0.8618
vn -0.6072 -0.7937 0.0361
vn -0.2623 -0.3632 0.8940
vn 0.4215 0.4213 0.8030
vn 0.6773 0.7347 -0.0390
vn 0.3685 0.4167 -0.8310
vn -0.3262 -0.3913 -0.8605
vn -0.6276 -0.7777 0.0357
vn -0.2884 -0.3455 0.8930
vn 0.4080 0.4593 0.7890
vn 0.9125 -0.4082 -0.0272
vn 0.6464 -0.1868 0.7398
vn 0.6053 -0.2294 -0.7622
vn 0.4401 0.3343 -0.8334
vn 0.4794 0.3808 0.7907
vn 0.8242 0.5651 -0.0384
vn 0.7574 0.5422 0.3640
vn 0.3944 0.4539 0.7990
vn 0.9046 0.4251 -0.0304
vn 0.6595 0.7505 -0.0424
vn 0.7372 0.5204 -0.4309
vn 0.7228 0.4533 -0.5216
vn -0.0172 -0.7522 -0.6588
vn -0.0439 -0.9207 -0.3877
vn -0.2974 -0.9542 0.0339
vn -0.6621 -0.7469 0.0612
vn 0.0151 -0.7100 0.7041
vn -0.3133 -0.9242 0.2184
vn 0.4215 0.4578 0.7828
vn 0.4609 0.3940 0.7952
vn 0.6641 0.7467 -0.0372
vn 0.4241 0.3489 -0.8357
vn 0.3841 0.4136 -0.8255
vn -0.2598 -0.4394 -0.8599
vn -0.3152 -0.4313 -0.8454
vn -0.6102 -0.7914 0.0363
vn -0.5996 -0.7996 0.0340
vn -0.2189 -0.3966 0.8915
vn -0.2772 -0.3852 0.8802
vn 0.4444 -0.8954 0.0275
vn 0.1982 -0.9798 0.0254
vn 0.4333 0.4433 0.7847
vn 0.6818 0.7297 -0.0514
vn 0.4139 0.4052 -0.8152
vn -0.2844 -0.4286 -0.8575
vn -0.6029 -0.7967 0.0423
vn -0.2710 -0.3766 0.8859
vn 0.4429 0.4580 0.7708
vn 0.4055 0.4119 -0.8160
vn -0.3115 -0.4205 -0.8522
vn -0.6325 -0.7738 0.0343
vn -0.2703 -0.3759 0.8863
vn 0.8692 0.4933 -0.0329
vn 0.7669 0.4831 -0.4226
vn -0.2522 -0.5064 -0.8246
vn -0.5051 -0.8624 0.0350
vn -0.2139 -0.4584 0.8626
vn 0.7906 0.4982 0.3561
vn 0.6970 0.7160 -0.0393
vn 0.3817 0.3791 -0.8430
vn -0.3005 -0.4087 -0.8618
vn -0.6070 -0.7939 0.0361
vn -0.2628 -0.3629 0.8940
vn 0.4219 0.4222 0.8024
vn 0.6759 0.7360 -0.0390
vn 0.3681 0.4157 -0.8317
vn -0.3252 -0.3913 -0.8609
vn -0.6283 -0.7771 0.0358
vn -0.2873 -0.3456 0.8933
vn 0.4077 0.4583 0.7898
vn 0.9123 -0.4085 -0.0272
vn 0.6474 -0.1877 0.7387
vn 0.6064 -0.2301 -0.7611
vn 0.4406 0.3342 -0.8332
vn 0.4799 0.3807 0.7904
vn 0.8264 0.5618 -0.0386
vn 0.7573 0.5410 0.3659
vn 0.8475 0.2944 0.4417
vn 0.9053 0.4236 -0.0304
vn 0.7097 0.7043 -0.0182
vn 0.7371 0.5192 -0.4326
vn 0.6386 0.4191 -0.6454
vn -0.0161 -0.7513 -0.6598
vn -0.1977 -0.9497 -0.2427
vn -0.6685 -0.7383 0.0889
vn 0.0161 -0.7090 0.7050
vn -0.3329 -0.5142 0.7904
vn 0.4204 0.4553 0.7849
vn 0.4607 0.3938 0.7954
vn 0.6657 0.7453 -0.0371
vn 0.3829 0.4111 -0.8273
vn -0.3142 -0.4299 -0.8464
vn -0.6103 -0.7913 0.0364
vn -0.5993 -0.7998 0.0342
vn -0.2187 -0.3965 0.8916
vn -0.2763 -0.3838 0.8811
vn 0.4478 -0.8937 0.0272
vn 0.2001 -0.9794 0.0253
vn 0.4164 0.4433 0.7938
vn 0.6881 0.7253 -0.0198
vn 0.4072 0.3911 -0.8254
vn -0.2956 -0.4246 -0.8558
vn -0.6000 -0.7988 0.0442
vn -0.2636 -0.3622 0.8940
vn 0.4427 0.4577 0.7711
vn 0.4052 0.4117 -0.8163
vn -0.2701 -0.3758 0.8865
vn 0.8683 0.4950 -0.0332
vn 0.7652 0.4824 -0.4264
vn -0.2517 -0.5065 -0.8247
vn -0.5056 -0.8621 0.0350
vn -0.2133 -0.4586 0.8627
vn 0.7890 0.4979 0.3600
vn 0.6968 0.7163 -0.0383
vn 0.3816 0.3791 -0.8430
vn -0.3005 -0.4083 -0.8620
vn -0.6071 -0.7938 0.0361
vn -0.2622 -0.3631 0.8941
vn 0.4214 0.4213 0.8031
vn 0.6770 0.7349 -0.0390
vn 0.3684 0.4166 -0.8311
vn -0.3260 -0.3913 -0.8606
vn -0.6277 -0.7776 0.0357
vn -0.2882 -0.3455 0.8930
vn 0.4080 0.4592 0.7891
vn 0.6465 -0.1870 0.7396
vn 0.6054 -0.2295 -0.7621
vn 0.4795 0.3808 0.7906
vn 0.8245 0.5646 -0.0384
vn 0.7572 0.5393 0.3685
vn 0.8159 0.2040 0.5410
vn 0.9063 0.4215 -0.0304
vn 0.7157 0.6926 -0.0905
vn 0.7369 0.5174 -0.4350
vn 0.3914 0.3322 -0.8582
vn -0.0145 -0.7499 -0.6613
vn -0.3119 -0.4195 -0.8525
vn -0.2976 -0.9541 0.0339
vn -0.6590 -0.7509 0.0422
vn 0.0178 -0.7075 0.7064
vn -0.3140 -0.5337 0.7852
vn 0.4181 0.4506 0.7888
vn 0.4604 0.3935 0.7957
vn 0.6788 0.7332 -0.0403
vn 0.6685 0.7428 -0.0371
vn 0.4235 0.3484 -0.8362
vn 0.3806 0.4064 -0.8307
vn -0.2594 -0.4392 -0.8601
vn -0.3127 -0.4274 -0.8483
vn -0.6105 -0.7912 0.0363
vn -0.5985 -0.8004 0.0344
vn -0.2184 -0.3964 0.8917
vn -0.2747 -0.3810 0.8828
vn 0.4528 -0.8912 0.0268
vn 0.2029 -0.9789 0.0252
vn 0.4354 0.4256 0.7933
vn 0.6927 0.7198 -0.0439
vn 0.4000 0.3780 -0.8349
vn -0.2994 -0.4245 -0.8545
vn -0.6086 -0.7929 0.0293
vn -0.2602 -0.3735 0.8904
vn 0.4423 0.4573 0.7715
vn 0.6633 0.7473 -0.0395
vn 0.4048 0.4112 -0.8167
vn -0.3110 -0.4202 -0.8525
vn -0.6327 -0.7736 0.0343
vn -0.2697 -0.3757 0.8866
vn 0.8664 0.4981 -0.0339
vn 0.7622 0.4821 -0.4320
vn -0.2508 -0.5069 -0.8247
vn -0.5064 -0.8616 0.0349
vn -0.2123 -0.4590 0.8627
vn 0.7861 0.4982 0.3657
vn 0.6963 0.7167 -0.0390
vn 0.3810 0.3783 -0.8436
vn -0.2998 -0.4085 -0.8621
vn -0.6073 -0.7936 0.0361
vn -0.2618 -0.3627 0.8943
vn 0.4210 0.4209 0.8035
vn 0.6795 0.7327 -0.0390
vn 0.3691 0.4184 -0.8299
vn -0.3278 -0.3915 -0.8598
vn -0.6265 -0.7786 0.0355
vn -0.2901 -0.3456 0.8924
vn 0.4088 0.4610 0.7876
vn 0.9127 -0.4078 -0.0271
vn 0.6453 -0.1858 0.7410
vn 0.6041 -0.2286 -0.7634
vn 0.4398 0.3346 -0.8334
vn 0.4792 0.3811 0.7906
vn 0.8211 0.5695 -0.0379
vn 0.6362 0.1212 0.7619
vn 0.9427 0.0380 0.3316
vn 0.9776 0.1583 -0.1386
vn 0.0964 -0.7457 -0.6592
vn -0.4468 -0.8789 -0.1669
vn -0.2877 -0.7714 0.5676
vn 0.1983 0.2682 0.9427
vn 0.2474 0.1508 0.9571
vn 0.8402 0.3250 0.4341
vn 0.7891 0.4889 0.3719
vn 0.7528 0.0559 -0.6559
vn 0.7565 0.2730 -0.5942
vn -0.1155 -0.3489 -0.9300
vn -0.1685 -0.3230 -0.9313
vn -0.8050 -0.5292 -0.2680
vn -0.7700 -0.5740 -0.2787
vn -0.5914 -0.3011 0.7480
vn -0.6658 -0.3109 0.6783
vn 0.3018 -0.9402 0.1582
vn 0.0205 -0.9995 0.0254
vn 0.0445 0.1803 0.9826
vn -0.1937 -0.5325 -0.8240
vn -0.7824 -0.5611 -0.2704
vn -0.7074 -0.1853 0.6821
vn 0.1837 0.2679 0.9458
vn 0.7675 0.4991 0.4023
vn 0.7876 0.2232 -0.5744
vn -0.2038 -0.3515 -0.9137
vn -0.8115 -0.5143 -0.2775
vn -0.6908 -0.2672 0.6719
vn 0.8694 0.3366 0.3616
vn 0.9700 0.2025 -0.1347
vn -0.0595 -0.4455 -0.8933
vn -0.6717 -0.7012 -0.2392
vn -0.5756 -0.4561 0.6787
vn 0.5915 0.2634 0.7621
vn 0.6534 -0.0017 0.7570
vn 0.6524 -0.6273 -0.4252
vn -0.1416 -0.3900 -0.9099
vn -0.7636 -0.5827 -0.2782
vn -0.5572 -0.2661 0.7866
vn 0.1073 0.1740 0.9789
vn 0.7750 0.4933 0.3950
vn 0.7382 0.3125 -0.5978
vn -0.1907 -0.2812 -0.9405
vn -0.7923 -0.5400 -0.2841
vn -0.6818 -0.2697 0.6800
vn 0.1754 0.3044 0.9363
vn 0.6856 -0.6814 0.2561
vn 0.2657 -0.4552 0.8499
vn 0.7524 -0.5040 -0.4242
vn 0.7857 0.1407 -0.6023
vn 0.2120 0.1984 0.9569
vn 0.8713 0.3616 0.3318
vn 0.5519 0.4184 0.7214
vn 0.7904 0.6125 0.0138
vn 0.8176 0.5735 0.0513
vn -0.7980 -0.5815 -0.1583
vn -0.6191 -0.7727 -0.1399
vn 0.0615 -0.3571 0.9321
vn 0.8216 0.5700 0.0004
vn 0.8628 0.4988 -0.0821
vn -0.8305 -0.5385 0.1425
vn -0.8536 -0.5173 0.0613
vn 0.6360 0.4681 0.6135
vn 0.8173 0.5713 -0.0747
vn 0.8135 0.5468 -0.1980
vn -0.7612 -0.6373 0.1202
vn -0.7960 -0.5921 0.1256
vn 0.7690 0.6047 0.2073
vn 0.7409 0.6437 -0.1917
vn 0.3372 0.2999 -0.8924
vn -0.4758 -0.3822 -0.7922
vn -0.7720 -0.6162 0.1561
vn 0.8393 0.5418 -0.0459
vn -0.6569 -0.7540 0.0060
vn -0.4968 -0.6002 -0.6268
vn 0.7471 0.5838 -0.3177
vn -0.7283 -0.6809 0.0772
vn -0.4817 -0.8058 0.3443
vn 0.5673 0.6083 -0.5551
vn 0.1046 0.3979 -0.9114
vn -0.6014 -0.3907 -0.6969
vn 0.4226 0.7445 0.5169
vn 0.5970 0.7597 0.2580
vn 0.5906 0.8059 -0.0418
vn -0.4015 -0.9124 -0.0791
vn -0.7098 -0.6994 0.0835
vn -0.5222 0.2054 0.8277
vn 0.5079 0.7681 -0.3899
vn -0.5329 -0.7952 -0.2894
vn -0.4449 -0.8953 -0.0199
vn 0.4066 0.6776 -0.6128
vn -0.0173 0.3610 -0.9324
vn -0.3763 -0.3306 -0.8655
vn 0.4840 -0.2394 0.8417
vn 0.1021 0.4114 0.9057
vn 0.0340 0.4991 0.8659
vn 0.4910 0.4879 0.7218
vn 0.4033 0.1415 0.9040
vn -0.2466 -0.9685 0.0352
vn -0.7115 0.0389 0.7016
vn -0.7571 -0.5206 -0.3947
vn -0.1168 -0.4404 -0.8902
vn -0.2708 -0.7471 -0.6071
vn -0.4819 -0.3297 -0.8118
vn -0.3316 -0.9025 0.2747
vn -0.3337 -0.9426 -0.0151
vn -0.5197 -0.8529 0.0501
vn -0.4739 -0.7876 -0.3939
vn -0.5351 -0.7588 0.3713
vn -0.4227 -0.5810 0.6955
vn -0.1577 -0.2771 0.9478
vn -0.2757 -0.5365 -0.7976
vn 0.0409 -0.1906 -0.9808
vn 0.1699 0.5703 0.8036
vn 0.4008 0.8036 0.4400
vn 0.5489 0.8359 0.0034
vn 0.5616 0.7636 -0.3187
vn 0.4833 0.6573 -0.5782
vn 0.1747 0.3722 -0.9116
vn -0.3865 0.1017 0.9167
vn -0.5870 -0.8025 -0.1070
vn -0.6644 -0.6893 0.2889
vn -0.6086 -0.5681 -0.5540
vn -0.5878 -0.7802 -0.2138
vn -0.2614 -0.0048 -0.9652
vn 0.2089 0.3325 -0.9197
vn 0.4883 0.5148 -0.7047
vn 0.6563 0.6987 -0.2847
vn 0.0567 0.3679 0.9281
vn 0.3208 0.6477 0.6911
vn 0.4347 0.7149 0.5476
vn 0.6224 0.7792 0.0741
vn 0.5537 0.7789 0.2946
vn 0.4797 0.7337 0.4812
vn 0.5052 0.7522 0.4230
vn -0.6250 -0.7796 -0.0401
vn -0.6124 -0.7194 -0.3277
vn -0.6320 -0.6745 0.3816
vn -0.5295 -0.4942 0.6896
vn -0.3389 -0.0938 0.9361
vn -0.5187 -0.4683 -0.7153
vn -0.1472 -0.0282 -0.9887
vn 0.4640 0.8016 0.3771
vn 0.4807 0.8021 0.3544
vn 0.4410 0.8104 0.3856
vn 0.5022 0.8147 0.2900
vn 0.9967 0.0414 0.0697
vn 0.5240 -0.6057 0.5988
vn 0.8114 -0.2444 -0.5309
vn 0.3903 -0.8846 -0.2553
vn 0.9875 -0.0112 0.1572
vn 0.6161 -0.5535 0.5604
vn 0.9646 -0.1880 0.1849
vn 0.8870 -0.2739 0.3717
vn 0.9260 -0.3772 0.0121
vn 0.4497 0.0308 0.8926
vn 0.8453 -0.4730 0.2484
vn 0.6788 0.5165 0.5220
vn 0.7470 -0.5605 0.3575
vn 0.8061 0.5377 0.2471
vn 0.9763 -0.1201 0.1798
vn 0.8876 0.4344 -0.1536
vn 0.9594 -0.1653 0.2286
vn 0.8930 -0.0104 -0.4499
vn 0.8626 -0.2292 0.4510
vn 0.8497 -0.3142 -0.4234
vn 0.7590 -0.0944 0.6442
vn 0.7760 -0.4835 -0.4051
vn 0.7866 0.0032 0.6175
vn 0.7352 -0.6034 -0.3088
vn 0.9469 -0.0719 0.3134
vn 0.6631 -0.7058 -0.2493
vn 0.8988 -0.2685 0.3465
vn 0.5085 -0.8608 -0.0230
vn 0.8919 -0.2726 0.3607
vn 0.3558 -0.8634 0.3577
vn 0.8798 -0.2630 0.3960
vn 0.2346 -0.6218 0.7472
vn 0.3922 -0.0841 0.9160
vn 0.2998 -0.2549 0.9193
vn 0.5393 -0.4684 0.6999
vn 0.6844 -0.0450 0.7277
vn 0.9756 0.0359 0.2164
vn 0.9508 0.2397 0.1963
vn 0.8869 -0.0654 0.4573
vn 0.8986 -0.2285 0.3745
vn 0.8561 -0.2995 0.4212
vn 0.9231 -0.3036 0.2361
vn 0.8651 -0.2240 0.4487
vn 0.8755 -0.4501 -0.1759
vn 0.8368 -0.1018 0.5379
vn 0.7760 -0.6028 -0.1857
vn 0.8603 0.1008 0.4997
vn 0.9646 -0.2571 0.0577
vn 0.9604 0.0682 0.2703
vn 0.9034 -0.2443 0.3525
vn 0.8545 -0.3499 0.3840
vn 0.9011 -0.2441 0.3583
vn 0.9792 -0.0297 0.2009
vn 0.8953 -0.2295 0.3818
vn 0.9858 -0.1507 0.0742
vn 0.4132 -0.0345 0.9100
vn 0.8706 -0.4919 0.0100
vn 0.4428 0.0249 0.8963
vn 0.8886 -0.2609 0.3772
vn 0.4839 -0.0189 0.8749
vn 0.9783 -0.1504 0.1422
vn 0.4210 -0.0227 0.9068
vn 0.9037 0.3213 0.2830
vn 0.6951 -0.5471 0.4663
vn 0.7277 0.4022 0.5557
vn 0.4364 -0.5404 0.7194
vn 0.8929 -0.4351 0.1156
vn 0.4830 0.2963 0.8240
vn 0.9877 -0.0258 0.1542
vn 0.5398 -0.5536 0.6341
vn 0.9888 -0.1008 0.1097
vn 0.4657 -0.6821 0.5638
vn 0.9640 0.2648 0.0257
vn 0.6835 -0.5347 0.4969
vn 0.9230 0.1312 -0.3617
vn 0.9876 -0.1467 -0.0562
vn 0.3673 -0.6685 -0.6467
vn 0.4750 -0.8799 -0.0120
vn 0.3892 -0.8813 0.2679
vn 0.7095 -0.5623 0.4248
vn 0.9420 -0.1964 0.2721
vn 0.6666 -0.1792 0.7235
vn 0.3158 0.1751 0.9325
vn -0.2258 0.7122 0.6646
vn 0.3179 0.9035 0.2875
vn 0.5659 -0.4340 0.7010
vn 0.6918 -0.6913 0.2086
vn 0.8937 -0.1655 0.4171
vn 0.9075 -0.2489 0.3382
vn 0.1107 0.1011 0.9887
vn 0.8701 -0.2774 0.4074
vn 0.7537 -0.4009 0.5208
vn 0.9121 -0.3588 0.1981
vn 0.8245 -0.1964 0.5306
vn 0.9618 -0.2517 0.1079
vn 0.7949 -0.0596 0.6038
vn -0.5282 -0.2968 -0.7955
vn 0.6926 0.1630 0.7027
vn 0.1091 -0.2792 -0.9540
vn 0.8674 0.4859 -0.1072
vn -0.3849 -0.8622 0.3293
vn 0.9519 0.1851 0.2441
vn 0.9698 0.0576 -0.2371
vn 0.8188 -0.5619 -0.1176
vn 0.5795 -0.2229 0.7839
vn 0.8280 0.4042 -0.3886
vn 0.9064 0.2942 0.3031
vn 0.7289 -0.5088 0.4581
vn 0.8602 0.0581 0.5066
vn -0.2191 -0.3992 0.8903
vn 0.7117 -0.6844 -0.1586
vn 0.8187 -0.5606 0.1244
vn 0.8347 -0.1040 0.5408
vn 0.8743 -0.2000 0.4422
vn 0.8472 -0.2527 0.4674
vn 0.4922 -0.8682 0.0626
vn 0.8480 -0.1062 0.5193
vn 0.6970 -0.7136 -0.0705
vn 0.8627 -0.4098 -0.2963
vn 0.9343 0.2601 -0.2438
vn -0.2347 -0.5221 -0.8200
vn -0.0179 -0.1304 -0.9913
vn -0.3259 0.6684 -0.6686
vn 0.9859 0.1667 0.0167
vn 0.8643 0.4221 0.2737
vn 0.9427 0.1438 0.3010
vn -0.2251 0.5186 -0.8249
vn -0.4773 0.8504 -0.2215
vn -0.2202 0.8667 0.4477
vn -0.2787 0.2878 0.9163
vn -0.1975 0.9465 0.2551
vn -0.0885 0.9892 -0.1167
vn 0.0458 0.8080 -0.5874
vn 0.0551 -0.1212 -0.9911
vn -0.0387 -0.5923 -0.8048
vn -0.6205 0.2000 0.7582
vn -0.2546 0.2142 0.9430
vn -0.3091 0.6611 0.6836
vn 0.0841 0.2863 -0.9544
vn 0.0185 -0.3468 -0.9378
vn -0.1862 -0.7506 -0.6339
vn -0.4312 -0.7772 -0.4582
vn -0.3948 -0.9187 0.0077
vn -0.8037 -0.5419 0.2458
vn -0.6771 0.0289 0.7353
vn -0.5730 0.3041 0.7610
vn -0.2188 0.2303 0.9482
vn -0.1709 0.2253 0.9592
vn 0.8610 0.0871 0.5010
vn 0.7856 0.6163 0.0550
vn 0.6933 0.6597 -0.2900
vn 0.6335 0.5162 -0.5763
vn 0.5074 0.0684 -0.8590
vn 0.3139 -0.2252 -0.9224
vn 0.2273 -0.4615 -0.8575
vn 0.1581 -0.7452 -0.6478
vn 0.3517 -0.8365 -0.4202
vn 0.0514 -0.7686 -0.6377
vn -0.1423 -0.9883 0.0543
vn -0.7391 -0.2972 0.6045
vn -0.9446 0.0795 0.3185
vn -0.9438 0.1670 -0.2852
vn -0.9357 0.1294 0.3282
vn -0.5737 0.3123 0.7572
vn -0.0977 -0.4768 -0.8736
vn 0.8517 0.3586 0.3822
vn 0.9775 -0.2071 -0.0408
vn 0.9944 -0.0893 -0.0562
vn 0.1653 0.8131 -0.5581
vn 0.8232 0.4793 -0.3043
vn 0.5999 0.6690 -0.4388
vn 0.3265 0.7739 -0.5426
vn 0.4202 0.7493 -0.5118
vn -0.0000 0.8311 -0.5561
vn 0.2760 0.7915 -0.5453
vn 0.9697 0.1933 -0.1493
vn -0.0000 -0.1819 0.9833
vn -0.1330 0.5479 0.8259
vn -0.3942 -0.1205 0.9111
vn -0.4200 0.1505 0.8949
vn -0.1863 0.6997 0.6898
vn -0.2760 0.5778 0.7681
vn -0.3955 0.3430 0.8520
vn -0.3387 -0.4382 0.8326
vn -0.4546 -0.5089 0.7310
vn 0.9444 0.1289 0.3025
vn -0.1698 0.6710 0.7218
vn -0.0189 0.7135 0.7004
vn 0.2773 0.7220 0.6339
vn 0.6446 0.5607 0.5198
vn -0.0000 -0.4169 0.9089
vn -0.2470 -0.1597 0.9558
vn -0.3517 0.1145 0.9291
vn -0.8588 -0.1502 0.4898
vn -0.8106 0.1757 0.5587
vn -0.9258 -0.2072 0.3163
vn -0.8975 0.3017 0.3217
vn -0.4067 0.5511 0.7286
vn -0.6597 0.4266 0.6188
vn -0.5428 0.7230 0.4273
vn -0.7506 -0.3952 0.5295
vn -0.6668 -0.6172 0.4176
vn -0.5117 -0.2278 0.8284
vn -0.3450 -0.7151 0.6080
vn -0.4080 -0.4412 0.7993
vn -0.2378 -0.6804 0.6931
vn -0.6211 -0.2774 0.7330
vn -0.2736 -0.6153 0.7393
vn -0.7374 -0.1494 0.6587
vn -0.4136 -0.4905 0.7670
vn -0.8047 -0.0779 0.5885
vn -0.2566 -0.5308 0.8077
vn -0.8555 -0.0751 0.5124
vn -0.0069 -0.4555 0.8902
vn -0.7471 0.4195 0.5155
vn -0.8741 0.2509 0.4160
vn -0.8895 -0.0696 0.4515
vn 0.2459 0.2237 0.9431
vn -0.7687 -0.1301 0.6262
vn 0.1645 0.6502 0.7417
vn -0.5754 -0.1628 0.8015
vn -0.1331 0.8794 0.4571
vn -0.5070 0.0739 0.8588
vn -0.3093 0.8021 0.5109
vn -0.6511 0.2765 0.7068
vn -0.3337 0.7380 0.5866
vn -0.7367 0.3444 0.5820
vn -0.6916 -0.2291 0.6850
vn -0.6707 0.4522 0.5879
vn -0.4547 -0.3109 0.8346
vn -0.2024 -0.3987 0.8944
vn -0.3752 -0.4421 0.8147
vn -0.5474 -0.2843 0.7871
vn -0.6594 -0.2102 0.7218
vn -0.7381 -0.0820 0.6697
vn -0.7933 -0.0254 0.6083
vn -0.8204 -0.0004 0.5718
vn -0.8335 -0.0095 0.5524
vn -0.6860 -0.0944 0.7214
vn -0.5314 -0.1240 0.8380
vn -0.4269 0.0669 0.9018
vn -0.4287 0.2944 0.8542
vn -0.5628 0.3118 0.7655
vn -0.3125 0.6370 0.7046
vn -0.6142 -0.2552 0.7468
vn -0.2095 -0.4649 0.8602
vn -0.1042 -0.3189 0.9420
vn -0.2467 -0.1627 0.9553
vn -0.5014 -0.0720 0.8622
vn -0.6589 -0.0567 0.7501
vn -0.6949 -0.0700 0.7157
vn -0.7030 -0.0153 0.7111
vn -0.8931 -0.0291 0.4490
vn -0.7060 0.0685 0.7049
vn -0.5499 0.0594 0.8331
vn -0.4615 0.0409 0.8862
vn -0.4083 0.2153 0.8871
vn -0.2897 0.4487 0.8454
vn -0.9993 -0.0286 -0.0233
vn -0.9492 0.3103 -0.0520
vn -0.7799 0.6178 -0.1003
vn -0.9082 -0.4176 0.0279
vn -0.5867 -0.8021 0.1115
vn -0.2392 -0.9518 0.1920
vn -0.0053 -0.9573 0.2892
vn 0.1141 -0.9020 0.4165
vn 0.4418 -0.8116 0.3823
vn 0.7766 -0.4948 0.3899
vn -0.9595 0.0746 0.2718
vn 0.9601 0.1660 0.2250
vn 0.6927 0.6904 -0.2088
vn 0.2874 0.8952 -0.3406
vn -0.0497 0.9859 -0.1595
vn -0.4739 0.8747 -0.1021
vn -0.7840 -0.0638 0.6174
vn -0.4865 0.6479 0.5861
vn -0.7292 0.4195 0.5406
vn -0.7574 -0.6508 0.0524
vn -0.7443 0.2790 0.6067
vn -0.5444 -0.1290 0.8289
vn -0.5790 -0.2576 0.7735
vn -0.5873 0.2025 0.7836
vn -0.4809 0.0221 0.8765
vn -0.7014 -0.0934 0.7066
vn -0.7910 0.1931 0.5806
vn -0.7147 -0.2288 0.6609
vn -0.4577 -0.3815 0.8031
vn -0.5055 -0.6107 0.6095
vn -0.7524 -0.4319 0.4973
vn -0.4167 -0.7529 0.5094
vn -0.8283 -0.4294 0.3600
vn -0.3930 -0.6529 0.6475
vn -0.5540 -0.4457 0.7031
vn -0.7698 -0.4484 0.4543
vn -0.2205 -0.4334 0.8738
vn -0.5729 -0.2494 0.7807
vn -0.1837 -0.3707 0.9104
vn -0.5464 -0.0616 0.8353
vn -0.1299 -0.4039 0.9055
vn -0.5167 0.0259 0.8558
vn -0.0995 -0.2426 0.9650
vn -0.4837 -0.0673 0.8726
vn -0.1600 -0.1274 0.9789
vn -0.3611 -0.5509 0.7524
vn -0.1406 -0.6550 0.7425
vn -0.1960 0.3447 0.9180
vn 0.0516 0.3877 0.9203
vn -0.2560 -0.0678 0.9643
vn -0.0001 -0.0539 0.9985
vn -0.3561 -0.7435 0.5661
vn -0.1335 -0.7906 0.5976
vn -0.7646 0.2175 0.6067
vn -0.7308 0.2417 0.6384
vn -0.6881 -0.0054 0.7256
vn -0.4951 -0.5459 0.6759
vn -0.4530 -0.0749 0.8884
vn -0.5212 -0.2602 0.8128
vn -0.5764 -0.6699 0.4679
vn -0.9001 0.0887 0.4266
vn -0.8396 0.0414 0.5417
vn -0.7877 -0.0596 0.6131
vn -0.3957 -0.7266 0.5616
vn -0.3041 -0.6746 0.6726
vn -0.6897 -0.4377 0.5768
vn -0.7305 -0.5825 0.3564
vn -0.1710 -0.5962 0.7844
vn -0.4891 -0.7552 0.4364
vn -0.8142 -0.2676 0.5152
vn -0.0890 -0.8176 0.5689
vn -0.2589 -0.7613 0.5945
vn -0.4457 -0.6776 0.5850
vn -0.3639 -0.4944 0.7894
vn -0.7598 -0.0501 0.6482
vn -0.8546 0.0183 0.5190
vn -0.6745 -0.5022 0.5411
vn -0.4504 -0.6783 0.5806
vn -0.3809 -0.5751 0.7240
vn -0.2168 -0.3684 0.9040
vn -0.7814 -0.2365 0.5776
vn -0.7239 -0.4558 0.5179
vn -0.5169 -0.7279 0.4504
vn -0.5183 -0.6731 0.5275
vn -0.4126 -0.6125 0.6743
vn -0.5582 0.2683 0.7852
vn -0.7728 -0.1101 0.6250
vn -0.5156 0.0919 0.8519
vn -0.5212 -0.1810 0.8340
vn -0.4635 0.4482 0.7644
vn -0.5619 0.5296 0.6355
vn -0.6730 0.2848 0.6826
vn -0.5750 -0.1301 0.8077
vn -0.4602 -0.3609 0.8112
vn -0.6774 -0.2853 0.6780
vn -0.6223 -0.2010 0.7565
vn -0.8358 -0.1997 0.5114
vn -0.9292 -0.1423 0.3410
vn -0.9876 -0.0888 0.1294
vn -0.9090 -0.1058 0.4032
vn -0.8569 -0.0495 0.5132
vn -0.7887 -0.0535 0.6124
vn -0.6961 -0.0730 0.7143
vn -0.5175 -0.1380 0.8445
vn -0.4484 -0.1366 0.8833
vn -0.8719 -0.3113 0.3779
vn -0.9515 -0.2055 0.2287
vn -0.9485 -0.1176 0.2943
vn -0.7268 0.0090 0.6868
vn -0.5575 0.0109 0.8301
vn -0.3691 0.0454 0.9283
vn -0.2259 0.0633 0.9721
vn -0.2233 -0.0997 0.9696
vn -0.6489 -0.0325 0.7602
vn -0.8662 -0.4326 0.2500
vn -0.9555 -0.2749 0.1066
vn -0.5890 0.5306 0.6095
vn -0.4885 0.5908 0.6421
vn -0.3299 0.6286 0.7043
vn -0.1904 0.6662 0.7211
vn -0.8977 -0.4231 -0.1228
vn -0.9964 -0.0798 0.0277
vn -0.9783 0.1596 0.1320
vn -0.8833 0.4270 0.1936
vn -0.7011 0.6709 0.2415
vn -0.5159 0.8139 0.2674
vn -0.3854 0.8818 0.2718
vn -0.2585 0.9301 0.2611
vn -0.1547 0.9481 0.2779
vn -0.8478 0.0720 0.5254
vn -0.9353 0.0130 0.3536
vn -0.7378 -0.1302 0.6623
vn -0.9692 -0.0954 0.2272
vn -0.7446 0.1493 0.6506
vn -0.8754 -0.3558 0.3274
vn -0.9528 -0.2321 0.1955
vn -0.5794 0.1981 0.7906
vn -0.4895 0.2154 0.8450
vn -0.3567 0.2327 0.9048
vn -0.2111 0.2437 0.9466
vn -0.7509 -0.3285 0.5729
vn -0.5454 -0.8054 0.2322
vn -0.6353 -0.7635 -0.1158
vn -0.4589 -0.6867 0.5638
vn -0.6679 -0.6583 0.3472
vn -0.7567 -0.6126 -0.2283
vn -0.5208 -0.8504 0.0750
vn -0.3847 -0.8930 0.2336
vn -0.7436 -0.6658 -0.0614
vn -0.7506 -0.6206 -0.2268
vn -0.4334 -0.8992 -0.0600
vn -0.3142 -0.9475 0.0592
vn -0.5474 -0.8308 0.1005
vn -0.2686 -0.9205 -0.2837
vn -0.2464 -0.9684 -0.0382
vn -0.9144 -0.2452 -0.3222
vn -0.2312 -0.9720 -0.0416
vn -0.2498 -0.9599 -0.1270
vn -0.4434 -0.8885 0.1185
vn -0.9361 -0.2853 -0.2058
vn -0.8492 -0.4357 -0.2983
vn -0.7935 -0.6058 -0.0585
vn -0.8776 -0.2420 -0.4138
vn -0.9976 -0.0632 -0.0295
vn -0.9539 -0.2910 -0.0737
vn -0.9921 -0.1198 -0.0362
vn -0.9625 -0.2551 0.0927
vn -0.9852 -0.1708 -0.0130
vn -0.9704 -0.1762 0.1651
vn -0.9586 -0.2832 -0.0302
vn -0.9746 -0.2226 -0.0247
vn -0.9017 -0.4247 -0.0808
vn -0.9039 -0.3891 -0.1776
vn -0.7647 -0.6384 -0.0875
vn -0.8773 -0.4672 0.1099
vn -0.9553 -0.2946 -0.0237
vn -0.9795 0.2002 -0.0219
vn -0.8471 0.5264 -0.0737
vn -0.6452 0.7565 -0.1070
vn -0.4478 0.8862 -0.1192
vn -0.3277 0.9376 -0.1164
vn -0.2631 0.9572 -0.1205
vn -0.1633 0.9806 -0.1082
vn -0.9434 0.1503 -0.2957
vn -0.7470 0.3718 -0.5511
vn -0.5044 0.4720 -0.7231
vn -0.3594 0.4825 -0.7987
vn -0.2941 0.4840 -0.8242
vn -0.2272 0.4847 -0.8446
vn -0.1363 0.4932 -0.8592
vn -0.9099 -0.0190 -0.4143
vn -0.6604 0.0816 -0.7465
vn -0.3618 0.1229 -0.9241
vn -0.2648 0.1221 -0.9566
vn -0.2218 0.1169 -0.9681
vn -0.1565 0.1171 -0.9807
vn -0.0943 0.1127 -0.9892
vn -0.8292 -0.3177 -0.4599
vn -0.5468 -0.3443 -0.7632
vn -0.2530 -0.3334 -0.9082
vn -0.1774 -0.3265 -0.9284
vn -0.1452 -0.3187 -0.9367
vn -0.0950 -0.3092 -0.9462
vn -0.0666 -0.3111 -0.9481
vn -0.7074 -0.5801 -0.4039
vn -0.4421 -0.6488 -0.6194
vn -0.2142 -0.6601 -0.7200
vn -0.1525 -0.6368 -0.7558
vn -0.1209 -0.6257 -0.7706
vn -0.1106 -0.6106 -0.7842
vn -0.0925 -0.5967 -0.7971
vn -0.5253 -0.7926 -0.3095
vn -0.3874 -0.8251 -0.4112
vn -0.2668 -0.8200 -0.5064
vn -0.1794 -0.7930 -0.5822
vn -0.1296 -0.7891 -0.6004
vn -0.1142 -0.7971 -0.5930
vn -0.0923 -0.8036 -0.5879
vn -0.7386 -0.5158 -0.4341
vn -0.7506 -0.4936 -0.4392
vn -0.6333 -0.5695 -0.5241
vn -0.3997 -0.5215 -0.7538
vn -0.2181 -0.5052 -0.8350
vn -0.1330 -0.4957 -0.8582
vn -0.0913 -0.5089 -0.8560
vn -0.8552 -0.3206 0.4073
vn -0.9843 -0.1551 -0.0846
vn -0.6804 -0.2915 0.6724
vn -0.5798 -0.3241 0.7475
vn -0.8812 0.0224 -0.4722
vn -0.8573 0.0280 -0.5140
vn -0.8112 0.0186 -0.5844
vn -0.5532 0.0720 -0.8300
vn -0.2925 0.1261 -0.9479
vn -0.1740 0.1581 -0.9720
vn -0.1063 0.1748 -0.9788
vn -0.2556 0.5474 -0.7969
vn -0.2676 0.5404 -0.7977
vn -0.2589 0.5574 -0.7889
vn -0.2891 0.6025 -0.7439
vn -0.3374 0.8201 -0.4622
vn -0.4339 0.8954 -0.1002
vn -0.3095 0.3920 0.8663
vn -0.2731 0.5507 0.7887
vn -0.5049 0.8191 0.2722
vn -0.3775 0.6702 0.6390
vn -0.7967 0.0779 0.5994
vn -0.9884 0.1198 0.0933
vn -0.6159 0.0263 0.7873
vn -0.4865 -0.0150 0.8735
vn -0.9008 0.1262 -0.4155
vn -0.8214 0.1425 -0.5523
vn -0.7926 0.1675 -0.5863
vn -0.5957 0.2328 -0.7687
vn -0.3427 0.2733 -0.8988
vn -0.2293 0.2985 -0.9265
vn -0.1413 0.3247 -0.9352
vn -0.7295 0.1881 0.6577
vn -0.9074 0.3743 0.1910
vn -0.5518 0.0548 0.8321
vn -0.4662 -0.0070 0.8847
vn -0.8379 0.4736 -0.2715
vn -0.7261 0.4500 -0.5199
vn -0.6585 0.3701 -0.6553
vn -0.5044 0.3055 -0.8076
vn -0.3717 0.2699 -0.8882
vn -0.3079 0.2917 -0.9056
vn -0.2129 0.3340 -0.9182
vn -0.1910 0.5352 -0.8229
vn -0.0219 0.7506 0.6603
vn 0.0728 0.8298 0.5533
vn -0.0040 0.9092 0.4164
vn 0.0403 0.8827 0.4682
vn -0.1082 0.9441 0.3115
vn -0.0880 0.9134 0.3974
vn -0.1443 0.9428 0.3004
vn -0.1694 0.9736 0.1532
vn -0.1758 0.9795 -0.0982
vn -0.1516 0.9311 -0.3317
vn -0.1019 0.8406 -0.5320
vn -0.0574 0.8055 -0.5898
vn -0.0517 0.7515 -0.6577
vn -0.1406 0.9858 -0.0920
vn -0.0594 0.7561 -0.6518
vn -0.1289 0.9160 -0.3798
vn -0.0783 0.9164 0.3926
vn -0.0794 0.7600 -0.6450
vn -0.1231 0.9712 0.2040
vn -0.0485 0.7413 -0.6694
vn -0.2217 0.9456 0.2382
vn -0.2083 0.9138 0.3487
vn -0.2507 0.9461 0.2052
vn -0.2830 0.9533 0.1052
vn -0.2829 0.9563 -0.0741
vn -0.2668 0.9324 -0.2437
vn -0.2237 0.9044 -0.3634
vn -0.1787 0.8611 -0.4759
vn -0.1664 0.7120 -0.6821
vn 0.0905 0.7892 0.6075
vn 0.1314 0.7963 0.5905
vn 0.0356 0.7989 0.6005
vn -0.0955 0.8054 0.5851
vn -0.2147 0.8015 0.5582
vn 0.0678 0.6438 0.7622
vn 0.1048 0.6683 0.7365
vn -0.0279 0.6414 0.7667
vn -0.1286 0.6017 0.7883
vn -0.2295 0.5600 0.7961
vn 0.0510 0.5893 0.8063
vn 0.0695 0.5801 0.8116
vn -0.1013 0.5528 0.8271
vn -0.2159 0.4110 0.8857
vn -0.2542 0.2254 0.9405
vn 0.0116 0.7024 0.7117
vn 0.0345 0.6609 0.7497
vn -0.1818 0.5297 0.8285
vn -0.2461 0.6957 0.6749
vn -0.2666 0.7004 0.6621
vn -0.1985 0.6209 0.7583
vn -0.3199 0.4399 0.8391
vn -0.5281 0.5710 0.6285
vn -0.7445 0.5027 0.4393
vn -0.4424 0.3838 0.8105
vn -0.4542 0.2738 0.8478
vn -0.7513 0.3384 0.5666
vn -0.9482 0.2341 0.2150
vn -0.9871 0.0764 0.1410
vn -0.4953 0.1885 0.8480
vn -0.8246 0.1167 0.5535
vn -0.9945 0.0243 0.1017
vn -0.9935 0.0124 0.1131
vn -0.4767 0.0301 0.8785
vn -0.7970 -0.1745 0.5783
vn -0.9327 -0.3191 0.1679
vn -0.9610 -0.2554 0.1057
vn -0.3968 -0.1512 0.9054
vn -0.6420 -0.4439 0.6251
vn -0.7608 -0.5841 0.2828
vn -0.8408 -0.4836 0.2430
vn -0.2689 -0.1959 0.9430
vn -0.3937 -0.5840 0.7099
vn -0.4846 -0.7507 0.4491
vn -0.7068 -0.4523 0.5440
vn -0.0949 -0.2600 0.9609
vn -0.0796 -0.6605 0.7466
vn -0.0637 -0.8193 0.5699
vn -0.2624 -0.4835 0.8351
vn -0.0609 0.1783 0.9821
vn 0.0887 -0.2003 0.9757
vn 0.2066 -0.6576 0.7245
vn 0.1693 -0.7302 0.6619
vn 0.0664 -0.4495 0.8908
vn 0.2161 -0.1262 0.9682
vn 0.2067 -0.2852 0.9359
vn 0.2585 0.0368 0.9653
vn 0.7066 -0.2192 0.6728
vn 0.2953 0.1645 0.9411
vn 0.7999 0.0928 0.5929
vn 0.2518 0.2842 0.9251
vn 0.7592 0.3039 0.5756
vn 0.1737 0.4557 0.8730
vn 0.5956 0.5278 0.6055
vn 0.2088 0.6152 0.7602
vn 0.1139 0.6294 0.7687
vn -0.0129 0.5598 0.8285
vn 0.0253 0.7155 0.6982
vn -0.1413 0.6193 -0.7723
vn -0.1443 0.6637 -0.7339
vn -0.0904 0.5927 -0.8003
vn -0.0727 0.5772 -0.8134
vn -0.0900 0.6544 -0.7508
vn -0.1556 0.4961 -0.8542
vn -0.1220 0.3556 -0.9266
vn -0.1739 0.3649 -0.9147
vn -0.0495 0.3562 -0.9331
vn -0.0852 0.3405 -0.9364
vn -0.1447 0.3670 -0.9189
vn -0.1527 0.2840 -0.9466
vn -0.0977 0.1312 -0.9865
vn -0.2229 0.1334 -0.9657
vn -0.0281 0.1279 -0.9914
vn -0.1068 0.0973 -0.9895
vn -0.1974 0.1220 -0.9727
vn -0.1630 0.0640 -0.9845
vn -0.1188 -0.0569 -0.9913
vn -0.1985 -0.0461 -0.9790
vn -0.0403 -0.0407 -0.9984
vn -0.2064 -0.0552 -0.9769
vn -0.1814 -0.0285 -0.9830
vn -0.2192 -0.1506 -0.9640
vn -0.1743 -0.2228 -0.9592
vn -0.1620 -0.2282 -0.9601
vn -0.0854 -0.2195 -0.9719
vn -0.4552 -0.1173 -0.8826
vn -0.3248 -0.2003 -0.9243
vn -0.4114 -0.3086 -0.8576
vn -0.3980 -0.1139 0.9103
vn -0.9896 -0.0265 0.1411
vn -0.8091 -0.4441 0.3848
vn -0.9996 -0.0035 0.0285
vn -0.6624 -0.6409 0.3878
vn -0.9871 -0.1111 -0.1149
vn -0.2845 -0.9552 0.0816
vn -0.8040 -0.1858 -0.5649
vn -0.7578 -0.3902 -0.5229
vn -0.9923 0.0229 0.1217
vn -0.9998 0.0171 0.0059
vn -0.9898 -0.0471 -0.1344
vn -0.7917 -0.1756 -0.5851
vn -0.1757 -0.4267 -0.8872
vn -0.1383 -0.4283 -0.8930
vn -0.1039 -0.4366 -0.8936
vn -0.2825 -0.3849 -0.8787
vn -0.9880 -0.0296 0.1514
vn -0.9961 -0.0882 -0.0042
vn -0.9829 -0.1194 -0.1405
vn -0.7752 -0.2436 -0.5829
vn -0.1205 -0.5668 -0.8150
vn -0.0981 -0.5445 -0.8330
vn -0.0691 -0.5924 -0.8027
vn -0.2317 -0.5096 -0.8286
vn -0.9774 -0.1342 0.1635
vn -0.9821 -0.1883 -0.0098
vn -0.9689 -0.2072 -0.1351
vn -0.7185 -0.3967 -0.5713
vn -0.0566 -0.5276 -0.8476
vn -0.0609 -0.4976 -0.8653
vn -0.0011 -0.5474 -0.8369
vn -0.2186 -0.4827 -0.8480
vn -0.9227 -0.3208 0.2136
vn -0.9737 -0.2269 0.0217
vn -0.9686 -0.1875 -0.1633
vn -0.7509 -0.3582 -0.5549
vn 0.0006 -0.3775 -0.9260
vn -0.0059 -0.3468 -0.9379
vn 0.0140 -0.3821 -0.9240
vn -0.2262 -0.2838 -0.9318
vn -0.8898 -0.1315 0.4370
vn -0.9945 -0.0954 0.0430
vn -0.9701 -0.1070 -0.2178
vn -0.7377 -0.1975 -0.6456
vn -0.0195 -0.0588 0.9981
vn -0.1226 -0.0700 0.9900
vn -0.3685 -0.0369 0.9289
vn -0.2277 0.2274 -0.9468
vn -0.9433 0.1698 -0.2851
vn -0.9684 0.1935 0.1573
vn -0.7503 0.0746 0.6569
vn 0.0109 0.1598 -0.9871
vn 0.0201 0.2473 -0.9687
vn 0.0459 0.2209 -0.9742
vn -0.7481 0.0572 0.6611
vn -0.2154 0.1423 -0.9661
vn 0.0072 -0.0543 0.9985
vn -0.9721 0.1269 0.1975
vn 0.0102 0.1333 -0.9910
vn 0.0156 0.1349 -0.9907
vn -0.0042 0.1378 -0.9904
vn -0.6989 0.1415 -0.7011
vn -0.1063 -0.0734 0.9916
vn -0.3849 -0.0304 0.9225
vn -0.9601 0.1361 -0.2443
vn -0.7684 0.0735 0.6358
vn -0.7756 0.0738 0.6270
vn -0.7882 0.0470 0.6136
vn 0.0081 0.0562 -0.9984
vn 0.0054 -0.0434 -0.9990
vn -0.0014 -0.2107 -0.9775
vn -0.7230 0.1374 -0.6771
vn -0.7257 0.0306 -0.6873
vn -0.7307 -0.0889 -0.6769
vn -0.0796 -0.0601 0.9950
vn -0.0268 -0.0137 0.9995
vn 0.0024 -0.0525 0.9986
vn -0.9656 0.1458 -0.2151
vn -0.9788 0.0736 -0.1910
vn -0.9819 -0.0130 -0.1890
vn -0.2060 -0.1721 -0.9633
vn -0.2133 -0.0391 -0.9762
vn -0.2071 0.1030 -0.9729
vn -0.0004 -0.0294 0.9996
vn -0.0296 0.0149 0.9995
vn 0.0078 -0.0633 0.9980
vn -0.9749 0.0871 0.2049
vn -0.9725 0.1086 0.2060
vn -0.9723 0.1357 0.1902
vn 0.0290 -0.2087 -0.9776
vn 0.0241 -0.0572 -0.9981
vn 0.0099 0.0578 -0.9983
vn 0.0234 -0.2145 -0.9764
vn -0.0013 -0.0780 -0.9969
vn -0.0111 0.0706 -0.9974
vn -0.3688 -0.0268 0.9291
vn -0.3687 -0.0089 0.9295
vn -0.3879 -0.0161 0.9215
vn -0.7107 0.1525 -0.6868
vn -0.4773 0.8695 0.1270
vn -0.4653 0.8438 0.2675
vn -0.4977 0.8652 0.0618
vn -0.5158 0.8565 0.0181
vn -0.5160 0.8545 -0.0607
vn -0.5127 0.8374 -0.1895
vn -0.4877 0.8290 -0.2737
vn -0.4528 0.7968 -0.4000
vn -0.3787 0.6406 -0.6680
vn -0.4339 0.7488 0.5010
vn -0.3408 0.5280 0.7779
vn -0.1569 0.1900 0.9692
vn -0.2944 0.4430 -0.8468
vn -0.2105 0.2692 -0.9398
vn -0.0794 0.0683 -0.9945
vn 0.0345 -0.1660 -0.9855
vn 0.1420 -0.5001 -0.8542
vn 0.0978 -0.2627 0.9599
vn 0.2605 -0.6220 0.7384
vn 0.3818 -0.7732 0.5064
vn 0.1588 -0.8063 -0.5698
vn 0.7388 -0.6712 0.0598
vn -0.7328 0.6784 0.0519
vn -0.7222 0.6515 0.2323
vn -0.7279 0.6847 -0.0371
vn -0.7279 0.6822 -0.0693
vn -0.7273 0.6826 -0.0704
vn -0.7207 0.6777 -0.1459
vn -0.6974 0.6650 -0.2671
vn -0.6586 0.6311 -0.4097
vn -0.5403 0.5017 -0.6756
vn -0.6611 0.5667 0.4918
vn -0.5204 0.4223 0.7422
vn -0.2225 0.1372 0.9652
vn -0.4003 0.3556 -0.8446
vn -0.2671 0.2194 -0.9383
vn -0.0961 0.0429 -0.9945
vn 0.1697 -0.2033 -0.9643
vn 0.5123 -0.5133 -0.6885
vn 0.2326 -0.2621 0.9366
vn 0.5741 -0.4971 0.6506
vn 0.6720 -0.5929 0.4438
vn 0.6719 -0.6522 -0.3509
vn 0.5992 -0.8000 0.0304
vn -0.7502 0.6465 0.1383
vn -0.7448 0.5829 0.3249
vn -0.7455 0.6665 0.0016
vn -0.7354 0.6742 -0.0677
vn -0.7346 0.6749 -0.0699
vn -0.7330 0.6699 -0.1179
vn -0.7160 0.6394 -0.2804
vn -0.6804 0.5885 -0.4368
vn -0.5807 0.4518 -0.6772
vn -0.6921 0.5010 0.5197
vn -0.6047 0.3698 0.7054
vn -0.3401 0.0768 0.9373
vn -0.4610 0.3112 -0.8310
vn -0.3685 0.1954 -0.9088
vn -0.2149 0.0165 -0.9765
vn 0.0139 -0.2358 -0.9717
vn 0.3449 -0.5672 -0.7479
vn 0.1163 -0.3466 0.9308
vn 0.4099 -0.6087 0.6793
vn 0.5304 -0.7293 0.4322
vn 0.5252 -0.7482 -0.4053
vn 0.5852 -0.8105 0.0240
vn -0.6670 0.7098 0.2268
vn -0.6324 0.6705 0.3881
vn -0.6796 0.7291 0.0807
vn -0.6769 0.7354 -0.0303
vn -0.6740 0.7369 -0.0518
vn -0.6689 0.7349 -0.1122
vn -0.6462 0.7073 -0.2867
vn -0.6025 0.6552 -0.4558
vn -0.4926 0.5273 -0.6923
vn -0.5615 0.5897 0.5805
vn -0.4344 0.4357 0.7883
vn -0.1958 0.1355 0.9712
vn -0.3525 0.3656 -0.8615
vn -0.2378 0.2203 -0.9460
vn -0.0940 0.0367 -0.9949
vn 0.0807 -0.1920 -0.9781
vn 0.3415 -0.5189 -0.7836
vn 0.1701 -0.3023 0.9379
vn 0.4169 -0.6005 0.6823
vn 0.5319 -0.7336 0.4230
vn 0.5355 -0.7284 -0.4274
vn 0.5941 -0.8041 0.0208
vn -0.6276 0.7292 0.2728
vn -0.6049 0.6969 0.3853
vn -0.6407 0.7535 0.1474
vn -0.6402 0.7670 0.0428
vn -0.6339 0.7732 0.0179
vn -0.6269 0.7774 -0.0512
vn -0.6050 0.7595 -0.2392
vn -0.5586 0.7097 -0.4294
vn -0.4520 0.5806 -0.6772
vn -0.5293 0.6091 0.5906
vn -0.3781 0.4315 0.8191
vn -0.1234 0.1201 0.9851
vn -0.3066 0.3969 -0.8651
vn -0.1691 0.2229 -0.9601
vn -0.0296 0.0397 -0.9988
vn 0.1437 -0.1883 -0.9715
vn 0.3696 -0.4963 -0.7856
vn 0.2097 -0.3055 0.9288
vn 0.4315 -0.5882 0.6840
vn 0.5360 -0.7295 0.4249
vn 0.5335 -0.7174 -0.4479
vn 0.5251 -0.8510 0.0118
vn -0.6457 0.6854 0.3366
vn -0.6291 0.6565 0.4163
vn -0.6589 0.7137 0.2378
vn -0.6642 0.7314 0.1545
vn -0.6559 0.7413 0.1423
vn -0.6574 0.7492 0.0806
vn -0.6553 0.7476 -0.1078
vn -0.6290 0.7123 -0.3114
vn -0.5420 0.5932 -0.5953
vn -0.5640 0.5711 0.5964
vn -0.4351 0.3992 0.8071
vn -0.2183 0.1051 0.9702
vn -0.3889 0.4035 -0.8282
vn -0.2582 0.2250 -0.9395
vn -0.1215 0.0334 -0.9920
vn 0.0497 -0.2039 -0.9777
vn 0.2817 -0.5302 -0.7997
vn 0.1109 -0.3166 0.9421
vn 0.3449 -0.6090 0.7143
vn 0.4692 -0.7727 0.4276
vn 0.4585 -0.7729 -0.4387
vn -0.2566 0.0569 -0.9648
vn -0.4118 0.2620 -0.8728
vn -0.5928 0.5160 -0.6183
vn -0.1951 0.1535 0.9687
vn -0.4555 0.4494 0.7685
vn -0.5593 0.5646 0.6070
vn -0.6866 0.6622 -0.3001
vn -0.7068 0.6991 -0.1080
vn -0.7074 0.7068 0.0005
vn -0.7013 0.7066 0.0944
vn -0.6992 0.7040 0.1246
vn -0.6848 0.7077 0.1738
vn -0.6546 0.6928 0.3026
vn -0.6137 0.6424 0.4590
vn -0.6301 0.6674 0.3970
vn 0.5283 -0.8490 -0.0061
vn 0.0930 -0.2821 0.9549
vn 0.2215 -0.3702 0.9022
vn 0.3907 -0.5980 0.6998
vn 0.9789 -0.2034 -0.0196
vn 0.7877 -0.5836 -0.1975
vn 0.2682 -0.8880 -0.3736
vn 0.0561 -0.1839 0.9813
vn 0.1617 -0.1535 0.9748
vn -0.2849 -0.0710 0.9559
vn -0.2541 -0.0143 0.9671
vn -0.7818 0.0303 0.6228
vn -0.7820 0.0877 0.6171
vn -0.9727 0.2205 0.0720
vn -0.9717 0.2149 0.0984
vn -0.8989 0.3512 -0.2621
vn -0.9205 0.2863 -0.2660
vn -0.6736 0.3639 -0.6434
vn -0.7372 0.2047 -0.6440
vn -0.1772 0.2047 -0.9626
vn -0.2137 0.0542 -0.9754
vn 0.1732 0.0305 -0.9844
vn 0.0769 -0.2355 -0.9688
vn 0.1473 -0.6354 -0.7580
vn -0.0293 -0.2844 -0.9583
vn 0.0269 -0.2209 0.9749
vn 0.0079 -0.2179 0.9759
vn 0.0162 -0.2181 0.9758
vn -0.0037 -0.1798 0.9837
vn -0.0280 -0.1232 0.9920
vn 0.0836 0.3828 -0.9200
vn 0.1104 0.5255 -0.8436
vn 0.1006 0.4663 -0.8789
vn 0.0830 0.2365 -0.9681
vn 0.0834 0.1335 -0.9875
vn -0.1232 -0.0863 0.9886
vn -0.0894 -0.1285 0.9877
vn -0.0476 -0.1735 0.9837
vn -0.0229 -0.2250 0.9741
vn 0.0140 -0.1856 0.9825
vn -0.3810 -0.0463 0.9234
vn -0.3732 -0.0603 0.9258
vn -0.3719 -0.1003 0.9228
vn -0.3708 -0.1792 0.9113
vn -0.3303 -0.1539 0.9312
vn -0.7763 0.0833 0.6248
vn -0.7831 0.0548 0.6195
vn -0.7904 0.0441 0.6110
vn -0.7975 -0.0165 0.6031
vn -0.7961 -0.0102 0.6050
vn -0.9636 0.2151 0.1588
vn -0.9754 0.2003 0.0922
vn -0.9802 0.1833 0.0754
vn -0.9831 0.1745 0.0551
vn -0.9763 0.2114 0.0458
vn -0.9170 0.2456 -0.3143
vn -0.8914 0.2890 -0.3492
vn -0.8835 0.2794 -0.3759
vn -0.8886 0.3117 -0.3365
vn -0.8869 0.3586 -0.2914
vn -0.6077 0.3240 -0.7251
vn -0.5831 0.4328 -0.6875
vn -0.5800 0.4677 -0.6670
vn -0.6125 0.5161 -0.5987
vn -0.6375 0.4766 -0.6054
vn -0.1897 0.4484 -0.8735
vn -0.1308 0.5607 -0.8176
vn -0.1411 0.5803 -0.8021
vn -0.1376 0.5488 -0.8246
vn -0.1506 0.3821 -0.9117
vn 0.1101 0.4405 -0.8910
vn 0.1529 0.5508 -0.8205
vn 0.2024 0.5298 -0.8236
vn 0.2003 0.3694 -0.9074
vn 0.1961 0.1895 -0.9621
vn 0.4913 -0.1918 0.8496
vn 0.9262 0.0176 0.3767
vn 0.9320 -0.1364 -0.3358
vn 0.2934 -0.0812 0.9525
vn -0.1903 0.0646 0.9796
vn -0.7520 0.1364 0.6448
vn -0.9643 0.2079 0.1640
vn -0.9359 0.2033 -0.2877
vn -0.7310 0.0671 -0.6790
vn -0.2807 -0.1329 -0.9505
vn 0.1500 -0.3526 -0.9237
vn 0.5778 -0.5328 -0.6182
vn 0.5859 -0.0549 0.8085
vn 0.8599 -0.1060 0.4994
vn 0.8736 -0.0518 -0.4839
vn 0.4166 -0.0325 0.9085
vn -0.1670 -0.0479 0.9848
vn -0.7282 -0.0426 0.6840
vn -0.9692 -0.0112 0.2459
vn -0.9285 -0.0088 -0.3711
vn -0.5805 -0.0490 -0.8128
vn -0.1641 -0.0697 -0.9840
vn 0.1677 -0.0695 -0.9834
vn 0.5968 -0.0526 -0.8006
vn 0.8704 -0.0174 0.4921
vn 0.8613 -0.0311 0.5072
vn -0.9680 0.1713 0.1836
vn -0.9750 0.0890 0.2035
vn -0.9365 0.0778 -0.3420
vn -0.9347 0.1527 -0.3209
vn -0.6451 -0.0607 -0.7617
vn -0.6888 -0.0593 -0.7225
vn -0.2273 -0.2525 -0.9405
vn -0.3010 -0.3382 -0.8917
vn 0.8664 -0.2053 -0.4551
vn 0.8592 -0.1029 -0.5012
vn 0.0868 -0.3478 -0.9336
vn 0.1090 -0.4923 -0.8636
vn 0.5672 -0.0320 0.8230
vn 0.5639 -0.0253 0.8254
vn 0.4070 -0.0087 0.9134
vn 0.4031 -0.0076 0.9151
vn 0.5432 -0.4825 -0.6871
vn 0.5432 -0.2979 -0.7850
vn -0.1555 0.0088 0.9878
vn -0.1822 0.0592 0.9815
vn -0.7383 0.0361 0.6735
vn -0.7383 0.1205 0.6636
vn 0.6350 -0.1233 0.7626
vn 0.8567 -0.1706 0.4868
vn 0.9713 -0.1820 0.1529
vn 0.9860 -0.1667 -0.0095
vn 0.9798 -0.1448 -0.1377
vn 0.8990 -0.1038 -0.4255
vn 0.4316 -0.0975 0.8968
vn -0.1514 -0.1256 0.9805
vn -0.7098 -0.1234 0.6935
vn -0.9575 -0.1116 0.2661
vn -0.9129 -0.0963 -0.3966
vn -0.5520 -0.0791 -0.8301
vn -0.1621 -0.0493 -0.9855
vn 0.1820 -0.0393 -0.9825
vn 0.5910 -0.0665 -0.8039
vn 0.7607 -0.2258 0.6086
vn 0.9114 -0.2315 0.3403
vn 0.9632 -0.2112 0.1662
vn 0.9842 -0.1773 0.0007
vn 0.9839 -0.1574 -0.0848
vn 0.9342 -0.0898 -0.3453
vn 0.4911 -0.1889 0.8504
vn -0.1267 -0.1609 0.9788
vn -0.7407 -0.1079 0.6631
vn -0.9802 -0.0584 0.1894
vn -0.8831 0.0580 -0.4655
vn -0.5319 0.1573 -0.8321
vn -0.1379 0.1898 -0.9721
vn 0.2359 0.1577 -0.9589
vn 0.6618 0.0482 -0.7481
vn -0.8961 -0.1557 -0.4157
vn -0.8911 -0.1721 -0.4199
vn -0.9002 -0.1347 -0.4141
vn -0.8991 -0.0989 -0.4265
vn -0.8896 -0.0554 -0.4535
vn -0.8852 -0.0181 -0.4648
vn -0.4741 0.0653 -0.8781
vn -0.4898 0.0052 -0.8718
vn -0.5069 -0.0379 -0.8612
vn -0.5117 -0.0509 -0.8577
vn -0.5137 -0.0834 -0.8539
vn -0.5243 -0.0973 -0.8459
vn 0.9907 -0.0874 -0.1046
vn 0.9920 -0.0659 -0.1073
vn 0.9918 -0.0655 -0.1093
vn 0.9926 -0.0420 -0.1139
vn 0.9933 0.0227 -0.1129
vn 0.9941 0.0045 -0.1080
vn 0.9999 -0.0098 -0.0073
vn 0.9999 0.0102 -0.0102
vn 0.9985 -0.0533 -0.0107
vn 0.9974 -0.0717 -0.0068
vn 0.9977 -0.0680 -0.0032
vn 0.9956 -0.0935 -0.0044
vn -0.1188 0.1075 -0.9871
vn -0.1169 0.0359 -0.9925
vn -0.1176 -0.0146 -0.9930
vn -0.1146 -0.0070 -0.9934
vn -0.1205 -0.0320 -0.9922
vn -0.1415 -0.0569 -0.9883
vn 0.9127 -0.0798 -0.4007
vn 0.9206 -0.0580 -0.3862
vn 0.9317 -0.0505 -0.3596
vn 0.9308 -0.0212 -0.3650
vn 0.9228 0.0451 -0.3826
vn 0.9216 0.0407 -0.3859
vn 0.1971 0.1145 -0.9737
vn 0.1911 0.0515 -0.9802
vn 0.1885 -0.0033 -0.9821
vn 0.1902 0.0029 -0.9817
vn 0.1890 -0.0181 -0.9818
vn 0.1811 -0.0441 -0.9825
vn 0.6835 -0.1308 0.7181
vn 0.7174 -0.1251 0.6853
vn 0.7271 -0.1483 0.6704
vn 0.7380 -0.1423 0.6596
vn 0.7416 -0.0978 0.6636
vn 0.7287 -0.0942 0.6783
vn 0.4836 -0.1305 0.8655
vn 0.5044 -0.1481 0.8507
vn 0.5079 -0.1741 0.8436
vn 0.5023 -0.1763 0.8465
vn 0.4893 -0.1399 0.8608
vn 0.4590 -0.1237 0.8798
vn 0.5868 -0.0606 -0.8074
vn 0.6094 -0.0336 -0.7922
vn 0.6261 -0.0175 -0.7796
vn 0.6240 -0.0038 -0.7814
vn 0.6153 0.0595 -0.7860
vn 0.6074 0.0917 -0.7891
vn -0.1463 -0.1713 0.9743
vn -0.1545 -0.2070 0.9661
vn -0.1655 -0.2356 0.9577
vn -0.1523 -0.2399 0.9588
vn -0.1487 -0.2115 0.9660
vn -0.1463 -0.1850 0.9718
vn -0.7089 -0.1401 0.6913
vn -0.7098 -0.1759 0.6821
vn -0.7079 -0.2121 0.6738
vn -0.7004 -0.2274 0.6765
vn -0.6940 -0.2326 0.6814
vn -0.6927 -0.2050 0.6915
vn 0.8812 -0.1281 0.4550
vn 0.8906 -0.1040 0.4427
vn 0.8902 -0.1202 0.4395
vn 0.8975 -0.1121 0.4266
vn 0.9053 -0.0523 0.4214
vn 0.9086 -0.0615 0.4132
vn -0.9584 -0.1068 0.2646
vn -0.9529 -0.1421 0.2680
vn -0.9466 -0.1851 0.2640
vn -0.9377 -0.2184 0.2704
vn -0.9319 -0.2410 0.2709
vn -0.9375 -0.2058 0.2805
vn 0.9792 -0.1096 0.1706
vn 0.9827 -0.0801 0.1667
vn 0.9822 -0.0896 0.1650
vn 0.9845 -0.0765 0.1578
vn 0.9876 -0.0123 0.1566
vn 0.9868 -0.0331 0.1588
vn 0.7839 -0.2943 0.5467
vn 0.9065 -0.2692 0.3252
vn 0.9576 -0.2410 0.1579
vn 0.9779 -0.2091 0.0016
vn 0.9801 -0.1823 -0.0785
vn 0.9384 -0.0770 -0.3368
vn 0.5199 -0.2853 0.8052
vn -0.0889 -0.2286 0.9695
vn -0.7499 -0.0645 0.6584
vn -0.9847 0.1031 0.1404
vn -0.8837 0.2358 -0.4043
vn -0.5474 0.3356 -0.7667
vn -0.1347 0.3344 -0.9327
vn 0.2254 0.2683 -0.9366
vn 0.6604 0.1276 -0.7400
vn 0.7697 -0.2422 0.5907
vn 0.9242 -0.1752 0.3395
vn 0.9742 -0.1408 0.1765
vn 0.9948 -0.1011 0.0103
vn 0.9949 -0.0654 -0.0767
vn 0.9344 0.0634 -0.3506
vn 0.4990 -0.3092 0.8096
vn -0.0786 -0.2783 0.9573
vn -0.7499 -0.0553 0.6593
vn -0.9804 0.1286 0.1494
vn -0.8891 0.2786 -0.3632
vn -0.5120 0.3968 -0.7618
vn -0.1083 0.3864 -0.9160
vn 0.1877 0.3444 -0.9199
vn 0.6114 0.2558 -0.7488
vn 0.9899 -0.1027 -0.0982
vn 0.7911 -0.1449 0.5943
vn 0.9372 -0.0767 0.3403
vn 0.9856 -0.0306 0.1666
vn 0.9999 0.0086 0.0117
vn 0.9965 0.0348 -0.0754
vn 0.9295 0.1170 -0.3499
vn 0.4764 -0.2329 0.8478
vn -0.1158 -0.2176 0.9692
vn -0.7453 -0.0405 0.6655
vn -0.9017 0.2480 -0.3541
vn -0.5211 0.3043 -0.7974
vn -0.0859 0.2856 -0.9545
vn 0.1958 0.2749 -0.9413
vn 0.6162 0.2284 -0.7538
vn -0.8819 -0.0694 -0.4663
vn 0.9251 -0.0488 -0.3765
vn 0.7352 -0.1402 0.6632
vn 0.6258 0.0456 -0.7786
vn 0.9133 -0.1519 0.3778
vn 0.9770 -0.1410 0.1597
vn -0.4962 0.0494 -0.8668
vn 0.9930 -0.1177 -0.0044
vn -0.1336 0.1103 -0.9849
vn 0.2075 0.1108 -0.9719
vn 0.4633 -0.1288 0.8768
vn -0.1445 -0.1508 0.9779
vn -0.7210 -0.1464 0.6773
vn -0.9640 -0.1518 0.2181
vn -0.9795 0.1226 0.1600
vn 0.7888 -0.0793 0.6095
vn 0.9350 -0.0365 0.3527
vn 0.9864 -0.0077 0.1639
vn 0.9999 0.0083 0.0116
vn 0.9969 0.0168 -0.0767
vn 0.9262 0.0336 -0.3754
vn 0.4650 -0.1232 0.8767
vn -0.1297 -0.1163 0.9847
vn -0.7340 -0.0206 0.6788
vn -0.9838 0.0826 0.1591
vn -0.9223 0.1361 -0.3617
vn -0.5416 0.1294 -0.8306
vn -0.0746 0.1007 -0.9921
vn 0.2177 0.0838 -0.9724
vn 0.6117 0.0566 -0.7890
vn 0.2508 -0.1299 -0.9593
vn -0.0731 -0.1506 -0.9859
vn -0.5538 -0.1785 -0.8133
vn -0.9058 -0.1832 -0.3820
vn -0.9677 -0.1680 0.1879
vn -0.7256 -0.1193 0.6777
vn -0.0339 -0.1056 0.9938
vn 0.5843 -0.1278 0.8014
vn 0.9208 -0.0835 -0.3809
vn 0.9954 -0.0589 -0.0760
vn 0.9966 -0.0646 0.0519
vn 0.9662 -0.0872 0.2424
vn 0.8985 -0.1213 0.4219
vn 0.6079 -0.1135 -0.7859
vn 0.7835 -0.1532 0.6022
vn 0.9216 -0.0262 -0.3873
vn 0.9129 -0.0608 -0.4037
vn 0.9118 -0.0713 -0.4044
vn 0.9138 -0.0724 -0.3997
vn 0.9972 -0.0114 -0.0736
vn 0.9948 -0.0482 -0.0902
vn 0.9918 -0.0701 -0.1067
vn 0.9934 -0.0644 -0.0944
vn -0.9801 0.0453 0.1931
vn -0.9796 -0.0291 0.1989
vn -0.9733 -0.1201 0.1957
vn -0.9634 -0.1902 0.1887
vn 0.5281 -0.0709 0.8462
vn 0.5018 -0.0494 0.8636
vn 0.4784 -0.0464 0.8769
vn 0.4620 -0.0578 0.8850
vn 0.9998 -0.0109 0.0143
vn 0.9991 -0.0402 0.0155
vn 0.9975 -0.0691 0.0155
vn 0.9974 -0.0702 0.0168
vn 0.9227 -0.0705 0.3790
vn 0.9127 -0.0523 0.4052
vn 0.9081 -0.0591 0.4145
vn 0.9217 -0.0377 0.3861
vn -0.7122 -0.1523 0.6853
vn -0.7110 -0.1030 0.6956
vn -0.7091 -0.0361 0.7042
vn -0.7125 0.0005 0.7017
vn -0.0446 -0.0996 0.9940
vn -0.0734 -0.0744 0.9945
vn -0.1094 -0.0408 0.9932
vn -0.1110 -0.0457 0.9928
vn 0.5972 -0.0465 -0.8007
vn 0.5953 -0.0592 -0.8013
vn 0.6089 -0.0740 -0.7898
vn 0.6067 -0.0976 -0.7889
vn -0.9166 -0.1895 -0.3520
vn -0.9321 -0.1217 -0.3411
vn -0.9410 -0.0270 -0.3373
vn -0.9372 0.0571 -0.3442
vn 0.7740 -0.0536 0.6309
vn 0.7819 -0.0605 0.6205
vn 0.7912 -0.0535 0.6092
vn 0.7909 -0.0778 0.6070
vn -0.5707 -0.1643 -0.8046
vn -0.5822 -0.1149 -0.8049
vn -0.6055 -0.0442 -0.7946
vn -0.5948 0.0247 -0.8035
vn -0.0533 -0.1222 -0.9911
vn -0.0387 -0.0955 -0.9947
vn -0.0341 -0.0584 -0.9977
vn -0.0529 -0.0121 -0.9985
vn 0.9762 -0.0720 0.2044
vn 0.9693 -0.0653 0.2372
vn 0.9702 -0.0505 0.2368
vn 0.9810 -0.0210 0.1931
vn 0.2647 -0.1095 -0.9581
vn 0.2737 -0.0814 -0.9584
vn 0.2865 -0.0553 -0.9565
vn 0.2640 -0.0338 -0.9639
vn 0.2723 -0.1528 -0.9500
vn -0.0633 -0.1499 -0.9867
vn -0.5736 -0.1816 -0.7987
vn -0.9140 -0.1784 -0.3643
vn -0.9890 -0.1115 0.0973
vn -0.7833 -0.0086 0.6215
vn -0.0093 0.0478 0.9988
vn 0.5980 0.0362 0.8007
vn 0.9630 -0.1687 -0.2103
vn 0.9877 -0.1535 0.0305
vn 0.9880 -0.1255 0.0896
vn 0.9693 -0.1175 0.2160
vn 0.9614 -0.1001 0.2562
vn 0.7215 -0.1637 -0.6728
vn 0.8772 -0.0281 0.4793
vn -0.9273 -0.1194 -0.3548
vn -0.9210 -0.1223 -0.3699
vn -0.9312 -0.1158 -0.3457
vn -0.9345 -0.0910 -0.3441
vn -0.5758 -0.0799 -0.8137
vn -0.5637 -0.1310 -0.8155
vn -0.5524 -0.1490 -0.8201
vn -0.5594 -0.1509 -0.8151
vn 0.9310 -0.0922 -0.3532
vn 0.9405 -0.0943 -0.3263
vn 0.9499 -0.1357 -0.2815
vn 0.9600 -0.1577 -0.2315
vn 0.9877 -0.1313 0.0851
vn 0.9898 -0.1088 0.0916
vn 0.9962 -0.0819 0.0301
vn 0.9964 -0.0797 -0.0296
vn -0.0305 -0.0758 0.9967
vn -0.0122 -0.0408 0.9991
vn -0.0176 -0.0241 0.9996
vn -0.0296 -0.0028 0.9996
vn -0.7410 -0.0272 0.6710
vn -0.7388 -0.0454 0.6724
vn -0.7442 -0.0539 0.6658
vn -0.7483 -0.0669 0.6599
vn 0.7931 -0.1041 0.6001
vn 0.8119 -0.0399 0.5824
vn 0.8328 -0.0113 0.5534
vn 0.8588 0.0024 0.5122
vn 0.6580 0.0150 0.7528
vn 0.6711 -0.0036 0.7413
vn 0.6717 -0.0217 0.7405
vn 0.6499 -0.0791 0.7559
vn 0.9856 -0.0971 0.1383
vn 0.9721 -0.0984 0.2127
vn 0.9679 -0.0876 0.2356
vn 0.9788 -0.0972 0.1804
vn 0.9623 -0.0664 0.2639
vn 0.9427 -0.0624 0.3279
vn 0.9277 -0.0984 0.3600
vn 0.9333 -0.1099 0.3419
vn 0.8614 -0.1123 0.4953
vn 0.8734 -0.0696 0.4819
vn 0.9015 -0.0334 0.4316
vn 0.9344 -0.0316 0.3548
vn -0.9795 -0.0684 0.1895
vn -0.9763 -0.0837 0.1995
vn -0.9784 -0.0856 0.1880
vn -0.9807 -0.0932 0.1720
vn -0.0787 -0.0642 -0.9948
vn -0.0916 -0.1200 -0.9885
vn -0.0933 -0.1470 -0.9847
vn -0.0889 -0.1508 -0.9846
vn 0.6212 -0.1195 -0.7744
vn 0.6290 -0.1299 -0.7665
vn 0.6514 -0.1475 -0.7443
vn 0.6978 -0.1394 -0.7026
vn 0.2584 -0.0896 -0.9619
vn 0.2154 -0.1301 -0.9678
vn 0.1996 -0.1443 -0.9692
vn 0.2179 -0.1372 -0.9663
vn 0.2444 0.1729 -0.9542
vn -0.0548 0.1519 -0.9869
vn -0.5925 0.0980 -0.7996
vn -0.9116 0.0257 -0.4102
vn -0.9879 0.1150 -0.1042
vn -0.7803 0.4142 0.4687
vn -0.0728 0.7287 0.6810
vn 0.4587 0.5637 0.6869
vn 0.9541 0.1507 -0.2589
vn 0.9852 0.1587 -0.0649
vn 0.9851 0.1717 -0.0055
vn 0.9655 0.1592 0.2063
vn 0.9555 0.1698 0.2414
vn 0.6904 0.2035 -0.6942
vn 0.8194 0.4136 0.3969
vn 0.1965 0.3251 -0.9250
vn -0.0715 0.3168 -0.9458
vn -0.5832 0.2797 -0.7627
vn -0.9208 0.1580 -0.3565
vn -0.9772 0.1114 -0.1805
vn 0.9047 0.2663 -0.3326
vn 0.9590 0.2515 -0.1307
vn 0.9695 0.2399 -0.0505
vn 0.9495 0.2116 0.2318
vn 0.9284 0.2755 0.2492
vn 0.6154 0.3095 -0.7249
vn 0.1942 -0.1087 -0.9749
vn -0.0895 -0.1118 -0.9897
vn -0.5905 -0.0898 -0.8020
vn -0.9488 -0.0590 -0.3102
vn -0.9838 -0.1311 -0.1224
vn 0.9326 -0.0527 -0.3570
vn 0.9900 -0.0381 -0.1358
vn 0.9984 -0.0479 -0.0306
vn 0.9754 -0.0402 0.2168
vn 0.9721 -0.0284 0.2329
vn 0.6324 -0.0903 -0.7694
vn 0.1774 -0.4813 -0.8584
vn -0.0857 -0.4890 -0.8681
vn -0.5791 -0.4658 -0.6691
vn -0.8684 -0.4496 -0.2092
vn -0.8604 -0.5080 -0.0411
vn 0.9084 -0.3320 -0.2541
vn 0.9402 -0.3249 -0.1018
vn 0.9473 -0.3202 0.0121
vn 0.9069 -0.3611 0.2173
vn 0.8614 -0.4452 0.2443
vn 0.6364 -0.4300 -0.6403
vn 0.0001 0.9954 -0.0953
vn -0.0944 0.9926 -0.0761
vn -0.1174 0.9901 0.0769
vn -0.8437 -0.5247 -0.1136
vn -0.8360 -0.3556 0.4180
vn -0.0002 -0.9866 -0.1630
vn 0.8438 -0.5244 -0.1142
vn 0.8359 -0.3556 0.4181
vn 0.0946 0.9926 -0.0763
vn 0.1175 0.9901 0.0769
vn 0.0001 0.9707 0.2403
vn -0.6636 0.7130 0.2264
vn -0.9039 -0.4278 0.0052
vn -0.0263 -0.9929 -0.1157
vn 0.9124 -0.4066 -0.0460
vn 0.6927 0.7008 0.1702
vn -0.0499 0.9818 0.1834
vn -0.7105 0.6960 0.1035
vn -0.9403 -0.3392 0.0293
vn -0.0566 -0.9738 0.2204
vn 0.6211 -0.7595 0.1935
vn -0.4667 0.8620 0.1978
vn -0.0011 0.9968 0.0803
vn -0.7696 0.6308 0.0992
vn -0.6894 0.4948 0.5291
vn 0.6894 0.4947 0.5291
vn 0.7700 0.6304 0.0987
vn 0.0001 0.9933 -0.1157
vn -0.1055 0.9901 -0.0922
vn -0.1310 0.9874 0.0882
vn -0.8442 -0.5240 -0.1127
vn -0.8358 -0.3542 0.4196
vn -0.0004 -0.9867 -0.1625
vn 0.8440 -0.5242 -0.1134
vn 0.8357 -0.3542 0.4197
vn 0.1057 0.9901 -0.0925
vn 0.1311 0.9874 0.0882
vn -0.0007 0.9712 0.2381
vn -0.6677 0.7106 0.2217
vn -0.9056 -0.4242 0.0039
vn 0.0059 -0.9899 -0.1419
vn 0.9179 -0.3905 -0.0698
vn 0.6923 0.7043 0.1574
vn -0.0398 0.9868 0.1570
vn -0.7506 0.6524 0.1047
vn -0.9084 -0.4091 0.0860
vn 0.0058 -0.9798 0.2000
vn 0.9547 -0.1291 -0.2680
vn -0.4594 0.8882 -0.0011
vn -0.0009 0.9993 0.0380
vn -0.7735 0.6264 0.0962
vn -0.6926 0.4895 0.5299
vn 0.6926 0.4894 0.5299
vn 0.7741 0.6258 0.0957
vn 0.0001 0.9907 -0.1362
vn -0.1201 0.9868 -0.1083
vn -0.1482 0.9835 0.1036
vn -0.8447 -0.5234 -0.1118
vn -0.8356 -0.3528 0.4211
vn -0.0003 -0.9867 -0.1623
vn 0.8443 -0.5237 -0.1131
vn 0.8355 -0.3529 0.4211
vn 0.1204 0.9868 -0.1086
vn 0.1484 0.9835 0.1036
vn 0.0023 0.9727 0.2319
vn -0.6712 0.7085 0.2179
vn -0.9067 -0.4217 0.0059
vn 0.0079 -0.9895 -0.1444
vn 0.9177 -0.3909 -0.0709
vn 0.6954 0.7019 0.1541
vn -0.0466 0.9894 0.1377
vn -0.7383 0.6669 0.1003
vn -0.9137 -0.3967 0.0877
vn 0.0037 -0.9814 0.1918
vn -0.2152 -0.8225 -0.5265
vn -0.5271 0.8481 0.0539
vn -0.0011 0.9999 -0.0152
vn -0.7784 0.6211 0.0915
vn -0.6968 0.4827 0.5306
vn 0.6968 0.4826 0.5306
vn 0.7790 0.6204 0.0911
vn 0.0144 0.9858 -0.1675
vn 0.0050 0.9645 0.2640
vn -0.2139 0.9677 -0.1331
vn -0.2559 0.9407 0.2228
vn -0.8249 -0.5526 -0.1194
vn -0.8307 -0.3791 0.4076
vn -0.0040 -0.9869 -0.1614
vn 0.0005 -0.8393 0.5436
vn 0.8453 -0.5226 -0.1114
vn 0.8346 -0.3496 0.4258
vn 0.2084 0.9683 -0.1376
vn 0.2477 0.9457 0.2104
vn -0.0015 0.9766 0.2149
vn -0.6324 0.7449 0.2126
vn -0.8620 -0.5069 0.0017
vn -0.0053 -0.9899 -0.1415
vn 0.9217 -0.3764 -0.0934
vn 0.7126 0.6918 0.1165
vn -0.0545 0.9917 0.1168
vn -0.6389 0.7598 0.1204
vn -0.8020 -0.5798 0.1436
vn -0.0047 -0.9842 0.1770
vn 0.4672 -0.6276 -0.6227
vn -0.5502 0.8350 0.0101
vn -0.0014 0.9666 -0.2563
vn -0.7739 0.6272 0.0871
vn -0.7115 0.4473 0.5420
vn 0.0010 0.4047 0.9145
vn 0.7189 0.4424 0.5361
vn 0.7999 0.5967 0.0644
vn -0.0003 0.9849 0.1730
vn 0.0010 0.9949 0.1009
vn -0.0399 0.9858 0.1629
vn -0.0520 0.9963 0.0687
vn -0.8619 -0.4921 -0.1219
vn -0.8123 -0.3515 0.4655
vn 0.0006 -0.9939 -0.1100
vn -0.0006 -0.8195 0.5731
vn 0.8418 -0.5295 -0.1053
vn 0.8110 -0.3766 0.4477
vn 0.0402 0.9852 0.1665
vn 0.0538 0.9961 0.0698
vn 0.0102 0.9289 0.3702
vn -0.6726 0.6733 0.3071
vn -0.9274 -0.3738 -0.0154
vn -0.0016 -0.9818 -0.1899
vn 0.8665 -0.4900 -0.0954
vn 0.6360 0.7205 0.2762
vn -0.1739 0.9516 0.2533
vn -0.0061 -0.9902 0.1393
vn -0.0021 -0.9963 0.0860
vn -0.0213 -0.9846 0.1732
vn -0.1006 0.9586 0.2664
vn -0.1490 0.9476 0.2824
vn -0.7187 0.6918 -0.0701
vn -0.6408 0.5158 0.5686
vn -0.0008 0.4280 0.9038
vn 0.6293 0.5238 0.5741
vn 0.6880 0.7254 -0.0225
vn -0.7949 -0.4928 -0.3540
vn -0.7701 0.6367 0.0404
vn 0.6911 0.7156 0.1016
vn 0.7514 -0.5658 -0.3395
vn 0.0011 0.9748 0.2232
vn -0.0006 -0.8920 -0.4521
vn -0.1045 0.9615 0.2542
vn -0.1208 0.9576 0.2615
vn -0.0339 -0.9869 0.1577
vn 0.0041 -0.9954 0.0958
vn -0.1566 0.9539 0.2561
vn -0.2077 0.9419 0.2641
vn -0.0589 -0.9921 0.1110
vn 0.0042 -0.9978 0.0660
vn -0.1721 0.9415 0.2896
vn -0.6374 0.7499 0.1772
vn -0.8236 -0.5671 -0.0039
vn -0.0096 -1.0000 -0.0010
vn 0.0709 0.9794 0.1893
vn 0.0757 -0.9927 0.0939
vn 0.8784 -0.4779 0.0016
vn 0.7439 0.6629 0.0847
vn -0.1005 0.8954 0.4338
vn 0.0139 -0.9981 0.0604
vn -0.1328 0.8911 0.4339
vn -0.1399 0.8864 0.4412
vn -0.2373 -0.9712 0.0199
vn -0.1100 -0.9912 0.0742
vn 0.0603 0.9256 0.3737
vn -0.2201 0.8778 0.4254
vn -0.7022 0.6816 0.2057
vn -0.8784 -0.4367 -0.1940
vn -0.5250 -0.8418 -0.1251
vn 0.4156 0.8649 0.2815
vn 0.5563 -0.8296 -0.0485
vn 0.9301 -0.3399 -0.1395
vn 0.8402 0.5408 0.0395
vn -0.0196 0.7910 0.6115
vn 0.0346 -0.9983 -0.0464
vn -0.1622 0.7614 0.6276
vn -0.2438 0.7856 0.5687
vn -0.3779 -0.9233 -0.0689
vn -0.1220 -0.9916 -0.0432
vn 0.3342 0.7932 0.5091
vn -0.3248 0.8016 0.5019
vn -0.7083 0.6611 0.2476
vn -0.9209 -0.3357 -0.1978
vn -0.6877 -0.7127 -0.1382
vn 0.7272 0.6205 0.2934
vn 0.6323 -0.7713 -0.0732
vn 0.9745 -0.2129 -0.0703
vn 0.9089 0.3949 0.1338
vn 0.1393 0.8662 0.4798
vn 0.0414 -0.9991 -0.0106
vn -0.1438 0.8282 0.5416
vn -0.3878 0.7671 0.5111
vn -0.4713 -0.8819 -0.0136
vn -0.1248 -0.9921 -0.0098
vn 0.4455 0.7700 0.4567
vn -0.9912 0.1041 -0.0821
vn -0.7561 0.5549 0.3469
vn -0.9731 -0.1563 -0.1691
vn -0.8310 -0.5489 -0.0904
vn 0.4166 0.8410 0.3452
vn 0.6299 -0.7764 0.0228
vn 0.9886 -0.1505 0.0076
vn 0.9504 0.2967 0.0938
vn -0.5961 -0.8029 -0.0027
vn 0.7087 -0.7034 0.0538
vn -0.9607 0.2605 0.0956
vn -0.9926 -0.0936 -0.0768
vn 0.9538 0.2939 0.0627
vn 0.9999 -0.0053 0.0128
vn -0.9997 -0.0215 -0.0064
vn -0.9879 0.1549 -0.0052
vn -0.8353 -0.0782 0.5442
vn -0.9942 0.0121 0.1067
vn -0.9931 0.0469 0.1074
vn -0.9794 0.1697 -0.1097
vn -0.9970 0.0759 -0.0116
vn 0.9995 -0.0034 -0.0321
vn 0.9977 0.0598 -0.0308
vn 0.9994 0.0276 0.0228
vn 0.9948 0.0609 -0.0813
vn 0.9921 -0.0162 -0.1247
vn 0.9938 0.0977 0.0537
vn 0.9935 -0.0077 -0.1136
vn 0.8169 -0.1035 0.5674
vn -0.9796 -0.1581 -0.1238
vn -0.9299 -0.3540 -0.1001
vn -0.1108 -0.9923 0.0559
vn 0.0124 -0.9981 0.0612
vn 0.1136 -0.8602 -0.4971
vn -0.0370 -0.8664 -0.4980
vn -0.3388 -0.8409 -0.4220
vn -0.4245 -0.9007 -0.0926
vn -0.2742 -0.9590 0.0712
vn 0.5533 -0.8155 -0.1698
vn 0.5520 -0.8329 -0.0408
vn 0.5951 -0.8032 0.0262
vn 0.6864 -0.6951 0.2140
vn 0.1737 -0.9783 0.1133
vn 0.4196 -0.8237 -0.3814
vn -0.0813 -0.9951 0.0571
vn -0.0994 -0.9900 -0.1002
vn 0.3163 -0.9381 0.1413
vn 0.0169 -0.9999 -0.0036
vn 0.0789 -0.9953 -0.0555
vn 0.1308 -0.9880 -0.0818
vn -0.7573 0.5408 0.3662
vn -0.3972 0.4150 0.8185
vn -0.9054 0.4234 -0.0304
vn -0.7224 0.6910 -0.0254
vn -0.7371 0.5190 -0.4329
vn -0.6771 0.1824 -0.7129
vn 0.0160 -0.7512 -0.6599
vn 0.2829 -0.5605 -0.7783
vn 0.2975 -0.9541 0.0339
vn 0.6111 -0.7897 0.0538
vn -0.0163 -0.7089 0.7052
vn 0.2710 -0.3238 0.9065
vn -0.4202 0.4548 0.7852
vn -0.4606 0.3937 0.7955
vn -0.6788 0.7332 -0.0404
vn -0.6659 0.7451 -0.0371
vn -0.4238 0.3487 -0.8359
vn -0.3827 0.4106 -0.8276
vn 0.2596 -0.4393 -0.8600
vn 0.3141 -0.4297 -0.8466
vn 0.6103 -0.7913 0.0363
vn 0.5992 -0.7999 0.0342
vn 0.2186 -0.3965 0.8916
vn 0.2761 -0.3835 0.8813
vn -0.4483 -0.8935 0.0272
vn -0.2004 -0.9794 0.0253
vn -0.4398 0.4231 0.7922
vn -0.6948 0.7181 -0.0401
vn -0.4040 0.3726 -0.8354
vn 0.2984 -0.4282 -0.8530
vn 0.6135 -0.7887 0.0403
vn 0.2652 -0.3746 0.8884
vn -0.4426 0.4577 0.7711
vn -0.6634 0.7472 -0.0396
vn -0.4052 0.4116 -0.8163
vn 0.3113 -0.4204 -0.8523
vn 0.6326 -0.7737 0.0343
vn 0.2700 -0.3758 0.8865
vn -0.8681 0.4953 -0.0333
vn -0.7649 0.4823 -0.4269
vn 0.2516 -0.5066 -0.8247
vn 0.5056 -0.8620 0.0350
vn 0.2132 -0.4586 0.8627
vn -0.7887 0.4979 0.3606
vn -0.6965 0.7165 -0.0389
vn -0.3814 0.3787 -0.8433
vn 0.3003 -0.4089 -0.8618
vn 0.6072 -0.7937 0.0361
vn 0.2623 -0.3632 0.8940
vn -0.4215 0.4213 0.8030
vn -0.6773 0.7347 -0.0390
vn -0.3685 0.4167 -0.8310
vn 0.3262 -0.3913 -0.8605
vn 0.6276 -0.7777 0.0357
vn 0.2884 -0.3456 0.8930
vn -0.4080 0.4593 0.7890
vn -0.9125 -0.4082 -0.0272
vn -0.6464 -0.1868 0.7398
vn -0.6053 -0.2294 -0.7622
vn -0.4401 0.3343 -0.8334
vn -0.4794 0.3808 0.7907
vn -0.8242 0.5651 -0.0384
vn -0.7574 0.5422 0.3640
vn -0.3944 0.4539 0.7990
vn -0.9046 0.4251 -0.0304
vn -0.6595 0.7505 -0.0424
vn -0.7372 0.5204 -0.4309
vn -0.7228 0.4533 -0.5216
vn 0.0172 -0.7522 -0.6588
vn 0.0439 -0.9207 -0.3877
vn 0.2974 -0.9542 0.0339
vn 0.6621 -0.7469 0.0612
vn -0.0151 -0.7100 0.7041
vn 0.3133 -0.9242 0.2184
vn -0.4215 0.4578 0.7828
vn -0.4609 0.3940 0.7952
vn -0.6641 0.7467 -0.0372
vn -0.4241 0.3489 -0.8357
vn -0.3841 0.4136 -0.8255
vn 0.2598 -0.4394 -0.8599
vn 0.3152 -0.4313 -0.8454
vn 0.6102 -0.7914 0.0363
vn 0.5996 -0.7996 0.0341
vn 0.2189 -0.3966 0.8915
vn 0.2772 -0.3852 0.8802
vn -0.4444 -0.8954 0.0275
vn -0.1982 -0.9798 0.0254
vn -0.4333 0.4433 0.7847
vn -0.6818 0.7297 -0.0514
vn -0.4139 0.4052 -0.8152
vn 0.2844 -0.4286 -0.8575
vn 0.6029 -0.7967 0.0423
vn 0.2710 -0.3766 0.8859
vn -0.4429 0.4580 0.7708
vn -0.4055 0.4119 -0.8160
vn 0.3115 -0.4205 -0.8522
vn 0.6325 -0.7738 0.0343
vn 0.2703 -0.3759 0.8863
vn -0.8692 0.4933 -0.0329
vn -0.7668 0.4831 -0.4226
vn 0.2522 -0.5064 -0.8246
vn 0.5051 -0.8624 0.0350
vn 0.2139 -0.4584 0.8626
vn -0.7906 0.4982 0.3561
vn -0.6970 0.7160 -0.0393
vn -0.3817 0.3791 -0.8430
vn 0.3005 -0.4087 -0.8618
vn 0.6070 -0.7939 0.0361
vn 0.2628 -0.3629 0.8940
vn -0.4219 0.4222 0.8024
vn -0.6759 0.7360 -0.0390
vn -0.3681 0.4157 -0.8317
vn 0.3252 -0.3913 -0.8609
vn 0.6283 -0.7771 0.0358
vn 0.2873 -0.3456 0.8933
vn -0.4077 0.4583 0.7898
vn -0.9123 -0.4085 -0.0272
vn -0.6474 -0.1877 0.7387
vn -0.6064 -0.2302 -0.7611
vn -0.4406 0.3342 -0.8332
vn -0.4799 0.3807 0.7904
vn -0.8264 0.5618 -0.0386
vn -0.7573 0.5410 0.3659
vn -0.8475 0.2944 0.4417
vn -0.9053 0.4236 -0.0304
vn -0.7097 0.7043 -0.0182
vn -0.7371 0.5192 -0.4326
vn -0.6386 0.4191 -0.6454
vn 0.0161 -0.7513 -0.6598
vn 0.1977 -0.9497 -0.2427
vn 0.6685 -0.7383 0.0889
vn -0.0161 -0.7090 0.7050
vn 0.3329 -0.5142 0.7904
vn -0.4204 0.4553 0.7849
vn -0.4607 0.3938 0.7954
vn -0.6657 0.7453 -0.0371
vn -0.3829 0.4111 -0.8273
vn 0.3142 -0.4299 -0.8464
vn 0.6103 -0.7913 0.0364
vn 0.5993 -0.7998 0.0342
vn 0.2187 -0.3965 0.8916
vn 0.2763 -0.3838 0.8811
vn -0.4478 -0.8937 0.0272
vn -0.2001 -0.9794 0.0253
vn -0.4164 0.4433 0.7938
vn -0.6881 0.7253 -0.0198
vn -0.4072 0.3911 -0.8254
vn 0.2956 -0.4246 -0.8558
vn 0.6000 -0.7988 0.0442
vn 0.2636 -0.3622 0.8940
vn -0.4427 0.4577 0.7711
vn -0.4052 0.4117 -0.8163
vn 0.2701 -0.3758 0.8865
vn -0.8683 0.4950 -0.0332
vn -0.7652 0.4824 -0.4264
vn 0.2517 -0.5065 -0.8247
vn 0.5056 -0.8621 0.0350
vn 0.2133 -0.4586 0.8627
vn -0.7890 0.4979 0.3600
vn -0.6968 0.7163 -0.0383
vn -0.3816 0.3791 -0.8430
vn 0.3005 -0.4083 -0.8620
vn 0.6071 -0.7938 0.0361
vn 0.2622 -0.3631 0.8941
vn -0.4214 0.4213 0.8031
vn -0.6770 0.7349 -0.0390
vn -0.3684 0.4166 -0.8311
vn 0.3260 -0.3913 -0.8606
vn 0.6277 -0.7776 0.0357
vn 0.2882 -0.3456 0.8930
vn -0.4080 0.4592 0.7891
vn -0.6465 -0.1870 0.7396
vn -0.6054 -0.2295 -0.7621
vn -0.4795 0.3808 0.7906
vn -0.8245 0.5646 -0.0384
vn -0.7572 0.5393 0.3685
vn -0.8159 0.2040 0.5410
vn -0.9063 0.4215 -0.0304
vn -0.7157 0.6926 -0.0905
vn -0.7369 0.5174 -0.4350
vn -0.3914 0.3322 -0.8582
vn 0.0145 -0.7499 -0.6613
vn 0.3119 -0.4195 -0.8525
vn 0.2976 -0.9541 0.0339
vn 0.6590 -0.7509 0.0422
vn -0.0178 -0.7075 0.7064
vn 0.3140 -0.5337 0.7852
vn -0.4181 0.4506 0.7888
vn -0.4604 0.3935 0.7957
vn -0.6788 0.7332 -0.0403
vn -0.6685 0.7428 -0.0371
vn -0.4235 0.3484 -0.8362
vn -0.3806 0.4064 -0.8307
vn 0.2594 -0.4392 -0.8601
vn 0.3127 -0.4274 -0.8483
vn 0.6105 -0.7912 0.0363
vn 0.5985 -0.8004 0.0344
vn 0.2184 -0.3964 0.8917
vn 0.2747 -0.3810 0.8828
vn -0.4528 -0.8912 0.0268
vn -0.2029 -0.9789 0.0252
vn -0.4354 0.4256 0.7933
vn -0.6927 0.7198 -0.0439
vn -0.4000 0.3780 -0.8349
vn 0.2994 -0.4245 -0.8545
vn 0.6086 -0.7929 0.0293
vn 0.2602 -0.3735 0.8904
vn -0.4423 0.4573 0.7715
vn -0.6633 0.7473 -0.0395
vn -0.4048 0.4112 -0.8167
vn 0.3110 -0.4202 -0.8525
vn 0.6327 -0.7736 0.0343
vn 0.2697 -0.3757 0.8866
vn -0.8664 0.4981 -0.0339
vn -0.7622 0.4821 -0.4320
vn 0.2508 -0.5069 -0.8247
vn 0.5064 -0.8616 0.0349
vn 0.2123 -0.4590 0.8627
vn -0.7861 0.4982 0.3657
vn -0.6963 0.7167 -0.0390
vn -0.3810 0.3783 -0.8436
vn 0.2998 -0.4085 -0.8621
vn 0.6073 -0.7936 0.0360
vn 0.2618 -0.3627 0.8943
vn -0.4210 0.4209 0.8035
vn -0.6794 0.7327 -0.0390
vn -0.3691 0.4184 -0.8299
vn 0.3278 -0.3915 -0.8598
vn 0.6265 -0.7786 0.0355
vn 0.2901 -0.3456 0.8924
vn -0.4088 0.4610 0.7876
vn -0.9127 -0.4078 -0.0271
vn -0.6453 -0.1858 0.7410
vn -0.6041 -0.2286 -0.7634
vn -0.4398 0.3346 -0.8334
vn -0.4792 0.3811 0.7906
vn -0.8211 0.5695 -0.0379
vn -0.6362 0.1212 0.7619
vn -0.9427 0.0380 0.3316
vn -0.9776 0.1582 -0.1386
vn -0.0964 -0.7457 -0.6592
vn 0.4468 -0.8789 -0.1669
vn 0.2877 -0.7714 0.5676
vn -0.1983 0.2682 0.9427
vn -0.2474 0.1508 0.9571
vn -0.8402 0.3250 0.4341
vn -0.7891 0.4889 0.3719
vn -0.7528 0.0559 -0.6559
vn -0.7565 0.2730 -0.5942
vn 0.1155 -0.3489 -0.9300
vn 0.1685 -0.3230 -0.9313
vn 0.8050 -0.5292 -0.2680
vn 0.7699 -0.5740 -0.2787
vn 0.5914 -0.3011 0.7480
vn 0.6658 -0.3109 0.6783
vn -0.3018 -0.9402 0.1582
vn -0.0205 -0.9995 0.0254
vn -0.0445 0.1803 0.9826
vn 0.1937 -0.5325 -0.8240
vn 0.7824 -0.5611 -0.2704
vn 0.7074 -0.1853 0.6821
vn -0.1837 0.2679 0.9458
vn -0.7675 0.4991 0.4023
vn -0.7876 0.2232 -0.5744
vn 0.2038 -0.3515 -0.9137
vn 0.8115 -0.5143 -0.2775
vn 0.6908 -0.2672 0.6719
vn -0.8694 0.3366 0.3616
vn -0.9700 0.2025 -0.1347
vn 0.0595 -0.4455 -0.8933
vn 0.6717 -0.7012 -0.2392
vn 0.5756 -0.4561 0.6787
vn -0.5915 0.2634 0.7621
vn -0.6534 -0.0017 0.7570
vn -0.6524 -0.6273 -0.4252
vn 0.1416 -0.3900 -0.9099
vn 0.7636 -0.5827 -0.2782
vn 0.5572 -0.2661 0.7866
vn -0.1073 0.1740 0.9789
vn -0.7750 0.4933 0.3950
vn -0.7382 0.3125 -0.5978
vn 0.1907 -0.2812 -0.9405
vn 0.7923 -0.5400 -0.2841
vn 0.6818 -0.2697 0.6800
vn -0.1754 0.3044 0.9363
vn -0.6856 -0.6814 0.2561
vn -0.2657 -0.4552 0.8499
vn -0.7524 -0.5040 -0.4242
vn -0.7857 0.1407 -0.6023
vn -0.2120 0.1984 0.9569
vn -0.8713 0.3616 0.3318
vn -0.5519 0.4184 0.7214
vn -0.7904 0.6125 0.0138
vn -0.8176 0.5735 0.0513
vn 0.7980 -0.5815 -0.1583
vn 0.6191 -0.7727 -0.1398
vn -0.0615 -0.3571 0.9321
vn -0.8216 0.5700 0.0004
vn -0.8628 0.4988 -0.0821
vn 0.8305 -0.5385 0.1425
vn 0.8536 -0.5173 0.0613
vn -0.6360 0.4681 0.6135
vn -0.8173 0.5713 -0.0747
vn -0.8135 0.5468 -0.1980
vn 0.7612 -0.6373 0.1202
vn 0.7960 -0.5921 0.1256
vn -0.7690 0.6047 0.2073
vn -0.7409 0.6437 -0.1917
vn -0.3372 0.2999 -0.8924
vn 0.4758 -0.3822 -0.7922
vn 0.7720 -0.6162 0.1561
vn -0.8393 0.5418 -0.0459
vn 0.6569 -0.7540 0.0060
vn 0.4968 -0.6002 -0.6268
vn -0.7471 0.5838 -0.3177
vn 0.7283 -0.6809 0.0772
vn 0.4817 -0.8058 0.3443
vn -0.5673 0.6083 -0.5551
vn -0.1046 0.3979 -0.9114
vn 0.6014 -0.3907 -0.6969
vn -0.4226 0.7445 0.5169
vn -0.5970 0.7597 0.2580
vn -0.5906 0.8059 -0.0418
vn 0.4015 -0.9124 -0.0791
vn 0.7098 -0.6994 0.0835
vn 0.5222 0.2054 0.8277
vn -0.5079 0.7681 -0.3899
vn 0.5329 -0.7952 -0.2894
vn 0.4449 -0.8953 -0.0199
vn -0.4066 0.6776 -0.6128
vn 0.0173 0.3610 -0.9324
vn 0.3763 -0.3306 -0.8655
vn -0.4840 -0.2394 0.8417
vn -0.1021 0.4114 0.9057
vn -0.0340 0.4991 0.8659
vn -0.4910 0.4879 0.7218
vn -0.4033 0.1415 0.9040
vn 0.2466 -0.9685 0.0352
vn 0.7115 0.0389 0.7016
vn 0.7571 -0.5206 -0.3947
vn 0.1168 -0.4404 -0.8902
vn 0.2708 -0.7471 -0.6071
vn 0.4819 -0.3297 -0.8118
vn 0.3316 -0.9025 0.2747
vn 0.3337 -0.9426 -0.0151
vn 0.5197 -0.8529 0.0501
vn 0.4739 -0.7876 -0.3939
vn 0.5351 -0.7588 0.3713
vn 0.4227 -0.5810 0.6955
vn 0.1577 -0.2771 0.9478
vn 0.2757 -0.5365 -0.7976
vn -0.0409 -0.1906 -0.9808
vn -0.1699 0.5703 0.8036
vn -0.4008 0.8036 0.4400
vn -0.5489 0.8359 0.0034
vn -0.5616 0.7636 -0.3187
vn -0.4833 0.6573 -0.5782
vn -0.1747 0.3722 -0.9116
vn 0.3865 0.1017 0.9167
vn 0.5870 -0.8025 -0.1070
vn 0.6644 -0.6893 0.2889
vn 0.6086 -0.5681 -0.5540
vn 0.5878 -0.7802 -0.2138
vn 0.2614 -0.0048 -0.9652
vn -0.2089 0.3325 -0.9197
vn -0.4883 0.5148 -0.7047
vn -0.6563 0.6987 -0.2847
vn -0.0567 0.3679 0.9281
vn -0.3208 0.6477 0.6911
vn -0.4347 0.7149 0.5476
vn -0.6224 0.7792 0.0741
vn -0.5537 0.7789 0.2946
vn -0.4797 0.7337 0.4812
vn -0.5052 0.7522 0.4230
vn 0.6250 -0.7796 -0.0401
vn 0.6124 -0.7194 -0.3277
vn 0.6320 -0.6745 0.3816
vn 0.5295 -0.4942 0.6896
vn 0.3389 -0.0938 0.9361
vn 0.5187 -0.4683 -0.7153
vn 0.1472 -0.0282 -0.9887
vn -0.4640 0.8016 0.3771
vn -0.4807 0.8021 0.3544
vn -0.4410 0.8104 0.3856
vn -0.5022 0.8147 0.2900
vn -0.9967 0.0414 0.0697
vn -0.5240 -0.6057 0.5988
vn -0.8114 -0.2444 -0.5309
vn -0.3903 -0.8846 -0.2552
vn -0.9875 -0.0112 0.1572
vn -0.6161 -0.5535 0.5604
vn -0.9646 -0.1880 0.1849
vn -0.8870 -0.2739 0.3717
vn -0.9260 -0.3772 0.0121
vn -0.4497 0.0308 0.8926
vn -0.8453 -0.4730 0.2484
vn -0.6788 0.5165 0.5220
vn -0.7470 -0.5605 0.3574
vn -0.8061 0.5377 0.2471
vn -0.9763 -0.1201 0.1798
vn -0.8876 0.4344 -0.1536
vn -0.9594 -0.1653 0.2286
vn -0.8930 -0.0104 -0.4499
vn -0.8626 -0.2292 0.4510
vn -0.8497 -0.3142 -0.4234
vn -0.7590 -0.0944 0.6442
vn -0.7760 -0.4835 -0.4051
vn -0.7866 0.0032 0.6175
vn -0.7352 -0.6034 -0.3088
vn -0.9469 -0.0719 0.3133
vn -0.6631 -0.7058 -0.2493
vn -0.8988 -0.2685 0.3464
vn -0.5085 -0.8608 -0.0230
vn -0.8919 -0.2726 0.3607
vn -0.3558 -0.8634 0.3577
vn -0.8798 -0.2629 0.3960
vn -0.2346 -0.6218 0.7472
vn -0.3922 -0.0841 0.9161
vn -0.2998 -0.2549 0.9193
vn -0.5393 -0.4684 0.6999
vn -0.6844 -0.0450 0.7277
vn -0.9756 0.0359 0.2164
vn -0.9508 0.2397 0.1963
vn -0.8869 -0.0654 0.4573
vn -0.8986 -0.2285 0.3745
vn -0.8561 -0.2995 0.4212
vn -0.9231 -0.3036 0.2361
vn -0.8651 -0.2240 0.4487
vn -0.8755 -0.4501 -0.1759
vn -0.8368 -0.1018 0.5379
vn -0.7760 -0.6028 -0.1857
vn -0.8603 0.1008 0.4997
vn -0.9646 -0.2571 0.0577
vn -0.9604 0.0682 0.2703
vn -0.9034 -0.2443 0.3525
vn -0.8545 -0.3499 0.3840
vn -0.9011 -0.2441 0.3583
vn -0.9792 -0.0297 0.2009
vn -0.8953 -0.2295 0.3818
vn -0.9858 -0.1507 0.0742
vn -0.4132 -0.0345 0.9100
vn -0.8706 -0.4919 0.0100
vn -0.4428 0.0249 0.8963
vn -0.8886 -0.2609 0.3772
vn -0.4839 -0.0189 0.8749
vn -0.9783 -0.1504 0.1422
vn -0.4210 -0.0227 0.9068
vn -0.9037 0.3213 0.2830
vn -0.6951 -0.5471 0.4663
vn -0.7277 0.4022 0.5557
vn -0.4364 -0.5404 0.7194
vn -0.8929 -0.4351 0.1156
vn -0.4830 0.2963 0.8240
vn -0.9877 -0.0258 0.1542
vn -0.5398 -0.5536 0.6341
vn -0.9888 -0.1008 0.1097
vn -0.4657 -0.6821 0.5638
vn -0.9640 0.2648 0.0257
vn -0.6835 -0.5347 0.4969
vn -0.9230 0.1312 -0.3618
vn -0.9876 -0.1467 -0.0562
vn -0.3673 -0.6685 -0.6467
vn -0.4750 -0.8799 -0.0119
vn -0.3892 -0.8813 0.2679
vn -0.7095 -0.5623 0.4248
vn -0.9420 -0.1964 0.2721
vn -0.6666 -0.1792 0.7235
vn -0.3158 0.1751 0.9325
vn 0.2258 0.7122 0.6646
vn -0.3179 0.9035 0.2875
vn -0.5659 -0.4340 0.7011
vn -0.6918 -0.6913 0.2087
vn -0.8937 -0.1655 0.4171
vn -0.9075 -0.2489 0.3382
vn -0.1107 0.1011 0.9887
vn -0.8701 -0.2774 0.4074
vn -0.7537 -0.4009 0.5208
vn -0.9121 -0.3588 0.1981
vn -0.8245 -0.1964 0.5306
vn -0.9618 -0.2517 0.1079
vn -0.7949 -0.0596 0.6038
vn 0.5282 -0.2968 -0.7955
vn -0.6926 0.1630 0.7027
vn -0.1091 -0.2792 -0.9540
vn -0.8674 0.4859 -0.1072
vn 0.3849 -0.8622 0.3293
vn -0.9519 0.1851 0.2441
vn -0.9698 0.0577 -0.2371
vn -0.8188 -0.5619 -0.1176
vn -0.5795 -0.2229 0.7839
vn -0.8280 0.4042 -0.3886
vn -0.9064 0.2942 0.3031
vn -0.7289 -0.5088 0.4581
vn -0.8602 0.0581 0.5066
vn 0.2191 -0.3993 0.8903
vn -0.7117 -0.6844 -0.1586
vn -0.8187 -0.5606 0.1244
vn -0.8347 -0.1039 0.5408
vn -0.8743 -0.2000 0.4422
vn -0.8472 -0.2527 0.4674
vn -0.4922 -0.8682 0.0626
vn -0.8480 -0.1062 0.5193
vn -0.6970 -0.7136 -0.0705
vn -0.8627 -0.4098 -0.2963
vn -0.9343 0.2601 -0.2438
vn 0.2346 -0.5221 -0.8200
vn 0.0179 -0.1304 -0.9913
vn 0.3259 0.6684 -0.6686
vn -0.9859 0.1667 0.0167
vn -0.8643 0.4221 0.2737
vn -0.9427 0.1438 0.3010
vn 0.2251 0.5185 -0.8249
vn 0.4773 0.8504 -0.2215
vn 0.2202 0.8667 0.4477
vn 0.2787 0.2878 0.9163
vn 0.1975 0.9465 0.2551
vn 0.0885 0.9892 -0.1167
vn -0.0458 0.8080 -0.5874
vn -0.0551 -0.1212 -0.9911
vn 0.0387 -0.5923 -0.8048
vn 0.6205 0.1999 0.7583
vn 0.2546 0.2142 0.9430
vn 0.3091 0.6611 0.6836
vn -0.0841 0.2863 -0.9544
vn -0.0185 -0.3468 -0.9378
vn 0.1862 -0.7506 -0.6339
vn 0.4312 -0.7772 -0.4582
vn 0.3948 -0.9187 0.0077
vn 0.8037 -0.5419 0.2458
vn 0.6771 0.0289 0.7353
vn 0.5730 0.3041 0.7610
vn 0.2188 0.2303 0.9482
vn 0.1709 0.2253 0.9592
vn -0.8610 0.0871 0.5010
vn -0.7856 0.6163 0.0550
vn -0.6933 0.6597 -0.2900
vn -0.6335 0.5162 -0.5763
vn -0.5074 0.0684 -0.8590
vn -0.3139 -0.2252 -0.9224
vn -0.2273 -0.4615 -0.8575
vn -0.1581 -0.7452 -0.6478
vn -0.3517 -0.8365 -0.4201
vn -0.0514 -0.7686 -0.6377
vn 0.1423 -0.9883 0.0543
vn 0.7391 -0.2972 0.6045
vn 0.9446 0.0795 0.3185
vn 0.9438 0.1670 -0.2852
vn 0.9357 0.1294 0.3282
vn 0.5737 0.3123 0.7572
vn 0.0977 -0.4768 -0.8736
vn -0.8517 0.3586 0.3822
vn -0.9775 -0.2071 -0.0408
vn -0.9944 -0.0893 -0.0562
vn -0.1653 0.8131 -0.5581
vn -0.8232 0.4793 -0.3043
vn -0.5999 0.6690 -0.4388
vn -0.3265 0.7739 -0.5426
vn -0.4202 0.7493 -0.5118
vn -0.2760 0.7915 -0.5453
vn -0.9697 0.1933 -0.1493
vn 0.1330 0.5479 0.8259
vn 0.3942 -0.1205 0.9111
vn 0.4200 0.1505 0.8949
vn 0.1863 0.6997 0.6898
vn 0.2760 0.5778 0.7681
vn 0.3955 0.3430 0.8520
vn 0.3387 -0.4382 0.8326
vn 0.4546 -0.5089 0.7310
vn -0.9444 0.1289 0.3025
vn 0.1698 0.6710 0.7218
vn 0.0189 0.7135 0.7004
vn -0.2773 0.7220 0.6339
vn -0.6446 0.5607 0.5198
vt 0.000000 1.000000
vt 1.000000 1.000000
vt 0.000000 0.000000
vt 0.000000 0.000048
vt 0.000000 0.999985
vt 0.000000 -0.000418
vt 0.000000 1.001412
vt 0.000000 0.999217
vt 0.000000 0.999011
vt 0.000000 1.000000
vt 1.000000 0.000000
vt 0.000000 0.000001
vt 0.000000 1.000000
vt 0.000000 0.000001
vt 0.000000 -0.000573
vt 0.000000 1.000190
vt 0.000000 0.000555
vt 0.000000 0.001267
vt 0.000000 1.000000
vt 0.479277 1.000000
vt 0.687500 0.500000
vt 0.625000 0.500000
vt 0.750000 0.500000
vt 0.750000 0.625000
vt 0.687500 0.625000
vt 0.750000 0.750000
vt 0.750000 0.875000
vt 0.687500 0.875000
vt 0.687500 0.750000
vt 0.750000 0.654332
vt 0.687500 0.658963
vt 0.718750 1.000000
vt 0.625000 0.663917
vt 0.625000 0.625000
vt 0.656250 1.000000
vt 0.625000 0.875000
vt 0.625000 0.750000
vt 0.562500 0.625000
vt 0.593750 1.000000
vt 0.562500 0.875000
vt 0.278247 0.833052
vt 0.562500 0.750000
vt 0.562500 0.500000
vt 0.500000 0.625000
vt 0.500000 0.500000
vt 0.500000 0.875000
vt 0.500000 0.750000
vt 0.531250 1.000000
vt 0.437500 0.875000
vt 0.437500 0.750000
vt 0.437500 0.625000
vt 0.468750 1.000000
vt 0.437500 0.500000
vt 0.375000 0.750000
vt 0.375000 0.625000
vt 0.406250 1.000000
vt 0.375000 0.875000
vt 0.375000 0.500000
vt 0.343750 1.000000
vt 0.312500 0.875000
vt 0.312500 0.625000
vt 0.312500 0.500000
vt 0.312500 0.750000
vt 0.250000 0.625000
vt 0.250000 0.500000
vt 0.250000 0.875000
vt 0.250000 0.750000
vt 0.281250 1.000000
vt 0.187500 0.750000
vt 0.187500 0.625000
vt 0.218750 1.000000
vt 0.187500 0.875000
vt 0.187500 0.500000
vt 0.156250 1.000000
vt 0.125000 0.875000
vt 0.093750 1.000000
vt 0.062500 0.875000
vt 0.062500 0.750000
vt 0.062500 0.811010
vt 0.000000 0.804963
vt 0.000000 0.750000
vt 0.062500 0.625000
vt 0.000000 0.625000
vt 0.031250 1.000000
vt 0.000000 0.875000
vt 1.000000 0.625000
vt 1.000000 0.750000
vt 0.937500 0.750000
vt 0.937500 0.625000
vt 1.000000 0.875000
vt 0.968750 1.000000
vt 0.937500 0.875000
vt 1.000000 0.804963
vt 0.937500 0.809095
vt 0.843750 1.000000
vt 0.812500 0.875000
vt 0.850141 0.537642
vt 0.812500 0.625000
vt 0.812500 0.500000
vt 0.892686 0.580186
vt 0.812500 0.750000
vt 0.781373 0.875000
vt 0.781250 1.000000
vt 0.812500 0.811326
vt 0.250000 0.500000
vt 0.125000 0.500000
vt 0.125000 0.500000
vt 0.187500 0.500000
vt 0.187500 0.500000
vt 0.187500 0.500000
vt 0.125000 0.500000
vt 0.187500 0.500000
vt 0.125000 0.500000
vt 0.250000 0.500000
vt 0.104167 0.416667
vt 0.135417 0.500000
vt 0.145833 0.500000
vt 0.156250 0.500000
vt 0.104167 0.583333
vt 0.020833 0.916667
vt 0.020833 0.083333
vt 0.041667 0.833333
vt 0.041667 0.166667
vt 0.062500 0.750000
vt 0.062500 0.250000
vt 0.083333 0.666667
vt 0.083333 0.333333
vt 0.281250 0.500000
vt 0.250000 0.500000
vt 0.218750 0.500000
vt 0.187500 0.500000
vt 0.229167 0.500000
vt 0.208333 0.500000
vt 0.187500 0.500000
vt 0.166667 0.500000
vt 0.177083 0.500000
vt 0.166667 0.500000
vt 0.156250 0.500000
vt 0.125000 0.500000
vt 0.125000 0.500000
vt 0.125000 0.500000
vt 0.125000 0.500000
vt 0.125000 0.500000
vt 0.125000 0.500000
vt 1.000000 0.574069
vt 1.000000 0.925931
vt 0.890340 0.925931
vt 0.890340 0.574069
vt 0.833333 0.500000
vt 0.833333 1.000000
vt 0.666667 1.000000
vt 0.666667 0.500000
vt 0.500000 1.000000
vt 0.500000 0.500000
vt 0.333333 1.000000
vt 0.333333 0.500000
vt 0.457846 0.370000
vt 0.250000 0.490000
vt 0.250000 0.010000
vt 0.457846 0.130000
vt 0.166667 1.000000
vt 0.166667 0.500000
vt 0.109660 0.574069
vt 0.109660 0.925931
vt -0.000000 0.925931
vt -0.000000 0.574069
vt 1.000000 0.500000
vt -0.000000 0.500000
vt -0.000000 1.000000
vt 0.042154 0.370000
vt 0.042154 0.130000
vt 0.749216 1.000000
vt 0.759607 0.500000
vt 0.457846 0.248872
vt 0.745819 0.500000
vt 0.754836 0.500000
vt 0.275036 1.000000
vt 0.245984 0.500000
vt 0.833333 0.500000
vt 0.333333 0.500000
vt 0.235023 0.500000
vt 0.261860 0.500000
vt 0.500000 0.500000
vt -0.000000 0.500000
vt 0.042154 0.213949
vt 0.244496 0.500000
vt 0.745044 0.500000
vt 0.745335 0.500000
vt 0.255599 0.500000
vt 0.999204 0.500000
vt 0.733099 0.500000
vt 0.255431 0.500000
vt 0.083980 0.335921
vt 0.734583 0.500000
vt 0.272232 0.500000
vt 0.083045 0.332179
vt 0.042539 0.170158
vt 0.007047 0.028187
vt 0.039641 0.158564
vt 0.027907 0.111629
vt 0.116796 0.467186
vt 0.039930 0.159719
vt 0.079366 0.317464
vt 0.101060 0.404242
vt 1.000000 0.833333
vt 0.833333 0.833333
vt 0.666667 0.833333
vt 0.500000 0.833333
vt 0.333333 0.833333
vt 0.166667 0.833333
vt -0.000000 0.833333
vt 0.167676 0.279418
vt -0.018017 0.283928
vt -0.000000 0.333333
vt 0.166667 0.333333
vt 0.166678 0.556847
vt -0.000770 0.556847
vt -0.000000 0.666667
vt 0.166667 0.666667
vt 0.333440 0.275396
vt 0.333333 0.333333
vt 0.333333 0.556847
vt 0.333333 0.666667
vt 0.498773 0.279380
vt 0.500000 0.333333
vt 0.499988 0.556848
vt 0.500000 0.666667
vt 0.672775 0.280304
vt 0.666667 0.333333
vt 0.666698 0.556803
vt 0.666667 0.666667
vt 0.833450 0.282781
vt 0.833333 0.333333
vt 0.833348 0.556979
vt 0.833333 0.666667
vt 1.005691 0.276727
vt 1.000000 0.333333
vt 1.000694 0.556760
vt 1.000000 0.666667
vt 0.500000 0.000000
vt 0.461131 0.000000
vt 0.333333 0.000000
vt -0.000000 0.000000
vt 0.612697 0.000000
vt 0.833333 0.000000
vt 0.666667 0.000000
vt 0.166667 0.000000
vt 0.166735 0.686324
vt 0.003668 0.686323
vt 0.333332 0.686323
vt 0.499930 0.686324
vt 0.667150 0.686482
vt 0.833314 0.686108
vt 0.995449 0.686634
vt 0.997454 0.355631
vt 0.833292 0.355384
vt 0.666968 0.355557
vt 0.499960 0.355482
vt 0.333333 0.355479
vt 0.166748 0.355479
vt 0.001999 0.355479
vt 0.948041 0.023432
vt 0.835730 0.022810
vt 0.832697 0.262092
vt 0.966870 0.256730
vt 0.720401 0.023707
vt 0.709041 0.259260
vt -0.000000 0.912273
vt 0.166667 0.925483
vt -0.000000 0.911088
vt 0.333333 0.929095
vt 0.415545 0.917788
vt 0.518335 0.826248
vt 0.478872 0.852998
vt 0.530369 0.800221
vt 0.893911 0.800221
vt 0.095681 1.000000
vt 0.277959 1.000000
vt 0.438392 1.000000
vt 0.635561 1.000000
vt 0.744082 1.000000
vt 0.127941 1.000000
vt 0.583900 0.000000
vt 0.110920 0.528159
vt 0.808221 0.659369
vt 0.120404 0.699092
vt 0.796361 0.754620
vt 0.115053 0.785360
vt 0.100295 0.549410
s 1
usemtl Material.001
f 88/1/88 89/2/89 97/2/97 96/3/96
f 178/4/178 177/5/177 6/1/6 5/3/5
f 57/6/57 55/7/55 8/1/8 7/3/7
f 39/8/39 6/1/6 11/1/11 41/9/41
f 177/5/177 3/1/3 9/1/9 179/10/179
f 1/3/1 2/11/2 4/2/4 3/1/3
f 57/6/57 7/3/7 14/3/14 58/12/58
f 58/12/58 14/3/14 16/3/16 59/3/59
f 59/3/59 16/3/16 18/3/18 60/3/60
f 60/3/60 18/3/18 20/3/20 61/3/61
f 61/3/61 20/3/20 22/3/22 62/3/62
f 62/3/62 22/3/22 24/3/24 63/3/63
f 63/3/63 24/3/24 26/3/26 64/3/64
f 30/3/30 26/3/26 80/3/80 82/3/82
f 227/10/227 27/1/27 208/1/208 230/13/230
f 32/3/32 30/3/30 82/3/82 83/3/83
f 67/3/67 32/3/32 34/3/34 68/3/68
f 69/14/69 36/3/36 38/3/38 70/15/70
f 56/16/56 70/15/70 38/3/38 12/1/12
f 11/1/11 37/3/37 54/17/54 41/9/41
f 35/3/35 53/3/53 54/17/54 37/3/37
f 68/3/68 34/3/34 36/3/36 69/14/69
f 31/3/31 51/3/51 52/3/52 33/3/33
f 50/3/50 66/3/66 67/3/67 51/3/51
f 48/3/48 64/3/64 66/3/66 50/3/50
f 231/1/231 209/1/209 210/1/210 232/1/232
f 23/3/23 47/3/47 48/3/48 25/3/25
f 21/3/21 46/3/46 47/3/47 23/3/23
f 19/3/19 45/3/45 46/3/46 21/3/21
f 17/3/17 44/3/44 45/3/45 19/3/19
f 13/3/13 42/3/42 43/3/43 15/3/15
f 5/3/5 40/18/40 42/3/42 13/3/13
f 55/7/55 39/8/39 41/9/41 56/16/56
f 5/3/5 6/1/6 39/8/39 40/18/40
f 8/1/8 55/7/55 56/16/56 12/1/12
f 41/9/41 54/17/54 70/15/70 56/16/56
f 53/3/53 69/14/69 70/15/70 54/17/54
f 33/3/33 52/3/52 53/3/53 35/3/35
f 51/3/51 67/3/67 68/3/68 52/3/52
f 30/3/30 32/3/32 67/3/67 66/3/66
f 26/3/26 30/3/30 66/3/66 64/3/64
f 230/13/230 208/1/208 209/1/209 231/1/231
f 47/3/47 63/3/63 64/3/64 48/3/48
f 46/3/46 62/3/62 63/3/63 47/3/47
f 45/3/45 61/3/61 62/3/62 46/3/46
f 44/3/44 60/3/60 61/3/61 45/3/45
f 43/3/43 59/3/59 60/3/60 44/3/44
f 42/3/42 58/12/58 59/3/59 43/3/43
f 40/18/40 57/6/57 58/12/58 42/3/42
f 40/18/40 39/8/39 55/7/55 57/6/57
f 16/3/16 14/3/14 74/3/74 75/3/75
f 26/3/26 24/3/24 79/3/79 80/3/80
f 34/3/34 32/3/32 83/3/83 84/3/84
f 8/1/8 12/1/12 73/1/73 72/1/72
f 7/3/7 8/1/8 72/1/72 71/3/71
f 22/3/22 20/3/20 77/3/77 78/3/78
f 186/1/186 187/1/187 29/3/29 31/3/31
f 12/1/12 38/3/38 86/3/86 73/1/73
f 18/3/18 16/3/16 75/3/75 76/3/76
f 187/1/187 189/1/189 25/3/25 29/3/29
f 52/3/52 68/3/68 69/14/69 53/3/53
f 14/3/14 7/3/7 71/3/71 74/3/74
f 24/3/24 22/3/22 78/3/78 79/3/79
f 20/3/20 18/3/18 76/3/76 77/3/77
f 223/1/223 28/1/28 27/1/27 227/10/227
f 38/3/38 36/3/36 85/3/85 86/3/86
f 3/1/3 4/2/4 10/2/10 9/1/9
f 90/1/90 180/19/180 181/1/181 92/1/92
f 179/10/179 180/19/180 90/1/90 11/1/11
f 193/1/193 199/1/199 98/1/98 15/3/15
f 96/3/96 95/1/95 182/13/182 181/1/181
f 206/1/206 91/1/91 213/1/213 207/1/207
f 175/1/175 100/1/100 176/1/176 87/1/87 99/1/99
f 207/1/207 213/1/213 2163/1/2145 214/1/214 188/1/188
f 102/20/102 103/2/103 105/2/105 104/20/104
f 106/1/106 104/20/104 107/20/107 109/1/109
f 104/20/104 105/2/105 108/2/108 107/20/107
f 109/1/109 107/20/107 110/20/110 112/1/112
f 107/20/107 108/2/108 111/2/111 110/20/110
f 176/1/176 101/1/101 115/1/115 162/1/162
f 36/3/36 34/3/34 84/3/84 85/3/85
f 170/1/170 171/1/171 240/1/240 113/1/113 169/1/169
f 115/1/115 116/20/116 119/20/119 118/1/118
f 101/1/101 110/20/110 111/2/111 117/2/117 116/20/116 115/1/115
f 118/1/118 119/20/119 122/20/122 121/1/121
f 116/20/116 117/2/117 120/2/120 119/20/119
f 121/1/121 122/20/122 125/20/125 124/1/124
f 119/20/119 120/2/120 123/2/123 122/20/122
f 122/20/122 123/2/123 126/2/126 125/20/125
f 141/1/141 142/1/142 150/1/150 148/1/148
f 124/1/124 125/20/125 128/20/128 127/1/127
f 128/20/128 129/2/129 157/2/157 158/20/158
f 133/1/133 134/20/134 137/20/137 136/1/136
f 131/20/131 132/2/132 135/2/135 134/20/134
f 136/1/136 137/20/137 153/20/153 149/1/149
f 134/20/134 135/2/135 138/2/138 137/20/137
f 133/1/133 136/1/136 145/1/145 144/1/144
f 118/1/118 121/1/121 140/1/140 139/1/139
f 121/1/121 124/1/124 141/1/141 140/1/140
f 124/1/124 127/1/127 142/1/142 141/1/141
f 127/1/127 159/1/159 160/1/160 142/1/142
f 130/1/130 133/1/133 144/1/144 143/1/143
f 139/1/139 140/1/140 147/1/147 146/1/146
f 144/1/144 145/1/145 152/1/152 151/1/151
f 142/1/142 160/1/160 150/1/150
f 140/1/140 141/1/141 148/1/148 147/1/147
f 143/1/143 144/1/144 151/1/151 161/1/161
f 128/20/128 125/20/125 126/2/126 129/2/129
f 148/1/148 151/1/151 152/1/152 147/1/147
f 161/1/161 151/1/151 148/1/148 150/1/150
f 110/20/110 101/1/101 93/1/93 114/1/114 112/1/112
f 127/1/127 128/20/128 158/20/158 159/1/159
f 145/1/145 136/1/136 149/1/149 155/1/155
f 137/20/137 138/2/138 154/2/154 153/20/153
f 152/1/152 145/1/145 155/1/155 156/1/156
f 147/1/147 152/1/152 156/1/156 146/1/146
f 115/1/115 118/1/118 139/1/139 162/1/162
f 162/1/162 139/1/139 146/1/146 163/1/163
f 163/1/163 146/1/146 156/1/156 164/1/164
f 164/1/164 156/1/156 155/1/155 165/1/165
f 165/1/165 155/1/155 149/1/149 166/1/166
f 166/1/166 149/1/149 153/1/153 167/1/167
f 167/1/167 153/1/153 154/1/154 168/1/168
f 130/1/130 131/20/131 134/20/134 133/1/133
f 96/1/96 97/2/97 94/2/94 95/1/95
f 169/1/169 163/1/163 164/1/164 170/1/170
f 170/1/170 164/1/164 165/1/165 171/1/171
f 171/1/171 165/1/165 166/1/166 172/1/172
f 172/1/172 166/1/166 167/1/167 173/1/173
f 162/1/162 163/1/163 87/1/87 176/1/176
f 11/1/11 90/1/90 37/3/37
f 94/2/94 103/2/103 102/20/102 95/1/95
f 176/1/176 100/1/100 92/1/92 101/1/101
f 93/1/93 182/13/182 183/1/183 114/1/114
f 9/1/9 88/1/88 180/19/180 179/10/179
f 92/1/92 181/1/181 182/13/182 93/1/93
f 6/1/6 177/5/177 179/10/179 11/1/11
f 1/3/1 3/1/3 177/5/177 178/4/178
f 37/3/37 175/1/175 205/1/205 35/3/35
f 33/3/33 185/1/185 186/1/186 31/3/31
f 196/1/196 187/1/187 186/1/186 195/1/195
f 196/1/196 197/1/197 189/1/189 187/1/187
f 224/1/224 81/1/81 28/1/28 223/1/223
f 25/3/25 189/1/189 190/1/190 23/3/23
f 23/3/23 190/1/190 191/1/191 21/3/21
f 21/3/21 191/1/191 192/1/192 19/3/19
f 19/3/19 192/1/192 193/1/193 17/3/17
f 15/3/15 194/1/194 178/4/178 5/3/5
f 178/4/178 194/1/194 202/1/202 1/3/1
f 2/11/2 1/3/1 202/1/202 204/1/204
f 96/3/96 181/1/181 180/19/180 88/1/88
f 229/10/229 207/1/207 188/1/188 226/13/226
f 226/13/226 188/1/188 81/1/81 224/1/224
f 189/1/189 197/1/197 65/1/65 190/1/190
f 190/1/190 65/1/65 49/1/49 191/1/191
f 191/1/191 49/1/49 198/1/198 192/1/192
f 192/1/192 198/1/198 199/1/199 193/1/193
f 43/3/43 44/3/44 17/3/17
f 194/1/194 200/1/200 201/1/201 202/1/202
f 202/1/202 201/1/201 203/1/203 204/1/204
f 15/3/15 5/3/5 13/3/13
f 37/3/37 90/1/90 92/1/92 100/1/100
f 185/1/185 184/1/184 195/1/195 186/1/186
f 205/1/205 175/1/175 99/1/99
f 99/1/99 184/1/184 185/1/185 205/1/205
f 101/1/101 92/1/92 93/1/93
f 9/1/9 10/2/10 89/2/89 88/1/88
f 235/19/235 113/1/113 206/1/206 228/1/228
f 228/1/228 206/1/206 207/1/207 229/10/229
f 29/3/29 50/3/50 51/3/51 31/3/31
f 25/3/25 48/3/48 50/3/50 29/3/29
f 232/1/232 210/1/210 211/1/211 233/19/233
f 233/19/233 211/1/211 212/1/212 234/1/234
f 15/3/15 98/1/98 200/1/200 194/1/194
f 100/1/100 175/1/175 37/3/37
f 188/1/188 214/1/214 215/1/215 81/1/81
f 81/1/81 215/1/215 216/1/216 28/1/28
f 28/1/28 216/1/216 217/1/217 27/1/27
f 27/1/27 217/1/217 218/1/218 208/1/208
f 208/1/208 218/1/218 219/1/219 209/1/209
f 209/1/209 219/1/219 220/1/220 210/1/210
f 210/1/210 220/1/220 221/1/221 211/1/211
f 211/1/211 221/1/221 222/1/222 212/1/212
f 201/1/201 233/19/233 234/1/234 203/1/203
f 200/1/200 232/1/232 233/19/233 201/1/201
f 195/1/195 228/1/228 229/10/229 196/1/196
f 184/1/184 235/19/235 228/1/228 195/1/195
f 87/1/87 163/1/163 169/1/169 225/1/225 99/1/99
f 197/1/197 226/13/226 224/1/224 65/1/65
f 196/1/196 229/10/229 226/13/226 197/1/197
f 65/1/65 224/1/224 223/1/223 49/1/49
f 205/1/205 185/1/185 33/3/33 35/3/35
f 49/1/49 223/1/223 227/10/227 198/1/198
f 199/1/199 230/13/230 231/1/231 98/1/98
f 98/1/98 231/1/231 232/1/232 200/1/200
f 198/1/198 227/10/227 230/13/230 199/1/199
f 99/1/99 225/1/225 235/19/235 184/1/184
f 235/19/235 225/1/225 169/1/169 113/1/113
f 113/1/113 240/1/240 91/1/91 206/1/206
f 173/1/173 239/1/239 236/1/236 172/1/172
f 240/1/240 171/1/171 172/1/172 236/1/236
f 238/1/238 173/1/173 167/1/167 168/1/168
f 91/1/91 240/1/240 236/1/236
f 236/1/236 239/1/239 243/1/243 242/1/242
f 91/1/91 236/1/236 242/1/242 237/1/237
f 213/1/213 91/1/91 237/1/237 241/1/241
f 239/1/239 174/1/174 249/1/249 243/1/243
f 239/1/239 173/1/173 238/1/238 174/1/174
f 242/1/242 243/1/243 248/1/248 247/1/247
f 237/1/237 242/1/242 247/1/247 244/1/244
f 241/1/241 237/1/237 244/1/244 246/1/246
f 243/1/243 249/1/249 245/1/245 248/1/248
f 248/1/248 245/1/245 251/1/251 253/1/253
f 247/1/247 248/1/248 253/1/253 252/1/252
f 244/1/244 247/1/247 252/1/252 250/1/250
f 253/1/253 251/1/251 255/1/255 256/1/256
f 256/1/256 255/1/255 257/1/257 258/1/258
f 258/1/258 257/1/257 259/1/259 260/1/260
f 241/1/241 246/1/246 263/1/263 262/1/262
f 213/1/213 241/1/241 262/1/262 254/1/254
f 252/1/252 258/1/258 260/1/260 250/1/250
f 256/1/256 258/1/258 252/1/252 253/1/253
f 214/1/214 2163/1/2145 264/1/264 261/1/261
f 214/1/214 261/1/261 266/1/266 265/1/265
f 265/1/265 266/1/266 277/1/277 2164/1/2146
f 267/1/267 268/1/268 270/1/270 269/1/269
f 269/1/269 270/1/270 272/1/272 271/1/271
f 271/1/271 272/1/272 274/1/274 273/1/273
f 273/1/273 274/1/274 276/1/276 275/1/275
f 246/1/246 275/1/275 276/1/276 263/1/263
f 216/1/216 215/1/215 278/1/278 279/1/279
f 221/1/221 220/1/220 283/1/283 284/1/284
f 215/1/215 214/1/214 265/1/265 278/1/278
f 220/1/220 219/1/219 282/1/282 283/1/283
f 222/1/222 221/1/221 284/1/284 285/1/285
f 219/1/219 218/1/218 281/1/281 282/1/282
f 218/1/218 217/1/217 280/1/280 281/1/281
f 217/1/217 216/1/216 279/1/279 280/1/280
f 281/1/281 280/1/280 2167/1/2149 2169/1/2151
f 279/1/279 278/1/278 2172/1/2154 2166/1/2148
f 278/1/278 265/1/265 2164/1/2146 2172/1/2154
f 284/1/284 283/1/283 2171/1/2153 2165/1/2147
f 282/1/282 281/1/281 2169/1/2151 2168/1/2150
f 280/1/280 279/1/279 2166/1/2148 2167/1/2149
f 285/1/285 284/1/284 2165/1/2147 2170/1/2152
f 283/1/283 282/1/282 2168/1/2150 2171/1/2153
f 286/1/286 267/1/267 269/1/269 294/1/294
f 293/1/293 292/1/292 300/1/300 301/1/301
f 291/1/291 290/1/290 298/1/298 299/1/299
f 289/1/289 288/1/288 296/1/296 297/1/297
f 292/1/292 291/1/291 299/1/299 300/1/300
f 287/1/287 286/1/286 294/1/294 295/1/295
f 290/1/290 289/1/289 297/1/297 298/1/298
f 288/1/288 287/1/287 295/1/295 296/1/296
f 298/1/298 297/1/297 305/1/305 306/1/306
f 294/1/294 269/1/269 271/1/271 302/1/302
f 301/1/301 300/1/300 308/1/308 309/1/309
f 299/1/299 298/1/298 306/1/306 307/1/307
f 296/1/296 295/1/295 303/1/303 304/1/304
f 297/1/297 296/1/296 304/1/304 305/1/305
f 295/1/295 294/1/294 302/1/302 303/1/303
f 300/1/300 299/1/299 307/1/307 308/1/308
f 307/1/307 306/1/306 314/1/314 315/1/315
f 303/1/303 302/1/302 310/1/310 311/1/311
f 305/1/305 304/1/304 312/1/312 313/1/313
f 302/1/302 271/1/271 273/1/273 310/1/310
f 308/1/308 307/1/307 315/1/315 316/1/316
f 304/1/304 303/1/303 311/1/311 312/1/312
f 306/1/306 305/1/305 313/1/313 314/1/314
f 309/1/309 308/1/308 316/1/316 317/1/317
f 310/1/310 273/1/273 275/1/275 318/1/318
f 317/1/317 316/1/316 324/1/324 325/1/325
f 315/1/315 314/1/314 322/1/322 323/1/323
f 311/1/311 310/1/310 318/1/318 319/1/319
f 313/1/313 312/1/312 320/1/320 321/1/321
f 316/1/316 315/1/315 323/1/323 324/1/324
f 314/1/314 313/1/313 321/1/321 322/1/322
f 312/1/312 311/1/311 319/1/319 320/1/320
f 309/1/309 317/1/317 301/1/301
f 325/1/325 324/1/324 332/1/332 333/1/333
f 323/1/323 322/1/322 330/1/330 331/1/331
f 320/1/320 319/1/319 327/1/327 328/1/328
f 321/1/321 320/1/320 328/1/328 329/1/329
f 319/1/319 318/1/318 326/1/326 327/1/327
f 318/1/318 275/1/275 246/1/246 326/1/326
f 324/1/324 323/1/323 331/1/331 332/1/332
f 322/1/322 321/1/321 329/1/329 330/1/330
f 330/1/330 329/1/329 342/1/342 343/1/343
f 246/1/246 244/1/244 334/1/334 335/1/335
f 328/1/328 327/1/327 340/1/340 341/1/341
f 331/1/331 330/1/330 343/1/343 344/1/344
f 250/1/250 260/1/260 338/1/338 336/1/336
f 327/1/327 326/1/326 339/1/339 340/1/340
f 326/1/326 246/1/246 335/1/335 339/1/339
f 244/1/244 250/1/250 336/1/336 334/1/334
f 332/1/332 331/1/331 344/1/344 345/1/345
f 329/1/329 328/1/328 341/1/341 342/1/342
f 333/1/333 332/1/332 345/1/345 346/1/346
f 260/1/260 259/1/259 337/1/337 338/1/338
f 383/1/383 382/1/382 384/1/384 385/1/385
f 337/1/337 361/1/361 362/1/362 338/1/338
f 375/1/375 374/1/374 354/1/354 353/1/353
f 345/1/345 344/1/344 368/10/368 369/10/369
f 380/1/380 379/1/379 347/1/347 349/1/349
f 369/10/369 370/1/370 346/1/346 345/1/345
f 335/1/335 334/1/334 358/1/358 359/1/359
f 367/19/367 343/1/343 342/1/342 366/1/366
f 364/1/364 340/1/340 339/1/339 363/1/363
f 363/1/363 339/1/339 335/1/335 359/1/359
f 376/1/376 372/1/372 356/1/356 352/1/352
f 365/1/365 341/1/341 340/1/340 364/1/364
f 373/1/373 375/1/375 353/1/353 355/1/355
f 372/1/372 371/1/371 357/1/357 356/1/356
f 381/1/381 380/1/380 349/1/349 348/1/348
f 382/1/382 381/1/381 348/1/348 384/1/384
f 378/1/378 377/1/377 351/1/351 350/1/350
f 338/1/338 362/1/362 360/1/360 336/1/336
f 368/10/368 344/1/344 343/1/343 367/19/367
f 379/1/379 378/1/378 350/1/350 347/1/347
f 371/1/371 373/1/373 355/1/355 357/1/357
f 366/1/366 342/1/342 341/1/341 365/1/365
f 366/1/366 365/1/365 378/1/378 379/1/379
f 360/1/360 362/1/362 375/1/375 373/1/373
f 370/1/370 369/10/369 382/1/382 383/1/383
f 359/1/359 358/1/358 371/1/371 372/1/372
f 367/19/367 366/1/366 379/1/379 380/1/380
f 365/1/365 364/1/364 377/1/377 378/1/378
f 363/1/363 359/1/359 372/1/372 376/1/376
f 358/1/358 360/1/360 373/1/373 371/1/371
f 368/10/368 367/19/367 380/1/380 381/1/381
f 364/1/364 363/1/363 376/1/376 377/1/377
f 362/1/362 361/1/361 374/1/374 375/1/375
f 369/10/369 368/10/368 381/1/381 382/1/382
f 336/1/336 360/1/360 358/1/358 334/1/334
f 377/1/377 376/1/376 352/1/352 351/1/351
f 353/1/353 354/1/354 387/1/387 386/1/386
f 355/1/355 353/1/353 386/1/386 388/1/388
f 355/1/355 388/1/388 390/1/390 389/1/389
f 389/1/389 390/1/390 392/1/392 391/1/391
f 391/1/391 407/1/407 409/1/409 393/1/393
f 393/1/393 409/1/409 410/1/410 394/1/394
f 394/1/394 410/1/410 411/1/411 395/1/395
f 395/1/395 411/1/411 412/1/412 396/1/396
f 396/1/396 412/1/412 413/1/413 397/1/397
f 397/1/397 413/1/413 414/1/414 398/1/398
f 398/1/398 414/1/414 415/1/415 399/1/399
f 408/1/408 392/1/392 420/1/420 421/1/421
f 355/1/355 389/1/389 403/1/403 357/1/357
f 357/1/357 403/1/403 405/1/405 356/1/356
f 356/1/356 405/1/405 400/1/400 352/1/352
f 352/1/352 400/1/400 402/1/402 351/1/351
f 351/1/351 402/1/402 404/1/404 350/1/350
f 350/1/350 404/1/404 406/1/406 347/1/347
f 347/1/347 406/1/406 401/1/401 349/1/349
f 400/1/400 405/1/405 394/1/394 395/1/395
f 402/1/402 400/1/400 395/1/395 396/1/396
f 404/1/404 402/1/402 396/1/396 397/1/397
f 403/1/403 389/1/389 391/1/391 393/1/393
f 406/1/406 404/1/404 397/1/397 398/1/398
f 405/1/405 403/1/403 393/1/393 394/1/394
f 401/1/401 406/1/406 398/1/398 399/1/399
f 388/1/388 386/1/386 416/1/416 418/1/418
f 392/1/392 390/1/390 419/1/419 420/1/420
f 421/1/421 420/1/420 426/1/426 427/1/427
f 386/1/386 387/1/387 417/1/417 416/1/416
f 390/1/390 388/1/388 418/1/418 419/1/419
f 426/1/426 432/1/432 433/1/433 427/1/427
f 419/1/419 418/1/418 424/1/424 425/1/425
f 418/1/418 416/1/416 422/1/422 424/1/424
f 420/1/420 419/1/419 425/1/425 426/1/426
f 416/1/416 417/1/417 423/1/423 422/1/422
f 425/1/425 424/1/424 430/1/430 431/1/431
f 424/1/424 422/1/422 428/1/428 430/1/430
f 432/1/432 431/1/431 439/21/439 443/22/443
f 426/1/426 425/1/425 431/1/431 432/1/432
f 422/1/422 423/1/423 429/1/429 428/1/428
f 435/23/435 434/24/434 438/25/438 439/21/439
f 490/26/490 489/27/489 436/28/436 437/29/437
f 434/24/434 2184/30/2166 2185/31/2167 438/25/438
f 489/27/489 468/32/468 436/28/436
f 438/25/438 2185/31/2167 2186/33/2168 442/34/442
f 436/28/436 468/35/468 440/36/440
f 439/21/439 438/25/438 442/34/442 443/22/443
f 437/29/437 436/28/436 440/36/440 441/37/441
f 442/34/442 2186/33/2168 446/38/446
f 440/36/440 468/39/468 444/40/444
f 443/22/443 2182/41/2164 528/1/528
f 441/37/441 440/36/440 444/40/444 445/42/445
f 447/43/447 446/38/446 450/44/450 451/45/451
f 445/42/445 444/40/444 448/46/448 449/47/449
f 446/38/446 445/42/445 449/47/449 450/44/450
f 444/40/444 468/48/468 448/46/448
f 449/47/449 448/46/448 452/49/452 453/50/453
f 450/44/450 449/47/449 453/50/453 454/51/454
f 448/46/448 468/52/468 452/49/452
f 451/45/451 450/44/450 454/51/454 455/53/455
f 454/51/454 453/50/453 457/54/457 458/55/458
f 452/49/452 468/56/468 456/57/456
f 455/53/455 454/51/454 458/55/458 459/58/459
f 453/50/453 452/49/452 456/57/456 457/54/457
f 456/57/456 468/59/468 460/60/460
f 459/58/459 458/55/458 462/61/462 463/62/463
f 457/54/457 456/57/456 460/60/460 461/63/461
f 458/55/458 457/54/457 461/63/461 462/61/462
f 463/62/463 462/61/462 466/64/466 467/65/467
f 461/63/461 460/60/460 464/66/464 465/67/465
f 462/61/462 461/63/461 465/67/465 466/64/466
f 460/60/460 468/68/468 464/66/464
f 466/64/466 465/67/465 470/69/470 471/70/471
f 464/66/464 468/71/468 469/72/469
f 467/65/467 466/64/466 471/70/471 472/73/472
f 465/67/465 464/66/464 469/72/469 470/69/470
f 529/1/529 2182/41/2164 447/1/447 537/1/537
f 469/72/469 468/74/468 473/75/473
f 473/75/473 468/76/468 475/77/475
f 476/78/476 2175/79/2157 2176/80/2158 479/81/479
f 477/82/477 476/78/476 479/81/479 480/83/480
f 475/77/475 468/84/468 478/85/478
f 480/86/480 479/87/479 482/88/482 483/89/483
f 478/90/478 468/91/468 481/92/481
f 479/87/479 2176/93/2158 2179/94/2161 482/88/482
f 468/95/468 485/96/485 481/92/481
f 491/97/491 487/98/487 488/99/488 492/99/492
f 484/100/484 486/101/486 487/98/487 491/97/491
f 2174/102/2156 468/103/468 489/27/489
f 485/96/485 468/103/468 2174/102/2156
f 488/99/488 487/98/487 434/24/434 435/23/435
f 481/92/481 485/96/485 2178/104/2160 2179/94/2161
f 429/1/429 492/99/492 488/99/488 428/1/428
f 430/1/430 428/1/428 488/99/488 435/23/435
f 430/1/430 435/23/435 439/21/439 431/1/431
f 392/1/392 408/1/408 407/1/407 391/1/391
f 399/1/399 415/1/415 499/1/499 497/1/497
f 384/1/384 348/1/348 493/1/493 495/1/495
f 349/1/349 401/1/401 498/1/498 494/1/494
f 401/1/401 399/1/399 497/1/497 498/1/498
f 348/1/348 349/1/349 494/1/494 493/1/493
f 385/1/385 384/1/384 495/1/495 496/1/496
f 495/1/495 493/1/493 500/1/500 502/1/502
f 494/1/494 498/1/498 505/1/505 501/1/501
f 493/1/493 494/1/494 501/1/501 500/1/500
f 496/1/496 495/1/495 502/1/502 503/1/503
f 497/1/497 499/1/499 506/1/506 504/1/504
f 498/1/498 497/1/497 504/1/504 505/1/505
f 501/1/501 505/1/505 512/1/512 508/1/508
f 500/1/500 501/1/501 508/1/508 507/1/507
f 503/1/503 502/1/502 509/1/509 510/1/510
f 504/1/504 506/1/506 513/1/513 511/1/511
f 505/1/505 504/1/504 511/1/511 512/1/512
f 502/1/502 500/1/500 507/1/507 509/1/509
f 508/1/508 512/1/512 519/1/519 515/1/515
f 507/1/507 508/1/508 515/1/515 514/1/514
f 510/1/510 509/1/509 516/1/516 517/1/517
f 511/1/511 513/1/513 520/1/520 518/1/518
f 512/1/512 511/1/511 518/1/518 519/1/519
f 509/1/509 507/1/507 514/1/514 516/1/516
f 515/1/515 519/1/519 526/1/526 522/1/522
f 514/1/514 515/1/515 522/1/522 521/1/521
f 517/1/517 516/1/516 523/1/523 524/1/524
f 518/1/518 520/1/520 527/1/527 525/1/525
f 519/1/519 518/1/518 525/1/525 526/1/526
f 516/1/516 514/1/514 521/1/521 523/1/523
f 433/1/433 432/1/432 443/1/443 528/1/528
f 530/1/530 529/1/529 531/1/531 532/1/532
f 532/1/532 531/1/531 533/1/533 534/1/534
f 534/1/534 533/1/533 535/1/535 536/1/536
f 536/1/536 535/1/535 525/1/525 527/1/527
f 442/34/442 2182/41/2164 443/22/443
f 531/1/531 529/1/529 537/1/537 538/1/538
f 533/1/533 531/1/531 538/1/538 539/1/539
f 525/1/525 535/1/535 540/1/540 526/1/526
f 535/1/535 533/1/533 539/1/539 540/1/540
f 540/1/540 539/1/539 548/1/548 549/1/549
f 522/1/522 526/1/526 545/1/545 542/1/542
f 523/1/523 521/1/521 541/1/541 543/1/543
f 526/1/526 540/1/540 549/1/549 545/1/545
f 538/1/538 537/1/537 546/1/546 547/1/547
f 521/1/521 522/1/522 542/1/542 541/1/541
f 539/1/539 538/1/538 547/1/547 548/1/548
f 537/1/537 447/1/447 451/1/451 546/1/546
f 524/1/524 523/1/523 543/1/543 544/1/544
f 547/1/547 546/1/546 555/1/555 556/1/556
f 543/1/543 541/1/541 550/1/550 552/1/552
f 546/1/546 451/1/451 455/1/455 555/1/555
f 548/1/548 547/1/547 556/1/556 557/1/557
f 541/1/541 542/1/542 551/1/551 550/1/550
f 549/1/549 548/1/548 557/1/557 558/1/558
f 542/1/542 545/1/545 554/1/554 551/1/551
f 544/1/544 543/1/543 552/1/552 553/1/553
f 545/1/545 549/1/549 558/1/558 554/1/554
f 550/1/550 551/1/551 560/1/560 559/1/559
f 558/1/558 557/1/557 566/1/566 567/1/567
f 551/1/551 554/1/554 563/1/563 560/1/560
f 553/1/553 552/1/552 561/1/561 562/1/562
f 554/1/554 558/1/558 567/1/567 563/1/563
f 556/1/556 555/1/555 564/1/564 565/1/565
f 552/1/552 550/1/550 559/1/559 561/1/561
f 555/1/555 455/1/455 459/1/459 564/1/564
f 557/1/557 556/1/556 565/1/565 566/1/566
f 560/1/560 563/1/563 572/1/572 569/1/569
f 562/1/562 561/1/561 570/1/570 571/1/571
f 563/1/563 567/1/567 576/1/576 572/1/572
f 565/1/565 564/1/564 573/1/573 574/1/574
f 561/1/561 559/1/559 568/1/568 570/1/570
f 564/1/564 459/1/459 463/1/463 573/1/573
f 566/1/566 565/1/565 574/1/574 575/1/575
f 559/1/559 560/1/560 569/1/569 568/1/568
f 567/1/567 566/1/566 575/1/575 576/1/576
f 467/65/467 638/105/638 607/62/607 573/62/573 463/62/463
f 474/106/474 626/107/626 616/108/616 472/73/472
f 599/109/599 593/106/593 578/106/578 579/73/579
f 596/1/596 597/1/597 587/1/587 588/1/588
f 593/106/593 592/106/592 577/106/577 578/106/578
f 594/1/594 590/1/590 584/1/584 583/1/583
f 595/1/595 596/1/596 588/1/588 586/1/586
f 590/62/590 600/65/600 580/65/580 584/62/584
f 591/1/591 598/1/598 641/1/641 581/1/581
f 589/1/589 595/1/595 586/1/586 585/1/585
f 597/1/597 591/1/591 581/1/581 587/1/587
f 598/1/598 601/19/601 582/19/582 641/1/641
f 601/19/601 594/1/594 583/1/583 582/1/582
f 600/65/600 599/109/599 579/73/579 580/65/580
f 640/65/640 614/110/614 599/109/599 600/65/600
f 617/1/617 631/1/631 594/1/594 601/19/601
f 611/1/611 617/1/617 601/19/601 598/1/598
f 637/1/637 622/13/622 591/1/591 597/1/597
f 602/1/602 608/19/608 595/1/595 589/1/589
f 622/13/622 611/1/611 598/1/598 591/1/591
f 605/62/605 640/65/640 600/65/600 590/62/590
f 608/19/608 634/1/634 596/1/596 595/1/595
f 631/1/631 605/1/605 590/1/590 594/1/594
f 628/111/628 625/106/625 592/106/592 593/106/593
f 634/1/634 637/1/637 597/1/597 596/1/596
f 614/110/614 628/111/628 593/106/593 599/109/599
f 616/108/616 626/107/626 627/107/627 615/112/615
f 615/112/615 627/107/627 628/111/628 614/110/614
f 568/1/568 569/1/569 635/1/635 632/19/632
f 632/19/632 635/1/635 636/1/636 633/1/633
f 633/1/633 636/1/636 637/1/637 634/1/634
f 626/107/626 623/113/623 624/106/624 627/107/627
f 627/107/627 624/106/624 625/106/625 628/111/628
f 574/1/574 573/1/573 607/1/607 629/1/629
f 629/1/629 607/1/607 606/1/606 630/1/630
f 630/1/630 606/1/606 605/1/605 631/1/631
f 570/1/570 568/1/568 632/19/632 610/1/610
f 610/1/610 632/19/632 633/1/633 609/1/609
f 609/1/609 633/1/633 634/1/634 608/19/608
f 607/62/607 638/105/638 639/114/639 606/62/606
f 606/62/606 639/114/639 640/65/640 605/62/605
f 572/1/572 576/1/576 613/1/613 620/1/620
f 620/1/620 613/1/613 612/1/612 621/1/621
f 621/1/621 612/1/612 611/1/611 622/13/622
f 571/1/571 570/1/570 610/1/610 604/1/604
f 604/1/604 610/1/610 609/1/609 603/1/603
f 603/1/603 609/1/609 608/19/608 602/1/602
f 569/1/569 572/1/572 620/1/620 635/1/635
f 635/1/635 620/1/620 621/1/621 636/1/636
f 636/1/636 621/1/621 622/13/622 637/1/637
f 576/1/576 575/1/575 619/13/619 613/1/613
f 613/1/613 619/13/619 618/13/618 612/1/612
f 612/1/612 618/13/618 617/1/617 611/1/611
f 575/1/575 574/1/574 629/1/629 619/13/619
f 619/13/619 629/1/629 630/1/630 618/13/618
f 618/13/618 630/1/630 631/1/631 617/1/617
f 638/105/638 616/108/616 615/112/615 639/114/639
f 639/114/639 615/112/615 614/110/614 640/65/640
f 528/1/528 530/1/530 660/1/660 659/1/659
f 410/1/410 409/1/409 644/13/644 645/1/645
f 411/1/411 410/1/410 645/1/645 646/1/646
f 506/1/506 499/1/499 654/1/654 655/1/655
f 532/1/532 534/1/534 661/1/661
f 427/1/427 433/1/433 653/1/653 652/1/652
f 412/1/412 411/1/411 646/1/646 647/1/647
f 408/1/408 421/1/421 651/1/651 643/1/643
f 530/1/530 532/1/532 661/1/661 660/1/660
f 413/1/413 412/1/412 647/1/647 648/1/648
f 527/1/527 520/1/520 657/1/657 658/1/658
f 536/1/536 527/1/527 658/1/658 662/1/662
f 414/1/414 413/1/413 648/1/648 649/1/649
f 415/1/415 414/1/414 649/1/649 650/1/650
f 520/1/520 513/1/513 656/1/656 657/1/657
f 433/1/433 528/1/528 659/1/659 653/1/653
f 407/1/407 408/1/408 643/1/643 642/1/642
f 421/1/421 427/1/427 652/1/652 651/1/651
f 499/1/499 415/1/415 650/1/650 654/1/654
f 534/1/534 536/1/536 662/1/662
f 409/1/409 407/1/407 642/1/642 644/13/644
f 513/1/513 506/1/506 655/1/655 656/1/656
f 642/1/642 643/1/643 665/1/665 664/1/664
f 658/1/658 657/1/657 679/1/679 680/1/680
f 643/1/643 651/1/651 673/1/673 665/1/665
f 644/13/644 642/1/642 664/1/664 666/1/666
f 653/1/653 659/1/659 681/1/681 675/1/675
f 651/1/651 652/1/652 674/1/674 673/1/673
f 645/1/645 644/13/644 666/1/666 667/1/667
f 659/1/659 660/1/660 682/1/682 681/1/681
f 652/1/652 653/1/653 675/1/675 674/1/674
f 646/1/646 645/1/645 667/1/667 668/1/668
f 660/1/660 661/1/661 683/1/683 682/1/682
f 654/1/654 650/1/650 672/1/672 676/1/676
f 647/1/647 646/1/646 668/1/668 669/1/669
f 534/1/534 662/1/662 684/1/684 663/1/663
f 655/1/655 654/1/654 676/1/676 677/1/677
f 648/1/648 647/1/647 669/1/669 670/1/670
f 662/1/662 658/1/658 680/1/680 684/1/684
f 656/1/656 655/1/655 677/1/677 678/1/678
f 649/1/649 648/1/648 670/1/670 671/1/671
f 657/1/657 656/1/656 678/1/678 679/1/679
f 661/1/661 534/1/534 663/1/663 683/1/683
f 650/1/650 649/1/649 671/1/671 672/1/672
f 675/1/675 681/1/681 703/1/703 697/1/697
f 673/1/673 674/1/674 696/1/696 695/1/695
f 667/1/667 666/1/666 688/1/688 689/1/689
f 681/1/681 682/1/682 704/1/704 703/1/703
f 674/1/674 675/1/675 697/1/697 696/1/696
f 668/1/668 667/1/667 689/1/689 690/1/690
f 682/1/682 683/1/683 705/1/705 704/1/704
f 676/1/676 672/1/672 694/1/694 698/1/698
f 669/1/669 668/1/668 690/1/690 691/1/691
f 663/1/663 684/1/684 706/1/706 685/1/685
f 677/1/677 676/1/676 698/1/698 699/1/699
f 670/1/670 669/1/669 691/1/691 692/1/692
f 684/1/684 680/1/680 702/1/702 706/1/706
f 678/1/678 677/1/677 699/1/699 700/1/700
f 671/1/671 670/1/670 692/1/692 693/1/693
f 683/1/683 663/1/663 685/1/685 705/1/705
f 679/1/679 678/1/678 700/1/700 701/1/701
f 672/1/672 671/1/671 693/1/693 694/1/694
f 664/1/664 665/1/665 687/1/687 686/1/686
f 680/1/680 679/1/679 701/1/701 702/1/702
f 665/1/665 673/1/673 695/1/695 687/1/687
f 666/1/666 664/1/664 686/1/686 688/1/688
f 695/1/695 696/1/696 718/1/718 717/1/717
f 689/1/689 688/1/688 710/1/710 711/1/711
f 703/1/703 704/1/704 726/1/726 725/1/725
f 696/1/696 697/1/697 719/1/719 718/1/718
f 690/1/690 689/1/689 711/1/711 712/1/712
f 704/1/704 705/1/705 727/1/727 726/1/726
f 698/1/698 694/1/694 716/1/716 720/1/720
f 691/1/691 690/1/690 712/1/712 713/1/713
f 685/1/685 706/1/706 728/1/728 707/1/707
f 699/1/699 698/1/698 720/1/720 721/1/721
f 692/1/692 691/1/691 713/1/713 714/1/714
f 706/1/706 702/1/702 724/1/724 728/1/728
f 700/1/700 699/1/699 721/1/721 722/1/722
f 693/1/693 692/1/692 714/1/714 715/1/715
f 705/1/705 685/1/685 707/1/707 727/1/727
f 701/1/701 700/1/700 722/1/722 723/1/723
f 694/1/694 693/1/693 715/1/715 716/1/716
f 686/1/686 687/1/687 709/1/709 708/1/708
f 702/1/702 701/1/701 723/1/723 724/1/724
f 687/1/687 695/1/695 717/1/717 709/1/709
f 688/1/688 686/1/686 708/1/708 710/1/710
f 697/1/697 703/1/703 725/1/725 719/1/719
f 711/1/711 710/1/710 732/1/732 733/1/733
f 725/1/725 726/1/726 748/1/748 747/1/747
f 718/1/718 719/1/719 741/1/741 740/1/740
f 712/1/712 711/1/711 733/1/733 734/1/734
f 726/1/726 727/1/727 749/1/749 748/1/748
f 720/1/720 716/1/716 738/1/738 742/1/742
f 713/1/713 712/1/712 734/1/734 735/1/735
f 707/1/707 728/1/728 750/1/750 729/1/729
f 721/1/721 720/1/720 742/1/742 743/1/743
f 714/1/714 713/1/713 735/1/735 736/1/736
f 728/1/728 724/1/724 746/1/746 750/1/750
f 722/1/722 721/1/721 743/1/743 744/1/744
f 715/1/715 714/1/714 736/1/736 737/1/737
f 727/1/727 707/1/707 729/1/729 749/1/749
f 723/1/723 722/1/722 744/1/744 745/1/745
f 716/1/716 715/1/715 737/1/737 738/1/738
f 708/1/708 709/1/709 731/1/731 730/1/730
f 724/1/724 723/1/723 745/1/745 746/1/746
f 709/1/709 717/1/717 739/1/739 731/1/731
f 710/1/710 708/1/708 730/1/730 732/1/732
f 719/1/719 725/1/725 747/1/747 741/1/741
f 717/1/717 718/1/718 740/1/740 739/1/739
f 740/1/740 741/1/741 763/1/763 762/1/762
f 734/1/734 733/1/733 755/1/755 756/1/756
f 748/1/748 749/1/749 771/1/771 770/1/770
f 742/1/742 738/1/738 760/1/760 764/1/764
f 735/1/735 734/1/734 756/1/756 757/1/757
f 729/1/729 750/1/750 772/1/772 751/1/751
f 743/1/743 742/1/742 764/1/764 765/1/765
f 736/1/736 735/1/735 757/1/757 758/1/758
f 750/1/750 746/1/746 768/1/768 772/1/772
f 744/1/744 743/1/743 765/1/765 766/1/766
f 737/1/737 736/1/736 758/1/758 759/1/759
f 749/1/749 729/1/729 751/1/751 771/1/771
f 745/1/745 744/1/744 766/1/766 767/1/767
f 738/1/738 737/1/737 759/1/759 760/1/760
f 730/1/730 731/1/731 753/1/753 752/1/752
f 746/1/746 745/1/745 767/1/767 768/1/768
f 731/1/731 739/1/739 761/1/761 753/1/753
f 732/1/732 730/1/730 752/1/752 754/1/754
f 741/1/741 747/1/747 769/1/769 763/1/763
f 739/1/739 740/1/740 762/1/762 761/1/761
f 733/1/733 732/1/732 754/1/754 755/1/755
f 747/1/747 748/1/748 770/1/770 769/1/769
f 760/1/760 759/1/759 780/1/780 779/1/779
f 762/1/762 763/1/763 776/1/776 777/1/777
f 766/1/766 765/1/765 774/1/774 773/1/773
f 752/1/752 753/1/753 786/1/786 787/1/787
f 769/1/769 770/1/770 1960/1/1942 1961/1/1943
f 765/1/765 764/1/764 775/1/775 774/1/774
f 767/1/767 766/1/766 773/1/773 1963/1/1945
f 770/1/770 771/1/771 1959/1/1941 1960/1/1942
f 751/1/751 772/1/772 1958/1/1940 788/1/788
f 759/1/759 758/1/758 781/1/781 780/1/780
f 755/1/755 754/1/754 785/1/785 784/1/784
f 757/1/757 756/1/756 783/1/783 782/1/782
f 771/1/771 751/1/751 788/1/788 1959/1/1941
f 763/1/763 769/1/769 1961/1/1943 776/1/776
f 764/1/764 760/1/760 779/1/779 775/1/775
f 753/1/753 761/1/761 778/1/778 786/1/786
f 761/1/761 762/1/762 777/1/777 778/1/778
f 758/1/758 757/1/757 782/1/782 781/1/781
f 754/1/754 752/1/752 787/1/787 785/1/785
f 768/1/768 767/1/767 1963/1/1945 1962/1/1944
f 756/1/756 755/1/755 784/1/784 783/1/783
f 772/1/772 768/1/768 1962/1/1944 1958/1/1940
f 828/106/828 827/106/827 789/106/789 790/106/790
f 790/106/790 789/106/789 791/106/791 792/106/792
f 792/106/792 791/106/791 793/106/793 794/106/794
f 794/106/794 793/106/793 795/106/795 796/106/796
f 796/106/796 795/106/795 797/106/797 798/106/798
f 798/106/798 797/106/797 799/106/799 800/106/800
f 800/106/800 799/106/799 801/106/801 802/106/802
f 790/106/790 792/106/792 805/106/805 804/106/804
f 804/106/804 805/106/805 807/106/807 806/106/806
f 806/106/806 807/106/807 809/106/809 808/106/808
f 808/106/808 809/106/809 811/106/811 810/106/810
f 810/106/810 811/106/811 813/106/813 812/106/812
f 812/106/812 813/106/813 815/106/815 814/106/814
f 814/106/814 815/106/815 817/106/817 816/106/816
f 816/106/816 817/106/817 819/106/819 818/106/818
f 802/106/802 801/106/801 803/106/803 820/106/820
f 820/106/820 803/106/803 821/106/821 822/106/822
f 837/115/837 822/106/822 821/106/821 842/115/842
f 819/106/819 820/106/820 822/106/822 818/106/818
f 828/106/828 790/106/790 804/106/804 847/116/847
f 847/116/847 804/106/804 806/106/806 852/117/852
f 852/117/852 806/106/806 808/106/808 857/118/857
f 857/118/857 808/106/808 810/106/810 862/119/862
f 862/119/862 810/106/810 812/106/812 867/119/867
f 867/119/867 812/106/812 814/106/814 872/119/872
f 872/119/872 814/106/814 816/106/816 877/119/877
f 877/119/877 816/106/816 818/106/818 882/119/882
f 837/115/837 882/119/882 818/106/818 822/106/822
f 588/3/588 587/1/587 878/120/878 833/121/833
f 833/121/833 878/120/878 879/122/879 834/123/834
f 834/123/834 879/122/879 880/124/880 835/125/835
f 835/125/835 880/124/880 881/126/881 836/127/836
f 836/127/836 881/126/881 882/119/882 837/115/837
f 581/1/581 873/120/873 878/120/878 587/1/587
f 873/120/873 874/122/874 879/122/879 878/120/878
f 874/122/874 875/124/875 880/124/880 879/122/879
f 875/124/875 876/126/876 881/126/881 880/124/880
f 876/126/876 877/119/877 882/119/882 881/126/881
f 641/1/641 868/120/868 873/120/873 581/1/581
f 868/120/868 869/122/869 874/122/874 873/120/873
f 869/122/869 870/124/870 875/124/875 874/122/874
f 870/124/870 871/126/871 876/126/876 875/124/875
f 871/126/871 872/119/872 877/119/877 876/126/876
f 582/1/582 863/120/863 868/120/868 641/1/641
f 863/120/863 864/122/864 869/122/869 868/120/868
f 864/122/864 865/124/865 870/124/870 869/122/869
f 865/124/865 866/126/866 871/126/871 870/124/870
f 866/126/866 867/119/867 872/119/872 871/126/871
f 583/1/583 858/120/858 863/120/863 582/1/582
f 858/120/858 859/122/859 864/122/864 863/120/863
f 859/122/859 860/124/860 865/124/865 864/122/864
f 860/124/860 861/126/861 866/126/866 865/124/865
f 861/126/861 862/119/862 867/119/867 866/126/866
f 584/62/584 853/128/853 858/120/858 583/1/583
f 853/128/853 854/129/854 859/122/859 858/120/858
f 854/129/854 855/130/855 860/124/860 859/122/859
f 855/130/855 856/131/856 861/126/861 860/124/860
f 856/131/856 857/118/857 862/119/862 861/126/861
f 580/65/580 848/132/848 853/128/853 584/62/584
f 848/132/848 849/133/849 854/129/854 853/128/853
f 849/133/849 850/134/850 855/130/855 854/129/854
f 850/134/850 851/135/851 856/131/856 855/130/855
f 851/135/851 852/117/852 857/118/857 856/131/856
f 579/73/579 843/136/843 848/132/848 580/65/580
f 843/136/843 844/137/844 849/133/849 848/132/848
f 844/137/844 845/138/845 850/134/850 849/133/849
f 845/138/845 846/117/846 851/135/851 850/134/850
f 846/117/846 847/116/847 852/117/852 851/135/851
f 578/106/578 832/106/832 843/136/843 579/73/579
f 832/106/832 831/106/831 844/137/844 843/136/843
f 831/106/831 830/139/830 845/138/845 844/137/844
f 830/139/830 829/139/829 846/117/846 845/138/845
f 829/139/829 828/106/828 847/116/847 846/117/846
f 588/3/588 833/121/833 838/121/838 585/3/585
f 833/121/833 834/123/834 839/123/839 838/121/838
f 834/123/834 835/125/835 840/125/840 839/123/839
f 835/125/835 836/127/836 841/127/841 840/125/840
f 836/127/836 837/115/837 842/115/842 841/127/841
f 578/106/578 577/106/577 823/106/823 832/106/832
f 832/106/832 823/106/823 824/139/824 831/106/831
f 831/106/831 824/139/824 825/139/825 830/139/830
f 830/139/830 825/139/825 826/106/826 829/139/829
f 829/139/829 826/106/826 827/106/827 828/106/828
f 813/106/813 811/106/811 892/106/892 893/106/893
f 800/106/800 802/106/802 888/106/888 887/106/887
f 809/106/809 807/106/807 890/106/890 891/106/891
f 819/106/819 817/106/817 895/106/895 896/106/896
f 796/106/796 798/106/798 886/106/886 885/106/885
f 805/106/805 792/106/792 883/106/883 889/106/889
f 815/106/815 813/106/813 893/106/893 894/106/894
f 792/106/792 794/106/794 884/106/884 883/106/883
f 811/106/811 809/106/809 891/106/891 892/106/892
f 820/106/820 819/106/819 896/106/896 897/106/897
f 798/106/798 800/106/800 887/106/887 886/106/886
f 807/106/807 805/106/805 889/106/889 890/106/890
f 817/106/817 815/106/815 894/106/894 895/106/895
f 802/106/802 820/106/820 897/106/897 888/106/888
f 794/106/794 796/106/796 885/106/885 884/106/884
f 915/106/915 914/106/914 900/106/900 899/106/899
f 919/111/919 918/111/918 907/106/907 908/106/908
f 914/106/914 922/140/921 901/106/901 900/106/900
f 923/141/922 919/111/919 908/106/908 909/106/909
f 922/140/921 926/106/925 902/106/902 901/106/901
f 927/141/926 923/141/922 909/106/909 910/106/910
f 926/106/925 930/142/929 903/106/903 902/106/902
f 931/106/930 927/141/926 910/106/910 911/106/911
f 935/143/934 934/111/933 898/106/898 904/106/904
f 930/142/929 938/106/937 912/106/912 903/106/903
f 939/106/938 935/143/934 904/106/904 905/106/905
f 938/106/937 931/106/930 911/106/911 912/106/912
f 941/106/940 939/106/938 905/106/905 906/106/906
f 934/111/933 915/106/915 899/106/899 898/106/898
f 918/111/918 941/106/940 906/106/906 907/106/907
f 892/106/892 891/106/891 942/106/941 917/140/917
f 917/140/917 942/106/941 941/106/940 918/111/918
f 883/106/883 884/106/884 916/106/916 933/143/932
f 933/143/932 916/106/916 915/106/915 934/111/933
f 891/106/891 890/106/890 940/141/939 942/106/941
f 942/106/941 940/141/939 939/106/938 941/106/940
f 897/106/897 896/106/896 932/141/931 937/113/936
f 937/113/936 932/141/931 931/106/930 938/106/937
f 890/106/890 889/106/889 936/113/935 940/141/939
f 940/141/939 936/113/935 935/143/934 939/106/938
f 888/106/888 897/106/897 937/113/936 929/142/928
f 929/142/928 937/113/936 938/106/937 930/142/929
f 889/106/889 883/106/883 933/143/932 936/113/935
f 936/113/935 933/143/932 934/111/933 935/143/934
f 896/106/896 895/106/895 928/141/927 932/141/931
f 932/141/931 928/141/927 927/141/926 931/106/930
f 887/106/887 888/106/888 929/142/928 925/106/924
f 925/106/924 929/142/928 930/142/929 926/106/925
f 895/106/895 894/106/894 924/111/923 928/141/927
f 928/141/927 924/111/923 923/141/922 927/141/926
f 886/106/886 887/106/887 925/106/924 921/106/921
f 921/106/921 925/106/924 926/106/925 922/140/921
f 894/106/894 893/106/893 920/144/920 924/111/923
f 924/111/923 920/144/920 919/111/919 923/141/922
f 885/106/885 886/106/886 921/106/921 913/106/913
f 913/106/913 921/106/921 922/140/921 914/106/914
f 893/106/893 892/106/892 917/140/917 920/144/920
f 920/144/920 917/140/917 918/111/918 919/111/919
f 884/106/884 885/106/885 913/106/913 916/106/916
f 916/106/916 913/106/913 914/106/914 915/106/915
f 907/106/907 906/106/906 951/106/950 952/106/951
f 899/106/899 900/106/900 945/106/944 944/106/943
f 1114/140/1113 1108/139/1107 968/106/967 969/106/968
f 908/106/908 907/106/907 952/106/951 953/106/952
f 900/106/900 901/106/901 946/106/945 945/106/944
f 909/106/909 908/106/908 953/106/952 954/106/953
f 901/106/901 902/106/902 947/106/946 946/106/945
f 910/106/910 909/106/909 954/106/953 955/106/954
f 902/106/902 903/106/903 948/106/947 947/106/946
f 911/106/911 910/106/910 955/106/954 956/106/955
f 904/106/904 898/106/898 943/106/942 949/106/948
f 903/106/903 912/106/912 957/106/956 948/106/947
f 905/106/905 904/106/904 949/106/948 950/106/949
f 912/106/912 911/106/911 956/106/955 957/106/956
f 906/106/906 905/106/905 950/106/949 951/106/950
f 898/106/898 899/106/899 944/106/943 943/106/942
f 1115/106/1114 1093/143/1092 962/106/961 961/106/960
f 1116/144/1115 1114/140/1113 969/106/968 970/106/969
f 1093/143/1092 1109/144/1108 963/106/962 962/106/961
f 1117/111/1116 1116/144/1115 970/106/969 971/106/970
f 1118/111/1117 1110/111/1109 958/106/957 964/106/963
f 1109/144/1108 1111/106/1110 972/106/971 963/106/962
f 1119/139/1118 1118/111/1117 964/106/963 965/106/964
f 1111/106/1110 1117/111/1116 971/106/970 972/106/971
f 1120/111/1119 1119/139/1118 965/106/964 966/106/965
f 1110/111/1109 1112/106/1111 959/106/958 958/106/957
f 1121/106/1120 1120/111/1119 966/106/965 967/106/966
f 1112/106/1111 1113/106/1112 960/106/959 959/106/958
f 1108/139/1107 1121/106/1120 967/106/966 968/106/967
f 1113/106/1112 1115/106/1114 961/106/960 960/106/959
f 945/106/944 946/106/945 996/111/995 1057/106/1056
f 1057/106/1056 996/111/995 995/106/994 1058/106/1057
f 1058/106/1057 995/106/994 994/141/993 1059/106/1058
f 1059/106/1058 994/141/993 993/106/992 1060/139/1059
f 1060/139/1059 993/106/992 992/143/991 1061/106/1060
f 1061/106/1060 992/143/991 991/106/990 1062/106/1061
f 953/106/952 952/106/951 1056/111/1055 973/106/972
f 973/106/972 1056/111/1055 1055/140/1054 974/111/973
f 974/111/973 1055/140/1054 1054/106/1053 975/144/974
f 975/144/974 1054/106/1053 1053/106/1052 976/141/975
f 976/141/975 1053/106/1052 1052/106/1051 977/144/976
f 977/144/976 1052/106/1051 1051/106/1050 978/106/977
f 944/106/943 945/106/944 1057/106/1056 1045/106/1044
f 1045/106/1044 1057/106/1056 1058/106/1057 1046/111/1045
f 1046/111/1045 1058/106/1057 1059/106/1058 1047/106/1046
f 1047/106/1046 1059/106/1058 1060/139/1059 1048/143/1047
f 1048/143/1047 1060/139/1059 1061/106/1060 1049/143/1048
f 1049/143/1048 1061/106/1060 1062/106/1061 1050/106/1049
f 952/106/951 951/106/950 1044/106/1043 1056/111/1055
f 1056/111/1055 1044/106/1043 1043/139/1042 1055/140/1054
f 1055/140/1054 1043/139/1042 1042/106/1041 1054/106/1053
f 1054/106/1053 1042/106/1041 1041/139/1040 1053/106/1052
f 1053/106/1052 1041/139/1040 1040/106/1039 1052/106/1051
f 1052/106/1051 1040/106/1039 1039/106/1038 1051/106/1050
f 943/106/942 944/106/943 1045/106/1044 1015/106/1014
f 1015/106/1014 1045/106/1044 1046/111/1045 1016/140/1015
f 1016/140/1015 1046/111/1045 1047/106/1046 1017/106/1016
f 1017/106/1016 1047/106/1046 1048/143/1047 1018/106/1017
f 1018/106/1017 1048/143/1047 1049/143/1048 1019/111/1018
f 1019/111/1018 1049/143/1048 1050/106/1049 1020/106/1019
f 951/106/950 950/106/949 1038/111/1037 1044/106/1043
f 1044/106/1043 1038/111/1037 1037/106/1036 1043/139/1042
f 1043/139/1042 1037/106/1036 1036/144/1035 1042/106/1041
f 1042/106/1041 1036/144/1035 1035/139/1034 1041/139/1040
f 1041/139/1040 1035/139/1034 1034/106/1033 1040/106/1039
f 1040/106/1039 1034/106/1033 1033/106/1032 1039/106/1038
f 957/106/956 956/106/955 1014/139/1013 1027/106/1026
f 1027/106/1026 1014/139/1013 1013/106/1012 1028/111/1027
f 1028/111/1027 1013/106/1012 1012/106/1011 1029/106/1028
f 1029/106/1028 1012/106/1011 1011/144/1010 1030/139/1029
f 1030/139/1029 1011/144/1010 1010/106/1009 1031/139/1030
f 1031/139/1030 1010/106/1009 1009/106/1008 1032/106/1031
f 950/106/949 949/106/948 1026/106/1025 1038/111/1037
f 1038/111/1037 1026/106/1025 1025/106/1024 1037/106/1036
f 1037/106/1036 1025/106/1024 1024/143/1023 1036/144/1035
f 1036/144/1035 1024/143/1023 1023/106/1022 1035/139/1034
f 1035/139/1034 1023/106/1022 1022/143/1021 1034/106/1033
f 1034/106/1033 1022/143/1021 1021/106/1020 1033/106/1032
f 948/106/947 957/106/956 1027/106/1026 1003/140/1002
f 1003/140/1002 1027/106/1026 1028/111/1027 1004/143/1003
f 1004/143/1003 1028/111/1027 1029/106/1028 1005/142/1004
f 1005/142/1004 1029/106/1028 1030/139/1029 1006/106/1005
f 1006/106/1005 1030/139/1029 1031/139/1030 1007/106/1006
f 1007/106/1006 1031/139/1030 1032/106/1031 1008/140/1007
f 949/106/948 943/106/942 1015/106/1014 1026/106/1025
f 1026/106/1025 1015/106/1014 1016/140/1015 1025/106/1024
f 1025/106/1024 1016/140/1015 1017/106/1016 1024/143/1023
f 1024/143/1023 1017/106/1016 1018/106/1017 1023/106/1022
f 1023/106/1022 1018/106/1017 1019/111/1018 1022/143/1021
f 1022/143/1021 1019/111/1018 1020/106/1019 1021/106/1020
f 956/106/955 955/106/954 1002/106/1001 1014/139/1013
f 1014/139/1013 1002/106/1001 1001/111/1000 1013/106/1012
f 1013/106/1012 1001/111/1000 1000/106/999 1012/106/1011
f 1012/106/1011 1000/106/999 999/106/998 1011/144/1010
f 1011/144/1010 999/106/998 998/111/997 1010/106/1009
f 1010/106/1009 998/111/997 997/144/996 1009/106/1008
f 947/106/946 948/106/947 1003/140/1002 985/144/984
f 985/144/984 1003/140/1002 1004/143/1003 986/106/985
f 986/106/985 1004/143/1003 1005/142/1004 987/144/986
f 987/144/986 1005/142/1004 1006/106/1005 988/142/987
f 988/142/987 1006/106/1005 1007/106/1006 989/111/988
f 989/111/988 1007/106/1006 1008/140/1007 990/106/989
f 955/106/954 954/106/953 984/139/983 1002/106/1001
f 1002/106/1001 984/139/983 983/111/982 1001/111/1000
f 1001/111/1000 983/111/982 982/106/981 1000/106/999
f 1000/106/999 982/106/981 981/139/980 999/106/998
f 999/106/998 981/139/980 980/139/979 998/111/997
f 998/111/997 980/139/979 979/139/978 997/144/996
f 946/106/945 947/106/946 985/144/984 996/111/995
f 996/111/995 985/144/984 986/106/985 995/106/994
f 995/106/994 986/106/985 987/144/986 994/141/993
f 994/141/993 987/144/986 988/142/987 993/106/992
f 993/106/992 988/142/987 989/111/988 992/143/991
f 992/143/991 989/111/988 990/106/989 991/106/990
f 954/106/953 953/106/952 973/106/972 984/139/983
f 984/139/983 973/106/972 974/111/973 983/111/982
f 983/111/982 974/111/973 975/144/974 982/106/981
f 982/106/981 975/144/974 976/141/975 981/139/980
f 981/139/980 976/141/975 977/144/976 980/139/979
f 980/139/979 977/144/976 978/106/977 979/139/978
f 968/106/967 967/106/966 1072/106/1071 1073/106/1072
f 960/106/959 961/106/960 1066/106/1065 1065/106/1064
f 969/106/968 968/106/967 1073/106/1072 1074/106/1073
f 961/106/960 962/106/961 1067/106/1066 1066/106/1065
f 970/106/969 969/106/968 1074/106/1073 1075/106/1074
f 962/106/961 963/106/962 1068/106/1067 1067/106/1066
f 971/106/970 970/106/969 1075/106/1074 1076/106/1075
f 958/106/957 959/106/958 1064/106/1063 1063/106/1062
f 964/106/963 958/106/957 1063/106/1062 1069/106/1068
f 963/106/962 972/106/971 1077/106/1076 1068/106/1067
f 965/106/964 964/106/963 1069/106/1068 1070/106/1069
f 972/106/971 971/106/970 1076/106/1075 1077/106/1076
f 966/106/965 965/106/964 1070/106/1069 1071/106/1070
f 959/106/958 960/106/959 1065/106/1064 1064/106/1063
f 967/106/966 966/106/965 1071/106/1070 1072/106/1071
f 1070/106/1069 1069/106/1068 1084/106/1083 1085/106/1084
f 1077/106/1076 1076/106/1075 1091/106/1090 1092/106/1091
f 1071/106/1070 1070/106/1069 1085/106/1084 1086/106/1085
f 1064/106/1063 1065/106/1064 1080/106/1079 1079/106/1078
f 1072/106/1071 1071/106/1070 1086/106/1085 1087/106/1086
f 1063/106/1062 1064/106/1063 1079/106/1078 1078/106/1077
f 1073/106/1072 1072/106/1071 1087/106/1086 1088/106/1087
f 1065/106/1064 1066/106/1065 1081/106/1080 1080/106/1079
f 1074/106/1073 1073/106/1072 1088/106/1087 1089/106/1088
f 1066/106/1065 1067/106/1066 1082/106/1081 1081/106/1080
f 1075/106/1074 1074/106/1073 1089/106/1088 1090/106/1089
f 1067/106/1066 1068/106/1067 1083/106/1082 1082/106/1081
f 1076/106/1075 1075/106/1074 1090/106/1089 1091/106/1090
f 1069/106/1068 1063/106/1062 1078/106/1077 1084/106/1083
f 1068/106/1067 1077/106/1076 1092/106/1091 1083/106/1082
f 1083/106/1082 1092/106/1091 1107/106/1106 1099/106/1098
f 1062/106/1061 991/106/990 1115/106/1114 1113/106/1112
f 1085/106/1084 1084/106/1083 1100/106/1099 1101/106/1100
f 1092/106/1091 1091/106/1090 1106/106/1105 1107/106/1106
f 1086/106/1085 1085/106/1084 1101/106/1100 1102/106/1101
f 1079/106/1078 1080/106/1079 1096/106/1095 1095/106/1094
f 1087/106/1086 1086/106/1085 1102/106/1101 1127/106/1121
f 1078/106/1077 1079/106/1078 1095/106/1094 1094/106/1093
f 978/106/977 1051/106/1050 1121/106/1120 1108/139/1107
f 1088/106/1087 1087/106/1086 1127/106/1121 1103/106/1102
f 1080/106/1079 1081/106/1080 1097/106/1096 1096/106/1095
f 1089/106/1088 1088/106/1087 1103/106/1102 1104/106/1103
f 1081/106/1080 1082/106/1081 1098/106/1097 1097/106/1096
f 1090/106/1089 1089/106/1088 1104/106/1103 1105/106/1104
f 1082/106/1081 1083/106/1082 1099/106/1098 1098/106/1097
f 1091/106/1090 1090/106/1089 1105/106/1104 1106/106/1105
f 1084/106/1083 1078/106/1077 1094/106/1093 1100/106/1099
f 1050/106/1049 1062/106/1061 1113/106/1112 1112/106/1111
f 1051/106/1050 1039/106/1038 1120/111/1119 1121/106/1120
f 1020/106/1019 1050/106/1049 1112/106/1111 1110/111/1109
f 1039/106/1038 1033/106/1032 1119/139/1118 1120/111/1119
f 1032/106/1031 1009/106/1008 1117/111/1116 1111/106/1110
f 1033/106/1032 1021/106/1020 1118/111/1117 1119/139/1118
f 1008/140/1007 1032/106/1031 1111/106/1110 1109/144/1108
f 1021/106/1020 1020/106/1019 1110/111/1109 1118/111/1117
f 1009/106/1008 997/144/996 1116/144/1115 1117/111/1116
f 990/106/989 1008/140/1007 1109/144/1108 1093/143/1092
f 997/144/996 979/139/978 1114/140/1113 1116/144/1115
f 991/106/990 990/106/989 1093/143/1092 1115/106/1114
f 979/139/978 978/106/977 1108/139/1107 1114/140/1113
f 1101/106/1100 1100/106/1099 1135/106/1128 1136/106/1129
f 1100/106/1099 1094/106/1093 1129/106/1122 1135/106/1128
f 1098/106/1097 1099/106/1098 1134/106/1127 1133/106/1126
f 1097/106/1096 1098/106/1097 1133/106/1126 1132/106/1125
f 1096/106/1095 1097/106/1096 1132/106/1125 1131/106/1124
f 1094/106/1093 1095/106/1094 1130/106/1123 1129/106/1122
f 1107/106/1106 1106/106/1105 1142/106/1135 1143/106/1136
f 1095/106/1094 1096/106/1095 1131/106/1124 1130/106/1123
f 1099/106/1098 1107/106/1106 1143/106/1136 1134/106/1127
f 1106/106/1105 1105/106/1104 1141/106/1134 1142/106/1135
f 1105/106/1104 1104/106/1103 1140/106/1133 1141/106/1134
f 1104/106/1103 1103/106/1102 1139/106/1132 1140/106/1133
f 1103/106/1102 1127/106/1121 1138/106/1131 1139/106/1132
f 1127/106/1121 1102/106/1101 1137/106/1130 1138/106/1131
f 1102/106/1101 1101/106/1100 1136/106/1129 1137/106/1130
f 1171/139/1164 1202/106/1195 1158/106/1151 1151/106/1144
f 1211/139/1204 1178/106/1171 1154/106/1147 1155/106/1148
f 1202/106/1195 1179/139/1172 1156/106/1149 1158/106/1151
f 1195/139/1188 1170/106/1163 1148/106/1141 1147/106/1140
f 1170/106/1163 1183/139/1176 1149/106/1142 1148/106/1141
f 1203/139/1196 1195/139/1188 1147/106/1140 1146/106/1139
f 1215/139/1208 1207/139/1200 1145/106/1138 1144/106/1137
f 1178/106/1171 1166/106/1159 1153/106/1146 1154/106/1147
f 1207/139/1200 1203/139/1196 1146/106/1139 1145/106/1138
f 1166/106/1159 1162/106/1155 1152/106/1145 1153/106/1146
f 1183/139/1176 1187/139/1180 1150/106/1143 1149/106/1142
f 1162/106/1155 1194/106/1187 1157/106/1150 1152/106/1145
f 1194/106/1187 1215/139/1208 1144/106/1137 1157/106/1150
f 1187/139/1180 1171/139/1164 1151/106/1144 1150/106/1143
f 1179/139/1172 1211/139/1204 1155/106/1148 1156/106/1149
f 1130/106/1123 1131/106/1124 1214/106/1207 1182/106/1175
f 1182/106/1175 1214/106/1207 1213/106/1206 1181/106/1174
f 1181/106/1174 1213/106/1206 1212/139/1205 1180/139/1173
f 1180/139/1173 1212/139/1205 1211/139/1204 1179/139/1172
f 1136/106/1129 1135/106/1128 1174/106/1167 1190/106/1183
f 1190/106/1183 1174/106/1167 1173/106/1166 1189/106/1182
f 1189/106/1182 1173/106/1166 1172/139/1165 1188/139/1181
f 1188/139/1181 1172/139/1165 1171/139/1164 1187/139/1180
f 1143/106/1136 1142/106/1135 1218/106/1211 1191/139/1184
f 1191/139/1184 1218/106/1211 1217/106/1210 1192/139/1185
f 1192/139/1185 1217/106/1210 1216/139/1209 1193/106/1186
f 1193/106/1186 1216/139/1209 1215/139/1208 1194/106/1187
f 1134/106/1127 1143/106/1136 1191/139/1184 1159/139/1152
f 1159/139/1152 1191/139/1184 1192/139/1185 1160/139/1153
f 1160/139/1153 1192/139/1185 1193/106/1186 1161/106/1154
f 1161/106/1154 1193/106/1186 1194/106/1187 1162/106/1155
f 1137/106/1130 1136/106/1129 1190/106/1183 1186/106/1179
f 1186/106/1179 1190/106/1183 1189/106/1182 1185/106/1178
f 1185/106/1178 1189/106/1182 1188/139/1181 1184/139/1177
f 1184/139/1177 1188/139/1181 1187/139/1180 1183/139/1176
f 1133/106/1126 1134/106/1127 1159/139/1152 1163/139/1156
f 1163/139/1156 1159/139/1152 1160/139/1153 1164/139/1157
f 1164/139/1157 1160/139/1153 1161/106/1154 1165/106/1158
f 1165/106/1158 1161/106/1154 1162/106/1155 1166/106/1159
f 1141/106/1134 1140/106/1133 1206/106/1199 1210/106/1203
f 1210/106/1203 1206/106/1199 1205/106/1198 1209/106/1202
f 1209/106/1202 1205/106/1198 1204/139/1197 1208/139/1201
f 1208/139/1201 1204/139/1197 1203/139/1196 1207/139/1200
f 1132/106/1125 1133/106/1126 1163/139/1156 1175/139/1168
f 1175/139/1168 1163/139/1156 1164/139/1157 1176/139/1169
f 1176/139/1169 1164/139/1157 1165/106/1158 1177/106/1170
f 1177/106/1170 1165/106/1158 1166/106/1159 1178/106/1171
f 1142/106/1135 1141/106/1134 1210/106/1203 1218/106/1211
f 1218/106/1211 1210/106/1203 1209/106/1202 1217/106/1210
f 1217/106/1210 1209/106/1202 1208/139/1201 1216/139/1209
f 1216/139/1209 1208/139/1201 1207/139/1200 1215/139/1208
f 1140/106/1133 1139/106/1132 1198/106/1191 1206/106/1199
f 1206/106/1199 1198/106/1191 1197/106/1190 1205/106/1198
f 1205/106/1198 1197/106/1190 1196/139/1189 1204/139/1197
f 1204/139/1197 1196/139/1189 1195/139/1188 1203/139/1196
f 1138/106/1131 1137/106/1130 1186/106/1179 1167/139/1160
f 1167/139/1160 1186/106/1179 1185/106/1178 1168/139/1161
f 1168/139/1161 1185/106/1178 1184/139/1177 1169/106/1162
f 1169/106/1162 1184/139/1177 1183/139/1176 1170/106/1163
f 1139/106/1132 1138/106/1131 1167/139/1160 1198/106/1191
f 1198/106/1191 1167/139/1160 1168/139/1161 1197/106/1190
f 1197/106/1190 1168/139/1161 1169/106/1162 1196/139/1189
f 1196/139/1189 1169/106/1162 1170/106/1163 1195/139/1188
f 1129/106/1122 1130/106/1123 1182/106/1175 1199/139/1192
f 1199/139/1192 1182/106/1175 1181/106/1174 1200/139/1193
f 1200/139/1193 1181/106/1174 1180/139/1173 1201/106/1194
f 1201/106/1194 1180/139/1173 1179/139/1172 1202/106/1195
f 1131/106/1124 1132/106/1125 1175/139/1168 1214/106/1207
f 1214/106/1207 1175/139/1168 1176/139/1169 1213/106/1206
f 1213/106/1206 1176/139/1169 1177/106/1170 1212/139/1205
f 1212/139/1205 1177/106/1170 1178/106/1171 1211/139/1204
f 1135/106/1128 1129/106/1122 1199/139/1192 1174/106/1167
f 1174/106/1167 1199/139/1192 1200/139/1193 1173/106/1166
f 1173/106/1166 1200/139/1193 1201/106/1194 1172/139/1165
f 1172/139/1165 1201/106/1194 1202/106/1195 1171/139/1164
f 1238/106/1231 1237/106/1230 1222/106/1215 1221/106/1214
f 1246/143/1239 1245/111/1238 1227/106/1220 1228/106/1221
f 1254/106/1247 1253/111/1246 1225/106/1218 1224/106/1217
f 1262/106/1255 1261/106/1254 1233/106/1226 1226/106/1219
f 1270/106/1263 1269/111/1262 1229/106/1222 1230/106/1223
f 1261/106/1254 1277/106/1270 1231/106/1224 1233/106/1226
f 1269/111/1262 1246/143/1239 1228/106/1221 1229/106/1222
f 1253/111/1246 1262/106/1255 1226/106/1219 1225/106/1218
f 1277/106/1270 1270/106/1263 1230/106/1223 1231/106/1224
f 1278/141/1271 1254/106/1247 1224/106/1217 1223/106/1216
f 1282/141/1275 1238/106/1231 1221/106/1214 1220/106/1213
f 1245/111/1238 1289/106/1282 1232/106/1225 1227/106/1220
f 1290/106/1283 1282/141/1275 1220/106/1213 1219/106/1212
f 1289/106/1282 1290/106/1283 1219/106/1212 1232/106/1225
f 1237/106/1230 1278/141/1271 1223/106/1216 1222/106/1215
f 1147/106/1140 1148/106/1141 1281/106/1274 1234/144/1227
f 1234/144/1227 1281/106/1274 1280/106/1273 1235/140/1228
f 1235/140/1228 1280/106/1273 1279/140/1272 1236/106/1229
f 1236/106/1229 1279/140/1272 1278/141/1271 1237/106/1230
f 1157/106/1150 1144/106/1137 1293/106/1286 1286/106/1279
f 1286/106/1279 1293/106/1286 1292/111/1285 1287/139/1280
f 1287/139/1280 1292/111/1285 1291/106/1284 1288/106/1281
f 1288/106/1281 1291/106/1284 1290/106/1283 1289/106/1282
f 1144/106/1137 1145/106/1138 1285/106/1278 1293/106/1286
f 1293/106/1286 1285/106/1278 1284/139/1277 1292/111/1285
f 1292/111/1285 1284/139/1277 1283/106/1276 1291/106/1284
f 1291/106/1284 1283/106/1276 1282/141/1275 1290/106/1283
f 1152/106/1145 1157/106/1150 1286/106/1279 1242/143/1235
f 1242/143/1235 1286/106/1279 1287/139/1280 1243/106/1236
f 1243/106/1236 1287/139/1280 1288/106/1281 1244/140/1237
f 1244/140/1237 1288/106/1281 1289/106/1282 1245/111/1238
f 1145/106/1138 1146/106/1139 1241/106/1234 1285/106/1278
f 1285/106/1278 1241/106/1234 1240/106/1233 1284/139/1277
f 1284/139/1277 1240/106/1233 1239/139/1232 1283/106/1276
f 1283/106/1276 1239/139/1232 1238/106/1231 1282/141/1275
f 1148/106/1141 1149/106/1142 1257/106/1250 1281/106/1274
f 1281/106/1274 1257/106/1250 1256/106/1249 1280/106/1273
f 1280/106/1273 1256/106/1249 1255/139/1248 1279/140/1272
f 1279/140/1272 1255/139/1248 1254/106/1247 1278/141/1271
f 1156/106/1149 1155/106/1148 1273/106/1266 1274/140/1267
f 1274/140/1267 1273/106/1266 1272/106/1265 1275/106/1268
f 1275/106/1268 1272/106/1265 1271/140/1264 1276/106/1269
f 1276/106/1269 1271/140/1264 1270/106/1263 1277/106/1270
f 1150/106/1143 1151/106/1144 1265/111/1258 1250/106/1243
f 1250/106/1243 1265/111/1258 1264/106/1257 1251/106/1244
f 1251/106/1244 1264/106/1257 1263/144/1256 1252/106/1245
f 1252/106/1245 1263/144/1256 1262/106/1255 1253/111/1246
f 1154/106/1147 1153/106/1146 1249/143/1242 1266/106/1259
f 1266/106/1259 1249/143/1242 1248/106/1241 1267/139/1260
f 1267/139/1260 1248/106/1241 1247/106/1240 1268/144/1261
f 1268/144/1261 1247/106/1240 1246/143/1239 1269/111/1262
f 1158/106/1151 1156/106/1149 1274/140/1267 1258/142/1251
f 1258/142/1251 1274/140/1267 1275/106/1268 1259/141/1252
f 1259/141/1252 1275/106/1268 1276/106/1269 1260/106/1253
f 1260/106/1253 1276/106/1269 1277/106/1270 1261/106/1254
f 1155/106/1148 1154/106/1147 1266/106/1259 1273/106/1266
f 1273/106/1266 1266/106/1259 1267/139/1260 1272/106/1265
f 1272/106/1265 1267/139/1260 1268/144/1261 1271/140/1264
f 1271/140/1264 1268/144/1261 1269/111/1262 1270/106/1263
f 1151/106/1144 1158/106/1151 1258/142/1251 1265/111/1258
f 1265/111/1258 1258/142/1251 1259/141/1252 1264/106/1257
f 1264/106/1257 1259/141/1252 1260/106/1253 1263/144/1256
f 1263/144/1256 1260/106/1253 1261/106/1254 1262/106/1255
f 1149/106/1142 1150/106/1143 1250/106/1243 1257/106/1250
f 1257/106/1250 1250/106/1243 1251/106/1244 1256/106/1249
f 1256/106/1249 1251/106/1244 1252/106/1245 1255/139/1248
f 1255/139/1248 1252/106/1245 1253/111/1246 1254/106/1247
f 1153/106/1146 1152/106/1145 1242/143/1235 1249/143/1242
f 1249/143/1242 1242/143/1235 1243/106/1236 1248/106/1241
f 1248/106/1241 1243/106/1236 1244/140/1237 1247/106/1240
f 1247/106/1240 1244/140/1237 1245/111/1238 1246/143/1239
f 1146/106/1139 1147/106/1140 1234/144/1227 1241/106/1234
f 1241/106/1234 1234/144/1227 1235/140/1228 1240/106/1233
f 1240/106/1233 1235/140/1228 1236/106/1229 1239/139/1232
f 1239/139/1232 1236/106/1229 1237/106/1230 1238/106/1231
f 1222/106/1215 1223/106/1216 1298/106/1291 1297/106/1290
f 1227/106/1220 1232/106/1225 1307/106/1300 1302/106/1295
f 1224/106/1217 1225/106/1218 1300/106/1293 1299/106/1292
f 1232/106/1225 1219/106/1212 1294/106/1287 1307/106/1300
f 1233/106/1226 1231/106/1224 1306/106/1299 1308/106/1301
f 1221/106/1214 1222/106/1215 1297/106/1290 1296/106/1289
f 1228/106/1221 1227/106/1220 1302/106/1295 1303/106/1296
f 1226/106/1219 1233/106/1226 1308/106/1301 1301/106/1294
f 1230/106/1223 1229/106/1222 1304/106/1297 1305/106/1298
f 1229/106/1222 1228/106/1221 1303/106/1296 1304/106/1297
f 1225/106/1218 1226/106/1219 1301/106/1294 1300/106/1293
f 1231/106/1224 1230/106/1223 1305/106/1298 1306/106/1299
f 1223/106/1216 1224/106/1217 1299/106/1292 1298/106/1291
f 1219/106/1212 1220/106/1213 1295/106/1288 1294/106/1287
f 1220/106/1213 1221/106/1214 1296/106/1289 1295/106/1288
f 1295/106/1288 1296/106/1289 1311/106/1304 1310/106/1303
f 1304/106/1297 1303/106/1296 1315/106/1308 1316/106/1309
f 1305/106/1298 1304/106/1297 1316/106/1309 1317/106/1310
f 1307/106/1300 1294/106/1287 1309/106/1302 1319/106/1312
f 1302/106/1295 1307/106/1300 1319/106/1312 1314/106/1307
f 1306/106/1299 1305/106/1298 1317/106/1310 1318/106/1311
f 1296/106/1289 1297/106/1290 1312/106/1305 1311/106/1304
f 1294/106/1287 1295/106/1288 1310/106/1303 1309/106/1302
f 1303/106/1296 1302/106/1295 1314/106/1307 1315/106/1308
f 1297/106/1290 1298/106/1291 1313/106/1306 1312/106/1305
f 1319/106/1312 1309/106/1302 1320/106/1313 1330/106/1323
f 1317/106/1310 1316/106/1309 1327/106/1320 1328/106/1321
f 1309/106/1302 1310/106/1303 1321/106/1314 1320/106/1313
f 1311/106/1304 1312/106/1305 1323/106/1316 1322/106/1315
f 1310/106/1303 1311/106/1304 1322/106/1315 1321/106/1314
f 1312/106/1305 1313/106/1306 1324/106/1317 1323/106/1316
f 1316/106/1309 1315/106/1308 1326/106/1319 1327/106/1320
f 1314/106/1307 1319/106/1312 1330/106/1323 1325/106/1318
f 1315/106/1308 1314/106/1307 1325/106/1318 1326/106/1319
f 1318/106/1311 1317/106/1310 1328/106/1321 1329/106/1322
f 1329/106/1322 1328/106/1321 1339/106/1332 1340/106/1333
f 1330/106/1323 1320/106/1313 1331/106/1324 1341/106/1334
f 1328/106/1321 1327/106/1320 1338/106/1331 1339/106/1332
f 1320/106/1313 1321/106/1314 1332/106/1325 1331/106/1324
f 1322/106/1315 1323/106/1316 1334/106/1327 1333/106/1326
f 1321/106/1314 1322/106/1315 1333/106/1326 1332/106/1325
f 1323/106/1316 1324/106/1317 1335/106/1328 1334/106/1327
f 1327/106/1320 1326/106/1319 1337/106/1330 1338/106/1331
f 1325/106/1318 1330/106/1323 1341/106/1334 1336/106/1329
f 1326/106/1319 1325/106/1318 1336/106/1329 1337/106/1330
f 1342/145/1335 1343/146/1336 1345/147/1338 1344/148/1337
f 1367/149/1360 1368/150/1361 1347/151/1340 1346/152/1339
f 1346/152/1339 1347/151/1340 1349/153/1342 1348/154/1341
f 1348/154/1341 1349/153/1342 1351/155/1344 1350/156/1343
f 1368/157/1361 1369/158/1362 1349/159/1342 1347/160/1340
f 1350/156/1343 1351/155/1344 1370/161/1363 1371/162/1364
f 1352/163/1345 1353/164/1346 1343/165/1336 1342/166/1335
f 1367/149/1360 1346/152/1339 1356/152/1349 1355/149/1348
f 1350/156/1343 1371/162/1364 1359/162/1352 1358/156/1351
f 1366/167/1359 1367/149/1360 1355/149/1348 1354/167/1347
f 1346/152/1339 1348/154/1341 1357/154/1350 1356/152/1349
f 1371/162/1364 1366/168/1359 1354/168/1347 1359/162/1352
f 1348/154/1341 1350/156/1343 1358/156/1351 1357/154/1350
f 1358/156/1351 1359/162/1352 1365/162/1358 1364/156/1357
f 1356/152/1349 1357/154/1350 1363/154/1356 1362/152/1355
f 1354/167/1347 1355/149/1348 1361/149/1354 1360/167/1353
f 1359/162/1352 1354/168/1347 1360/168/1353 1365/162/1358
f 1357/154/1350 1358/156/1351 1364/156/1357 1363/154/1356
f 1355/149/1348 1356/152/1349 1362/152/1355 1361/149/1354
f 1342/145/1335 1344/148/1337 1367/149/1360 1366/167/1359
f 1345/147/1338 1343/146/1336 1369/2/1362 1368/150/1361
f 1344/148/1337 1345/147/1338 1368/150/1361 1367/149/1360
f 1353/164/1346 1352/163/1345 1371/162/1364 1370/161/1363
f 1352/163/1345 1342/166/1335 1366/168/1359 1371/162/1364
f 1343/165/1336 1353/164/1346 1370/161/1363 1369/169/1362
f 1349/159/1342 1369/158/1362 1370/170/1363 1351/171/1344
f 1372/145/1365 1373/146/1366 1375/147/1368 1374/148/1367
f 1397/149/1390 1398/150/1391 1377/151/1370 1376/152/1369
f 1376/152/1369 1377/151/1370 1379/153/1372 1378/154/1371
f 1378/154/1371 1379/153/1372 1381/155/1374 1380/156/1373
f 1398/157/1391 1399/158/1392 1379/159/1372 1377/160/1370
f 1380/156/1373 1381/155/1374 1400/161/1393 1401/162/1394
f 1382/163/1375 1383/164/1376 1373/165/1366 1372/166/1365
f 1397/149/1390 1376/152/1369 1386/152/1379 1385/149/1378
f 1380/156/1373 1401/162/1394 1389/162/1382 1388/156/1381
f 1396/167/1389 1397/149/1390 1385/149/1378 1384/167/1377
f 1376/152/1369 1378/154/1371 1387/154/1380 1386/152/1379
f 1401/162/1394 1396/168/1389 1384/168/1377 1389/162/1382
f 1378/154/1371 1380/156/1373 1388/156/1381 1387/154/1380
f 1388/156/1381 1389/162/1382 1395/162/1388 1394/156/1387
f 1386/152/1379 1387/154/1380 1393/154/1386 1392/152/1385
f 1384/167/1377 1385/149/1378 1391/149/1384 1390/167/1383
f 1389/162/1382 1384/168/1377 1390/168/1383 1395/162/1388
f 1387/154/1380 1388/156/1381 1394/156/1387 1393/154/1386
f 1385/149/1378 1386/152/1379 1392/152/1385 1391/149/1384
f 1372/145/1365 1374/148/1367 1397/149/1390 1396/167/1389
f 1375/147/1368 1373/146/1366 1399/2/1392 1398/150/1391
f 1374/148/1367 1375/147/1368 1398/150/1391 1397/149/1390
f 1383/164/1376 1382/163/1375 1401/162/1394 1400/161/1393
f 1382/163/1375 1372/166/1365 1396/168/1389 1401/162/1394
f 1373/165/1366 1383/164/1376 1400/161/1393 1399/169/1392
f 1379/159/1372 1399/158/1392 1400/170/1393 1381/171/1374
f 1402/145/1395 1403/146/1396 1405/147/1398 1404/148/1397
f 1427/149/1420 1428/150/1421 1407/151/1400 1406/152/1399
f 1406/152/1399 1407/151/1400 1409/153/1402 1408/154/1401
f 1408/154/1401 1409/153/1402 1411/155/1404 1410/156/1403
f 1428/157/1421 1429/158/1422 1409/159/1402 1407/160/1400
f 1410/156/1403 1411/155/1404 1430/161/1423 1431/162/1424
f 1412/163/1405 1413/164/1406 1403/165/1396 1402/166/1395
f 1427/149/1420 1406/152/1399 1416/152/1409 1415/149/1408
f 1410/156/1403 1431/162/1424 1419/162/1412 1418/156/1411
f 1426/167/1419 1427/149/1420 1415/149/1408 1414/167/1407
f 1406/152/1399 1408/154/1401 1417/154/1410 1416/152/1409
f 1431/162/1424 1426/168/1419 1414/168/1407 1419/162/1412
f 1408/154/1401 1410/156/1403 1418/156/1411 1417/154/1410
f 1418/156/1411 1419/162/1412 1425/162/1418 1424/156/1417
f 1416/152/1409 1417/154/1410 1423/154/1416 1422/152/1415
f 1414/167/1407 1415/149/1408 1421/149/1414 1420/167/1413
f 1419/162/1412 1414/168/1407 1420/168/1413 1425/162/1418
f 1417/154/1410 1418/156/1411 1424/156/1417 1423/154/1416
f 1415/149/1408 1416/152/1409 1422/152/1415 1421/149/1414
f 1402/145/1395 1404/148/1397 1427/149/1420 1426/167/1419
f 1405/147/1398 1403/146/1396 1429/2/1422 1428/150/1421
f 1404/148/1397 1405/147/1398 1428/150/1421 1427/149/1420
f 1413/164/1406 1412/163/1405 1431/162/1424 1430/161/1423
f 1412/163/1405 1402/166/1395 1426/168/1419 1431/162/1424
f 1403/165/1396 1413/164/1406 1430/161/1423 1429/169/1422
f 1409/159/1402 1429/158/1422 1430/170/1423 1411/171/1404
f 1432/145/1425 1433/146/1426 1435/147/1428 1434/148/1427
f 1457/149/1450 1458/150/1451 1567/172/1560 1571/173/1564
f 1436/152/1429 1437/151/1430 1439/153/1432 1438/154/1431
f 1438/154/1431 1439/153/1432 1441/155/1434 1440/156/1433
f 1458/157/1451 1459/158/1452 1439/159/1432 1437/160/1430 1567/174/1560
f 1440/156/1433 1441/155/1434 1460/161/1453 1461/162/1454
f 1442/163/1435 1443/164/1436 1433/165/1426 1432/166/1425
f 1457/149/1450 1571/173/1564 1569/175/1562 1445/149/1438
f 1440/156/1433 1461/162/1454 1449/162/1442 1448/156/1441
f 1456/167/1449 1457/149/1450 1445/149/1438 1444/167/1437
f 1436/152/1429 1438/154/1431 1447/154/1440 1446/152/1439
f 1461/162/1454 1456/168/1449 1444/168/1437 1449/162/1442
f 1438/154/1431 1440/156/1433 1448/156/1441 1447/154/1440
f 1448/156/1441 1449/162/1442 1455/162/1448 1454/156/1447
f 1446/152/1439 1447/154/1440 1453/154/1446 1452/152/1445
f 1444/167/1437 1445/149/1438 1451/149/1444 1450/167/1443
f 1449/162/1442 1444/168/1437 1450/168/1443 1455/162/1448
f 1447/154/1440 1448/156/1441 1454/156/1447 1453/154/1446
f 1445/149/1438 1569/175/1562 1568/176/1561 1451/149/1444
f 1432/145/1425 1434/148/1427 1457/149/1450 1456/167/1449
f 1435/147/1428 1433/146/1426 1459/2/1452 1458/150/1451
f 1434/148/1427 1435/147/1428 1458/150/1451 1457/149/1450
f 1443/164/1436 1442/163/1435 1461/162/1454 1460/161/1453
f 1442/163/1435 1432/166/1425 1456/168/1449 1461/162/1454
f 1433/165/1426 1443/164/1436 1460/161/1453 1459/169/1452
f 1439/159/1432 1459/158/1452 1460/170/1453 1441/171/1434
f 1462/145/1455 1463/146/1456 1465/147/1458 1464/148/1457
f 1487/149/1480 1488/150/1481 1467/151/1460 1466/152/1459
f 1466/152/1459 1467/151/1460 1469/153/1462 1468/154/1461
f 1468/154/1461 1469/153/1462 1471/155/1464 1470/156/1463
f 1488/157/1481 1489/158/1482 1469/159/1462 1467/160/1460
f 1470/156/1463 1471/155/1464 1579/177/1572 1575/178/1568
f 1472/163/1465 1473/164/1466 1463/165/1456 1462/166/1455
f 1493/179/1486 1492/152/1485 1476/152/1469 1475/149/1468
f 1495/180/1488 1578/181/1571 1574/182/1567 1478/156/1471
f 1496/167/1489 1493/179/1486 1475/149/1468 1474/167/1467
f 1492/152/1485 1497/183/1490 1477/154/1470 1476/152/1469
f 1494/135/1487 1496/184/1489 1474/168/1467 1479/162/1472
f 1497/183/1490 1495/180/1488 1478/156/1471 1477/154/1470
f 1364/156/1357 1365/162/1358 1475/149/1468 1476/152/1469
f 1391/149/1384 1392/152/1385 1424/156/1417 1425/162/1418
f 1476/152/1469 1477/154/1470 1511/154/1504 1481/152/1474
f 1391/149/1384 1425/162/1418 1499/149/1492
f 1361/149/1354 1362/152/1355 1394/156/1387 1395/162/1388
f 1421/149/1414 1422/152/1415 1454/156/1447 1455/162/1448
f 1462/145/1455 1464/148/1457 1487/149/1480 1486/167/1479
f 1465/147/1458 1463/146/1456 1489/2/1482 1488/150/1481
f 1464/148/1457 1465/147/1458 1488/150/1481 1487/149/1480
f 1473/164/1466 1472/163/1465 1491/162/1484 1490/161/1483
f 1472/163/1465 1462/166/1455 1486/168/1479 1491/162/1484
f 1463/165/1456 1473/164/1466 1490/161/1483 1489/169/1482
f 1469/159/1462 1489/158/1482 1490/170/1483 1579/185/1572 1471/171/1464
f 1468/154/1461 1470/156/1463 1495/180/1488 1497/183/1490
f 1491/162/1484 1486/168/1479 1496/184/1489 1494/135/1487
f 1466/152/1459 1468/154/1461 1497/183/1490 1492/152/1485
f 1486/167/1479 1487/149/1480 1493/179/1486 1496/167/1489
f 1470/156/1463 1575/178/1568 1578/181/1571 1495/180/1488
f 1487/149/1480 1466/152/1459 1492/152/1485 1493/179/1486
f 1455/162/1448 1450/168/1443 1506/168/1499 1503/162/1496
f 1361/149/1354 1395/162/1388 1484/149/1477
f 1477/154/1470 1478/156/1471 1512/156/1505 1511/154/1504
f 1478/156/1471 1574/182/1567 1572/186/1565 1512/156/1505
f 1364/156/1357 1476/152/1469 1481/156/1474
f 1479/162/1472 1474/168/1467 1510/168/1503 1513/162/1506
f 1475/149/1468 1365/162/1358 1480/149/1473
f 1360/167/1353 1361/149/1354 1484/149/1477 1485/167/1478
f 1394/156/1387 1362/152/1355 1483/156/1476
f 1424/156/1417 1392/152/1385 1500/156/1493
f 1390/167/1383 1391/149/1384 1499/149/1492 1498/167/1491
f 1362/152/1355 1363/154/1356 1482/154/1475 1483/152/1476
f 1454/156/1447 1422/152/1415 1504/156/1497
f 1420/167/1413 1421/149/1414 1503/149/1496 1502/167/1495
f 1363/154/1356 1364/156/1357 1481/156/1474 1482/154/1475
f 1392/152/1385 1393/154/1386 1501/154/1494 1500/152/1493
f 1450/167/1443 1451/149/1444 1507/149/1500 1506/167/1499
f 1393/154/1386 1394/156/1387 1483/156/1476 1501/154/1494
f 1422/152/1415 1423/154/1416 1505/154/1498 1504/152/1497
f 1365/162/1358 1360/168/1353 1485/168/1478 1480/162/1473
f 1451/149/1444 1568/176/1561 1565/187/1558 1507/149/1500
f 1423/154/1416 1424/156/1417 1500/156/1493 1505/154/1498
f 1452/152/1445 1453/154/1446 1509/154/1502 1508/152/1501
f 1395/162/1388 1390/168/1383 1498/168/1491 1484/162/1477
f 1474/167/1467 1475/149/1468 1480/149/1473 1510/167/1503
f 1453/154/1446 1454/156/1447 1504/156/1497 1509/154/1502
f 1421/149/1414 1455/162/1448 1503/149/1496
f 1425/162/1418 1420/168/1413 1502/168/1495 1499/162/1492
f 1499/162/1492 1502/168/1495 1517/162/1510
f 1502/167/1495 1503/149/1496 1517/167/1510
f 1505/154/1498 1500/156/1493 1518/154/1511
f 1503/162/1496 1521/168/1514 1517/162/1510
f 1506/167/1499 1507/149/1500 1522/149/1515 1521/167/1514
f 1501/154/1494 1483/156/1476 1519/154/1512
f 1509/154/1502 1504/156/1497 1524/154/1517
f 1482/154/1475 1481/156/1474 1515/154/1508
f 1507/149/1500 1565/187/1558 1551/188/1544 1522/149/1515
f 1508/152/1501 1509/154/1502 1524/154/1517 1523/152/1516
f 1481/152/1474 1526/154/1519 1515/152/1508
f 1484/162/1477 1516/168/1509 1514/162/1507
f 1511/154/1504 1512/156/1505 1527/156/1520 1526/154/1519
f 1480/162/1473 1485/168/1478 1514/162/1507
f 1498/167/1491 1499/149/1492 1516/167/1509
f 1512/156/1505 1572/186/1565 1576/189/1569 1527/156/1520
f 1485/167/1478 1484/149/1477 1514/167/1507
f 1500/152/1493 1519/154/1512 1518/152/1511
f 1510/167/1503 1480/149/1473 1520/190/1513 1525/167/1518
f 1513/162/1506 1510/168/1503 1525/168/1518 1528/162/1521
f 1520/190/1513 1480/149/1473 1514/149/1507
f 1516/168/1509 1484/162/1477 1498/168/1491
f 1516/167/1509 1499/149/1492 1517/149/1510
f 1521/168/1514 1503/162/1496 1506/168/1499
f 1526/154/1519 1481/152/1474 1511/154/1504
f 1515/154/1508 1483/152/1476 1482/154/1475
f 1519/154/1512 1483/156/1476 1515/156/1508
f 1519/154/1512 1500/152/1493 1501/154/1494
f 1518/154/1511 1504/152/1497 1505/154/1498
f 1524/154/1517 1504/156/1497 1518/156/1511
f 1524/154/1517 1518/156/1511 1533/156/1526 1539/154/1532
f 1518/152/1511 1519/154/1512 1534/154/1527 1533/152/1526
f 1525/167/1518 1520/190/1513 1535/190/1528 1540/167/1533
f 1515/152/1508 1526/154/1519 1541/154/1534 1530/152/1523
f 1521/167/1514 1522/149/1515 1537/149/1530 1536/167/1529
f 1514/162/1507 1516/168/1509 1531/168/1524 1529/162/1522
f 1522/149/1515 1551/188/1544 1570/191/1563 1537/149/1530
f 1519/154/1512 1515/156/1508 1530/156/1523 1534/154/1527
f 1523/152/1516 1524/154/1517 1539/154/1532 1538/152/1531
f 1520/190/1513 1514/149/1507 1529/149/1522 1535/190/1528
f 1526/154/1519 1527/156/1520 1542/156/1535 1541/154/1534
f 1527/156/1520 1576/189/1569 1573/192/1566 1542/156/1535
f 1516/167/1509 1517/149/1510 1532/149/1525 1531/167/1524
f 1517/162/1510 1521/168/1514 1536/168/1529 1532/162/1525
f 1528/162/1521 1525/168/1518 1540/168/1533 1543/162/1536
f 1552/149/1545 1561/193/1554 1299/106/1292 1547/149/1540
f 1540/167/1533 1535/190/1528 1550/190/1543 1555/167/1548
f 1537/149/1530 1570/191/1563 1566/194/1559 1552/149/1545
f 1537/149/1530 1552/149/1545 1547/149/1540 1532/149/1525 1536/168/1529
f 1538/152/1531 1539/154/1532 1554/154/1547 1553/152/1546
f 1529/162/1522 1531/168/1524 1546/168/1539 1544/162/1537
f 1541/154/1534 1542/156/1535 1557/156/1550 1556/154/1549
f 1539/154/1532 1533/156/1526 1548/156/1541 1554/154/1547
f 1542/156/1535 1573/192/1566 1577/195/1570 1557/156/1550
f 1534/154/1527 1530/156/1523 1545/156/1538 1549/154/1542
f 1543/162/1536 1540/168/1533 1555/168/1548 1558/162/1551
f 1531/167/1524 1532/149/1525 1547/149/1540 1546/167/1539
f 1530/152/1523 1541/154/1534 1556/154/1549 1545/152/1538
f 1533/152/1526 1534/154/1527 1549/154/1542 1548/152/1541
f 1535/190/1528 1529/149/1522 1544/149/1537 1550/190/1543
f 1299/106/1292 1561/193/1554 1313/106/1306 1298/106/1291
f 1306/106/1299 1318/106/1311 1563/196/1556 1308/106/1301
f 1313/106/1306 1561/193/1554 1562/197/1555 1324/106/1317
f 1581/198/1574 1554/154/1547 1548/156/1541 1559/3/1552
f 1563/196/1556 1318/106/1311 1329/106/1322 1564/199/1557
f 1564/199/1557 1329/106/1322 1340/106/1333 1560/3/1553
f 1555/3/1548 1544/3/1537 1301/106/1294 1308/106/1301
f 1300/106/1293 1301/106/1294 1544/162/1537 1546/168/1539
f 1299/106/1292 1300/106/1293 1546/167/1539 1547/149/1540
f 1552/149/1545 1566/194/1559 1562/197/1555 1561/193/1554
f 1570/191/1563 1551/188/1544 1523/152/1516 1538/152/1531
f 1566/194/1559 1570/191/1563 1538/152/1531 1553/152/1546
f 1568/176/1561 1569/175/1562 1446/152/1439 1452/152/1445
f 1565/187/1558 1568/176/1561 1452/152/1445 1508/152/1501
f 1571/173/1564 1567/172/1560 1437/151/1430 1436/152/1429
f 1569/175/1562 1571/173/1564 1436/152/1429 1446/152/1439
f 1551/188/1544 1565/187/1558 1508/152/1501 1523/152/1516
f 1308/106/1301 1563/196/1556 1558/3/1551 1550/3/1543
f 1573/192/1566 1576/189/1569 1528/162/1521 1543/162/1536
f 1576/189/1569 1572/186/1565 1513/162/1506 1528/162/1521
f 1578/181/1571 1575/178/1568 1491/162/1484 1494/135/1487
f 1572/186/1565 1574/182/1567 1479/162/1472 1513/162/1506
f 1577/195/1570 1573/192/1566 1543/162/1536 1558/162/1551
f 1574/182/1567 1578/181/1571 1494/135/1487 1479/162/1472
f 1575/178/1568 1579/177/1572 1490/161/1483 1491/162/1484
f 1577/195/1570 1558/3/1551 1563/196/1556 1564/199/1557
f 1564/199/1557 1560/3/1553 1557/156/1550 1577/195/1570
f 1580/200/1573 1553/152/1546 1554/154/1547 1581/198/1574
f 1548/156/1541 1549/154/1542 1582/3/1575 1559/3/1552
f 1557/156/1550 1560/3/1553 1556/154/1549
f 1566/194/1559 1553/152/1546 1580/200/1573 1562/197/1555
f 1582/3/1575 1549/154/1542 1545/152/1538 1583/3/1576
f 1583/3/1576 1545/152/1538 1556/154/1549 1560/3/1553
f 1335/106/1328 1324/106/1317 1562/197/1555 1580/200/1573 1581/198/1574 1559/3/1552
f 1559/3/1552 1582/3/1575 1588/3/1581
f 1333/106/1326 1334/106/1327 1587/106/1580 1586/106/1579
f 1336/106/1329 1341/106/1334 1594/106/1587 1589/106/1582
f 1338/106/1331 1337/106/1330 1590/106/1583 1591/106/1584
f 1582/3/1575 1583/3/1576 1593/3/1586 1588/3/1581
f 1340/106/1333 1339/106/1332 1592/106/1585 1593/106/1586
f 1331/106/1324 1332/106/1325 1585/106/1578 1584/106/1577
f 1560/3/1553 1340/106/1333 1593/3/1586
f 1583/3/1576 1560/3/1553 1593/3/1586
f 1335/106/1328 1559/3/1552 1588/106/1581
f 1334/106/1327 1335/106/1328 1588/106/1581 1587/106/1580
f 1337/106/1330 1336/106/1329 1589/106/1582 1590/106/1583
f 1339/106/1332 1338/106/1331 1591/106/1584 1592/106/1585
f 1341/106/1334 1331/106/1324 1584/106/1577 1594/106/1587
f 1332/106/1325 1333/106/1326 1586/106/1579 1585/106/1578
f 1594/106/1587 1584/106/1577 1600/201/1593 1589/106/1582
f 1555/167/1548 1550/190/1543 1558/3/1551
f 1587/106/1580 1596/106/1589 1586/106/1579
f 1589/106/1582 1600/201/1593 1590/106/1583
f 1591/106/1584 1597/106/1590 1593/106/1586 1592/106/1585
f 1595/202/1588 1587/106/1580 1588/3/1581
f 1593/106/1586 1595/202/1588 1588/3/1581
f 1598/203/1591 1596/106/1589 1587/106/1580 1595/202/1588
f 1597/106/1590 1598/203/1591 1595/202/1588 1593/106/1586
f 1586/106/1579 1596/106/1589 1585/106/1578
f 1599/204/1592 1585/106/1578 1596/106/1589 1598/203/1591
f 1591/106/1584 1599/204/1592 1598/203/1591 1597/106/1590
f 1600/201/1593 1584/106/1577 1585/106/1578 1599/204/1592
f 1590/106/1583 1600/201/1593 1599/204/1592 1591/106/1584
f 1627/205/1620 1628/206/1621 1604/150/1597 1602/2/1595
f 1628/206/1621 1629/207/1622 1606/151/1599 1604/150/1597
f 1629/207/1622 1630/208/1623 1608/153/1601 1606/151/1599
f 1630/208/1623 1631/209/1624 1610/155/1603 1608/153/1601
f 1631/209/1624 1632/210/1625 1612/161/1605 1610/155/1603
f 1632/210/1625 1627/211/1620 1602/169/1595 1612/161/1605
f 1643/212/1636 1661/213/1654 1613/214/1606 1624/215/1617
f 1638/216/1631 1633/217/1626 1614/218/1607 1623/219/1616
f 1642/220/1635 1643/212/1636 1624/215/1617 1622/221/1615
f 1637/222/1630 1638/216/1631 1623/219/1616 1621/223/1614
f 1641/224/1634 1642/220/1635 1622/221/1615 1620/225/1613
f 1636/226/1629 1637/222/1630 1621/223/1614 1619/227/1612
f 1660/228/1653 1641/224/1634 1620/225/1613 1618/229/1611
f 1635/230/1628 1636/226/1629 1619/227/1612 1617/231/1610
f 1639/232/1632 1660/228/1653 1618/229/1611 1616/233/1609
f 1634/234/1627 1635/230/1628 1617/231/1610 1615/235/1608
f 1661/236/1654 1639/232/1632 1616/233/1609 1613/237/1606
f 1633/238/1626 1634/234/1627 1615/235/1608 1614/239/1607
f 1607/240/1600 1626/241/1619 1609/242/1602
f 1658/243/1651 1625/244/1618 1657/245/1650
f 1657/245/1650 1625/244/1618 1659/246/1652
f 1611/247/1604 1626/241/1619 1625/244/1618 1658/243/1651
f 1609/242/1602 1626/241/1619 1611/247/1604
f 1659/246/1652 1625/244/1618 1626/241/1619 1607/240/1600
f 1649/248/1642 1650/249/1643 1627/211/1620 1632/210/1625
f 1648/250/1641 1649/248/1642 1632/210/1625 1631/209/1624
f 1647/251/1640 1648/250/1641 1631/209/1624 1630/208/1623
f 1646/252/1639 1647/251/1640 1630/208/1623 1629/207/1622
f 1645/253/1638 1646/252/1639 1629/207/1622 1628/206/1621
f 1650/254/1643 1645/253/1638 1628/206/1621 1627/205/1620
f 1656/255/1649 1651/256/1644 1634/234/1627 1633/238/1626
f 1651/256/1644 1652/257/1645 1635/230/1628 1634/234/1627
f 1652/257/1645 1653/258/1646 1636/226/1629 1635/230/1628
f 1653/258/1646 1654/259/1647 1637/222/1630 1636/226/1629
f 1654/259/1647 1655/260/1648 1638/216/1631 1637/222/1630
f 1655/260/1648 1656/261/1649 1633/217/1626 1638/216/1631
f 1601/262/1594 1603/263/1596 1662/264/1655 1644/265/1637
f 1603/263/1596 1605/266/1598 1640/267/1633 1662/264/1655
f 1659/246/1652 1607/240/1600 1641/224/1634 1660/228/1653
f 1607/240/1600 1609/242/1602 1642/220/1635 1641/224/1634
f 1609/242/1602 1611/247/1604 1643/212/1636 1642/220/1635
f 1611/247/1604 1658/243/1651 1661/213/1654 1643/212/1636
f 1614/239/1607 1615/235/1608 1645/253/1638 1650/254/1643
f 1615/235/1608 1617/231/1610 1646/252/1639 1645/253/1638
f 1617/231/1610 1619/227/1612 1647/251/1640 1646/252/1639
f 1619/227/1612 1621/223/1614 1648/250/1641 1647/251/1640
f 1621/223/1614 1623/219/1616 1649/248/1642 1648/250/1641
f 1623/219/1616 1614/218/1607 1650/249/1643 1649/248/1642
f 1624/215/1617 1613/214/1606 1656/261/1649 1655/260/1648
f 1622/221/1615 1624/215/1617 1655/260/1648 1654/259/1647
f 1620/225/1613 1622/221/1615 1654/259/1647 1653/258/1646
f 1618/229/1611 1620/225/1613 1653/258/1646 1652/257/1645
f 1616/233/1609 1618/229/1611 1652/257/1645 1651/256/1644
f 1613/237/1606 1616/233/1609 1651/256/1644 1656/255/1649
f 1601/262/1594 1658/11/1651 1657/245/1650 1603/263/1596
f 1603/263/1596 1657/245/1650 1659/246/1652 1605/266/1598
f 1605/266/1598 1659/246/1652 1660/228/1653 1640/267/1633
f 1644/265/1637 1661/236/1654 1658/11/1651 1601/262/1594
f 1662/264/1655 1639/232/1632 1661/236/1654 1644/265/1637
f 1640/267/1633 1660/228/1653 1639/232/1632 1662/264/1655
f 1689/205/1681 1690/206/1682 1666/150/1659 1664/2/1657
f 1690/206/1682 1691/207/1683 1668/151/1661 1666/150/1659
f 1691/207/1683 1692/208/1684 1670/153/1663 1668/151/1661
f 1692/208/1684 1693/209/1685 1672/155/1665 1670/153/1663
f 1693/209/1685 1694/210/1686 1674/161/1667 1672/155/1665
f 1694/210/1686 1689/211/1681 1664/169/1657 1674/161/1667
f 1705/212/1696 1723/213/1714 1675/214/1668 1686/215/1678
f 1700/216/1691 1695/217/1687 1676/218/1669 1685/219/1677
f 1704/220/1695 1705/212/1696 1686/215/1678 1684/221/1676
f 1699/222/1690 1700/216/1691 1685/219/1677 1683/223/1675
f 1703/224/1694 1704/220/1695 1684/221/1676 1682/225/1674
f 1698/226/1689 1699/222/1690 1683/223/1675 1681/227/1673
f 1722/228/1713 1703/224/1694 1682/225/1674 1680/229/1672
f 1697/230/1688 1698/226/1689 1681/227/1673 1679/231/1671
f 1701/232/1692 1722/228/1713 1680/229/1672 1678/233/1670
f 1696/234/1627 1697/230/1688 1679/231/1671 1677/235/1608
f 1723/236/1714 1701/232/1692 1678/233/1670 1675/237/1668
f 1695/238/1687 1696/234/1627 1677/235/1608 1676/239/1669
f 1669/240/1662 1688/241/1680 1671/242/1664
f 1720/243/1711 1687/244/1679 1719/245/1710
f 1719/245/1710 1687/244/1679 1721/246/1712
f 1673/247/1666 1688/241/1680 1687/244/1679 1720/243/1711
f 1671/242/1664 1688/241/1680 1673/247/1666
f 1721/246/1712 1687/244/1679 1688/241/1680 1669/240/1662
f 1711/248/1702 1712/249/1703 1689/211/1681 1694/210/1686
f 1710/250/1701 1711/248/1702 1694/210/1686 1693/209/1685
f 1709/251/1700 1710/250/1701 1693/209/1685 1692/208/1684
f 1708/252/1699 1709/251/1700 1692/208/1684 1691/207/1683
f 1707/253/1698 1708/252/1699 1691/207/1683 1690/206/1682
f 1712/254/1703 1707/253/1698 1690/206/1682 1689/205/1681
f 1718/255/1709 1713/256/1704 1696/234/1627 1695/238/1687
f 1713/256/1704 1714/257/1705 1697/230/1688 1696/234/1627
f 1714/257/1705 1715/258/1706 1698/226/1689 1697/230/1688
f 1715/258/1706 1716/259/1707 1699/222/1690 1698/226/1689
f 1716/259/1707 1717/260/1708 1700/216/1691 1699/222/1690
f 1717/260/1708 1718/261/1709 1695/217/1687 1700/216/1691
f 1663/262/1656 1665/263/1658 1724/264/1715 1706/265/1697
f 1665/263/1658 1667/266/1660 1702/267/1693 1724/264/1715
f 1721/246/1712 1669/240/1662 1703/224/1694 1722/228/1713
f 1669/240/1662 1671/242/1664 1704/220/1695 1703/224/1694
f 1671/242/1664 1673/247/1666 1705/212/1696 1704/220/1695
f 1673/247/1666 1720/243/1711 1723/213/1714 1705/212/1696
f 1676/239/1669 1677/235/1608 1707/253/1698 1712/254/1703
f 1677/235/1608 1679/231/1671 1708/252/1699 1707/253/1698
f 1679/231/1671 1681/227/1673 1709/251/1700 1708/252/1699
f 1681/227/1673 1683/223/1675 1710/250/1701 1709/251/1700
f 1683/223/1675 1685/219/1677 1711/248/1702 1710/250/1701
f 1685/219/1677 1676/218/1669 1712/249/1703 1711/248/1702
f 1686/215/1678 1675/214/1668 1718/261/1709 1717/260/1708
f 1684/221/1676 1686/215/1678 1717/260/1708 1716/259/1707
f 1682/225/1674 1684/221/1676 1716/259/1707 1715/258/1706
f 1680/229/1672 1682/225/1674 1715/258/1706 1714/257/1705
f 1678/233/1670 1680/229/1672 1714/257/1705 1713/256/1704
f 1675/237/1668 1678/233/1670 1713/256/1704 1718/255/1709
f 1663/262/1656 1720/11/1711 1719/245/1710 1665/263/1658
f 1665/263/1658 1719/245/1710 1721/246/1712 1667/266/1660
f 1667/266/1660 1721/246/1712 1722/228/1713 1702/267/1693
f 1706/265/1697 1723/236/1714 1720/11/1711 1663/262/1656
f 1724/264/1715 1701/232/1692 1723/236/1714 1706/265/1697
f 1702/267/1693 1722/228/1713 1701/232/1692 1724/264/1715
f 1751/205/1738 1752/206/1739 1728/150/1719 1726/2/1717
f 1752/206/1739 1753/207/1740 1730/151/1721 1728/150/1719
f 1753/207/1740 1754/208/1741 1732/153/1723 1730/151/1721
f 1754/208/1741 1755/209/1742 1734/155/1724 1732/153/1723
f 1755/209/1742 1756/210/1743 1736/161/1726 1734/155/1724
f 1756/210/1743 1751/211/1738 1726/169/1717 1736/161/1726
f 1767/212/1751 1785/213/1767 1737/214/1727 1748/215/1735
f 1762/216/1746 1757/217/1744 1738/218/1728 1747/219/1734
f 1766/220/1750 1767/212/1751 1748/215/1735 1746/221/1733
f 1761/222/1630 1762/216/1746 1747/219/1734 1745/223/1732
f 1765/224/1749 1766/220/1750 1746/221/1733 1744/225/1731
f 1760/226/1629 1761/222/1630 1745/223/1732 1743/227/1612
f 1784/228/1653 1765/224/1749 1744/225/1731 1742/229/1730
f 1759/230/1745 1760/226/1629 1743/227/1612 1741/231/1610
f 1763/232/1747 1784/228/1653 1742/229/1730 1740/233/1729
f 1758/234/1627 1759/230/1745 1741/231/1610 1739/235/1608
f 1785/236/1767 1763/232/1747 1740/233/1729 1737/237/1727
f 1757/238/1744 1758/234/1627 1739/235/1608 1738/239/1728
f 1731/240/1722 1750/241/1737 1733/242/1602
f 1782/243/1765 1749/244/1736 1781/245/1650
f 1781/245/1650 1749/244/1736 1783/246/1766
f 1735/247/1725 1750/241/1737 1749/244/1736 1782/243/1765
f 1733/242/1602 1750/241/1737 1735/247/1725
f 1783/246/1766 1749/244/1736 1750/241/1737 1731/240/1722
f 1773/248/1757 1774/249/1758 1751/211/1738 1756/210/1743
f 1772/250/1756 1773/248/1757 1756/210/1743 1755/209/1742
f 1771/251/1755 1772/250/1756 1755/209/1742 1754/208/1741
f 1770/252/1754 1771/251/1755 1754/208/1741 1753/207/1740
f 1769/253/1753 1770/252/1754 1753/207/1740 1752/206/1739
f 1774/254/1758 1769/253/1753 1752/206/1739 1751/205/1738
f 1780/255/1764 1775/256/1759 1758/234/1627 1757/238/1744
f 1775/256/1759 1776/257/1760 1759/230/1745 1758/234/1627
f 1776/257/1760 1777/258/1761 1760/226/1629 1759/230/1745
f 1777/258/1761 1778/259/1762 1761/222/1630 1760/226/1629
f 1778/259/1762 1779/260/1763 1762/216/1746 1761/222/1630
f 1779/260/1763 1780/261/1764 1757/217/1744 1762/216/1746
f 1725/262/1716 1727/263/1718 1786/264/1768 1768/265/1752
f 1727/263/1718 1729/266/1720 1764/267/1748 1786/264/1768
f 1783/246/1766 1731/240/1722 1765/224/1749 1784/228/1653
f 1731/240/1722 1733/242/1602 1766/220/1750 1765/224/1749
f 1733/242/1602 1735/247/1725 1767/212/1751 1766/220/1750
f 1735/247/1725 1782/243/1765 1785/213/1767 1767/212/1751
f 1738/239/1728 1739/235/1608 1769/253/1753 1774/254/1758
f 1739/235/1608 1741/231/1610 1770/252/1754 1769/253/1753
f 1741/231/1610 1743/227/1612 1771/251/1755 1770/252/1754
f 1743/227/1612 1745/223/1732 1772/250/1756 1771/251/1755
f 1745/223/1732 1747/219/1734 1773/248/1757 1772/250/1756
f 1747/219/1734 1738/218/1728 1774/249/1758 1773/248/1757
f 1748/215/1735 1737/214/1727 1780/261/1764 1779/260/1763
f 1746/221/1733 1748/215/1735 1779/260/1763 1778/259/1762
f 1744/225/1731 1746/221/1733 1778/259/1762 1777/258/1761
f 1742/229/1730 1744/225/1731 1777/258/1761 1776/257/1760
f 1740/233/1729 1742/229/1730 1776/257/1760 1775/256/1759
f 1737/237/1727 1740/233/1729 1775/256/1759 1780/255/1764
f 1725/262/1716 1782/11/1765 1781/245/1650 1727/263/1718
f 1727/263/1718 1781/245/1650 1783/246/1766 1729/266/1720
f 1729/266/1720 1783/246/1766 1784/228/1653 1764/267/1748
f 1768/265/1752 1785/236/1767 1782/11/1765 1725/262/1716
f 1786/264/1768 1763/232/1747 1785/236/1767 1768/265/1752
f 1764/267/1748 1784/228/1653 1763/232/1747 1786/264/1768
f 1813/205/1795 1814/206/1796 1790/150/1772 1788/2/1770
f 1814/206/1796 1815/207/1797 1792/151/1774 1790/150/1772
f 1815/207/1797 1816/208/1798 1794/153/1776 1792/151/1774
f 1816/208/1798 1817/209/1799 1796/155/1778 1794/153/1776
f 1817/209/1799 1818/210/1800 1798/161/1780 1796/155/1778
f 1818/210/1800 1813/211/1795 1788/169/1770 1798/161/1780
f 1829/212/1811 1847/213/1829 1799/214/1781 1810/215/1792
f 1824/216/1806 1819/217/1801 1800/218/1782 1809/219/1791
f 1828/220/1810 1829/212/1811 1810/215/1792 1808/221/1790
f 1823/222/1805 1824/216/1806 1809/219/1791 1807/223/1789
f 1827/224/1809 1828/220/1810 1808/221/1790 1806/225/1788
f 1822/226/1804 1823/222/1805 1807/223/1789 1805/227/1787
f 1846/228/1828 1827/224/1809 1806/225/1788 1804/229/1786
f 1821/230/1803 1822/226/1804 1805/227/1787 1803/231/1785
f 1825/232/1807 1846/228/1828 1804/229/1786 1802/233/1784
f 1820/234/1802 1821/230/1803 1803/231/1785 1801/235/1783
f 1847/236/1829 1825/232/1807 1802/233/1784 1799/237/1781
f 1819/238/1801 1820/234/1802 1801/235/1783 1800/239/1782
f 1793/240/1775 1812/241/1794 1795/242/1777
f 1844/243/1826 1811/244/1793 1843/245/1825
f 1843/245/1825 1811/244/1793 1845/246/1827
f 1797/247/1779 1812/241/1794 1811/244/1793 1844/243/1826
f 1795/242/1777 1812/241/1794 1797/247/1779
f 1845/246/1827 1811/244/1793 1812/241/1794 1793/240/1775
f 1835/248/1817 1836/249/1818 1813/211/1795 1818/210/1800
f 1834/250/1816 1835/248/1817 1818/210/1800 1817/209/1799
f 1833/251/1815 1834/250/1816 1817/209/1799 1816/208/1798
f 1832/252/1814 1833/251/1815 1816/208/1798 1815/207/1797
f 1831/253/1813 1832/252/1814 1815/207/1797 1814/206/1796
f 1836/254/1818 1831/253/1813 1814/206/1796 1813/205/1795
f 1842/255/1824 1837/256/1819 1820/234/1802 1819/238/1801
f 1837/256/1819 1838/257/1820 1821/230/1803 1820/234/1802
f 1838/257/1820 1839/258/1821 1822/226/1804 1821/230/1803
f 1839/258/1821 1840/259/1822 1823/222/1805 1822/226/1804
f 1840/259/1822 1841/260/1823 1824/216/1806 1823/222/1805
f 1841/260/1823 1842/261/1824 1819/217/1801 1824/216/1806
f 1787/262/1769 1789/263/1771 1848/264/1830 1830/265/1812
f 1789/263/1771 1791/266/1773 1826/267/1808 1848/264/1830
f 1845/246/1827 1793/240/1775 1827/224/1809 1846/228/1828
f 1793/240/1775 1795/242/1777 1828/220/1810 1827/224/1809
f 1795/242/1777 1797/247/1779 1829/212/1811 1828/220/1810
f 1797/247/1779 1844/243/1826 1847/213/1829 1829/212/1811
f 1800/239/1782 1801/235/1783 1831/253/1813 1836/254/1818
f 1801/235/1783 1803/231/1785 1832/252/1814 1831/253/1813
f 1803/231/1785 1805/227/1787 1833/251/1815 1832/252/1814
f 1805/227/1787 1807/223/1789 1834/250/1816 1833/251/1815
f 1807/223/1789 1809/219/1791 1835/248/1817 1834/250/1816
f 1809/219/1791 1800/218/1782 1836/249/1818 1835/248/1817
f 1810/215/1792 1799/214/1781 1842/261/1824 1841/260/1823
f 1808/221/1790 1810/215/1792 1841/260/1823 1840/259/1822
f 1806/225/1788 1808/221/1790 1840/259/1822 1839/258/1821
f 1804/229/1786 1806/225/1788 1839/258/1821 1838/257/1820
f 1802/233/1784 1804/229/1786 1838/257/1820 1837/256/1819
f 1799/237/1781 1802/233/1784 1837/256/1819 1842/255/1824
f 1787/262/1769 1844/11/1826 1843/245/1825 1789/263/1771
f 1789/263/1771 1843/245/1825 1845/246/1827 1791/266/1773
f 1791/266/1773 1845/246/1827 1846/228/1828 1826/267/1808
f 1830/265/1812 1847/236/1829 1844/11/1826 1787/262/1769
f 1848/264/1830 1825/232/1807 1847/236/1829 1830/265/1812
f 1826/267/1808 1846/228/1828 1825/232/1807 1848/264/1830
f 1883/212/1865 1901/213/1883 1855/214/1837 1866/215/1848
f 1878/216/1860 1873/217/1855 1856/218/1838 1865/219/1847
f 1882/220/1864 1883/212/1865 1866/215/1848 1864/221/1846
f 1877/222/1859 1878/216/1860 1865/219/1847 1863/223/1845
f 1881/224/1863 1882/220/1864 1864/221/1846 1862/225/1844
f 1876/226/1858 1877/222/1859 1863/223/1845 1861/227/1843
f 1900/228/1882 1881/224/1863 1862/225/1844 1860/229/1842
f 1875/230/1857 1876/226/1858 1861/227/1843 1859/231/1841
f 1879/232/1861 1900/228/1882 1860/229/1842 1858/233/1840
f 1874/234/1856 1875/230/1857 1859/231/1841 1857/235/1839
f 1901/236/1883 1879/232/1861 1858/233/1840 1855/237/1837
f 1873/238/1855 1874/234/1856 1857/235/1839 1856/239/1838
f 1852/240/1834 1868/241/1850 1853/242/1835
f 1898/243/1880 1867/244/1849 1897/245/1879
f 1897/245/1879 1867/244/1849 1899/246/1881
f 1854/247/1836 1868/241/1850 1867/244/1849 1898/243/1880
f 1853/242/1835 1868/241/1850 1854/247/1836
f 1899/246/1881 1867/244/1849 1868/241/1850 1852/240/1834
f 1889/248/1871 1890/249/1872 1869/211/1851 1872/210/1854
f 1888/250/1870 1889/248/1871 1872/210/1854 1871/209/1853
f 1887/251/1869 1888/250/1870 1871/209/1853 1870/208/1852
f 1896/255/1878 1891/256/1873 1874/234/1856 1873/238/1855
f 1891/256/1873 1892/257/1874 1875/230/1857 1874/234/1856
f 1892/257/1874 1893/258/1875 1876/226/1858 1875/230/1857
f 1893/258/1875 1894/259/1876 1877/222/1859 1876/226/1858
f 1894/259/1876 1895/260/1877 1878/216/1860 1877/222/1859
f 1895/260/1877 1896/261/1878 1873/217/1855 1878/216/1860
f 1849/262/1831 1850/263/1832 1902/264/1884 1884/265/1866
f 1850/263/1832 1851/266/1833 1880/267/1862 1902/264/1884
f 1899/246/1881 1852/240/1834 1881/224/1863 1900/228/1882
f 1852/240/1834 1853/242/1835 1882/220/1864 1881/224/1863
f 1853/242/1835 1854/247/1836 1883/212/1865 1882/220/1864
f 1854/247/1836 1898/243/1880 1901/213/1883 1883/212/1865
f 1856/239/1838 1857/235/1839 1885/253/1867 1890/254/1872
f 1857/235/1839 1859/231/1841 1886/252/1868 1885/253/1867
f 1859/231/1841 1861/227/1843 1887/251/1869 1886/252/1868
f 1861/227/1843 1863/223/1845 1888/250/1870 1887/251/1869
f 1863/223/1845 1865/219/1847 1889/248/1871 1888/250/1870
f 1865/219/1847 1856/218/1838 1890/249/1872 1889/248/1871
f 1866/215/1848 1855/214/1837 1896/261/1878 1895/260/1877
f 1864/221/1846 1866/215/1848 1895/260/1877 1894/259/1876
f 1862/225/1844 1864/221/1846 1894/259/1876 1893/258/1875
f 1860/229/1842 1862/225/1844 1893/258/1875 1892/257/1874
f 1858/233/1840 1860/229/1842 1892/257/1874 1891/256/1873
f 1855/237/1837 1858/233/1840 1891/256/1873 1896/255/1878
f 1849/262/1831 1898/11/1880 1897/245/1879 1850/263/1832
f 1850/263/1832 1897/245/1879 1899/246/1881 1851/266/1833
f 1851/266/1833 1899/246/1881 1900/228/1882 1880/267/1862
f 1884/265/1866 1901/236/1883 1898/11/1880 1849/262/1831
f 1902/264/1884 1879/232/1861 1901/236/1883 1884/265/1866
f 1880/267/1862 1900/228/1882 1879/232/1861 1902/264/1884
f 1732/153/1723 1798/161/1780 1788/169/1770 1730/151/1721
f 1670/153/1663 1736/161/1726 1726/169/1717 1668/151/1661
f 1608/153/1601 1674/161/1667 1664/169/1657 1606/151/1599
f 1732/153/1723 1916/153/1898 1798/161/1780
f 1794/153/1776 1921/153/1903 1920/151/1902 1792/151/1774
f 1606/151/1599 1905/151/1887 1904/150/1886 1604/150/1597
f 1734/155/1724 1917/155/1899 1916/153/1898 1732/153/1723
f 1674/161/1667 1906/161/1888 1912/155/1894 1672/155/1665
f 1788/169/1770 1915/169/1897 1730/151/1721
f 1790/150/1772 1919/150/1901 1915/2/1897 1788/2/1770
f 1612/161/1605 1908/161/1890 1907/155/1889 1610/155/1603
f 1730/151/1721 1915/151/1897 1914/150/1896 1728/150/1719
f 1670/153/1663 1911/153/1893 1736/161/1726
f 1726/169/1717 1910/169/1892 1668/151/1661
f 1796/155/1778 1922/155/1904 1921/153/1903 1794/153/1776
f 1736/161/1726 1911/161/1893 1917/155/1899 1734/155/1724
f 1666/150/1659 1909/150/1891 1905/2/1887 1664/2/1657
f 1664/169/1657 1905/169/1887 1606/151/1599
f 1792/151/1774 1920/151/1902 1919/150/1901 1790/150/1772
f 1604/150/1597 1904/150/1886 1903/2/1885 1602/2/1595
f 1602/169/1595 1903/169/1885 1908/161/1890 1612/161/1605
f 1608/153/1601 1906/153/1888 1674/161/1667
f 1672/155/1665 1912/155/1894 1911/153/1893 1670/153/1663
f 1798/161/1780 1916/161/1898 1922/155/1904 1796/155/1778
f 1610/155/1603 1907/155/1889 1906/153/1888 1608/153/1601
f 1728/150/1719 1914/150/1896 1910/2/1892 1726/2/1717
f 1668/151/1661 1910/151/1892 1909/150/1891 1666/150/1659
f 1920/151/1902 1930/151/1912 1929/150/1911 1919/150/1901
f 1921/153/1903 1931/153/1913 1930/151/1912 1920/151/1902
f 1910/151/1892 1923/150/1905 1909/150/1891
f 1922/155/1904 1927/155/1909 1931/153/1913 1921/153/1903
f 1915/2/1897 1929/150/1911 1926/2/1908
f 1912/155/1894 1924/155/1906 1911/153/1893
f 1911/161/1893 1928/155/1910 1917/155/1899
f 1906/161/1888 1924/161/1906 1912/155/1894
f 1914/150/1896 1926/150/1908 1910/2/1892
f 1909/150/1891 1923/150/1905 1905/2/1887
f 1904/150/1886 1918/150/1900 1913/2/1895 1903/2/1885
f 1916/161/1898 1927/161/1909 1922/155/1904
f 1915/151/1897 1926/151/1908 1914/150/1896
f 1905/151/1887 1918/150/1900 1904/150/1886
f 1917/155/1899 1927/153/1909 1916/153/1898
f 1906/153/1888 1925/155/1907 1924/153/1906
f 1919/150/1901 1929/150/1911 1915/2/1897
f 1926/151/1908 1923/150/1905 1910/151/1892
f 1923/151/1905 1918/150/1900 1905/151/1887
f 1928/155/1910 1927/153/1909 1917/155/1899
f 1924/161/1906 1928/155/1910 1911/161/1893
f 1907/155/1889 1925/155/1907 1906/153/1888
f 1925/155/1907 1953/155/1935 1956/153/1938 1924/153/1906
f 1928/155/1910 1955/155/1937 1957/153/1939 1927/153/1909
f 1926/151/1908 1938/151/1920 1934/150/1916 1923/150/1905
f 1929/150/1911 1941/150/1923 1938/2/1920 1926/2/1908
f 1930/151/1912 1942/151/1924 1941/150/1923 1929/150/1911
f 1927/155/1909 1957/155/1939 1954/153/1936 1931/153/1913
f 1923/151/1905 1934/151/1916 1933/150/1915 1918/150/1900
f 1931/153/1913 1954/153/1936 1942/151/1924 1930/151/1912
f 1924/161/1906 1956/161/1938 1955/155/1937 1928/155/1910
f 1918/150/1900 1933/150/1915 1932/2/1914 1913/2/1895
f 1869/211/1851 1945/268/1927 1950/269/1932 1872/210/1854
f 1932/169/1914 1945/268/1927 1947/270/1929
f 1872/210/1854 1950/269/1932 1951/271/1933 1871/209/1853
f 1871/209/1853 1951/271/1933 1952/272/1934 1870/208/1852
f 1885/253/1867 1886/252/1868 1949/273/1931 1944/274/1926
f 1869/211/1851 1890/254/1872 1885/253/1867 1948/275/1930 1947/270/1929
f 1903/2/1885 1913/2/1895 1948/276/1930 1944/274/1926 1908/161/1890
f 1907/155/1889 1949/273/1931 1925/155/1907
f 1887/251/1869 1870/208/1852 1925/155/1907 1886/252/1868
f 1936/155/1918 1953/155/1935 1952/272/1934
f 1945/268/1927 1932/169/1914 1946/277/1928
f 1948/275/1930 1913/169/1895 1947/270/1929
f 1945/268/1927 1869/211/1851 1947/270/1929
f 1948/276/1930 1885/253/1867 1944/274/1926
f 1949/273/1931 1907/155/1889 1908/161/1890 1944/274/1926
f 1949/273/1931 1886/252/1868 1925/155/1907
f 1950/269/1932 1937/161/1919 1936/155/1918 1951/271/1933
f 1945/268/1927 1946/277/1928 1937/161/1919 1950/269/1932
f 1953/155/1935 1925/155/1907 1870/208/1852 1952/272/1934
f 1951/271/1933 1936/155/1918 1952/272/1934
f 1953/155/1935 1936/155/1918 1935/153/1917 1956/153/1938
f 1956/161/1938 1935/161/1917 1940/155/1922 1955/155/1937
f 1957/155/1939 1939/155/1921 1943/153/1925 1954/153/1936
f 1955/155/1937 1940/155/1922 1939/153/1921 1957/153/1939
f 1954/153/1936 1943/153/1925 1942/151/1924
f 1947/270/1929 1913/169/1895 1932/169/1914
f 1941/150/1923 1968/150/1950 1967/2/1949 1938/2/1920
f 1981/1/1963 1995/278/1977 1993/279/1975 1984/1/1966
f 1938/151/1920 1967/151/1949 1966/150/1948 1934/150/1916
f 1942/151/1924 1969/151/1951 1968/150/1950 1941/150/1923
f 1984/1/1966 1993/279/1975 1994/280/1976 1985/1/1967
f 1932/169/1914 1964/169/1946 1970/277/1952 1946/277/1928
f 1946/277/1928 1970/277/1952 1937/161/1919
f 1942/151/1924 1943/153/1925 1969/151/1951
f 1940/155/1922 1974/155/1956 1973/153/1955 1939/153/1921
f 1939/155/1921 1973/155/1955 1975/153/1957 1943/153/1925
f 1969/151/1951 1943/153/1925 1975/153/1957
f 1936/155/1918 1972/155/1954 1971/153/1953 1935/153/1917
f 1935/161/1917 1971/161/1953 1974/155/1956 1940/155/1922
f 1936/155/1918 1937/161/1919 1970/277/1952 1972/155/1954
f 776/1/776 1961/1/1943 1990/1/1972 1979/1/1961
f 774/1/774 775/1/775 1978/1/1960 1977/1/1959
f 785/1/785 787/1/787 1985/1/1967 1983/1/1965
f 1960/1/1942 1959/1/1941 1988/1/1970 1989/1/1971
f 778/1/778 777/1/777 1980/1/1962 1981/1/1963
f 779/1/779 780/1/780 781/1/781 782/1/782 783/1/783 784/1/784 1982/1/1964 1978/1/1960 775/1/775
f 784/1/784 785/1/785 1983/1/1965 1982/1/1964
f 1961/1/1943 1960/1/1942 1989/1/1971 1990/1/1972
f 777/1/777 776/1/776 1979/1/1961 1980/1/1962
f 1958/1/1940 1962/1/1944 1991/1/1973 1987/1/1969
f 1983/1/1965 1996/281/1978 1966/150/1948 1982/3/1964
f 786/1/786 778/1/778 1981/1/1963 1984/1/1966
f 788/1/788 1958/1/1940 1987/1/1969 1986/1/1968
f 1963/1/1945 773/1/773 1976/1/1958 1992/1/1974
f 1959/1/1941 788/1/788 1986/1/1968 1988/1/1970
f 1962/1/1944 1963/1/1945 1992/1/1974 1991/1/1973
f 787/1/787 786/1/786 1984/1/1966 1985/1/1967
f 1967/2/1949 1978/1/1960 1982/3/1964 1966/150/1948
f 773/1/773 774/1/774 1977/1/1959 1976/1/1958
f 1974/155/1956 1987/1/1969 1991/1/1973 1973/153/1955
f 1974/155/1956 1971/161/1953 1986/1/1968 1987/1/1969
f 1972/155/1954 1988/1/1970 1986/1/1968 1971/161/1953
f 1970/277/1952 1989/1/1971 1988/1/1970 1972/155/1954
f 1973/153/1955 1991/1/1973 1992/1/1974 1975/153/1957
f 1975/153/1957 1992/1/1974 1976/1/1958 1969/151/1951
f 1969/151/1951 1976/1/1958 1977/1/1959 1968/150/1950
f 1968/150/1950 1977/1/1959 1978/1/1960 1967/2/1949
f 1989/1/1971 1970/277/1952 1990/1/1972
f 1964/169/1946 1979/1/1961 1990/1/1972 1970/277/1952
f 1985/1/1967 1994/280/1976 1996/281/1978 1983/1/1965
f 1966/150/1948 1996/281/1978 1994/280/1976 1993/279/1975 1995/278/1977 1965/282/1947 1964/169/1946 1932/169/1914 1934/150/1916
f 1980/1/1962 1979/1/1961 1964/169/1946 1965/282/1947
f 1965/282/1947 1995/278/1977 1981/1/1963 1980/1/1962
f 1997/3/1979 1998/11/1980 2000/2/1982 1999/1/1981
f 1998/11/1980 1997/3/1979 2001/3/1983 2002/11/1984
f 2002/11/1984 2001/3/1983 2003/3/1985 2004/11/1986
f 2004/11/1986 2003/3/1985 2005/3/1987 2006/11/1988
f 2006/11/1988 2005/3/1987 2063/3/2045 2064/11/2046
f 2008/11/1990 2007/3/1989 2009/3/1991 2010/11/1992
f 2010/11/1992 2009/3/1991 2011/3/1993 2012/11/1994
f 2012/11/1994 2011/3/1993 2013/3/1995 2014/11/1996
f 2014/11/1996 2013/3/1995 2015/3/1997 2016/11/1998
f 2016/11/1998 2015/3/1997 2017/3/1999 2018/11/2000
f 2018/11/2000 2017/3/1999 2019/3/2001 2020/11/2002
f 2020/11/2002 2019/3/2001 2021/3/2003 2022/11/2004
f 2022/11/2004 2021/3/2003 2023/3/2005 2024/11/2006
f 2024/11/2006 2023/3/2005 2025/3/2007 2026/11/2008
f 2026/11/2008 2025/3/2007 2027/3/2009 2028/11/2010
f 2028/11/2010 2027/3/2009 2029/3/2011 2030/11/2012
f 2032/11/2014 2031/3/2013 2033/3/2015 2034/11/2016
f 2033/3/2015 2031/3/2013 2035/3/2017 2036/3/2018
f 2036/3/2018 2035/3/2017 2037/3/2019 2038/3/2020
f 2038/3/2020 2037/3/2019 2039/3/2021 2040/3/2022
f 2040/3/2022 2039/3/2021 2041/3/2023 2042/3/2024
f 2042/3/2024 2041/3/2023 2043/3/2025 2044/3/2026
f 2044/3/2026 2043/3/2025 2045/3/2027 2046/3/2028
f 2046/3/2028 2045/3/2027 2047/3/2029 2048/3/2030
f 2048/3/2030 2047/3/2029 2049/3/2031 2050/3/2032
f 2050/3/2032 2049/3/2031 2051/3/2033 2052/3/2034
f 2052/3/2034 2051/3/2033 2053/3/2035 2054/3/2036
f 2054/3/2036 2053/3/2035 2055/3/2037 2056/3/2038
f 2056/3/2038 2055/3/2037 2057/3/2039 2058/3/2040
f 2037/3/2019 2035/3/2017 2059/3/2041 2060/3/2042
f 2060/3/2042 2059/3/2041 2061/3/2043 2062/3/2044
f 2004/11/1986 2006/11/1988 2058/3/2040 2057/3/2039
f 2064/11/2046 2063/3/2045 2007/3/1989 2008/11/1990
f 2027/3/2009 2050/3/2032 2052/3/2034 2029/3/2011
f 2025/3/2007 2048/3/2030 2050/3/2032 2027/3/2009
f 2023/3/2005 2046/3/2028 2048/3/2030 2025/3/2007
f 2021/3/2003 2044/3/2026 2046/3/2028 2023/3/2005
f 2041/3/2023 2039/3/2021 2090/3/2072 2092/3/2074
f 2059/3/2041 2035/3/2017 2086/3/2068 2103/3/2085
f 2013/3/1995 2011/3/1993 2076/3/2058 2077/3/2059
f 2034/11/2016 2033/3/2015 2084/3/2066 2085/11/2067
f 2044/3/2026 2021/3/2003 2081/3/2063 2095/3/2077
f 2040/3/2022 2042/3/2024 2093/3/2075 2091/3/2073
f 2037/3/2019 2060/3/2042 2104/3/2086 2088/3/2070
f 2051/3/2033 2049/3/2031 2098/3/2080 2099/3/2081
f 2005/3/1987 2003/3/1985 2071/3/2053 2073/3/2055
f 2062/3/2044 2061/3/2043 2105/3/2087 2106/3/2088
f 2032/11/2014 2034/11/2016 2085/11/2067 2083/11/2065
f 2043/3/2025 2041/3/2023 2092/3/2074 2094/3/2076
f 2061/3/2043 2059/3/2041 2103/3/2085 2105/3/2087
f 2015/3/1997 2013/3/1995 2077/3/2059 2078/3/2060
f 2042/3/2024 2044/3/2026 2095/3/2077 2093/3/2075
f 1997/3/1979 1999/1/1981 2067/1/2049 2065/3/2047
f 2060/3/2042 2062/3/2044 2106/3/2088 2104/3/2086
f 2035/3/2017 2031/3/2013 2082/3/2064 2086/3/2068
f 2053/3/2035 2051/3/2033 2099/3/2081 2100/3/2082
f 2007/3/1989 2063/3/2045 2107/3/2089 2074/3/2056
f 2063/3/2045 2005/3/1987 2073/3/2055 2107/3/2089
f 2033/3/2015 2036/3/2018 2087/3/2069 2084/3/2066
f 2045/3/2027 2043/3/2025 2094/3/2076 2096/3/2078
f 2000/2/1982 1998/11/1980 2066/11/2048 2068/2/2050
f 2017/3/1999 2015/3/1997 2078/3/2060 2079/3/2061
f 1999/1/1981 2000/2/1982 2068/2/2050 2067/1/2049
f 2055/3/2037 2053/3/2035 2114/3/2096 2115/3/2097
f 2009/3/1991 2007/3/1989 2074/3/2056 2075/3/2057
f 2036/3/2018 2038/3/2020 2089/3/2071 2087/3/2069
f 2045/3/2027 2096/3/2078 2123/3/2105 2120/3/2102
f 2001/3/1983 1997/3/1979 2065/3/2047 2069/3/2051
f 2004/11/1986 2057/3/2039 2102/3/2084 2072/11/2054
f 2019/3/2001 2017/3/1999 2079/3/2061 2080/3/2062
f 1998/11/1980 2002/11/1984 2070/11/2052 2066/11/2048
f 2039/3/2021 2037/3/2019 2088/3/2070 2090/3/2072
f 2053/3/2035 2100/3/2082 2117/3/2099 2114/3/2096
f 2011/3/1993 2009/3/1991 2075/3/2057 2076/3/2058
f 2038/3/2020 2040/3/2022 2091/3/2073 2089/3/2071
f 2047/3/2029 2045/3/2027 2120/3/2102 2121/3/2103
f 2003/3/1985 2001/3/1983 2069/3/2051 2071/3/2053
f 2021/3/2003 2019/3/2001 2080/3/2062 2081/3/2063
f 2031/3/2013 2032/11/2014 2083/11/2065 2082/3/2064
f 2002/11/1984 2004/11/1986 2072/11/2054 2070/11/2052
f 2075/3/2057 2074/3/2056 2083/11/2065 2085/11/2067
f 2075/3/2057 2085/11/2067 2084/3/2066 2076/3/2058
f 2076/3/2058 2084/3/2066 2087/3/2069 2077/3/2059
f 2077/3/2059 2087/3/2069 2089/3/2071 2078/3/2060
f 2078/3/2060 2089/3/2071 2091/3/2073 2079/3/2061
f 2067/1/2049 2090/3/2072 2088/3/2070 2065/3/2047
f 2065/3/2047 2088/3/2070 2104/3/2086 2069/3/2051
f 2069/3/2051 2104/3/2086 2106/3/2088 2071/3/2053
f 2071/3/2053 2106/3/2088 2105/3/2087 2073/3/2055
f 2107/3/2089 2073/3/2055 2105/3/2087 2108/283/2090
f 2083/11/2065 2108/283/2090 2109/3/2091 2082/3/2064
f 2082/3/2064 2109/3/2091 2103/3/2085 2086/3/2068
f 2109/3/2091 2108/283/2090 2105/3/2087 2103/3/2085
f 2108/283/2090 2083/11/2065 2074/3/2056 2107/3/2089
f 2066/11/2048 2070/11/2052 2101/3/2083 2111/3/2093
f 2068/2/2050 2092/3/2074 2090/3/2072 2067/1/2049
f 2101/3/2083 2070/11/2052 2072/11/2054 2102/3/2084
f 2094/3/2076 2113/3/2095 2112/3/2094 2096/3/2078
f 2115/3/2097 2114/3/2096 2117/3/2099 2118/3/2100
f 2096/3/2078 2112/3/2094 2097/3/2079
f 2111/3/2093 2113/3/2095 2068/2/2050 2066/11/2048
f 2098/3/2080 2110/3/2092 2100/3/2082 2099/3/2081
f 2110/3/2092 2111/3/2093 2101/3/2083 2100/3/2082
f 2068/2/2050 2113/3/2095 2094/3/2076 2092/3/2074
f 2097/3/2079 2112/3/2094 2110/3/2092 2098/3/2080
f 2112/3/2094 2113/3/2095 2111/3/2093 2110/3/2092
f 2116/3/2098 2115/3/2097 2118/3/2100 2119/3/2101
f 2101/3/2083 2102/3/2084 2119/3/2101 2118/3/2100
f 2102/3/2084 2057/3/2039 2116/3/2098 2119/3/2101
f 2057/3/2039 2055/3/2037 2115/3/2097 2116/3/2098
f 2100/3/2082 2101/3/2083 2118/3/2100 2117/3/2099
f 2121/3/2103 2120/3/2102 2123/3/2105 2124/3/2106
f 2122/3/2104 2121/3/2103 2124/3/2106 2125/3/2107
f 2096/3/2078 2097/3/2079 2124/3/2106 2123/3/2105
f 2098/3/2080 2049/3/2031 2122/3/2104 2125/3/2107
f 2049/3/2031 2047/3/2029 2121/3/2103 2122/3/2104
f 2097/3/2079 2098/3/2080 2125/3/2107 2124/3/2106
f 2079/3/2061 2091/3/2073 2093/3/2075 2080/3/2062
f 2080/3/2062 2093/3/2075 2095/3/2077 2081/3/2063
f 2008/11/1990 2010/11/1992 2128/11/2110 2127/11/2109
f 2018/11/2000 2020/11/2002 2131/11/2113 2136/11/2118
f 2054/3/2036 2056/3/2038 2144/3/2126 2143/3/2125
f 2028/11/2010 2030/11/2012 2141/11/2123 2140/11/2122
f 2029/3/2011 2052/3/2034 2142/3/2124 2132/3/2114
f 2014/11/1996 2016/11/1998 2130/11/2112 2135/11/2117
f 2024/11/2006 2026/11/2008 2139/11/2121 2138/11/2120
f 2010/11/1992 2012/11/1994 2129/11/2111 2128/11/2110
f 2020/11/2002 2022/11/2004 2137/11/2119 2131/11/2113
f 2056/3/2038 2058/3/2040 2133/3/2115 2144/3/2126
f 2064/11/2046 2008/11/1990 2127/11/2109 2134/11/2116
f 2006/11/1988 2064/11/2046 2134/11/2116 2126/11/2108
f 2016/11/1998 2018/11/2000 2136/11/2118 2130/11/2112
f 2052/3/2034 2054/3/2036 2143/3/2125 2142/3/2124
f 2026/11/2008 2028/11/2010 2140/11/2122 2139/11/2121
f 2030/11/2012 2029/3/2011 2132/3/2114 2141/11/2123
f 2058/3/2040 2006/11/1988 2126/11/2108 2133/3/2115
f 2012/11/1994 2014/11/1996 2135/11/2117 2129/11/2111
f 2022/11/2004 2024/11/2006 2138/11/2120 2137/11/2119
f 2155/11/2137 2156/11/2138 2158/11/2140 2157/3/2139 2159/3/2141 2160/3/2142 2161/3/2143 2154/1/2136
f 2131/11/2113 2137/11/2119 2153/11/2135 2152/11/2134
f 2126/11/2108 2134/11/2116 2162/11/2144 2145/11/2127
f 2137/11/2119 2138/11/2120 2154/11/2136 2153/11/2135
f 2127/11/2109 2128/11/2110 2147/11/2129 2146/11/2128
f 2134/11/2116 2127/11/2109 2146/11/2128 2162/11/2144
f 2138/11/2120 2139/11/2121 2155/11/2137 2154/11/2136
f 2128/11/2110 2129/11/2111 2148/11/2130 2147/11/2129
f 2133/3/2115 2126/11/2108 2145/11/2127 2161/3/2143
f 2139/11/2121 2140/11/2122 2156/11/2138 2155/11/2137
f 2129/11/2111 2135/11/2117 2149/11/2131 2148/11/2130
f 2132/3/2114 2142/3/2124 2159/3/2141 2157/3/2139
f 2141/11/2123 2132/3/2114 2157/3/2139 2158/11/2140
f 2135/11/2117 2130/11/2112 2150/11/2132 2149/11/2131
f 2140/11/2122 2141/11/2123 2158/11/2140 2156/11/2138
f 2130/11/2112 2136/11/2118 2151/11/2133 2150/11/2132
f 2142/3/2124 2143/3/2125 2160/3/2142 2159/3/2141
f 2136/11/2118 2131/11/2113 2152/11/2134 2151/11/2133
f 264/1/264 2163/1/2145 213/1/213 254/1/254
f 266/1/266 261/1/261 2162/1/2144 2146/1/2128
f 254/1/254 262/1/262 2154/1/2136 2161/1/2143
f 277/1/277 266/1/266 2146/1/2128 2147/1/2129
f 263/1/263 276/1/276 2152/1/2134 2153/1/2135
f 261/1/261 264/1/264 2145/1/2127 2162/1/2144
f 276/1/276 274/1/274 2151/1/2133 2152/1/2134
f 264/1/264 254/1/254 2161/1/2143 2145/1/2127
f 274/1/274 272/1/272 2150/1/2132 2151/1/2133
f 272/1/272 270/1/270 2149/1/2131 2150/1/2132
f 270/1/270 268/1/268 2148/1/2130 2149/1/2131
f 268/1/268 277/1/277 2147/1/2129 2148/1/2130
f 262/1/262 263/1/263 2153/1/2135 2154/1/2136
f 2164/1/2146 277/1/277 268/1/268 267/1/267
f 2161/3/2143 2160/3/2142 2143/3/2125 2144/3/2126 2133/3/2115
f 2171/1/2153 2168/1/2150 290/1/290 291/1/291
f 2165/1/2147 2171/1/2153 291/1/291 292/1/292
f 2168/1/2150 2169/1/2151 289/1/289 290/1/290
f 2169/1/2151 2167/1/2149 288/1/288 289/1/289
f 2167/1/2149 2166/1/2148 287/1/287 288/1/288
f 2166/1/2148 2172/1/2154 286/1/286 287/1/287
f 2170/1/2152 2165/1/2147 292/1/292 293/1/293
f 2172/1/2154 2164/1/2146 267/1/267 286/1/286
f 95/1/95 102/20/102 104/20/104 106/1/106 183/1/183 182/13/182
f 17/3/17 193/1/193 15/3/15 43/3/43
f 1933/150/1915 1934/150/1916 1932/2/1914
f 472/73/472 616/108/616 638/105/638 467/65/467
f 483/89/483 482/88/482 486/101/486 484/100/484
f 474/106/474 2173/284/2155 623/113/623 626/107/626
f 487/98/487 2183/285/2165 2184/30/2166 434/24/434
f 471/70/471 2181/286/2163 474/106/474 472/73/472
f 2174/102/2156 2177/287/2159 2178/104/2160 485/96/485
f 2178/104/2160 2177/287/2159 2183/285/2165 486/101/486
f 2179/94/2161 2178/104/2160 486/101/486 482/88/482
f 2176/80/2158 2175/79/2157 475/77/475 478/85/478
f 490/26/490 2177/287/2159 2174/102/2156 489/27/489
f 2179/94/2161 2176/93/2158 478/90/478 481/92/481
f 2175/79/2157 2180/288/2162 473/75/473 475/77/475
f 2181/286/2163 2187/289/2169 2173/284/2155 474/106/474
f 2180/288/2162 2181/286/2163 471/70/471 470/69/470
f 473/75/473 2180/288/2162 470/69/470 469/72/469
f 2181/286/2163 2180/288/2162 2175/79/2157 476/78/476
f 528/1/528 2182/41/2164 529/1/529 530/1/530
f 447/1/447 2182/41/2164 442/34/442 446/38/446
f 486/101/486 2183/285/2165 487/98/487
f 2185/31/2167 2184/30/2166 490/26/490 437/29/437
f 2184/30/2166 2183/285/2165 2177/287/2159 490/26/490
f 446/38/446 2186/33/2168 441/37/441 445/42/445
f 2186/33/2168 2185/31/2167 437/29/437 441/37/441
f 477/82/477 2187/289/2169 2181/286/2163 476/78/476
f 2272/1/2254 2278/3/2260 97/2/97 89/2/89
f 2343/4/2325 2190/3/2172 2191/1/2173 2342/5/2324
f 2241/6/2223 2192/3/2174 2193/1/2175 2239/7/2221
f 2223/8/2205 2225/9/2207 2195/1/2177 2191/1/2173
f 2342/5/2324 2344/10/2326 2194/1/2176 2189/1/2171
f 2188/3/2170 2189/1/2171 4/2/4 2/11/2
f 2241/6/2223 2242/12/2224 2198/3/2180 2192/3/2174
f 2242/12/2224 2243/3/2225 2200/3/2182 2198/3/2180
f 2243/3/2225 2244/3/2226 2202/3/2184 2200/3/2182
f 2244/3/2226 2245/3/2227 2204/3/2186 2202/3/2184
f 2245/3/2227 2246/3/2228 2206/3/2188 2204/3/2186
f 2246/3/2228 2247/3/2229 2208/3/2190 2206/3/2188
f 2247/3/2229 2248/3/2230 2210/3/2192 2208/3/2190
f 2214/3/2196 2266/3/2248 2264/3/2246 2210/3/2192
f 2388/10/2370 2391/13/2373 2371/1/2353 2211/1/2193
f 2216/3/2198 2267/3/2249 2266/3/2248 2214/3/2196
f 2251/3/2233 2252/3/2234 2218/3/2200 2216/3/2198
f 2253/14/2235 2254/15/2236 2222/3/2204 2220/3/2202
f 2240/16/2222 2196/1/2178 2222/3/2204 2254/15/2236
f 2195/1/2177 2225/9/2207 2238/17/2220 2221/3/2203
f 2219/3/2201 2221/3/2203 2238/17/2220 2237/3/2219
f 2252/3/2234 2253/14/2235 2220/3/2202 2218/3/2200
f 2215/3/2197 2217/3/2199 2236/3/2218 2235/3/2217
f 2234/3/2216 2235/3/2217 2251/3/2233 2250/3/2232
f 2232/3/2214 2234/3/2216 2250/3/2232 2248/3/2230
f 2392/1/2374 2393/1/2375 2373/1/2355 2372/1/2354
f 2207/3/2189 2209/3/2191 2232/3/2214 2231/3/2213
f 2205/3/2187 2207/3/2189 2231/3/2213 2230/3/2212
f 2203/3/2185 2205/3/2187 2230/3/2212 2229/3/2211
f 2201/3/2183 2203/3/2185 2229/3/2211 2228/3/2210
f 2197/3/2179 2199/3/2181 2227/3/2209 2226/3/2208
f 2190/3/2172 2197/3/2179 2226/3/2208 2224/18/2206
f 2239/7/2221 2240/16/2222 2225/9/2207 2223/8/2205
f 2190/3/2172 2224/18/2206 2223/8/2205 2191/1/2173
f 2193/1/2175 2196/1/2178 2240/16/2222 2239/7/2221
f 2225/9/2207 2240/16/2222 2254/15/2236 2238/17/2220
f 2237/3/2219 2238/17/2220 2254/15/2236 2253/14/2235
f 2217/3/2199 2219/3/2201 2237/3/2219 2236/3/2218
f 2235/3/2217 2236/3/2218 2252/3/2234 2251/3/2233
f 2214/3/2196 2250/3/2232 2251/3/2233 2216/3/2198
f 2210/3/2192 2248/3/2230 2250/3/2232 2214/3/2196
f 2391/13/2373 2392/1/2374 2372/1/2354 2371/1/2353
f 2231/3/2213 2232/3/2214 2248/3/2230 2247/3/2229
f 2230/3/2212 2231/3/2213 2247/3/2229 2246/3/2228
f 2229/3/2211 2230/3/2212 2246/3/2228 2245/3/2227
f 2228/3/2210 2229/3/2211 2245/3/2227 2244/3/2226
f 2227/3/2209 2228/3/2210 2244/3/2226 2243/3/2225
f 2226/3/2208 2227/3/2209 2243/3/2225 2242/12/2224
f 2224/18/2206 2226/3/2208 2242/12/2224 2241/6/2223
f 2224/18/2206 2241/6/2223 2239/7/2221 2223/8/2205
f 2200/3/2182 2259/3/2241 2258/3/2240 2198/3/2180
f 2210/3/2192 2264/3/2246 2263/3/2245 2208/3/2190
f 2218/3/2200 2268/3/2250 2267/3/2249 2216/3/2198
f 2193/1/2175 2256/1/2238 2257/1/2239 2196/1/2178
f 2192/3/2174 2255/3/2237 2256/1/2238 2193/1/2175
f 2206/3/2188 2262/3/2244 2261/3/2243 2204/3/2186
f 2351/1/2333 2215/3/2197 2213/3/2195 2352/1/2334
f 2196/1/2178 2257/1/2239 2270/3/2252 2222/3/2204
f 2202/3/2184 2260/3/2242 2259/3/2241 2200/3/2182
f 2352/1/2334 2213/3/2195 2209/3/2191 2354/1/2336
f 2236/3/2218 2237/3/2219 2253/14/2235 2252/3/2234
f 2198/3/2180 2258/3/2240 2255/3/2237 2192/3/2174
f 2208/3/2190 2263/3/2245 2262/3/2244 2206/3/2188
f 2204/3/2186 2261/3/2243 2260/3/2242 2202/3/2184
f 2384/1/2366 2388/10/2370 2211/1/2193 2212/1/2194
f 2222/3/2204 2270/3/2252 2269/3/2251 2220/3/2202
f 2189/1/2171 2194/1/2176 10/2/10 4/2/4
f 2273/1/2255 2275/1/2257 2346/1/2328 2345/19/2327
f 2344/10/2326 2195/1/2177 2273/1/2255 2345/19/2327
f 2358/1/2340 2199/3/2181 2279/1/2261 2364/1/2346
f 2278/3/2260 2346/1/2328 2347/13/2329 2277/1/2259
f 2369/1/2351 2370/1/2352 2375/1/2357 2274/1/2256
f 2340/1/2322 2280/1/2262 2271/1/2253 2341/1/2323 2281/1/2263
f 2370/1/2352 2353/1/2335 2376/1/2358 4240/1/4195 2375/1/2357
f 2283/20/2265 2284/20/2266 105/2/105 103/2/103
f 2285/1/2267 2287/1/2269 2286/20/2268 2284/20/2266
f 2284/20/2266 2286/20/2268 108/2/108 105/2/105
f 2287/1/2269 2289/1/2271 2288/20/2270 2286/20/2268
f 2286/20/2268 2288/20/2270 111/2/111 108/2/108
f 2341/1/2323 2329/1/2311 2292/1/2274 2282/1/2264
f 2220/3/2202 2269/3/2251 2268/3/2250 2218/3/2200
f 2336/1/2318 2335/1/2317 2290/1/2272 2399/1/2381 2337/1/2319
f 2292/1/2274 2294/1/2276 2295/20/2277 2293/20/2275
f 2282/1/2264 2292/1/2274 2293/20/2275 117/2/117 111/2/111 2288/20/2270
f 2294/1/2276 2296/1/2278 2297/20/2279 2295/20/2277
f 2293/20/2275 2295/20/2277 120/2/120 117/2/117
f 2296/1/2278 2298/1/2280 2299/20/2281 2297/20/2279
f 2295/20/2277 2297/20/2279 123/2/123 120/2/120
f 2297/20/2279 2299/20/2281 126/2/126 123/2/123
f 2310/1/2292 2317/1/2299 2319/1/2301 2311/1/2293
f 2298/1/2280 2300/1/2282 2301/20/2283 2299/20/2281
f 2301/20/2283 2325/20/2307 157/2/157 129/2/129
f 2304/1/2286 2306/1/2288 2307/20/2289 2305/20/2287
f 2303/20/2285 2305/20/2287 135/2/135 132/2/132
f 2306/1/2288 2318/1/2300 2322/20/2304 2307/20/2289
f 2305/20/2287 2307/20/2289 138/2/138 135/2/135
f 2304/1/2286 2313/1/2295 2314/1/2296 2306/1/2288
f 2294/1/2276 2308/1/2290 2309/1/2291 2296/1/2278
f 2296/1/2278 2309/1/2291 2310/1/2292 2298/1/2280
f 2298/1/2280 2310/1/2292 2311/1/2293 2300/1/2282
f 2300/1/2282 2311/1/2293 2327/1/2309 2326/1/2308
f 2302/1/2284 2312/1/2294 2313/1/2295 2304/1/2286
f 2308/1/2290 2315/1/2297 2316/1/2298 2309/1/2291
f 2313/1/2295 2320/1/2302 2321/1/2303 2314/1/2296
f 2311/1/2293 2319/1/2301 2327/1/2309
f 2309/1/2291 2316/1/2298 2317/1/2299 2310/1/2292
f 2312/1/2294 2328/1/2310 2320/1/2302 2313/1/2295
f 2301/20/2283 129/2/129 126/2/126 2299/20/2281
f 2317/1/2299 2316/1/2298 2321/1/2303 2320/1/2302
f 2328/1/2310 2319/1/2301 2317/1/2299 2320/1/2302
f 2288/20/2270 2289/1/2271 2291/1/2273 2276/1/2258 2282/1/2264
f 2300/1/2282 2326/1/2308 2325/20/2307 2301/20/2283
f 2314/1/2296 2323/1/2305 2318/1/2300 2306/1/2288
f 2307/20/2289 2322/20/2304 154/2/154 138/2/138
f 2321/1/2303 2324/1/2306 2323/1/2305 2314/1/2296
f 2316/1/2298 2315/1/2297 2324/1/2306 2321/1/2303
f 2292/1/2274 2329/1/2311 2308/1/2290 2294/1/2276
f 2329/1/2311 2330/1/2312 2315/1/2297 2308/1/2290
f 2330/1/2312 2331/1/2313 2324/1/2306 2315/1/2297
f 2331/1/2313 2332/1/2314 2323/1/2305 2324/1/2306
f 2332/1/2314 2333/1/2315 2318/1/2300 2323/1/2305
f 2333/1/2315 2334/1/2316 2322/1/2304 2318/1/2300
f 2334/1/2316 168/1/168 154/1/154 2322/1/2304
f 2302/1/2284 2304/1/2286 2305/20/2287 2303/20/2285
f 2278/1/2260 2277/1/2259 94/2/94 97/2/97
f 2335/1/2317 2336/1/2318 2331/1/2313 2330/1/2312
f 2336/1/2318 2337/1/2319 2332/1/2314 2331/1/2313
f 2337/1/2319 2338/1/2320 2333/1/2315 2332/1/2314
f 2338/1/2320 2339/1/2321 2334/1/2316 2333/1/2315
f 2329/1/2311 2341/1/2323 2271/1/2253 2330/1/2312
f 2195/1/2177 2221/3/2203 2273/1/2255
f 94/2/94 2277/1/2259 2283/20/2265 103/2/103
f 2341/1/2323 2282/1/2264 2275/1/2257 2281/1/2263
f 2276/1/2258 2291/1/2273 2348/1/2330 2347/13/2329
f 2194/1/2176 2344/10/2326 2345/19/2327 2272/1/2254
f 2275/1/2257 2276/1/2258 2347/13/2329 2346/1/2328
f 2191/1/2173 2195/1/2177 2344/10/2326 2342/5/2324
f 2188/3/2170 2343/4/2325 2342/5/2324 2189/1/2171
f 2221/3/2203 2219/3/2201 2368/1/2350 2340/1/2322
f 2217/3/2199 2215/3/2197 2351/1/2333 2350/1/2332
f 2361/1/2343 2360/1/2342 2351/1/2333 2352/1/2334
f 2361/1/2343 2352/1/2334 2354/1/2336 2362/1/2344
f 2385/1/2367 2384/1/2366 2212/1/2194 2265/1/2247
f 2209/3/2191 2207/3/2189 2355/1/2337 2354/1/2336
f 2207/3/2189 2205/3/2187 2356/1/2338 2355/1/2337
f 2205/3/2187 2203/3/2185 2357/1/2339 2356/1/2338
f 2203/3/2185 2201/3/2183 2358/1/2340 2357/1/2339
f 2199/3/2181 2190/3/2172 2343/4/2325 2359/1/2341
f 2343/4/2325 2188/3/2170 2367/1/2349 2359/1/2341
f 2/11/2 204/1/204 2367/1/2349 2188/3/2170
f 2278/3/2260 2272/1/2254 2345/19/2327 2346/1/2328
f 2390/10/2372 2387/13/2369 2353/1/2335 2370/1/2352
f 2387/13/2369 2385/1/2367 2265/1/2247 2353/1/2335
f 2354/1/2336 2355/1/2337 2249/1/2231 2362/1/2344
f 2355/1/2337 2356/1/2338 2233/1/2215 2249/1/2231
f 2356/1/2338 2357/1/2339 2363/1/2345 2233/1/2215
f 2357/1/2339 2358/1/2340 2364/1/2346 2363/1/2345
f 2227/3/2209 2201/3/2183 2228/3/2210
f 2359/1/2341 2367/1/2349 2366/1/2348 2365/1/2347
f 2367/1/2349 204/1/204 203/1/203 2366/1/2348
f 2199/3/2181 2197/3/2179 2190/3/2172
f 2221/3/2203 2281/1/2263 2275/1/2257 2273/1/2255
f 2350/1/2332 2351/1/2333 2360/1/2342 2349/1/2331
f 2368/1/2350 2280/1/2262 2340/1/2322
f 2280/1/2262 2368/1/2350 2350/1/2332 2349/1/2331
f 2282/1/2264 2276/1/2258 2275/1/2257
f 2194/1/2176 2272/1/2254 89/2/89 10/2/10
f 2395/19/2377 2389/1/2371 2369/1/2351 2290/1/2272
f 2389/1/2371 2390/10/2372 2370/1/2352 2369/1/2351
f 2213/3/2195 2215/3/2197 2235/3/2217 2234/3/2216
f 2209/3/2191 2213/3/2195 2234/3/2216 2232/3/2214
f 2393/1/2375 2394/19/2376 2374/1/2356 2373/1/2355
f 2394/19/2376 234/1/234 212/1/212 2374/1/2356
f 2199/3/2181 2359/1/2341 2365/1/2347 2279/1/2261
f 2281/1/2263 2221/3/2203 2340/1/2322
f 2353/1/2335 2265/1/2247 2377/1/2359 2376/1/2358
f 2265/1/2247 2212/1/2194 2378/1/2360 2377/1/2359
f 2212/1/2194 2211/1/2193 2379/1/2361 2378/1/2360
f 2211/1/2193 2371/1/2353 2380/1/2362 2379/1/2361
f 2371/1/2353 2372/1/2354 2381/1/2363 2380/1/2362
f 2372/1/2354 2373/1/2355 2382/1/2364 2381/1/2363
f 2373/1/2355 2374/1/2356 2383/1/2365 2382/1/2364
f 2374/1/2356 212/1/212 222/1/222 2383/1/2365
f 2366/1/2348 203/1/203 234/1/234 2394/19/2376
f 2365/1/2347 2366/1/2348 2394/19/2376 2393/1/2375
f 2360/1/2342 2361/1/2343 2390/10/2372 2389/1/2371
f 2349/1/2331 2360/1/2342 2389/1/2371 2395/19/2377
f 2271/1/2253 2280/1/2262 2386/1/2368 2335/1/2317 2330/1/2312
f 2362/1/2344 2249/1/2231 2385/1/2367 2387/13/2369
f 2361/1/2343 2362/1/2344 2387/13/2369 2390/10/2372
f 2249/1/2231 2233/1/2215 2384/1/2366 2385/1/2367
f 2368/1/2350 2219/3/2201 2217/3/2199 2350/1/2332
f 2233/1/2215 2363/1/2345 2388/10/2370 2384/1/2366
f 2364/1/2346 2279/1/2261 2392/1/2374 2391/13/2373
f 2279/1/2261 2365/1/2347 2393/1/2375 2392/1/2374
f 2363/1/2345 2364/1/2346 2391/13/2373 2388/10/2370
f 2280/1/2262 2349/1/2331 2395/19/2377 2386/1/2368
f 2395/19/2377 2290/1/2272 2335/1/2317 2386/1/2368
f 2290/1/2272 2369/1/2351 2274/1/2256 2399/1/2381
f 2339/1/2321 2338/1/2320 2396/1/2378 2398/1/2380
f 2399/1/2381 2396/1/2378 2338/1/2320 2337/1/2319
f 238/1/238 168/1/168 2334/1/2316 2339/1/2321
f 2274/1/2256 2396/1/2378 2399/1/2381
f 2396/1/2378 2401/1/2383 2402/1/2384 2398/1/2380
f 2274/1/2256 2397/1/2379 2401/1/2383 2396/1/2378
f 2375/1/2357 2400/1/2382 2397/1/2379 2274/1/2256
f 2398/1/2380 2402/1/2384 249/1/249 174/1/174
f 2398/1/2380 174/1/174 238/1/238 2339/1/2321
f 2401/1/2383 2405/1/2387 2406/1/2388 2402/1/2384
f 2397/1/2379 2403/1/2385 2405/1/2387 2401/1/2383
f 2400/1/2382 2404/1/2386 2403/1/2385 2397/1/2379
f 2402/1/2384 2406/1/2388 245/1/245 249/1/249
f 2406/1/2388 2409/1/2391 251/1/251 245/1/245
f 2405/1/2387 2408/1/2390 2409/1/2391 2406/1/2388
f 2403/1/2385 2407/1/2389 2408/1/2390 2405/1/2387
f 2409/1/2391 2411/1/2393 255/1/255 251/1/251
f 2411/1/2393 2412/1/2394 257/1/257 255/1/255
f 2412/1/2394 2413/1/2395 259/1/259 257/1/257
f 2400/1/2382 2415/1/2397 2416/1/2398 2404/1/2386
f 2375/1/2357 2410/1/2392 2415/1/2397 2400/1/2382
f 2408/1/2390 2407/1/2389 2413/1/2395 2412/1/2394
f 2411/1/2393 2409/1/2391 2408/1/2390 2412/1/2394
f 2376/1/2358 2414/1/2396 2417/1/2399 4240/1/4195
f 2376/1/2358 2418/1/2400 2419/1/2401 2414/1/2396
f 2418/1/2400 4241/1/4196 2430/1/2412 2419/1/2401
f 2420/1/2402 2422/1/2404 2423/1/2405 2421/1/2403
f 2422/1/2404 2424/1/2406 2425/1/2407 2423/1/2405
f 2424/1/2406 2426/1/2408 2427/1/2409 2425/1/2407
f 2426/1/2408 2428/1/2410 2429/1/2411 2427/1/2409
f 2404/1/2386 2416/1/2398 2429/1/2411 2428/1/2410
f 2378/1/2360 2432/1/2414 2431/1/2413 2377/1/2359
f 2383/1/2365 2437/1/2419 2436/1/2418 2382/1/2364
f 2377/1/2359 2431/1/2413 2418/1/2400 2376/1/2358
f 2382/1/2364 2436/1/2418 2435/1/2417 2381/1/2363
f 222/1/222 285/1/285 2437/1/2419 2383/1/2365
f 2381/1/2363 2435/1/2417 2434/1/2416 2380/1/2362
f 2380/1/2362 2434/1/2416 2433/1/2415 2379/1/2361
f 2379/1/2361 2433/1/2415 2432/1/2414 2378/1/2360
f 2434/1/2416 4246/1/4201 4244/1/4199 2433/1/2415
f 2432/1/2414 4243/1/4198 4248/1/4203 2431/1/2413
f 2431/1/2413 4248/1/4203 4241/1/4196 2418/1/2400
f 2437/1/2419 4242/1/4197 4247/1/4202 2436/1/2418
f 2435/1/2417 4245/1/4200 4246/1/4201 2434/1/2416
f 2433/1/2415 4244/1/4199 4243/1/4198 2432/1/2414
f 285/1/285 2170/1/2152 4242/1/4197 2437/1/2419
f 2436/1/2418 4247/1/4202 4245/1/4200 2435/1/2417
f 2438/1/2420 2445/1/2427 2422/1/2404 2420/1/2402
f 293/1/293 301/1/301 2451/1/2433 2444/1/2426
f 2443/1/2425 2450/1/2432 2449/1/2431 2442/1/2424
f 2441/1/2423 2448/1/2430 2447/1/2429 2440/1/2422
f 2444/1/2426 2451/1/2433 2450/1/2432 2443/1/2425
f 2439/1/2421 2446/1/2428 2445/1/2427 2438/1/2420
f 2442/1/2424 2449/1/2431 2448/1/2430 2441/1/2423
f 2440/1/2422 2447/1/2429 2446/1/2428 2439/1/2421
f 2449/1/2431 2456/1/2438 2455/1/2437 2448/1/2430
f 2445/1/2427 2452/1/2434 2424/1/2406 2422/1/2404
f 301/1/301 309/1/309 2458/1/2440 2451/1/2433
f 2450/1/2432 2457/1/2439 2456/1/2438 2449/1/2431
f 2447/1/2429 2454/1/2436 2453/1/2435 2446/1/2428
f 2448/1/2430 2455/1/2437 2454/1/2436 2447/1/2429
f 2446/1/2428 2453/1/2435 2452/1/2434 2445/1/2427
f 2451/1/2433 2458/1/2440 2457/1/2439 2450/1/2432
f 2457/1/2439 2464/1/2446 2463/1/2445 2456/1/2438
f 2453/1/2435 2460/1/2442 2459/1/2441 2452/1/2434
f 2455/1/2437 2462/1/2444 2461/1/2443 2454/1/2436
f 2452/1/2434 2459/1/2441 2426/1/2408 2424/1/2406
f 2458/1/2440 2465/1/2447 2464/1/2446 2457/1/2439
f 2454/1/2436 2461/1/2443 2460/1/2442 2453/1/2435
f 2456/1/2438 2463/1/2445 2462/1/2444 2455/1/2437
f 309/1/309 317/1/317 2465/1/2447 2458/1/2440
f 2459/1/2441 2466/1/2448 2428/1/2410 2426/1/2408
f 317/1/317 325/1/325 2472/1/2454 2465/1/2447
f 2464/1/2446 2471/1/2453 2470/1/2452 2463/1/2445
f 2460/1/2442 2467/1/2449 2466/1/2448 2459/1/2441
f 2462/1/2444 2469/1/2451 2468/1/2450 2461/1/2443
f 2465/1/2447 2472/1/2454 2471/1/2453 2464/1/2446
f 2463/1/2445 2470/1/2452 2469/1/2451 2462/1/2444
f 2461/1/2443 2468/1/2450 2467/1/2449 2460/1/2442
f 325/1/325 333/1/333 2479/1/2461 2472/1/2454
f 2471/1/2453 2478/1/2460 2477/1/2459 2470/1/2452
f 2468/1/2450 2475/1/2457 2474/1/2456 2467/1/2449
f 2469/1/2451 2476/1/2458 2475/1/2457 2468/1/2450
f 2467/1/2449 2474/1/2456 2473/1/2455 2466/1/2448
f 2466/1/2448 2473/1/2455 2404/1/2386 2428/1/2410
f 2472/1/2454 2479/1/2461 2478/1/2460 2471/1/2453
f 2470/1/2452 2477/1/2459 2476/1/2458 2469/1/2451
f 2477/1/2459 2488/1/2470 2487/1/2469 2476/1/2458
f 2404/1/2386 2481/1/2463 2480/1/2462 2403/1/2385
f 2475/1/2457 2486/1/2468 2485/1/2467 2474/1/2456
f 2478/1/2460 2489/1/2471 2488/1/2470 2477/1/2459
f 2407/1/2389 2482/1/2464 2483/1/2465 2413/1/2395
f 2474/1/2456 2485/1/2467 2484/1/2466 2473/1/2455
f 2473/1/2455 2484/1/2466 2481/1/2463 2404/1/2386
f 2403/1/2385 2480/1/2462 2482/1/2464 2407/1/2389
f 2479/1/2461 2490/1/2472 2489/1/2471 2478/1/2460
f 2476/1/2458 2487/1/2469 2486/1/2468 2475/1/2457
f 333/1/333 346/1/346 2490/1/2472 2479/1/2461
f 2413/1/2395 2483/1/2465 337/1/337 259/1/259
f 383/1/383 385/1/385 2523/1/2505 2522/1/2504
f 337/1/337 2483/1/2465 2504/1/2486 361/1/361
f 2515/1/2497 2497/1/2479 354/1/354 374/1/374
f 2490/1/2472 2511/10/2493 2510/10/2492 2489/1/2471
f 2520/1/2502 2493/1/2475 2491/1/2473 2519/1/2501
f 2511/10/2493 2490/1/2472 346/1/346 370/1/370
f 2481/1/2463 2502/1/2484 2501/1/2483 2480/1/2462
f 2509/19/2491 2508/1/2490 2487/1/2469 2488/1/2470
f 2506/1/2488 2505/1/2487 2484/1/2466 2485/1/2467
f 2505/1/2487 2502/1/2484 2481/1/2463 2484/1/2466
f 2516/1/2498 2496/1/2478 2499/1/2481 2513/1/2495
f 2507/1/2489 2506/1/2488 2485/1/2467 2486/1/2468
f 2514/1/2496 2498/1/2480 2497/1/2479 2515/1/2497
f 2513/1/2495 2499/1/2481 2500/1/2482 2512/1/2494
f 2521/1/2503 2492/1/2474 2493/1/2475 2520/1/2502
f 2522/1/2504 2523/1/2505 2492/1/2474 2521/1/2503
f 2518/1/2500 2494/1/2476 2495/1/2477 2517/1/2499
f 2483/1/2465 2482/1/2464 2503/1/2485 2504/1/2486
f 2510/10/2492 2509/19/2491 2488/1/2470 2489/1/2471
f 2519/1/2501 2491/1/2473 2494/1/2476 2518/1/2500
f 2512/1/2494 2500/1/2482 2498/1/2480 2514/1/2496
f 2508/1/2490 2507/1/2489 2486/1/2468 2487/1/2469
f 2508/1/2490 2519/1/2501 2518/1/2500 2507/1/2489
f 2503/1/2485 2514/1/2496 2515/1/2497 2504/1/2486
f 370/1/370 383/1/383 2522/1/2504 2511/10/2493
f 2502/1/2484 2513/1/2495 2512/1/2494 2501/1/2483
f 2509/19/2491 2520/1/2502 2519/1/2501 2508/1/2490
f 2507/1/2489 2518/1/2500 2517/1/2499 2506/1/2488
f 2505/1/2487 2516/1/2498 2513/1/2495 2502/1/2484
f 2501/1/2483 2512/1/2494 2514/1/2496 2503/1/2485
f 2510/10/2492 2521/1/2503 2520/1/2502 2509/19/2491
f 2506/1/2488 2517/1/2499 2516/1/2498 2505/1/2487
f 2504/1/2486 2515/1/2497 374/1/374 361/1/361
f 2511/10/2493 2522/1/2504 2521/1/2503 2510/10/2492
f 2482/1/2464 2480/1/2462 2501/1/2483 2503/1/2485
f 2517/1/2499 2495/1/2477 2496/1/2478 2516/1/2498
f 2497/1/2479 2524/1/2506 387/1/387 354/1/354
f 2498/1/2480 2525/1/2507 2524/1/2506 2497/1/2479
f 2498/1/2480 2526/1/2508 2527/1/2509 2525/1/2507
f 2526/1/2508 2528/1/2510 2529/1/2511 2527/1/2509
f 2528/1/2510 2530/1/2512 2546/1/2528 2544/1/2526
f 2530/1/2512 2531/1/2513 2547/1/2529 2546/1/2528
f 2531/1/2513 2532/1/2514 2548/1/2530 2547/1/2529
f 2532/1/2514 2533/1/2515 2549/1/2531 2548/1/2530
f 2533/1/2515 2534/1/2516 2550/1/2532 2549/1/2531
f 2534/1/2516 2535/1/2517 2551/1/2533 2550/1/2532
f 2535/1/2517 2536/1/2518 2552/1/2534 2551/1/2533
f 2545/1/2527 2557/1/2539 2556/1/2538 2529/1/2511
f 2498/1/2480 2500/1/2482 2540/1/2522 2526/1/2508
f 2500/1/2482 2499/1/2481 2542/1/2524 2540/1/2522
f 2499/1/2481 2496/1/2478 2537/1/2519 2542/1/2524
f 2496/1/2478 2495/1/2477 2539/1/2521 2537/1/2519
f 2495/1/2477 2494/1/2476 2541/1/2523 2539/1/2521
f 2494/1/2476 2491/1/2473 2543/1/2525 2541/1/2523
f 2491/1/2473 2493/1/2475 2538/1/2520 2543/1/2525
f 2537/1/2519 2532/1/2514 2531/1/2513 2542/1/2524
f 2539/1/2521 2533/1/2515 2532/1/2514 2537/1/2519
f 2541/1/2523 2534/1/2516 2533/1/2515 2539/1/2521
f 2540/1/2522 2530/1/2512 2528/1/2510 2526/1/2508
f 2543/1/2525 2535/1/2517 2534/1/2516 2541/1/2523
f 2542/1/2524 2531/1/2513 2530/1/2512 2540/1/2522
f 2538/1/2520 2536/1/2518 2535/1/2517 2543/1/2525
f 2525/1/2507 2554/1/2536 2553/1/2535 2524/1/2506
f 2529/1/2511 2556/1/2538 2555/1/2537 2527/1/2509
f 2557/1/2539 2562/1/2544 2561/1/2543 2556/1/2538
f 2524/1/2506 2553/1/2535 417/1/417 387/1/387
f 2527/1/2509 2555/1/2537 2554/1/2536 2525/1/2507
f 2561/1/2543 2562/1/2544 2567/1/2549 2566/1/2548
f 2555/1/2537 2560/1/2542 2559/1/2541 2554/1/2536
f 2554/1/2536 2559/1/2541 2558/1/2540 2553/1/2535
f 2556/1/2538 2561/1/2543 2560/1/2542 2555/1/2537
f 2553/1/2535 2558/1/2540 423/1/423 417/1/417
f 2560/1/2542 2565/1/2547 2564/1/2546 2559/1/2541
f 2559/1/2541 2564/1/2546 2563/1/2545 2558/1/2540
f 2566/1/2548 2577/22/2559 2573/21/2555 2565/1/2547
f 2561/1/2543 2566/1/2548 2565/1/2547 2560/1/2542
f 2558/1/2540 2563/1/2545 429/1/429 423/1/423
f 2569/23/2551 2573/21/2555 2572/25/2554 2568/24/2550
f 2620/26/2602 2571/29/2553 2570/28/2552 2619/27/2601
f 2568/24/2550 2572/25/2554 4260/31/4215 4259/30/4214
f 2619/27/2601 2570/28/2552 2602/32/2584
f 2572/25/2554 2576/34/2558 4261/33/4216 4260/31/4215
f 2570/28/2552 2574/36/2556 2602/35/2584
f 2573/21/2555 2577/22/2559 2576/34/2558 2572/25/2554
f 2571/29/2553 2575/37/2557 2574/36/2556 2570/28/2552
f 2576/34/2558 2580/38/2562 4261/33/4216
f 2574/36/2556 2578/40/2560 2602/39/2584
f 2577/22/2559 2651/1/2633 4257/41/4212
f 2575/37/2557 2579/42/2561 2578/40/2560 2574/36/2556
f 2581/43/2563 2585/45/2567 2584/44/2566 2580/38/2562
f 2579/42/2561 2583/47/2565 2582/46/2564 2578/40/2560
f 2580/38/2562 2584/44/2566 2583/47/2565 2579/42/2561
f 2578/40/2560 2582/46/2564 2602/48/2584
f 2583/47/2565 2587/50/2569 2586/49/2568 2582/46/2564
f 2584/44/2566 2588/51/2570 2587/50/2569 2583/47/2565
f 2582/46/2564 2586/49/2568 2602/52/2584
f 2585/45/2567 2589/53/2571 2588/51/2570 2584/44/2566
f 2588/51/2570 2592/55/2574 2591/54/2573 2587/50/2569
f 2586/49/2568 2590/57/2572 2602/56/2584
f 2589/53/2571 2593/58/2575 2592/55/2574 2588/51/2570
f 2587/50/2569 2591/54/2573 2590/57/2572 2586/49/2568
f 2590/57/2572 2594/60/2576 2602/59/2584
f 2593/58/2575 2597/62/2579 2596/61/2578 2592/55/2574
f 2591/54/2573 2595/63/2577 2594/60/2576 2590/57/2572
f 2592/55/2574 2596/61/2578 2595/63/2577 2591/54/2573
f 2597/62/2579 2601/65/2583 2600/64/2582 2596/61/2578
f 2595/63/2577 2599/67/2581 2598/66/2580 2594/60/2576
f 2596/61/2578 2600/64/2582 2599/67/2581 2595/63/2577
f 2594/60/2576 2598/66/2580 2602/68/2584
f 2600/64/2582 2605/70/2587 2604/69/2586 2599/67/2581
f 2598/66/2580 2603/72/2585 2602/71/2584
f 2601/65/2583 2606/73/2588 2605/70/2587 2600/64/2582
f 2599/67/2581 2604/69/2586 2603/72/2585 2598/66/2580
f 2652/1/2634 2660/1/2642 2581/1/2563 4257/41/4212
f 2603/72/2585 2607/75/2589 2602/74/2584
f 2607/75/2589 2609/77/2591 2602/76/2584
f 2610/78/2592 2612/81/2594 4251/80/4206 4250/79/4205
f 477/82/477 480/83/480 2612/81/2594 2610/78/2592
f 2609/77/2591 2611/85/2593 2602/84/2584
f 480/86/480 483/89/483 2614/88/2596 2612/87/2594
f 2611/90/2593 2613/92/2595 2602/91/2584
f 2612/87/2594 2614/88/2596 4254/94/4209 4251/93/4206
f 2602/95/2584 2613/92/2595 2615/96/2597
f 491/97/491 492/99/492 2618/99/2600 2617/98/2599
f 484/100/484 491/97/491 2617/98/2599 2616/101/2598
f 4249/102/4204 2619/27/2601 2602/103/2584
f 2615/96/2597 4249/102/4204 2602/103/2584
f 2618/99/2600 2569/23/2551 2568/24/2550 2617/98/2599
f 2613/92/2595 4254/94/4209 4253/104/4208 2615/96/2597
f 429/1/429 2563/1/2545 2618/99/2600 492/99/492
f 2564/1/2546 2569/23/2551 2618/99/2600 2563/1/2545
f 2564/1/2546 2565/1/2547 2573/21/2555 2569/23/2551
f 2529/1/2511 2528/1/2510 2544/1/2526 2545/1/2527
f 2536/1/2518 2624/1/2606 2626/1/2608 2552/1/2534
f 2523/1/2505 2623/1/2605 2621/1/2603 2492/1/2474
f 2493/1/2475 2622/1/2604 2625/1/2607 2538/1/2520
f 2538/1/2520 2625/1/2607 2624/1/2606 2536/1/2518
f 2492/1/2474 2621/1/2603 2622/1/2604 2493/1/2475
f 385/1/385 496/1/496 2623/1/2605 2523/1/2505
f 2623/1/2605 2629/1/2611 2627/1/2609 2621/1/2603
f 2622/1/2604 2628/1/2610 2631/1/2613 2625/1/2607
f 2621/1/2603 2627/1/2609 2628/1/2610 2622/1/2604
f 496/1/496 503/1/503 2629/1/2611 2623/1/2605
f 2624/1/2606 2630/1/2612 2632/1/2614 2626/1/2608
f 2625/1/2607 2631/1/2613 2630/1/2612 2624/1/2606
f 2628/1/2610 2634/1/2616 2637/1/2619 2631/1/2613
f 2627/1/2609 2633/1/2615 2634/1/2616 2628/1/2610
f 503/1/503 510/1/510 2635/1/2617 2629/1/2611
f 2630/1/2612 2636/1/2618 2638/1/2620 2632/1/2614
f 2631/1/2613 2637/1/2619 2636/1/2618 2630/1/2612
f 2629/1/2611 2635/1/2617 2633/1/2615 2627/1/2609
f 2634/1/2616 2640/1/2622 2643/1/2625 2637/1/2619
f 2633/1/2615 2639/1/2621 2640/1/2622 2634/1/2616
f 510/1/510 517/1/517 2641/1/2623 2635/1/2617
f 2636/1/2618 2642/1/2624 2644/1/2626 2638/1/2620
f 2637/1/2619 2643/1/2625 2642/1/2624 2636/1/2618
f 2635/1/2617 2641/1/2623 2639/1/2621 2633/1/2615
f 2640/1/2622 2646/1/2628 2649/1/2631 2643/1/2625
f 2639/1/2621 2645/1/2627 2646/1/2628 2640/1/2622
f 517/1/517 524/1/524 2647/1/2629 2641/1/2623
f 2642/1/2624 2648/1/2630 2650/1/2632 2644/1/2626
f 2643/1/2625 2649/1/2631 2648/1/2630 2642/1/2624
f 2641/1/2623 2647/1/2629 2645/1/2627 2639/1/2621
f 2567/1/2549 2651/1/2633 2577/1/2559 2566/1/2548
f 2653/1/2635 2655/1/2637 2654/1/2636 2652/1/2634
f 2655/1/2637 2657/1/2639 2656/1/2638 2654/1/2636
f 2657/1/2639 2659/1/2641 2658/1/2640 2656/1/2638
f 2659/1/2641 2650/1/2632 2648/1/2630 2658/1/2640
f 2576/34/2558 2577/22/2559 4257/41/4212
f 2654/1/2636 2661/1/2643 2660/1/2642 2652/1/2634
f 2656/1/2638 2662/1/2644 2661/1/2643 2654/1/2636
f 2648/1/2630 2649/1/2631 2663/1/2645 2658/1/2640
f 2658/1/2640 2663/1/2645 2662/1/2644 2656/1/2638
f 2663/1/2645 2671/1/2653 2670/1/2652 2662/1/2644
f 2646/1/2628 2665/1/2647 2667/1/2649 2649/1/2631
f 2647/1/2629 2666/1/2648 2664/1/2646 2645/1/2627
f 2649/1/2631 2667/1/2649 2671/1/2653 2663/1/2645
f 2661/1/2643 2669/1/2651 2668/1/2650 2660/1/2642
f 2645/1/2627 2664/1/2646 2665/1/2647 2646/1/2628
f 2662/1/2644 2670/1/2652 2669/1/2651 2661/1/2643
f 2660/1/2642 2668/1/2650 2585/1/2567 2581/1/2563
f 524/1/524 544/1/544 2666/1/2648 2647/1/2629
f 2669/1/2651 2677/1/2659 2676/1/2658 2668/1/2650
f 2666/1/2648 2674/1/2656 2672/1/2654 2664/1/2646
f 2668/1/2650 2676/1/2658 2589/1/2571 2585/1/2567
f 2670/1/2652 2678/1/2660 2677/1/2659 2669/1/2651
f 2664/1/2646 2672/1/2654 2673/1/2655 2665/1/2647
f 2671/1/2653 2679/1/2661 2678/1/2660 2670/1/2652
f 2665/1/2647 2673/1/2655 2675/1/2657 2667/1/2649
f 544/1/544 553/1/553 2674/1/2656 2666/1/2648
f 2667/1/2649 2675/1/2657 2679/1/2661 2671/1/2653
f 2672/1/2654 2680/1/2662 2681/1/2663 2673/1/2655
f 2679/1/2661 2687/1/2669 2686/1/2668 2678/1/2660
f 2673/1/2655 2681/1/2663 2683/1/2665 2675/1/2657
f 553/1/553 562/1/562 2682/1/2664 2674/1/2656
f 2675/1/2657 2683/1/2665 2687/1/2669 2679/1/2661
f 2677/1/2659 2685/1/2667 2684/1/2666 2676/1/2658
f 2674/1/2656 2682/1/2664 2680/1/2662 2672/1/2654
f 2676/1/2658 2684/1/2666 2593/1/2575 2589/1/2571
f 2678/1/2660 2686/1/2668 2685/1/2667 2677/1/2659
f 2681/1/2663 2689/1/2671 2691/1/2673 2683/1/2665
f 562/1/562 571/1/571 2690/1/2672 2682/1/2664
f 2683/1/2665 2691/1/2673 2695/1/2677 2687/1/2669
f 2685/1/2667 2693/1/2675 2692/1/2674 2684/1/2666
f 2682/1/2664 2690/1/2672 2688/1/2670 2680/1/2662
f 2684/1/2666 2692/1/2674 2597/1/2579 2593/1/2575
f 2686/1/2668 2694/1/2676 2693/1/2675 2685/1/2667
f 2680/1/2662 2688/1/2670 2689/1/2671 2681/1/2663
f 2687/1/2669 2695/1/2677 2694/1/2676 2686/1/2668
f 2601/65/2583 2597/62/2579 2692/62/2674 2719/62/2701 2747/105/2729
f 2608/106/2590 2606/73/2588 2728/108/2710 2735/107/2717
f 2714/109/2696 2697/73/2679 2696/106/2678 2708/106/2690
f 2711/1/2693 2705/1/2687 2704/1/2686 2712/1/2694
f 2708/106/2690 2696/106/2678 577/106/577 592/106/592
f 2709/1/2691 2701/1/2683 2702/1/2684 2706/1/2688
f 2710/1/2692 2703/1/2685 2705/1/2687 2711/1/2693
f 2706/62/2688 2702/62/2684 2698/65/2680 2715/65/2697
f 2707/1/2689 2699/1/2681 2750/1/2732 2713/1/2695
f 589/1/589 585/1/585 2703/1/2685 2710/1/2692
f 2712/1/2694 2704/1/2686 2699/1/2681 2707/1/2689
f 2713/1/2695 2750/1/2732 2700/19/2682 2716/19/2698
f 2716/19/2698 2700/1/2682 2701/1/2683 2709/1/2691
f 2715/65/2697 2698/65/2680 2697/73/2679 2714/109/2696
f 2749/65/2731 2715/65/2697 2714/109/2696 2726/110/2708
f 2729/1/2711 2716/19/2698 2709/1/2691 2740/1/2722
f 2723/1/2705 2713/1/2695 2716/19/2698 2729/1/2711
f 2746/1/2728 2712/1/2694 2707/1/2689 2734/13/2716
f 602/1/602 589/1/589 2710/1/2692 2720/19/2702
f 2734/13/2716 2707/1/2689 2713/1/2695 2723/1/2705
f 2717/62/2699 2706/62/2688 2715/65/2697 2749/65/2731
f 2720/19/2702 2710/1/2692 2711/1/2693 2743/1/2725
f 2740/1/2722 2709/1/2691 2706/1/2688 2717/1/2699
f 2737/111/2719 2708/106/2690 592/106/592 625/106/625
f 2743/1/2725 2711/1/2693 2712/1/2694 2746/1/2728
f 2726/110/2708 2714/109/2696 2708/106/2690 2737/111/2719
f 2728/108/2710 2727/112/2709 2736/107/2718 2735/107/2717
f 2727/112/2709 2726/110/2708 2737/111/2719 2736/107/2718
f 2688/1/2670 2741/19/2723 2744/1/2726 2689/1/2671
f 2741/19/2723 2742/1/2724 2745/1/2727 2744/1/2726
f 2742/1/2724 2743/1/2725 2746/1/2728 2745/1/2727
f 2735/107/2717 2736/107/2718 624/106/624 623/113/623
f 2736/107/2718 2737/111/2719 625/106/625 624/106/624
f 2693/1/2675 2738/1/2720 2719/1/2701 2692/1/2674
f 2738/1/2720 2739/1/2721 2718/1/2700 2719/1/2701
f 2739/1/2721 2740/1/2722 2717/1/2699 2718/1/2700
f 2690/1/2672 2722/1/2704 2741/19/2723 2688/1/2670
f 2722/1/2704 2721/1/2703 2742/1/2724 2741/19/2723
f 2721/1/2703 2720/19/2702 2743/1/2725 2742/1/2724
f 2719/62/2701 2718/62/2700 2748/114/2730 2747/105/2729
f 2718/62/2700 2717/62/2699 2749/65/2731 2748/114/2730
f 2691/1/2673 2732/1/2714 2725/1/2707 2695/1/2677
f 2732/1/2714 2733/1/2715 2724/1/2706 2725/1/2707
f 2733/1/2715 2734/13/2716 2723/1/2705 2724/1/2706
f 571/1/571 604/1/604 2722/1/2704 2690/1/2672
f 604/1/604 603/1/603 2721/1/2703 2722/1/2704
f 603/1/603 602/1/602 2720/19/2702 2721/1/2703
f 2689/1/2671 2744/1/2726 2732/1/2714 2691/1/2673
f 2744/1/2726 2745/1/2727 2733/1/2715 2732/1/2714
f 2745/1/2727 2746/1/2728 2734/13/2716 2733/1/2715
f 2695/1/2677 2725/1/2707 2731/13/2713 2694/1/2676
f 2725/1/2707 2724/1/2706 2730/13/2712 2731/13/2713
f 2724/1/2706 2723/1/2705 2729/1/2711 2730/13/2712
f 2694/1/2676 2731/13/2713 2738/1/2720 2693/1/2675
f 2731/13/2713 2730/13/2712 2739/1/2721 2738/1/2720
f 2730/13/2712 2729/1/2711 2740/1/2722 2739/1/2721
f 2747/105/2729 2748/114/2730 2727/112/2709 2728/108/2710
f 2748/114/2730 2749/65/2731 2726/110/2708 2727/112/2709
f 2651/1/2633 2768/1/2750 2769/1/2751 2653/1/2635
f 2547/1/2529 2754/1/2736 2753/13/2735 2546/1/2528
f 2548/1/2530 2755/1/2737 2754/1/2736 2547/1/2529
f 2632/1/2614 2764/1/2746 2763/1/2745 2626/1/2608
f 2655/1/2637 2770/1/2752 2657/1/2639
f 2562/1/2544 2761/1/2743 2762/1/2744 2567/1/2549
f 2549/1/2531 2756/1/2738 2755/1/2737 2548/1/2530
f 2545/1/2527 2752/1/2734 2760/1/2742 2557/1/2539
f 2653/1/2635 2769/1/2751 2770/1/2752 2655/1/2637
f 2550/1/2532 2757/1/2739 2756/1/2738 2549/1/2531
f 2650/1/2632 2767/1/2749 2766/1/2748 2644/1/2626
f 2659/1/2641 2771/1/2753 2767/1/2749 2650/1/2632
f 2551/1/2533 2758/1/2740 2757/1/2739 2550/1/2532
f 2552/1/2534 2759/1/2741 2758/1/2740 2551/1/2533
f 2644/1/2626 2766/1/2748 2765/1/2747 2638/1/2620
f 2567/1/2549 2762/1/2744 2768/1/2750 2651/1/2633
f 2544/1/2526 2751/1/2733 2752/1/2734 2545/1/2527
f 2557/1/2539 2760/1/2742 2761/1/2743 2562/1/2544
f 2626/1/2608 2763/1/2745 2759/1/2741 2552/1/2534
f 2657/1/2639 2771/1/2753 2659/1/2641
f 2546/1/2528 2753/13/2735 2751/1/2733 2544/1/2526
f 2638/1/2620 2765/1/2747 2764/1/2746 2632/1/2614
f 2751/1/2733 2773/1/2755 2774/1/2756 2752/1/2734
f 2767/1/2749 2789/1/2771 2788/1/2770 2766/1/2748
f 2752/1/2734 2774/1/2756 2782/1/2764 2760/1/2742
f 2753/13/2735 2775/1/2757 2773/1/2755 2751/1/2733
f 2762/1/2744 2784/1/2766 2790/1/2772 2768/1/2750
f 2760/1/2742 2782/1/2764 2783/1/2765 2761/1/2743
f 2754/1/2736 2776/1/2758 2775/1/2757 2753/13/2735
f 2768/1/2750 2790/1/2772 2791/1/2773 2769/1/2751
f 2761/1/2743 2783/1/2765 2784/1/2766 2762/1/2744
f 2755/1/2737 2777/1/2759 2776/1/2758 2754/1/2736
f 2769/1/2751 2791/1/2773 2792/1/2774 2770/1/2752
f 2763/1/2745 2785/1/2767 2781/1/2763 2759/1/2741
f 2756/1/2738 2778/1/2760 2777/1/2759 2755/1/2737
f 2657/1/2639 2772/1/2754 2793/1/2775 2771/1/2753
f 2764/1/2746 2786/1/2768 2785/1/2767 2763/1/2745
f 2757/1/2739 2779/1/2761 2778/1/2760 2756/1/2738
f 2771/1/2753 2793/1/2775 2789/1/2771 2767/1/2749
f 2765/1/2747 2787/1/2769 2786/1/2768 2764/1/2746
f 2758/1/2740 2780/1/2762 2779/1/2761 2757/1/2739
f 2766/1/2748 2788/1/2770 2787/1/2769 2765/1/2747
f 2770/1/2752 2792/1/2774 2772/1/2754 2657/1/2639
f 2759/1/2741 2781/1/2763 2780/1/2762 2758/1/2740
f 2784/1/2766 2806/1/2788 2812/1/2794 2790/1/2772
f 2782/1/2764 2804/1/2786 2805/1/2787 2783/1/2765
f 2776/1/2758 2798/1/2780 2797/1/2779 2775/1/2757
f 2790/1/2772 2812/1/2794 2813/1/2795 2791/1/2773
f 2783/1/2765 2805/1/2787 2806/1/2788 2784/1/2766
f 2777/1/2759 2799/1/2781 2798/1/2780 2776/1/2758
f 2791/1/2773 2813/1/2795 2814/1/2796 2792/1/2774
f 2785/1/2767 2807/1/2789 2803/1/2785 2781/1/2763
f 2778/1/2760 2800/1/2782 2799/1/2781 2777/1/2759
f 2772/1/2754 2794/1/2776 2815/1/2797 2793/1/2775
f 2786/1/2768 2808/1/2790 2807/1/2789 2785/1/2767
f 2779/1/2761 2801/1/2783 2800/1/2782 2778/1/2760
f 2793/1/2775 2815/1/2797 2811/1/2793 2789/1/2771
f 2787/1/2769 2809/1/2791 2808/1/2790 2786/1/2768
f 2780/1/2762 2802/1/2784 2801/1/2783 2779/1/2761
f 2792/1/2774 2814/1/2796 2794/1/2776 2772/1/2754
f 2788/1/2770 2810/1/2792 2809/1/2791 2787/1/2769
f 2781/1/2763 2803/1/2785 2802/1/2784 2780/1/2762
f 2773/1/2755 2795/1/2777 2796/1/2778 2774/1/2756
f 2789/1/2771 2811/1/2793 2810/1/2792 2788/1/2770
f 2774/1/2756 2796/1/2778 2804/1/2786 2782/1/2764
f 2775/1/2757 2797/1/2779 2795/1/2777 2773/1/2755
f 2804/1/2786 2826/1/2808 2827/1/2809 2805/1/2787
f 2798/1/2780 2820/1/2802 2819/1/2801 2797/1/2779
f 2812/1/2794 2834/1/2816 2835/1/2817 2813/1/2795
f 2805/1/2787 2827/1/2809 2828/1/2810 2806/1/2788
f 2799/1/2781 2821/1/2803 2820/1/2802 2798/1/2780
f 2813/1/2795 2835/1/2817 2836/1/2818 2814/1/2796
f 2807/1/2789 2829/1/2811 2825/1/2807 2803/1/2785
f 2800/1/2782 2822/1/2804 2821/1/2803 2799/1/2781
f 2794/1/2776 2816/1/2798 2837/1/2819 2815/1/2797
f 2808/1/2790 2830/1/2812 2829/1/2811 2807/1/2789
f 2801/1/2783 2823/1/2805 2822/1/2804 2800/1/2782
f 2815/1/2797 2837/1/2819 2833/1/2815 2811/1/2793
f 2809/1/2791 2831/1/2813 2830/1/2812 2808/1/2790
f 2802/1/2784 2824/1/2806 2823/1/2805 2801/1/2783
f 2814/1/2796 2836/1/2818 2816/1/2798 2794/1/2776
f 2810/1/2792 2832/1/2814 2831/1/2813 2809/1/2791
f 2803/1/2785 2825/1/2807 2824/1/2806 2802/1/2784
f 2795/1/2777 2817/1/2799 2818/1/2800 2796/1/2778
f 2811/1/2793 2833/1/2815 2832/1/2814 2810/1/2792
f 2796/1/2778 2818/1/2800 2826/1/2808 2804/1/2786
f 2797/1/2779 2819/1/2801 2817/1/2799 2795/1/2777
f 2806/1/2788 2828/1/2810 2834/1/2816 2812/1/2794
f 2820/1/2802 2842/1/2824 2841/1/2823 2819/1/2801
f 2834/1/2816 2856/1/2838 2857/1/2839 2835/1/2817
f 2827/1/2809 2849/1/2831 2850/1/2832 2828/1/2810
f 2821/1/2803 2843/1/2825 2842/1/2824 2820/1/2802
f 2835/1/2817 2857/1/2839 2858/1/2840 2836/1/2818
f 2829/1/2811 2851/1/2833 2847/1/2829 2825/1/2807
f 2822/1/2804 2844/1/2826 2843/1/2825 2821/1/2803
f 2816/1/2798 2838/1/2820 2859/1/2841 2837/1/2819
f 2830/1/2812 2852/1/2834 2851/1/2833 2829/1/2811
f 2823/1/2805 2845/1/2827 2844/1/2826 2822/1/2804
f 2837/1/2819 2859/1/2841 2855/1/2837 2833/1/2815
f 2831/1/2813 2853/1/2835 2852/1/2834 2830/1/2812
f 2824/1/2806 2846/1/2828 2845/1/2827 2823/1/2805
f 2836/1/2818 2858/1/2840 2838/1/2820 2816/1/2798
f 2832/1/2814 2854/1/2836 2853/1/2835 2831/1/2813
f 2825/1/2807 2847/1/2829 2846/1/2828 2824/1/2806
f 2817/1/2799 2839/1/2821 2840/1/2822 2818/1/2800
f 2833/1/2815 2855/1/2837 2854/1/2836 2832/1/2814
f 2818/1/2800 2840/1/2822 2848/1/2830 2826/1/2808
f 2819/1/2801 2841/1/2823 2839/1/2821 2817/1/2799
f 2828/1/2810 2850/1/2832 2856/1/2838 2834/1/2816
f 2826/1/2808 2848/1/2830 2849/1/2831 2827/1/2809
f 2849/1/2831 2871/1/2853 2872/1/2854 2850/1/2832
f 2843/1/2825 2865/1/2847 2864/1/2846 2842/1/2824
f 2857/1/2839 2879/1/2861 2880/1/2862 2858/1/2840
f 2851/1/2833 2873/1/2855 2869/1/2851 2847/1/2829
f 2844/1/2826 2866/1/2848 2865/1/2847 2843/1/2825
f 2838/1/2820 2860/1/2842 2881/1/2863 2859/1/2841
f 2852/1/2834 2874/1/2856 2873/1/2855 2851/1/2833
f 2845/1/2827 2867/1/2849 2866/1/2848 2844/1/2826
f 2859/1/2841 2881/1/2863 2877/1/2859 2855/1/2837
f 2853/1/2835 2875/1/2857 2874/1/2856 2852/1/2834
f 2846/1/2828 2868/1/2850 2867/1/2849 2845/1/2827
f 2858/1/2840 2880/1/2862 2860/1/2842 2838/1/2820
f 2854/1/2836 2876/1/2858 2875/1/2857 2853/1/2835
f 2847/1/2829 2869/1/2851 2868/1/2850 2846/1/2828
f 2839/1/2821 2861/1/2843 2862/1/2844 2840/1/2822
f 2855/1/2837 2877/1/2859 2876/1/2858 2854/1/2836
f 2840/1/2822 2862/1/2844 2870/1/2852 2848/1/2830
f 2841/1/2823 2863/1/2845 2861/1/2843 2839/1/2821
f 2850/1/2832 2872/1/2854 2878/1/2860 2856/1/2838
f 2848/1/2830 2870/1/2852 2871/1/2853 2849/1/2831
f 2842/1/2824 2864/1/2846 2863/1/2845 2841/1/2823
f 2856/1/2838 2878/1/2860 2879/1/2861 2857/1/2839
f 2869/1/2851 2888/1/2870 2889/1/2871 2868/1/2850
f 2871/1/2853 2886/1/2868 2885/1/2867 2872/1/2854
f 2875/1/2857 2882/1/2864 2883/1/2865 2874/1/2856
f 2861/1/2843 2896/1/2878 2895/1/2877 2862/1/2844
f 2878/1/2860 4038/1/3993 4037/1/3992 2879/1/2861
f 2874/1/2856 2883/1/2865 2884/1/2866 2873/1/2855
f 2876/1/2858 4040/1/3995 2882/1/2864 2875/1/2857
f 2879/1/2861 4037/1/3992 4036/1/3991 2880/1/2862
f 2860/1/2842 2897/1/2879 4035/1/3990 2881/1/2863
f 2868/1/2850 2889/1/2871 2890/1/2872 2867/1/2849
f 2864/1/2846 2893/1/2875 2894/1/2876 2863/1/2845
f 2866/1/2848 2891/1/2873 2892/1/2874 2865/1/2847
f 2880/1/2862 4036/1/3991 2897/1/2879 2860/1/2842
f 2872/1/2854 2885/1/2867 4038/1/3993 2878/1/2860
f 2873/1/2855 2884/1/2866 2888/1/2870 2869/1/2851
f 2862/1/2844 2895/1/2877 2887/1/2869 2870/1/2852
f 2870/1/2852 2887/1/2869 2886/1/2868 2871/1/2853
f 2867/1/2849 2890/1/2872 2891/1/2873 2866/1/2848
f 2863/1/2845 2894/1/2876 2896/1/2878 2861/1/2843
f 2877/1/2859 4039/1/3994 4040/1/3995 2876/1/2858
f 2865/1/2847 2892/1/2874 2893/1/2875 2864/1/2846
f 2881/1/2863 4035/1/3990 4039/1/3994 2877/1/2859
f 2922/106/2904 2898/106/2880 789/106/789 827/106/827
f 2898/106/2880 2899/106/2881 791/106/791 789/106/789
f 2899/106/2881 2900/106/2882 793/106/793 791/106/791
f 2900/106/2882 796/106/796 795/106/795 793/106/793
f 796/106/796 2901/106/2883 797/106/797 795/106/795
f 2901/106/2883 2902/106/2884 799/106/799 797/106/797
f 2902/106/2884 2903/106/2885 801/106/801 799/106/799
f 2898/106/2880 2904/106/2886 2905/106/2887 2899/106/2881
f 2904/106/2886 2906/106/2888 2907/106/2889 2905/106/2887
f 2906/106/2888 2908/106/2890 2909/106/2891 2907/106/2889
f 2908/106/2890 2910/106/2892 2911/106/2893 2909/106/2891
f 2910/106/2892 2912/106/2894 2913/106/2895 2911/106/2893
f 2912/106/2894 2914/106/2896 2915/106/2897 2913/106/2895
f 2914/106/2896 2916/106/2898 2917/106/2899 2915/106/2897
f 2916/106/2898 2918/106/2900 2919/106/2901 2917/106/2899
f 2903/106/2885 2920/106/2902 803/106/803 801/106/801
f 2920/106/2902 2921/106/2903 821/106/821 803/106/803
f 2931/115/2913 842/115/842 821/106/821 2921/106/2903
f 2919/106/2901 2918/106/2900 2921/106/2903 2920/106/2902
f 2922/106/2904 2936/116/2918 2904/106/2886 2898/106/2880
f 2936/116/2918 2941/117/2923 2906/106/2888 2904/106/2886
f 2941/117/2923 2946/118/2928 2908/106/2890 2906/106/2888
f 2946/118/2928 2951/119/2933 2910/106/2892 2908/106/2890
f 2951/119/2933 2956/119/2938 2912/106/2894 2910/106/2892
f 2956/119/2938 2961/119/2943 2914/106/2896 2912/106/2894
f 2961/119/2943 2966/119/2948 2916/106/2898 2914/106/2896
f 2966/119/2948 2971/119/2953 2918/106/2900 2916/106/2898
f 2931/115/2913 2921/106/2903 2918/106/2900 2971/119/2953
f 2705/3/2687 2927/121/2909 2967/120/2949 2704/1/2686
f 2927/121/2909 2928/123/2910 2968/122/2950 2967/120/2949
f 2928/123/2910 2929/125/2911 2969/124/2951 2968/122/2950
f 2929/125/2911 2930/127/2912 2970/126/2952 2969/124/2951
f 2930/127/2912 2931/115/2913 2971/119/2953 2970/126/2952
f 2699/1/2681 2704/1/2686 2967/120/2949 2962/120/2944
f 2962/120/2944 2967/120/2949 2968/122/2950 2963/122/2945
f 2963/122/2945 2968/122/2950 2969/124/2951 2964/124/2946
f 2964/124/2946 2969/124/2951 2970/126/2952 2965/126/2947
f 2965/126/2947 2970/126/2952 2971/119/2953 2966/119/2948
f 2750/1/2732 2699/1/2681 2962/120/2944 2957/120/2939
f 2957/120/2939 2962/120/2944 2963/122/2945 2958/122/2940
f 2958/122/2940 2963/122/2945 2964/124/2946 2959/124/2941
f 2959/124/2941 2964/124/2946 2965/126/2947 2960/126/2942
f 2960/126/2942 2965/126/2947 2966/119/2948 2961/119/2943
f 2700/1/2682 2750/1/2732 2957/120/2939 2952/120/2934
f 2952/120/2934 2957/120/2939 2958/122/2940 2953/122/2935
f 2953/122/2935 2958/122/2940 2959/124/2941 2954/124/2936
f 2954/124/2936 2959/124/2941 2960/126/2942 2955/126/2937
f 2955/126/2937 2960/126/2942 2961/119/2943 2956/119/2938
f 2701/1/2683 2700/1/2682 2952/120/2934 2947/120/2929
f 2947/120/2929 2952/120/2934 2953/122/2935 2948/122/2930
f 2948/122/2930 2953/122/2935 2954/124/2936 2949/124/2931
f 2949/124/2931 2954/124/2936 2955/126/2937 2950/126/2932
f 2950/126/2932 2955/126/2937 2956/119/2938 2951/119/2933
f 2702/62/2684 2701/1/2683 2947/120/2929 2942/128/2924
f 2942/128/2924 2947/120/2929 2948/122/2930 2943/129/2925
f 2943/129/2925 2948/122/2930 2949/124/2931 2944/130/2926
f 2944/130/2926 2949/124/2931 2950/126/2932 2945/131/2927
f 2945/131/2927 2950/126/2932 2951/119/2933 2946/118/2928
f 2698/65/2680 2702/62/2684 2942/128/2924 2937/132/2919
f 2937/132/2919 2942/128/2924 2943/129/2925 2938/133/2920
f 2938/133/2920 2943/129/2925 2944/130/2926 2939/134/2921
f 2939/134/2921 2944/130/2926 2945/131/2927 2940/135/2922
f 2940/135/2922 2945/131/2927 2946/118/2928 2941/117/2923
f 2697/73/2679 2698/65/2680 2937/132/2919 2932/136/2914
f 2932/136/2914 2937/132/2919 2938/133/2920 2933/137/2915
f 2933/137/2915 2938/133/2920 2939/134/2921 2934/138/2916
f 2934/138/2916 2939/134/2921 2940/135/2922 2935/117/2917
f 2935/117/2917 2940/135/2922 2941/117/2923 2936/116/2918
f 2696/106/2678 2697/73/2679 2932/136/2914 2926/106/2908
f 2926/106/2908 2932/136/2914 2933/137/2915 2925/106/2907
f 2925/106/2907 2933/137/2915 2934/138/2916 2924/139/2906
f 2924/139/2906 2934/138/2916 2935/117/2917 2923/139/2905
f 2923/139/2905 2935/117/2917 2936/116/2918 2922/106/2904
f 2705/3/2687 585/3/585 838/121/838 2927/121/2909
f 2927/121/2909 838/121/838 839/123/839 2928/123/2910
f 2928/123/2910 839/123/839 840/125/840 2929/125/2911
f 2929/125/2911 840/125/840 841/127/841 2930/127/2912
f 2930/127/2912 841/127/841 842/115/842 2931/115/2913
f 2696/106/2678 2926/106/2908 823/106/823 577/106/577
f 2926/106/2908 2925/106/2907 824/139/824 823/106/823
f 2925/106/2907 2924/139/2906 825/139/825 824/139/824
f 2924/139/2906 2923/139/2905 826/106/826 825/139/825
f 2923/139/2905 2922/106/2904 827/106/827 826/106/826
f 2913/106/2895 2979/106/2961 2978/106/2960 2911/106/2893
f 2902/106/2884 887/106/887 2974/106/2956 2903/106/2885
f 2909/106/2891 2977/106/2959 2976/106/2958 2907/106/2889
f 2919/106/2901 2982/106/2964 2981/106/2963 2917/106/2899
f 796/106/796 885/106/885 886/106/886 2901/106/2883
f 2905/106/2887 2975/106/2957 2972/106/2954 2899/106/2881
f 2915/106/2897 2980/106/2962 2979/106/2961 2913/106/2895
f 2899/106/2881 2972/106/2954 2973/106/2955 2900/106/2882
f 2911/106/2893 2978/106/2960 2977/106/2959 2909/106/2891
f 2920/106/2902 2983/106/2965 2982/106/2964 2919/106/2901
f 2901/106/2883 886/106/886 887/106/887 2902/106/2884
f 2907/106/2889 2976/106/2958 2975/106/2957 2905/106/2887
f 2917/106/2899 2981/106/2963 2980/106/2962 2915/106/2897
f 2903/106/2885 2974/106/2956 2983/106/2965 2920/106/2902
f 2900/106/2882 2973/106/2955 885/106/885 796/106/796
f 2996/106/2978 2985/106/2967 900/106/900 914/106/914
f 3000/111/2982 2991/106/2973 2990/106/2972 2999/111/2981
f 3002/141/2984 2992/106/2974 2991/106/2973 3000/111/2982
f 3004/141/2986 2993/106/2975 2992/106/2974 3002/141/2984
f 926/106/925 902/106/902 2986/106/2968 3007/142/2989
f 3008/106/2990 2994/106/2976 2993/106/2975 3004/141/2986
f 3012/143/2994 2987/106/2969 2984/106/2966 3011/111/2993
f 3007/142/2989 2986/106/2968 2995/106/2977 3015/106/2997
f 3016/106/2998 2988/106/2970 2987/106/2969 3012/143/2994
f 3015/106/2997 2995/106/2977 2994/106/2976 3008/106/2990
f 3018/106/3000 2989/106/2971 2988/106/2970 3016/106/2998
f 3011/111/2993 2984/106/2966 2985/106/2967 2996/106/2978
f 2999/111/2981 2990/106/2972 2989/106/2971 3018/106/3000
f 2978/106/2960 2998/140/2980 3019/106/3001 2977/106/2959
f 2998/140/2980 2999/111/2981 3018/106/3000 3019/106/3001
f 2972/106/2954 3010/143/2992 2997/106/2979 2973/106/2955
f 3010/143/2992 3011/111/2993 2996/106/2978 2997/106/2979
f 2977/106/2959 3019/106/3001 3017/141/2999 2976/106/2958
f 3019/106/3001 3018/106/3000 3016/106/2998 3017/141/2999
f 2983/106/2965 3014/113/2996 3009/141/2991 2982/106/2964
f 3014/113/2996 3015/106/2997 3008/106/2990 3009/141/2991
f 2976/106/2958 3017/141/2999 3013/113/2995 2975/106/2957
f 3017/141/2999 3016/106/2998 3012/143/2994 3013/113/2995
f 2974/106/2956 3006/142/2988 3014/113/2996 2983/106/2965
f 3006/142/2988 3007/142/2989 3015/106/2997 3014/113/2996
f 2975/106/2957 3013/113/2995 3010/143/2992 2972/106/2954
f 3013/113/2995 3012/143/2994 3011/111/2993 3010/143/2992
f 2982/106/2964 3009/141/2991 3005/141/2987 2981/106/2963
f 3009/141/2991 3008/106/2990 3004/141/2986 3005/141/2987
f 887/106/887 925/106/924 3006/142/2988 2974/106/2956
f 925/106/924 926/106/925 3007/142/2989 3006/142/2988
f 2981/106/2963 3005/141/2987 3003/111/2985 2980/106/2962
f 3005/141/2987 3004/141/2986 3002/141/2984 3003/111/2985
f 2980/106/2962 3003/111/2985 3001/144/2983 2979/106/2961
f 3003/111/2985 3002/141/2984 3000/111/2982 3001/144/2983
f 2979/106/2961 3001/144/2983 2998/140/2980 2978/106/2960
f 3001/144/2983 3000/111/2982 2999/111/2981 2998/140/2980
f 2973/106/2955 2997/106/2979 913/106/913 885/106/885
f 2997/106/2979 2996/106/2978 914/106/914 913/106/913
f 2990/106/2972 3029/106/3011 3028/106/3010 2989/106/2971
f 2985/106/2967 3021/106/3003 3022/106/3004 900/106/900
f 3191/140/3173 3046/106/3028 3045/106/3027 3185/139/3167
f 2991/106/2973 3030/106/3012 3029/106/3011 2990/106/2972
f 900/106/900 3022/106/3004 3023/106/3005 901/106/901
f 2992/106/2974 3031/106/3013 3030/106/3012 2991/106/2973
f 901/106/901 3023/106/3005 3024/106/3006 902/106/902
f 2993/106/2975 3032/106/3014 3031/106/3013 2992/106/2974
f 902/106/902 3024/106/3006 3025/106/3007 2986/106/2968
f 2994/106/2976 3033/106/3015 3032/106/3014 2993/106/2975
f 2987/106/2969 3026/106/3008 3020/106/3002 2984/106/2966
f 2986/106/2968 3025/106/3007 3034/106/3016 2995/106/2977
f 2988/106/2970 3027/106/3009 3026/106/3008 2987/106/2969
f 2995/106/2977 3034/106/3016 3033/106/3015 2994/106/2976
f 2989/106/2971 3028/106/3010 3027/106/3009 2988/106/2970
f 2984/106/2966 3020/106/3002 3021/106/3003 2985/106/2967
f 3192/106/3174 3038/106/3020 3039/106/3021 3170/143/3152
f 3193/144/3175 3047/106/3029 3046/106/3028 3191/140/3173
f 3170/143/3152 3039/106/3021 3040/106/3022 3186/144/3168
f 3194/111/3176 3048/106/3030 3047/106/3029 3193/144/3175
f 3195/111/3177 3041/106/3023 3035/106/3017 3187/111/3169
f 3186/144/3168 3040/106/3022 3049/106/3031 3188/106/3170
f 3196/139/3178 3042/106/3024 3041/106/3023 3195/111/3177
f 3188/106/3170 3049/106/3031 3048/106/3030 3194/111/3176
f 3197/111/3179 3043/106/3025 3042/106/3024 3196/139/3178
f 3187/111/3169 3035/106/3017 3036/106/3018 3189/106/3171
f 3198/106/3180 3044/106/3026 3043/106/3025 3197/111/3179
f 3189/106/3171 3036/106/3018 3037/106/3019 3190/106/3172
f 3185/139/3167 3045/106/3027 3044/106/3026 3198/106/3180
f 3190/106/3172 3037/106/3019 3038/106/3020 3192/106/3174
f 3022/106/3004 3134/106/3116 3073/111/3055 3023/106/3005
f 3134/106/3116 3135/106/3117 3072/106/3054 3073/111/3055
f 3135/106/3117 3136/106/3118 3071/141/3053 3072/106/3054
f 3136/106/3118 3137/139/3119 3070/106/3052 3071/141/3053
f 3137/139/3119 3138/106/3120 3069/143/3051 3070/106/3052
f 3138/106/3120 3139/106/3121 3068/106/3050 3069/143/3051
f 3030/106/3012 3050/106/3032 3133/111/3115 3029/106/3011
f 3050/106/3032 3051/111/3033 3132/140/3114 3133/111/3115
f 3051/111/3033 3052/144/3034 3131/106/3113 3132/140/3114
f 3052/144/3034 3053/141/3035 3130/106/3112 3131/106/3113
f 3053/141/3035 3054/144/3036 3129/106/3111 3130/106/3112
f 3054/144/3036 3055/106/3037 3128/106/3110 3129/106/3111
f 3021/106/3003 3122/106/3104 3134/106/3116 3022/106/3004
f 3122/106/3104 3123/111/3105 3135/106/3117 3134/106/3116
f 3123/111/3105 3124/106/3106 3136/106/3118 3135/106/3117
f 3124/106/3106 3125/143/3107 3137/139/3119 3136/106/3118
f 3125/143/3107 3126/143/3108 3138/106/3120 3137/139/3119
f 3126/143/3108 3127/106/3109 3139/106/3121 3138/106/3120
f 3029/106/3011 3133/111/3115 3121/106/3103 3028/106/3010
f 3133/111/3115 3132/140/3114 3120/139/3102 3121/106/3103
f 3132/140/3114 3131/106/3113 3119/106/3101 3120/139/3102
f 3131/106/3113 3130/106/3112 3118/139/3100 3119/106/3101
f 3130/106/3112 3129/106/3111 3117/106/3099 3118/139/3100
f 3129/106/3111 3128/106/3110 3116/106/3098 3117/106/3099
f 3020/106/3002 3092/106/3074 3122/106/3104 3021/106/3003
f 3092/106/3074 3093/140/3075 3123/111/3105 3122/106/3104
f 3093/140/3075 3094/106/3076 3124/106/3106 3123/111/3105
f 3094/106/3076 3095/106/3077 3125/143/3107 3124/106/3106
f 3095/106/3077 3096/111/3078 3126/143/3108 3125/143/3107
f 3096/111/3078 3097/106/3079 3127/106/3109 3126/143/3108
f 3028/106/3010 3121/106/3103 3115/111/3097 3027/106/3009
f 3121/106/3103 3120/139/3102 3114/106/3096 3115/111/3097
f 3120/139/3102 3119/106/3101 3113/144/3095 3114/106/3096
f 3119/106/3101 3118/139/3100 3112/139/3094 3113/144/3095
f 3118/139/3100 3117/106/3099 3111/106/3093 3112/139/3094
f 3117/106/3099 3116/106/3098 3110/106/3092 3111/106/3093
f 3034/106/3016 3104/106/3086 3091/139/3073 3033/106/3015
f 3104/106/3086 3105/111/3087 3090/106/3072 3091/139/3073
f 3105/111/3087 3106/106/3088 3089/106/3071 3090/106/3072
f 3106/106/3088 3107/139/3089 3088/144/3070 3089/106/3071
f 3107/139/3089 3108/139/3090 3087/106/3069 3088/144/3070
f 3108/139/3090 3109/106/3091 3086/106/3068 3087/106/3069
f 3027/106/3009 3115/111/3097 3103/106/3085 3026/106/3008
f 3115/111/3097 3114/106/3096 3102/106/3084 3103/106/3085
f 3114/106/3096 3113/144/3095 3101/143/3083 3102/106/3084
f 3113/144/3095 3112/139/3094 3100/106/3082 3101/143/3083
f 3112/139/3094 3111/106/3093 3099/143/3081 3100/106/3082
f 3111/106/3093 3110/106/3092 3098/106/3080 3099/143/3081
f 3025/106/3007 3080/140/3062 3104/106/3086 3034/106/3016
f 3080/140/3062 3081/143/3063 3105/111/3087 3104/106/3086
f 3081/143/3063 3082/142/3064 3106/106/3088 3105/111/3087
f 3082/142/3064 3083/106/3065 3107/139/3089 3106/106/3088
f 3083/106/3065 3084/106/3066 3108/139/3090 3107/139/3089
f 3084/106/3066 3085/140/3067 3109/106/3091 3108/139/3090
f 3026/106/3008 3103/106/3085 3092/106/3074 3020/106/3002
f 3103/106/3085 3102/106/3084 3093/140/3075 3092/106/3074
f 3102/106/3084 3101/143/3083 3094/106/3076 3093/140/3075
f 3101/143/3083 3100/106/3082 3095/106/3077 3094/106/3076
f 3100/106/3082 3099/143/3081 3096/111/3078 3095/106/3077
f 3099/143/3081 3098/106/3080 3097/106/3079 3096/111/3078
f 3033/106/3015 3091/139/3073 3079/106/3061 3032/106/3014
f 3091/139/3073 3090/106/3072 3078/111/3060 3079/106/3061
f 3090/106/3072 3089/106/3071 3077/106/3059 3078/111/3060
f 3089/106/3071 3088/144/3070 3076/106/3058 3077/106/3059
f 3088/144/3070 3087/106/3069 3075/111/3057 3076/106/3058
f 3087/106/3069 3086/106/3068 3074/144/3056 3075/111/3057
f 3024/106/3006 3062/144/3044 3080/140/3062 3025/106/3007
f 3062/144/3044 3063/106/3045 3081/143/3063 3080/140/3062
f 3063/106/3045 3064/144/3046 3082/142/3064 3081/143/3063
f 3064/144/3046 3065/142/3047 3083/106/3065 3082/142/3064
f 3065/142/3047 3066/111/3048 3084/106/3066 3083/106/3065
f 3066/111/3048 3067/106/3049 3085/140/3067 3084/106/3066
f 3032/106/3014 3079/106/3061 3061/139/3043 3031/106/3013
f 3079/106/3061 3078/111/3060 3060/111/3042 3061/139/3043
f 3078/111/3060 3077/106/3059 3059/106/3041 3060/111/3042
f 3077/106/3059 3076/106/3058 3058/139/3040 3059/106/3041
f 3076/106/3058 3075/111/3057 3057/139/3039 3058/139/3040
f 3075/111/3057 3074/144/3056 3056/139/3038 3057/139/3039
f 3023/106/3005 3073/111/3055 3062/144/3044 3024/106/3006
f 3073/111/3055 3072/106/3054 3063/106/3045 3062/144/3044
f 3072/106/3054 3071/141/3053 3064/144/3046 3063/106/3045
f 3071/141/3053 3070/106/3052 3065/142/3047 3064/144/3046
f 3070/106/3052 3069/143/3051 3066/111/3048 3065/142/3047
f 3069/143/3051 3068/106/3050 3067/106/3049 3066/111/3048
f 3031/106/3013 3061/139/3043 3050/106/3032 3030/106/3012
f 3061/139/3043 3060/111/3042 3051/111/3033 3050/106/3032
f 3060/111/3042 3059/106/3041 3052/144/3034 3051/111/3033
f 3059/106/3041 3058/139/3040 3053/141/3035 3052/144/3034
f 3058/139/3040 3057/139/3039 3054/144/3036 3053/141/3035
f 3057/139/3039 3056/139/3038 3055/106/3037 3054/144/3036
f 3045/106/3027 3150/106/3132 3149/106/3131 3044/106/3026
f 3037/106/3019 3142/106/3124 3143/106/3125 3038/106/3020
f 3046/106/3028 3151/106/3133 3150/106/3132 3045/106/3027
f 3038/106/3020 3143/106/3125 3144/106/3126 3039/106/3021
f 3047/106/3029 3152/106/3134 3151/106/3133 3046/106/3028
f 3039/106/3021 3144/106/3126 3145/106/3127 3040/106/3022
f 3048/106/3030 3153/106/3135 3152/106/3134 3047/106/3029
f 3035/106/3017 3140/106/3122 3141/106/3123 3036/106/3018
f 3041/106/3023 3146/106/3128 3140/106/3122 3035/106/3017
f 3040/106/3022 3145/106/3127 3154/106/3136 3049/106/3031
f 3042/106/3024 3147/106/3129 3146/106/3128 3041/106/3023
f 3049/106/3031 3154/106/3136 3153/106/3135 3048/106/3030
f 3043/106/3025 3148/106/3130 3147/106/3129 3042/106/3024
f 3036/106/3018 3141/106/3123 3142/106/3124 3037/106/3019
f 3044/106/3026 3149/106/3131 3148/106/3130 3043/106/3025
f 3147/106/3129 3162/106/3144 3161/106/3143 3146/106/3128
f 3154/106/3136 3169/106/3151 3168/106/3150 3153/106/3135
f 3148/106/3130 3163/106/3145 3162/106/3144 3147/106/3129
f 3141/106/3123 3156/106/3138 3157/106/3139 3142/106/3124
f 3149/106/3131 3164/106/3146 3163/106/3145 3148/106/3130
f 3140/106/3122 3155/106/3137 3156/106/3138 3141/106/3123
f 3150/106/3132 3165/106/3147 3164/106/3146 3149/106/3131
f 3142/106/3124 3157/106/3139 3158/106/3140 3143/106/3125
f 3151/106/3133 3166/106/3148 3165/106/3147 3150/106/3132
f 3143/106/3125 3158/106/3140 3159/106/3141 3144/106/3126
f 3152/106/3134 3167/106/3149 3166/106/3148 3151/106/3133
f 3144/106/3126 3159/106/3141 3160/106/3142 3145/106/3127
f 3153/106/3135 3168/106/3150 3167/106/3149 3152/106/3134
f 3146/106/3128 3161/106/3143 3155/106/3137 3140/106/3122
f 3145/106/3127 3160/106/3142 3169/106/3151 3154/106/3136
f 3160/106/3142 3176/106/3158 3184/106/3166 3169/106/3151
f 3139/106/3121 3190/106/3172 3192/106/3174 3068/106/3050
f 3162/106/3144 3178/106/3160 3177/106/3159 3161/106/3143
f 3169/106/3151 3184/106/3166 3183/106/3165 3168/106/3150
f 3163/106/3145 3179/106/3161 3178/106/3160 3162/106/3144
f 3156/106/3138 3172/106/3154 3173/106/3155 3157/106/3139
f 3164/106/3146 3204/106/3181 3179/106/3161 3163/106/3145
f 3155/106/3137 3171/106/3153 3172/106/3154 3156/106/3138
f 3055/106/3037 3185/139/3167 3198/106/3180 3128/106/3110
f 3165/106/3147 3180/106/3162 3204/106/3181 3164/106/3146
f 3157/106/3139 3173/106/3155 3174/106/3156 3158/106/3140
f 3166/106/3148 3181/106/3163 3180/106/3162 3165/106/3147
f 3158/106/3140 3174/106/3156 3175/106/3157 3159/106/3141
f 3167/106/3149 3182/106/3164 3181/106/3163 3166/106/3148
f 3159/106/3141 3175/106/3157 3176/106/3158 3160/106/3142
f 3168/106/3150 3183/106/3165 3182/106/3164 3167/106/3149
f 3161/106/3143 3177/106/3159 3171/106/3153 3155/106/3137
f 3127/106/3109 3189/106/3171 3190/106/3172 3139/106/3121
f 3128/106/3110 3198/106/3180 3197/111/3179 3116/106/3098
f 3097/106/3079 3187/111/3169 3189/106/3171 3127/106/3109
f 3116/106/3098 3197/111/3179 3196/139/3178 3110/106/3092
f 3109/106/3091 3188/106/3170 3194/111/3176 3086/106/3068
f 3110/106/3092 3196/139/3178 3195/111/3177 3098/106/3080
f 3085/140/3067 3186/144/3168 3188/106/3170 3109/106/3091
f 3098/106/3080 3195/111/3177 3187/111/3169 3097/106/3079
f 3086/106/3068 3194/111/3176 3193/144/3175 3074/144/3056
f 3067/106/3049 3170/143/3152 3186/144/3168 3085/140/3067
f 3074/144/3056 3193/144/3175 3191/140/3173 3056/139/3038
f 3068/106/3050 3192/106/3174 3170/143/3152 3067/106/3049
f 3056/139/3038 3191/140/3173 3185/139/3167 3055/106/3037
f 3178/106/3160 3213/106/3189 3212/106/3188 3177/106/3159
f 3177/106/3159 3212/106/3188 3206/106/3182 3171/106/3153
f 3175/106/3157 3210/106/3186 3211/106/3187 3176/106/3158
f 3174/106/3156 3209/106/3185 3210/106/3186 3175/106/3157
f 3173/106/3155 3208/106/3184 3209/106/3185 3174/106/3156
f 3171/106/3153 3206/106/3182 3207/106/3183 3172/106/3154
f 3184/106/3166 3220/106/3196 3219/106/3195 3183/106/3165
f 3172/106/3154 3207/106/3183 3208/106/3184 3173/106/3155
f 3176/106/3158 3211/106/3187 3220/106/3196 3184/106/3166
f 3183/106/3165 3219/106/3195 3218/106/3194 3182/106/3164
f 3182/106/3164 3218/106/3194 3217/106/3193 3181/106/3163
f 3181/106/3163 3217/106/3193 3216/106/3192 3180/106/3162
f 3180/106/3162 3216/106/3192 3215/106/3191 3204/106/3181
f 3204/106/3181 3215/106/3191 3214/106/3190 3179/106/3161
f 3179/106/3161 3214/106/3190 3213/106/3189 3178/106/3160
f 3248/139/3224 3228/106/3204 3235/106/3211 3279/106/3255
f 3288/139/3264 3232/106/3208 3231/106/3207 3255/106/3231
f 3279/106/3255 3235/106/3211 3233/106/3209 3256/139/3232
f 3272/139/3248 3224/106/3200 3225/106/3201 3247/106/3223
f 3247/106/3223 3225/106/3201 3226/106/3202 3260/139/3236
f 3280/139/3256 3223/106/3199 3224/106/3200 3272/139/3248
f 3292/139/3268 3221/106/3197 3222/106/3198 3284/139/3260
f 3255/106/3231 3231/106/3207 3230/106/3206 3243/106/3219
f 3284/139/3260 3222/106/3198 3223/106/3199 3280/139/3256
f 3243/106/3219 3230/106/3206 3229/106/3205 3239/106/3215
f 3260/139/3236 3226/106/3202 3227/106/3203 3264/139/3240
f 3239/106/3215 3229/106/3205 3234/106/3210 3271/106/3247
f 3271/106/3247 3234/106/3210 3221/106/3197 3292/139/3268
f 3264/139/3240 3227/106/3203 3228/106/3204 3248/139/3224
f 3256/139/3232 3233/106/3209 3232/106/3208 3288/139/3264
f 3207/106/3183 3259/106/3235 3291/106/3267 3208/106/3184
f 3259/106/3235 3258/106/3234 3290/106/3266 3291/106/3267
f 3258/106/3234 3257/139/3233 3289/139/3265 3290/106/3266
f 3257/139/3233 3256/139/3232 3288/139/3264 3289/139/3265
f 3213/106/3189 3267/106/3243 3251/106/3227 3212/106/3188
f 3267/106/3243 3266/106/3242 3250/106/3226 3251/106/3227
f 3266/106/3242 3265/139/3241 3249/139/3225 3250/106/3226
f 3265/139/3241 3264/139/3240 3248/139/3224 3249/139/3225
f 3220/106/3196 3268/139/3244 3295/106/3271 3219/106/3195
f 3268/139/3244 3269/139/3245 3294/106/3270 3295/106/3271
f 3269/139/3245 3270/106/3246 3293/139/3269 3294/106/3270
f 3270/106/3246 3271/106/3247 3292/139/3268 3293/139/3269
f 3211/106/3187 3236/139/3212 3268/139/3244 3220/106/3196
f 3236/139/3212 3237/139/3213 3269/139/3245 3268/139/3244
f 3237/139/3213 3238/106/3214 3270/106/3246 3269/139/3245
f 3238/106/3214 3239/106/3215 3271/106/3247 3270/106/3246
f 3214/106/3190 3263/106/3239 3267/106/3243 3213/106/3189
f 3263/106/3239 3262/106/3238 3266/106/3242 3267/106/3243
f 3262/106/3238 3261/139/3237 3265/139/3241 3266/106/3242
f 3261/139/3237 3260/139/3236 3264/139/3240 3265/139/3241
f 3210/106/3186 3240/139/3216 3236/139/3212 3211/106/3187
f 3240/139/3216 3241/139/3217 3237/139/3213 3236/139/3212
f 3241/139/3217 3242/106/3218 3238/106/3214 3237/139/3213
f 3242/106/3218 3243/106/3219 3239/106/3215 3238/106/3214
f 3218/106/3194 3287/106/3263 3283/106/3259 3217/106/3193
f 3287/106/3263 3286/106/3262 3282/106/3258 3283/106/3259
f 3286/106/3262 3285/139/3261 3281/139/3257 3282/106/3258
f 3285/139/3261 3284/139/3260 3280/139/3256 3281/139/3257
f 3209/106/3185 3252/139/3228 3240/139/3216 3210/106/3186
f 3252/139/3228 3253/139/3229 3241/139/3217 3240/139/3216
f 3253/139/3229 3254/106/3230 3242/106/3218 3241/139/3217
f 3254/106/3230 3255/106/3231 3243/106/3219 3242/106/3218
f 3219/106/3195 3295/106/3271 3287/106/3263 3218/106/3194
f 3295/106/3271 3294/106/3270 3286/106/3262 3287/106/3263
f 3294/106/3270 3293/139/3269 3285/139/3261 3286/106/3262
f 3293/139/3269 3292/139/3268 3284/139/3260 3285/139/3261
f 3217/106/3193 3283/106/3259 3275/106/3251 3216/106/3192
f 3283/106/3259 3282/106/3258 3274/106/3250 3275/106/3251
f 3282/106/3258 3281/139/3257 3273/139/3249 3274/106/3250
f 3281/139/3257 3280/139/3256 3272/139/3248 3273/139/3249
f 3215/106/3191 3244/139/3220 3263/106/3239 3214/106/3190
f 3244/139/3220 3245/139/3221 3262/106/3238 3263/106/3239
f 3245/139/3221 3246/106/3222 3261/139/3237 3262/106/3238
f 3246/106/3222 3247/106/3223 3260/139/3236 3261/139/3237
f 3216/106/3192 3275/106/3251 3244/139/3220 3215/106/3191
f 3275/106/3251 3274/106/3250 3245/139/3221 3244/139/3220
f 3274/106/3250 3273/139/3249 3246/106/3222 3245/139/3221
f 3273/139/3249 3272/139/3248 3247/106/3223 3246/106/3222
f 3206/106/3182 3276/139/3252 3259/106/3235 3207/106/3183
f 3276/139/3252 3277/139/3253 3258/106/3234 3259/106/3235
f 3277/139/3253 3278/106/3254 3257/139/3233 3258/106/3234
f 3278/106/3254 3279/106/3255 3256/139/3232 3257/139/3233
f 3208/106/3184 3291/106/3267 3252/139/3228 3209/106/3185
f 3291/106/3267 3290/106/3266 3253/139/3229 3252/139/3228
f 3290/106/3266 3289/139/3265 3254/106/3230 3253/139/3229
f 3289/139/3265 3288/139/3264 3255/106/3231 3254/106/3230
f 3212/106/3188 3251/106/3227 3276/139/3252 3206/106/3182
f 3251/106/3227 3250/106/3226 3277/139/3253 3276/139/3252
f 3250/106/3226 3249/139/3225 3278/106/3254 3277/139/3253
f 3249/139/3225 3248/139/3224 3279/106/3255 3278/106/3254
f 3315/106/3291 3298/106/3274 3299/106/3275 3314/106/3290
f 3323/143/3299 3305/106/3281 3304/106/3280 3322/111/3298
f 3331/106/3307 3301/106/3277 3302/106/3278 3330/111/3306
f 3339/106/3315 3303/106/3279 3310/106/3286 3338/106/3314
f 3347/106/3323 3307/106/3283 3306/106/3282 3346/111/3322
f 3338/106/3314 3310/106/3286 3308/106/3284 3354/106/3330
f 3346/111/3322 3306/106/3282 3305/106/3281 3323/143/3299
f 3330/111/3306 3302/106/3278 3303/106/3279 3339/106/3315
f 3354/106/3330 3308/106/3284 3307/106/3283 3347/106/3323
f 3355/141/3331 3300/106/3276 3301/106/3277 3331/106/3307
f 3359/141/3335 3297/106/3273 3298/106/3274 3315/106/3291
f 3322/111/3298 3304/106/3280 3309/106/3285 3366/106/3342
f 3367/106/3343 3296/106/3272 3297/106/3273 3359/141/3335
f 3366/106/3342 3309/106/3285 3296/106/3272 3367/106/3343
f 3314/106/3290 3299/106/3275 3300/106/3276 3355/141/3331
f 3224/106/3200 3311/144/3287 3358/106/3334 3225/106/3201
f 3311/144/3287 3312/140/3288 3357/106/3333 3358/106/3334
f 3312/140/3288 3313/106/3289 3356/140/3332 3357/106/3333
f 3313/106/3289 3314/106/3290 3355/141/3331 3356/140/3332
f 3234/106/3210 3363/106/3339 3370/106/3346 3221/106/3197
f 3363/106/3339 3364/139/3340 3369/111/3345 3370/106/3346
f 3364/139/3340 3365/106/3341 3368/106/3344 3369/111/3345
f 3365/106/3341 3366/106/3342 3367/106/3343 3368/106/3344
f 3221/106/3197 3370/106/3346 3362/106/3338 3222/106/3198
f 3370/106/3346 3369/111/3345 3361/139/3337 3362/106/3338
f 3369/111/3345 3368/106/3344 3360/106/3336 3361/139/3337
f 3368/106/3344 3367/106/3343 3359/141/3335 3360/106/3336
f 3229/106/3205 3319/143/3295 3363/106/3339 3234/106/3210
f 3319/143/3295 3320/106/3296 3364/139/3340 3363/106/3339
f 3320/106/3296 3321/140/3297 3365/106/3341 3364/139/3340
f 3321/140/3297 3322/111/3298 3366/106/3342 3365/106/3341
f 3222/106/3198 3362/106/3338 3318/106/3294 3223/106/3199
f 3362/106/3338 3361/139/3337 3317/106/3293 3318/106/3294
f 3361/139/3337 3360/106/3336 3316/139/3292 3317/106/3293
f 3360/106/3336 3359/141/3335 3315/106/3291 3316/139/3292
f 3225/106/3201 3358/106/3334 3334/106/3310 3226/106/3202
f 3358/106/3334 3357/106/3333 3333/106/3309 3334/106/3310
f 3357/106/3333 3356/140/3332 3332/139/3308 3333/106/3309
f 3356/140/3332 3355/141/3331 3331/106/3307 3332/139/3308
f 3233/106/3209 3351/140/3327 3350/106/3326 3232/106/3208
f 3351/140/3327 3352/106/3328 3349/106/3325 3350/106/3326
f 3352/106/3328 3353/106/3329 3348/140/3324 3349/106/3325
f 3353/106/3329 3354/106/3330 3347/106/3323 3348/140/3324
f 3227/106/3203 3327/106/3303 3342/111/3318 3228/106/3204
f 3327/106/3303 3328/106/3304 3341/106/3317 3342/111/3318
f 3328/106/3304 3329/106/3305 3340/144/3316 3341/106/3317
f 3329/106/3305 3330/111/3306 3339/106/3315 3340/144/3316
f 3231/106/3207 3343/106/3319 3326/143/3302 3230/106/3206
f 3343/106/3319 3344/139/3320 3325/106/3301 3326/143/3302
f 3344/139/3320 3345/144/3321 3324/106/3300 3325/106/3301
f 3345/144/3321 3346/111/3322 3323/143/3299 3324/106/3300
f 3235/106/3211 3335/142/3311 3351/140/3327 3233/106/3209
f 3335/142/3311 3336/141/3312 3352/106/3328 3351/140/3327
f 3336/141/3312 3337/106/3313 3353/106/3329 3352/106/3328
f 3337/106/3313 3338/106/3314 3354/106/3330 3353/106/3329
f 3232/106/3208 3350/106/3326 3343/106/3319 3231/106/3207
f 3350/106/3326 3349/106/3325 3344/139/3320 3343/106/3319
f 3349/106/3325 3348/140/3324 3345/144/3321 3344/139/3320
f 3348/140/3324 3347/106/3323 3346/111/3322 3345/144/3321
f 3228/106/3204 3342/111/3318 3335/142/3311 3235/106/3211
f 3342/111/3318 3341/106/3317 3336/141/3312 3335/142/3311
f 3341/106/3317 3340/144/3316 3337/106/3313 3336/141/3312
f 3340/144/3316 3339/106/3315 3338/106/3314 3337/106/3313
f 3226/106/3202 3334/106/3310 3327/106/3303 3227/106/3203
f 3334/106/3310 3333/106/3309 3328/106/3304 3327/106/3303
f 3333/106/3309 3332/139/3308 3329/106/3305 3328/106/3304
f 3332/139/3308 3331/106/3307 3330/111/3306 3329/106/3305
f 3230/106/3206 3326/143/3302 3319/143/3295 3229/106/3205
f 3326/143/3302 3325/106/3301 3320/106/3296 3319/143/3295
f 3325/106/3301 3324/106/3300 3321/140/3297 3320/106/3296
f 3324/106/3300 3323/143/3299 3322/111/3298 3321/140/3297
f 3223/106/3199 3318/106/3294 3311/144/3287 3224/106/3200
f 3318/106/3294 3317/106/3293 3312/140/3288 3311/144/3287
f 3317/106/3293 3316/139/3292 3313/106/3289 3312/140/3288
f 3316/139/3292 3315/106/3291 3314/106/3290 3313/106/3289
f 3299/106/3275 3374/106/3350 3375/106/3351 3300/106/3276
f 3304/106/3280 3379/106/3355 3384/106/3360 3309/106/3285
f 3301/106/3277 3376/106/3352 3377/106/3353 3302/106/3278
f 3309/106/3285 3384/106/3360 3371/106/3347 3296/106/3272
f 3310/106/3286 3385/106/3361 3383/106/3359 3308/106/3284
f 3298/106/3274 3373/106/3349 3374/106/3350 3299/106/3275
f 3305/106/3281 3380/106/3356 3379/106/3355 3304/106/3280
f 3303/106/3279 3378/106/3354 3385/106/3361 3310/106/3286
f 3307/106/3283 3382/106/3358 3381/106/3357 3306/106/3282
f 3306/106/3282 3381/106/3357 3380/106/3356 3305/106/3281
f 3302/106/3278 3377/106/3353 3378/106/3354 3303/106/3279
f 3308/106/3284 3383/106/3359 3382/106/3358 3307/106/3283
f 3300/106/3276 3375/106/3351 3376/106/3352 3301/106/3277
f 3296/106/3272 3371/106/3347 3372/106/3348 3297/106/3273
f 3297/106/3273 3372/106/3348 3373/106/3349 3298/106/3274
f 3372/106/3348 3387/106/3363 3388/106/3364 3373/106/3349
f 3381/106/3357 3393/106/3369 3392/106/3368 3380/106/3356
f 3382/106/3358 3394/106/3370 3393/106/3369 3381/106/3357
f 3384/106/3360 3396/106/3372 3386/106/3362 3371/106/3347
f 3379/106/3355 3391/106/3367 3396/106/3372 3384/106/3360
f 3383/106/3359 3395/106/3371 3394/106/3370 3382/106/3358
f 3373/106/3349 3388/106/3364 3389/106/3365 3374/106/3350
f 3371/106/3347 3386/106/3362 3387/106/3363 3372/106/3348
f 3380/106/3356 3392/106/3368 3391/106/3367 3379/106/3355
f 3374/106/3350 3389/106/3365 3390/106/3366 3375/106/3351
f 3396/106/3372 3407/106/3383 3397/106/3373 3386/106/3362
f 3394/106/3370 3405/106/3381 3404/106/3380 3393/106/3369
f 3386/106/3362 3397/106/3373 3398/106/3374 3387/106/3363
f 3388/106/3364 3399/106/3375 3400/106/3376 3389/106/3365
f 3387/106/3363 3398/106/3374 3399/106/3375 3388/106/3364
f 3389/106/3365 3400/106/3376 3401/106/3377 3390/106/3366
f 3393/106/3369 3404/106/3380 3403/106/3379 3392/106/3368
f 3391/106/3367 3402/106/3378 3407/106/3383 3396/106/3372
f 3392/106/3368 3403/106/3379 3402/106/3378 3391/106/3367
f 3395/106/3371 3406/106/3382 3405/106/3381 3394/106/3370
f 3406/106/3382 3417/106/3393 3416/106/3392 3405/106/3381
f 3407/106/3383 3418/106/3394 3408/106/3384 3397/106/3373
f 3405/106/3381 3416/106/3392 3415/106/3391 3404/106/3380
f 3397/106/3373 3408/106/3384 3409/106/3385 3398/106/3374
f 3399/106/3375 3410/106/3386 3411/106/3387 3400/106/3376
f 3398/106/3374 3409/106/3385 3410/106/3386 3399/106/3375
f 3400/106/3376 3411/106/3387 3412/106/3388 3401/106/3377
f 3404/106/3380 3415/106/3391 3414/106/3390 3403/106/3379
f 3402/106/3378 3413/106/3389 3418/106/3394 3407/106/3383
f 3403/106/3379 3414/106/3390 3413/106/3389 3402/106/3378
f 3419/145/3395 3421/148/3396 3422/147/3397 3420/146/1336
f 3444/149/3418 3423/152/3398 3424/151/3399 3445/150/3419
f 3423/152/3398 3425/154/3400 3426/153/1342 3424/151/3399
f 3425/154/3400 3427/156/3401 3428/155/3402 3426/153/1342
f 3445/157/3419 3424/160/3399 3426/159/1342 3446/158/1362
f 3427/156/3401 3448/162/3421 3447/161/3420 3428/155/3402
f 3429/163/3403 3419/166/3395 3420/165/1336 3430/164/3404
f 3444/149/3418 3432/149/3406 3433/152/3407 3423/152/3398
f 3427/156/3401 3435/156/3409 3436/162/3410 3448/162/3421
f 3443/167/3417 3431/167/3405 3432/149/3406 3444/149/3418
f 3423/152/3398 3433/152/3407 3434/154/3408 3425/154/3400
f 3448/162/3421 3436/162/3410 3431/168/3405 3443/168/3417
f 3425/154/3400 3434/154/3408 3435/156/3409 3427/156/3401
f 3435/156/3409 3441/156/3415 3442/162/3416 3436/162/3410
f 3433/152/3407 3439/152/3413 3440/154/3414 3434/154/3408
f 3431/167/3405 3437/167/3411 3438/149/3412 3432/149/3406
f 3436/162/3410 3442/162/3416 3437/168/3411 3431/168/3405
f 3434/154/3408 3440/154/3414 3441/156/3415 3435/156/3409
f 3432/149/3406 3438/149/3412 3439/152/3413 3433/152/3407
f 3419/145/3395 3443/167/3417 3444/149/3418 3421/148/3396
f 3422/147/3397 3445/150/3419 3446/2/1362 3420/146/1336
f 3421/148/3396 3444/149/3418 3445/150/3419 3422/147/3397
f 3430/164/3404 3447/161/3420 3448/162/3421 3429/163/3403
f 3429/163/3403 3448/162/3421 3443/168/3417 3419/166/3395
f 3420/165/1336 3446/169/1362 3447/161/3420 3430/164/3404
f 3426/159/1342 3428/171/3402 3447/170/3420 3446/158/1362
f 3449/145/3422 3451/148/3423 3452/147/3424 3450/146/1366
f 3474/149/3445 3453/152/3425 3454/151/3426 3475/150/3446
f 3453/152/3425 3455/154/3427 3456/153/1372 3454/151/3426
f 3455/154/3427 3457/156/3428 3458/155/3429 3456/153/1372
f 3475/157/3446 3454/160/3426 3456/159/1372 3476/158/1392
f 3457/156/3428 3478/162/3448 3477/161/3447 3458/155/3429
f 3459/163/3430 3449/166/3422 3450/165/1366 3460/164/3431
f 3474/149/3445 3462/149/3433 3463/152/3434 3453/152/3425
f 3457/156/3428 3465/156/3436 3466/162/3437 3478/162/3448
f 3473/167/3444 3461/167/3432 3462/149/3433 3474/149/3445
f 3453/152/3425 3463/152/3434 3464/154/3435 3455/154/3427
f 3478/162/3448 3466/162/3437 3461/168/3432 3473/168/3444
f 3455/154/3427 3464/154/3435 3465/156/3436 3457/156/3428
f 3465/156/3436 3471/156/3442 3472/162/3443 3466/162/3437
f 3463/152/3434 3469/152/3440 3470/154/3441 3464/154/3435
f 3461/167/3432 3467/167/3438 3468/149/3439 3462/149/3433
f 3466/162/3437 3472/162/3443 3467/168/3438 3461/168/3432
f 3464/154/3435 3470/154/3441 3471/156/3442 3465/156/3436
f 3462/149/3433 3468/149/3439 3469/152/3440 3463/152/3434
f 3449/145/3422 3473/167/3444 3474/149/3445 3451/148/3423
f 3452/147/3424 3475/150/3446 3476/2/1392 3450/146/1366
f 3451/148/3423 3474/149/3445 3475/150/3446 3452/147/3424
f 3460/164/3431 3477/161/3447 3478/162/3448 3459/163/3430
f 3459/163/3430 3478/162/3448 3473/168/3444 3449/166/3422
f 3450/165/1366 3476/169/1392 3477/161/3447 3460/164/3431
f 3456/159/1372 3458/171/3429 3477/170/3447 3476/158/1392
f 3479/145/3449 3481/148/3450 3482/147/3451 3480/146/1396
f 3504/149/3472 3483/152/3452 3484/151/3453 3505/150/3473
f 3483/152/3452 3485/154/3454 3486/153/1402 3484/151/3453
f 3485/154/3454 3487/156/3455 3488/155/3456 3486/153/1402
f 3505/157/3473 3484/160/3453 3486/159/1402 3506/158/1422
f 3487/156/3455 3508/162/3475 3507/161/3474 3488/155/3456
f 3489/163/3457 3479/166/3449 3480/165/1396 3490/164/3458
f 3504/149/3472 3492/149/3460 3493/152/3461 3483/152/3452
f 3487/156/3455 3495/156/3463 3496/162/3464 3508/162/3475
f 3503/167/3471 3491/167/3459 3492/149/3460 3504/149/3472
f 3483/152/3452 3493/152/3461 3494/154/3462 3485/154/3454
f 3508/162/3475 3496/162/3464 3491/168/3459 3503/168/3471
f 3485/154/3454 3494/154/3462 3495/156/3463 3487/156/3455
f 3495/156/3463 3501/156/3469 3502/162/3470 3496/162/3464
f 3493/152/3461 3499/152/3467 3500/154/3468 3494/154/3462
f 3491/167/3459 3497/167/3465 3498/149/3466 3492/149/3460
f 3496/162/3464 3502/162/3470 3497/168/3465 3491/168/3459
f 3494/154/3462 3500/154/3468 3501/156/3469 3495/156/3463
f 3492/149/3460 3498/149/3466 3499/152/3467 3493/152/3461
f 3479/145/3449 3503/167/3471 3504/149/3472 3481/148/3450
f 3482/147/3451 3505/150/3473 3506/2/1422 3480/146/1396
f 3481/148/3450 3504/149/3472 3505/150/3473 3482/147/3451
f 3490/164/3458 3507/161/3474 3508/162/3475 3489/163/3457
f 3489/163/3457 3508/162/3475 3503/168/3471 3479/166/3449
f 3480/165/1396 3506/169/1422 3507/161/3474 3490/164/3458
f 3486/159/1402 3488/171/3456 3507/170/3474 3506/158/1422
f 3509/145/3476 3511/148/3478 3512/147/3479 3510/146/3477
f 3534/149/3501 3648/173/3614 3644/172/3610 3535/150/3502
f 3513/152/3480 3515/154/3482 3516/153/3483 3514/151/3481
f 3515/154/3482 3517/156/3484 3518/155/3485 3516/153/3483
f 3535/157/3502 3644/174/3610 3514/160/3481 3516/159/3483 3536/158/3503
f 3517/156/3484 3538/162/3505 3537/161/3504 3518/155/3485
f 3519/163/3486 3509/166/3476 3510/165/3477 3520/164/3487
f 3534/149/3501 3522/149/3489 3646/175/3612 3648/173/3614
f 3517/156/3484 3525/156/3492 3526/162/3493 3538/162/3505
f 3533/167/3500 3521/167/3488 3522/149/3489 3534/149/3501
f 3513/152/3480 3523/152/3490 3524/154/3491 3515/154/3482
f 3538/162/3505 3526/162/3493 3521/168/3488 3533/168/3500
f 3515/154/3482 3524/154/3491 3525/156/3492 3517/156/3484
f 3525/156/3492 3531/156/3498 3532/162/3499 3526/162/3493
f 3523/152/3490 3529/152/3496 3530/154/3497 3524/154/3491
f 3521/167/3488 3527/167/3494 3528/149/3495 3522/149/3489
f 3526/162/3493 3532/162/3499 3527/168/3494 3521/168/3488
f 3524/154/3491 3530/154/3497 3531/156/3498 3525/156/3492
f 3522/149/3489 3528/149/3495 3645/176/3611 3646/175/3612
f 3509/145/3476 3533/167/3500 3534/149/3501 3511/148/3478
f 3512/147/3479 3535/150/3502 3536/2/3503 3510/146/3477
f 3511/148/3478 3534/149/3501 3535/150/3502 3512/147/3479
f 3520/164/3487 3537/161/3504 3538/162/3505 3519/163/3486
f 3519/163/3486 3538/162/3505 3533/168/3500 3509/166/3476
f 3510/165/3477 3536/169/3503 3537/161/3504 3520/164/3487
f 3516/159/3483 3518/171/3485 3537/170/3504 3536/158/3503
f 3539/145/3506 3541/148/3508 3542/147/3509 3540/146/3507
f 3564/149/3530 3543/152/3510 3544/151/3511 3565/150/3531
f 3543/152/3510 3545/154/3512 3546/153/3513 3544/151/3511
f 3545/154/3512 3547/156/3514 3548/155/3515 3546/153/3513
f 3565/157/3531 3544/160/3511 3546/159/3513 3566/158/3532
f 3547/156/3514 3652/178/3618 3656/177/3622 3548/155/3515
f 3549/163/3516 3539/166/3506 3540/165/3507 3550/164/3517
f 3570/179/3536 3552/149/3519 3553/152/3520 3569/152/3535
f 3572/180/3538 3555/156/3522 3651/182/3617 3655/181/3621
f 3573/167/3539 3551/167/3518 3552/149/3519 3570/179/3536
f 3569/152/3535 3553/152/3520 3554/154/3521 3574/183/3540
f 3571/135/3537 3556/162/3523 3551/168/3518 3573/184/3539
f 3574/183/3540 3554/154/3521 3555/156/3522 3572/180/3538
f 3441/156/3415 3553/152/3520 3552/149/3519 3442/162/3416
f 3468/149/3439 3502/162/3470 3501/156/3469 3469/152/3440
f 3553/152/3520 3558/152/3525 3588/154/3554 3554/154/3521
f 3468/149/3439 3576/149/3542 3502/162/3470
f 3438/149/3412 3472/162/3443 3471/156/3442 3439/152/3413
f 3498/149/3466 3532/162/3499 3531/156/3498 3499/152/3467
f 3539/145/3506 3563/167/1479 3564/149/3530 3541/148/3508
f 3542/147/3509 3565/150/3531 3566/2/3532 3540/146/3507
f 3541/148/3508 3564/149/3530 3565/150/3531 3542/147/3509
f 3550/164/3517 3567/161/3533 3568/162/3534 3549/163/3516
f 3549/163/3516 3568/162/3534 3563/168/1479 3539/166/3506
f 3540/165/3507 3566/169/3532 3567/161/3533 3550/164/3517
f 3546/159/3513 3548/171/3515 3656/185/3622 3567/170/3533 3566/158/3532
f 3545/154/3512 3574/183/3540 3572/180/3538 3547/156/3514
f 3568/162/3534 3571/135/3537 3573/184/3539 3563/168/1479
f 3543/152/3510 3569/152/3535 3574/183/3540 3545/154/3512
f 3563/167/1479 3573/167/3539 3570/179/3536 3564/149/3530
f 3547/156/3514 3572/180/3538 3655/181/3621 3652/178/3618
f 3564/149/3530 3570/179/3536 3569/152/3535 3543/152/3510
f 3532/162/3499 3580/162/3546 3583/168/3549 3527/168/3494
f 3438/149/3412 3561/149/3528 3472/162/3443
f 3554/154/3521 3588/154/3554 3589/156/3555 3555/156/3522
f 3555/156/3522 3589/156/3555 3649/186/3615 3651/182/3617
f 3441/156/3415 3558/156/3525 3553/152/3520
f 3556/162/3523 3590/162/3556 3587/168/3553 3551/168/3518
f 3552/149/3519 3557/149/3524 3442/162/3416
f 3437/167/3411 3562/167/3529 3561/149/3528 3438/149/3412
f 3471/156/3442 3560/156/3527 3439/152/3413
f 3501/156/3469 3577/156/3543 3469/152/3440
f 3467/167/3438 3575/167/3541 3576/149/3542 3468/149/3439
f 3439/152/3413 3560/152/3527 3559/154/3526 3440/154/3414
f 3531/156/3498 3581/156/3547 3499/152/3467
f 3497/167/3465 3579/167/3545 3580/149/3546 3498/149/3466
f 3440/154/3414 3559/154/3526 3558/156/3525 3441/156/3415
f 3469/152/3440 3577/152/3543 3578/154/3544 3470/154/3441
f 3527/167/3494 3583/167/3549 3584/149/3550 3528/149/3495
f 3470/154/3441 3578/154/3544 3560/156/3527 3471/156/3442
f 3499/152/3467 3581/152/3547 3582/154/3548 3500/154/3468
f 3442/162/3416 3557/162/3524 3562/168/3529 3437/168/3411
f 3528/149/3495 3584/149/3550 3642/187/3608 3645/176/3611
f 3500/154/3468 3582/154/3548 3577/156/3543 3501/156/3469
f 3529/152/3496 3585/152/3551 3586/154/3552 3530/154/3497
f 3472/162/3443 3561/162/3528 3575/168/3541 3467/168/3438
f 3551/167/3518 3587/167/3553 3557/149/3524 3552/149/3519
f 3530/154/3497 3586/154/3552 3581/156/3547 3531/156/3498
f 3498/149/3466 3580/149/3546 3532/162/3499
f 3502/162/3470 3576/162/3542 3579/168/3545 3497/168/3465
f 3576/162/3542 3594/162/3560 3579/168/3545
f 3579/167/3545 3594/167/3560 3580/149/3546
f 3582/154/3548 3595/154/3561 3577/156/3543
f 3580/162/3546 3594/162/3560 3598/168/3564
f 3583/167/3549 3598/167/3564 3599/149/3565 3584/149/3550
f 3578/154/3544 3596/154/3562 3560/156/3527
f 3586/154/3552 3601/154/3567 3581/156/3547
f 3559/154/3526 3592/154/3558 3558/156/3525
f 3584/149/3550 3599/149/3565 3628/188/3594 3642/187/3608
f 3585/152/3551 3600/152/3566 3601/154/3567 3586/154/3552
f 3558/152/3525 3592/152/3558 3603/154/3569
f 3561/162/3528 3591/162/3557 3593/168/3559
f 3588/154/3554 3603/154/3569 3604/156/3570 3589/156/3555
f 3557/162/3524 3591/162/3557 3562/168/3529
f 3575/167/3541 3593/167/3559 3576/149/3542
f 3589/156/3555 3604/156/3570 3653/189/3619 3649/186/3615
f 3562/167/3529 3591/167/3557 3561/149/3528
f 3577/152/3543 3595/152/3561 3596/154/3562
f 3587/167/3553 3602/167/3568 3597/190/3563 3557/149/3524
f 3590/162/3556 3605/162/3571 3602/168/3568 3587/168/3553
f 3597/190/3563 3591/149/3557 3557/149/3524
f 3593/168/3559 3575/168/3541 3561/162/3528
f 3593/167/3559 3594/149/3560 3576/149/3542
f 3598/168/3564 3583/168/3549 3580/162/3546
f 3603/154/3569 3588/154/3554 3558/152/3525
f 3592/154/3558 3559/154/3526 3560/152/3527
f 3596/154/3562 3592/156/3558 3560/156/3527
f 3596/154/3562 3578/154/3544 3577/152/3543
f 3595/154/3561 3582/154/3548 3581/152/3547
f 3601/154/3567 3595/156/3561 3581/156/3547
f 3601/154/3567 3616/154/3582 3610/156/3576 3595/156/3561
f 3595/152/3561 3610/152/3576 3611/154/3577 3596/154/3562
f 3602/167/3568 3617/167/3583 3612/190/3578 3597/190/3563
f 3592/152/3558 3607/152/3573 3618/154/3584 3603/154/3569
f 3598/167/3564 3613/167/3579 3614/149/3580 3599/149/3565
f 3591/162/3557 3606/162/3572 3608/168/3574 3593/168/3559
f 3599/149/3565 3614/149/3580 3647/191/3613 3628/188/3594
f 3596/154/3562 3611/154/3577 3607/156/3573 3592/156/3558
f 3600/152/3566 3615/152/3581 3616/154/3582 3601/154/3567
f 3597/190/3563 3612/190/3578 3606/149/3572 3591/149/3557
f 3603/154/3569 3618/154/3584 3619/156/3585 3604/156/3570
f 3604/156/3570 3619/156/3585 3650/192/3616 3653/189/3619
f 3593/167/3559 3608/167/3574 3609/149/3575 3594/149/3560
f 3594/162/3560 3609/162/3575 3613/168/3579 3598/168/3564
f 3605/162/3571 3620/162/3586 3617/168/3583 3602/168/3568
f 3629/149/3595 3624/149/3590 3376/106/3352 3638/193/3604
f 3617/167/3583 3632/167/3598 3627/190/3593 3612/190/3578
f 3614/149/3580 3629/149/3595 3643/194/3609 3647/191/3613
f 3614/149/3580 3613/168/3579 3609/149/3575 3624/149/3590 3629/149/3595
f 3615/152/3581 3630/152/3596 3631/154/3597 3616/154/3582
f 3606/162/3572 3621/162/3587 3623/168/3589 3608/168/3574
f 3618/154/3584 3633/154/3599 3634/156/3600 3619/156/3585
f 3616/154/3582 3631/154/3597 3625/156/3591 3610/156/3576
f 3619/156/3585 3634/156/3600 3654/195/3620 3650/192/3616
f 3611/154/3577 3626/154/3592 3622/156/3588 3607/156/3573
f 3620/162/3586 3635/162/3601 3632/168/3598 3617/168/3583
f 3608/167/3574 3623/167/3589 3624/149/3590 3609/149/3575
f 3607/152/3573 3622/152/3588 3633/154/3599 3618/154/3584
f 3610/152/3576 3625/152/3591 3626/154/3592 3611/154/3577
f 3612/190/3578 3627/190/3593 3621/149/3587 3606/149/3572
f 3376/106/3352 3375/106/3351 3390/106/3366 3638/193/3604
f 3383/106/3359 3385/106/3361 3640/196/3606 3395/106/3371
f 3390/106/3366 3401/106/3377 3639/197/3605 3638/193/3604
f 3658/198/3624 3636/3/3602 3625/156/3591 3631/154/3597
f 3640/196/3606 3641/199/3607 3406/106/3382 3395/106/3371
f 3641/199/3607 3637/3/3603 3417/106/3393 3406/106/3382
f 3632/3/3598 3385/106/3361 3378/106/3354 3621/3/3587
f 3377/106/3353 3623/168/3589 3621/162/3587 3378/106/3354
f 3376/106/3352 3624/149/3590 3623/167/3589 3377/106/3353
f 3629/149/3595 3638/193/3604 3639/197/3605 3643/194/3609
f 3647/191/3613 3615/152/3581 3600/152/3566 3628/188/3594
f 3643/194/3609 3630/152/3596 3615/152/3581 3647/191/3613
f 3645/176/3611 3529/152/3496 3523/152/3490 3646/175/3612
f 3642/187/3608 3585/152/3551 3529/152/3496 3645/176/3611
f 3648/173/3614 3513/152/3480 3514/151/3481 3644/172/3610
f 3646/175/3612 3523/152/3490 3513/152/3480 3648/173/3614
f 3628/188/3594 3600/152/3566 3585/152/3551 3642/187/3608
f 3385/106/3361 3627/3/3593 3635/3/3601 3640/196/3606
f 3650/192/3616 3620/162/3586 3605/162/3571 3653/189/3619
f 3653/189/3619 3605/162/3571 3590/162/3556 3649/186/3615
f 3655/181/3621 3571/135/3537 3568/162/3534 3652/178/3618
f 3649/186/3615 3590/162/3556 3556/162/3523 3651/182/3617
f 3654/195/3620 3635/162/3601 3620/162/3586 3650/192/3616
f 3651/182/3617 3556/162/3523 3571/135/3537 3655/181/3621
f 3652/178/3618 3568/162/3534 3567/161/3533 3656/177/3622
f 3654/195/3620 3641/199/3607 3640/196/3606 3635/3/3601
f 3641/199/3607 3654/195/3620 3634/156/3600 3637/3/3603
f 3657/200/3623 3658/198/3624 3631/154/3597 3630/152/3596
f 3625/156/3591 3636/3/3602 3659/3/3625 3626/154/3592
f 3634/156/3600 3633/154/3599 3637/3/3603
f 3643/194/3609 3639/197/3605 3657/200/3623 3630/152/3596
f 3659/3/3625 3660/3/3626 3622/152/3588 3626/154/3592
f 3660/3/3626 3637/3/3603 3633/154/3599 3622/152/3588
f 3412/106/3388 3636/3/3602 3658/198/3624 3657/200/3623 3639/197/3605 3401/106/3377
f 3636/3/3602 3665/3/3631 3659/3/3625
f 3410/106/3386 3663/106/3629 3664/106/3630 3411/106/3387
f 3413/106/3389 3666/106/3632 3671/106/3637 3418/106/3394
f 3415/106/3391 3668/106/3634 3667/106/3633 3414/106/3390
f 3659/3/3625 3665/3/3631 3670/3/3636 3660/3/3626
f 3417/106/3393 3670/106/3636 3669/106/3635 3416/106/3392
f 3408/106/3384 3661/106/3627 3662/106/3628 3409/106/3385
f 3637/3/3603 3670/3/3636 3417/106/3393
f 3660/3/3626 3670/3/3636 3637/3/3603
f 3412/106/3388 3665/106/3631 3636/3/3602
f 3411/106/3387 3664/106/3630 3665/106/3631 3412/106/3388
f 3414/106/3390 3667/106/3633 3666/106/3632 3413/106/3389
f 3416/106/3392 3669/106/3635 3668/106/3634 3415/106/3391
f 3418/106/3394 3671/106/3637 3661/106/3627 3408/106/3384
f 3409/106/3385 3662/106/3628 3663/106/3629 3410/106/3386
f 3671/106/3637 3666/106/3632 3677/201/3643 3661/106/3627
f 3632/167/3598 3635/3/3601 3627/190/3593
f 3664/106/3630 3663/106/3629 3673/106/3639
f 3666/106/3632 3667/106/3633 3677/201/3643
f 3668/106/3634 3669/106/3635 3670/106/3636 3674/106/3640
f 3672/202/3638 3665/3/3631 3664/106/3630
f 3670/106/3636 3665/3/3631 3672/202/3638
f 3675/203/3641 3672/202/3638 3664/106/3630 3673/106/3639
f 3674/106/3640 3670/106/3636 3672/202/3638 3675/203/3641
f 3663/106/3629 3662/106/3628 3673/106/3639
f 3676/204/3642 3675/203/3641 3673/106/3639 3662/106/3628
f 3668/106/3634 3674/106/3640 3675/203/3641 3676/204/3642
f 3677/201/3643 3676/204/3642 3662/106/3628 3661/106/3627
f 3667/106/3633 3668/106/3634 3676/204/3642 3677/201/3643
f 3704/205/3670 3679/2/3645 3681/150/3647 3705/206/3671
f 3705/206/3671 3681/150/3647 3683/151/3649 3706/207/3672
f 3706/207/3672 3683/151/3649 3685/153/3651 3707/208/3673
f 3707/208/3673 3685/153/3651 3687/155/3653 3708/209/3674
f 3708/209/3674 3687/155/3653 3689/161/3655 3709/210/3675
f 3709/210/3675 3689/161/3655 3679/169/3645 3704/211/3670
f 3720/212/3686 3701/215/3667 3690/214/3656 3738/213/3704
f 3715/216/3681 3700/219/3666 3691/218/3657 3710/217/3676
f 3719/220/3685 3699/221/3665 3701/215/3667 3720/212/3686
f 3714/222/3680 3698/223/3664 3700/219/3666 3715/216/3681
f 3718/224/3684 3697/225/3663 3699/221/3665 3719/220/3685
f 3713/226/3679 3696/227/3662 3698/223/3664 3714/222/3680
f 3737/228/3703 3695/229/3661 3697/225/3663 3718/224/3684
f 3712/230/3678 3694/231/3660 3696/227/3662 3713/226/3679
f 3716/232/3682 3693/233/3659 3695/229/3661 3737/228/3703
f 3711/234/3677 3692/235/3658 3694/231/3660 3712/230/3678
f 3738/236/3704 3690/237/3656 3693/233/3659 3716/232/3682
f 3710/238/3676 3691/239/3657 3692/235/3658 3711/234/3677
f 3684/240/3650 3686/242/3652 3703/241/3669
f 3735/243/3701 3734/245/3700 3702/244/3668
f 3734/245/3700 3736/246/3702 3702/244/3668
f 3688/247/3654 3735/243/3701 3702/244/3668 3703/241/3669
f 3686/242/3652 3688/247/3654 3703/241/3669
f 3736/246/3702 3684/240/3650 3703/241/3669 3702/244/3668
f 3726/248/3692 3709/210/3675 3704/211/3670 3727/249/3693
f 3725/250/3691 3708/209/3674 3709/210/3675 3726/248/3692
f 3724/251/3690 3707/208/3673 3708/209/3674 3725/250/3691
f 3723/252/3689 3706/207/3672 3707/208/3673 3724/251/3690
f 3722/253/3688 3705/206/3671 3706/207/3672 3723/252/3689
f 3727/254/3693 3704/205/3670 3705/206/3671 3722/253/3688
f 3733/255/3699 3710/238/3676 3711/234/3677 3728/256/3694
f 3728/256/3694 3711/234/3677 3712/230/3678 3729/257/3695
f 3729/257/3695 3712/230/3678 3713/226/3679 3730/258/3696
f 3730/258/3696 3713/226/3679 3714/222/3680 3731/259/3697
f 3731/259/3697 3714/222/3680 3715/216/3681 3732/260/3698
f 3732/260/3698 3715/216/3681 3710/217/3676 3733/261/3699
f 3678/262/3644 3721/265/3687 3739/264/3705 3680/263/3646
f 3680/263/3646 3739/264/3705 3717/267/3683 3682/266/3648
f 3736/246/3702 3737/228/3703 3718/224/3684 3684/240/3650
f 3684/240/3650 3718/224/3684 3719/220/3685 3686/242/3652
f 3686/242/3652 3719/220/3685 3720/212/3686 3688/247/3654
f 3688/247/3654 3720/212/3686 3738/213/3704 3735/243/3701
f 3691/239/3657 3727/254/3693 3722/253/3688 3692/235/3658
f 3692/235/3658 3722/253/3688 3723/252/3689 3694/231/3660
f 3694/231/3660 3723/252/3689 3724/251/3690 3696/227/3662
f 3696/227/3662 3724/251/3690 3725/250/3691 3698/223/3664
f 3698/223/3664 3725/250/3691 3726/248/3692 3700/219/3666
f 3700/219/3666 3726/248/3692 3727/249/3693 3691/218/3657
f 3701/215/3667 3732/260/3698 3733/261/3699 3690/214/3656
f 3699/221/3665 3731/259/3697 3732/260/3698 3701/215/3667
f 3697/225/3663 3730/258/3696 3731/259/3697 3699/221/3665
f 3695/229/3661 3729/257/3695 3730/258/3696 3697/225/3663
f 3693/233/3659 3728/256/3694 3729/257/3695 3695/229/3661
f 3690/237/3656 3733/255/3699 3728/256/3694 3693/233/3659
f 3678/262/3644 3680/263/3646 3734/245/3700 3735/11/3701
f 3680/263/3646 3682/266/3648 3736/246/3702 3734/245/3700
f 3682/266/3648 3717/267/3683 3737/228/3703 3736/246/3702
f 3721/265/3687 3678/262/3644 3735/11/3701 3738/236/3704
f 3739/264/3705 3721/265/3687 3738/236/3704 3716/232/3682
f 3717/267/3683 3739/264/3705 3716/232/3682 3737/228/3703
f 3766/205/3731 3741/2/3707 3743/150/3709 3767/206/3732
f 3767/206/3732 3743/150/3709 3745/151/3711 3768/207/3733
f 3768/207/3733 3745/151/3711 3747/153/3713 3769/208/3734
f 3769/208/3734 3747/153/3713 3749/155/3715 3770/209/3735
f 3770/209/3735 3749/155/3715 3751/161/3717 3771/210/3736
f 3771/210/3736 3751/161/3717 3741/169/3707 3766/211/3731
f 3782/212/3746 3763/215/3728 3752/214/3718 3800/213/3764
f 3777/216/3741 3762/219/3727 3753/218/3719 3772/217/3737
f 3781/220/3745 3761/221/3726 3763/215/3728 3782/212/3746
f 3776/222/3740 3760/223/3725 3762/219/3727 3777/216/3741
f 3780/224/3744 3759/225/3724 3761/221/3726 3781/220/3745
f 3775/226/3739 3758/227/3723 3760/223/3725 3776/222/3740
f 3799/228/3763 3757/229/3722 3759/225/3724 3780/224/3744
f 3774/230/3738 3756/231/3721 3758/227/3723 3775/226/3739
f 3778/232/3742 3755/233/3720 3757/229/3722 3799/228/3763
f 3773/234/3677 3754/235/3658 3756/231/3721 3774/230/3738
f 3800/236/3764 3752/237/3718 3755/233/3720 3778/232/3742
f 3772/238/3737 3753/239/3719 3754/235/3658 3773/234/3677
f 3746/240/3712 3748/242/3714 3765/241/3730
f 3797/243/3761 3796/245/3760 3764/244/3729
f 3796/245/3760 3798/246/3762 3764/244/3729
f 3750/247/3716 3797/243/3761 3764/244/3729 3765/241/3730
f 3748/242/3714 3750/247/3716 3765/241/3730
f 3798/246/3762 3746/240/3712 3765/241/3730 3764/244/3729
f 3788/248/3752 3771/210/3736 3766/211/3731 3789/249/3753
f 3787/250/3751 3770/209/3735 3771/210/3736 3788/248/3752
f 3786/251/3750 3769/208/3734 3770/209/3735 3787/250/3751
f 3785/252/3749 3768/207/3733 3769/208/3734 3786/251/3750
f 3784/253/3748 3767/206/3732 3768/207/3733 3785/252/3749
f 3789/254/3753 3766/205/3731 3767/206/3732 3784/253/3748
f 3795/255/3759 3772/238/3737 3773/234/3677 3790/256/3754
f 3790/256/3754 3773/234/3677 3774/230/3738 3791/257/3755
f 3791/257/3755 3774/230/3738 3775/226/3739 3792/258/3756
f 3792/258/3756 3775/226/3739 3776/222/3740 3793/259/3757
f 3793/259/3757 3776/222/3740 3777/216/3741 3794/260/3758
f 3794/260/3758 3777/216/3741 3772/217/3737 3795/261/3759
f 3740/262/3706 3783/265/3747 3801/264/3765 3742/263/3708
f 3742/263/3708 3801/264/3765 3779/267/3743 3744/266/3710
f 3798/246/3762 3799/228/3763 3780/224/3744 3746/240/3712
f 3746/240/3712 3780/224/3744 3781/220/3745 3748/242/3714
f 3748/242/3714 3781/220/3745 3782/212/3746 3750/247/3716
f 3750/247/3716 3782/212/3746 3800/213/3764 3797/243/3761
f 3753/239/3719 3789/254/3753 3784/253/3748 3754/235/3658
f 3754/235/3658 3784/253/3748 3785/252/3749 3756/231/3721
f 3756/231/3721 3785/252/3749 3786/251/3750 3758/227/3723
f 3758/227/3723 3786/251/3750 3787/250/3751 3760/223/3725
f 3760/223/3725 3787/250/3751 3788/248/3752 3762/219/3727
f 3762/219/3727 3788/248/3752 3789/249/3753 3753/218/3719
f 3763/215/3728 3794/260/3758 3795/261/3759 3752/214/3718
f 3761/221/3726 3793/259/3757 3794/260/3758 3763/215/3728
f 3759/225/3724 3792/258/3756 3793/259/3757 3761/221/3726
f 3757/229/3722 3791/257/3755 3792/258/3756 3759/225/3724
f 3755/233/3720 3790/256/3754 3791/257/3755 3757/229/3722
f 3752/237/3718 3795/255/3759 3790/256/3754 3755/233/3720
f 3740/262/3706 3742/263/3708 3796/245/3760 3797/11/3761
f 3742/263/3708 3744/266/3710 3798/246/3762 3796/245/3760
f 3744/266/3710 3779/267/3743 3799/228/3763 3798/246/3762
f 3783/265/3747 3740/262/3706 3797/11/3761 3800/236/3764
f 3801/264/3765 3783/265/3747 3800/236/3764 3778/232/3742
f 3779/267/3743 3801/264/3765 3778/232/3742 3799/228/3763
f 3828/205/3788 3803/2/3767 3805/150/3769 3829/206/3789
f 3829/206/3789 3805/150/3769 3807/151/3771 3830/207/3790
f 3830/207/3790 3807/151/3771 3809/153/3773 3831/208/3791
f 3831/208/3791 3809/153/3773 3811/155/3774 3832/209/3792
f 3832/209/3792 3811/155/3774 3813/161/3776 3833/210/3793
f 3833/210/3793 3813/161/3776 3803/169/3767 3828/211/3788
f 3844/212/3801 3825/215/3785 3814/214/3777 3862/213/3817
f 3839/216/3796 3824/219/3784 3815/218/3778 3834/217/3794
f 3843/220/3800 3823/221/3783 3825/215/3785 3844/212/3801
f 3838/222/3680 3822/223/3782 3824/219/3784 3839/216/3796
f 3842/224/3799 3821/225/3781 3823/221/3783 3843/220/3800
f 3837/226/3679 3820/227/3662 3822/223/3782 3838/222/3680
f 3861/228/3703 3819/229/3780 3821/225/3781 3842/224/3799
f 3836/230/3795 3818/231/3660 3820/227/3662 3837/226/3679
f 3840/232/3797 3817/233/3779 3819/229/3780 3861/228/3703
f 3835/234/3677 3816/235/3658 3818/231/3660 3836/230/3795
f 3862/236/3817 3814/237/3777 3817/233/3779 3840/232/3797
f 3834/238/3794 3815/239/3778 3816/235/3658 3835/234/3677
f 3808/240/3772 3810/242/3652 3827/241/3787
f 3859/243/3815 3858/245/3700 3826/244/3786
f 3858/245/3700 3860/246/3816 3826/244/3786
f 3812/247/3775 3859/243/3815 3826/244/3786 3827/241/3787
f 3810/242/3652 3812/247/3775 3827/241/3787
f 3860/246/3816 3808/240/3772 3827/241/3787 3826/244/3786
f 3850/248/3807 3833/210/3793 3828/211/3788 3851/249/3808
f 3849/250/3806 3832/209/3792 3833/210/3793 3850/248/3807
f 3848/251/3805 3831/208/3791 3832/209/3792 3849/250/3806
f 3847/252/3804 3830/207/3790 3831/208/3791 3848/251/3805
f 3846/253/3803 3829/206/3789 3830/207/3790 3847/252/3804
f 3851/254/3808 3828/205/3788 3829/206/3789 3846/253/3803
f 3857/255/3814 3834/238/3794 3835/234/3677 3852/256/3809
f 3852/256/3809 3835/234/3677 3836/230/3795 3853/257/3810
f 3853/257/3810 3836/230/3795 3837/226/3679 3854/258/3811
f 3854/258/3811 3837/226/3679 3838/222/3680 3855/259/3812
f 3855/259/3812 3838/222/3680 3839/216/3796 3856/260/3813
f 3856/260/3813 3839/216/3796 3834/217/3794 3857/261/3814
f 3802/262/3766 3845/265/3802 3863/264/3818 3804/263/3768
f 3804/263/3768 3863/264/3818 3841/267/3798 3806/266/3770
f 3860/246/3816 3861/228/3703 3842/224/3799 3808/240/3772
f 3808/240/3772 3842/224/3799 3843/220/3800 3810/242/3652
f 3810/242/3652 3843/220/3800 3844/212/3801 3812/247/3775
f 3812/247/3775 3844/212/3801 3862/213/3817 3859/243/3815
f 3815/239/3778 3851/254/3808 3846/253/3803 3816/235/3658
f 3816/235/3658 3846/253/3803 3847/252/3804 3818/231/3660
f 3818/231/3660 3847/252/3804 3848/251/3805 3820/227/3662
f 3820/227/3662 3848/251/3805 3849/250/3806 3822/223/3782
f 3822/223/3782 3849/250/3806 3850/248/3807 3824/219/3784
f 3824/219/3784 3850/248/3807 3851/249/3808 3815/218/3778
f 3825/215/3785 3856/260/3813 3857/261/3814 3814/214/3777
f 3823/221/3783 3855/259/3812 3856/260/3813 3825/215/3785
f 3821/225/3781 3854/258/3811 3855/259/3812 3823/221/3783
f 3819/229/3780 3853/257/3810 3854/258/3811 3821/225/3781
f 3817/233/3779 3852/256/3809 3853/257/3810 3819/229/3780
f 3814/237/3777 3857/255/3814 3852/256/3809 3817/233/3779
f 3802/262/3766 3804/263/3768 3858/245/3700 3859/11/3815
f 3804/263/3768 3806/266/3770 3860/246/3816 3858/245/3700
f 3806/266/3770 3841/267/3798 3861/228/3703 3860/246/3816
f 3845/265/3802 3802/262/3766 3859/11/3815 3862/236/3817
f 3863/264/3818 3845/265/3802 3862/236/3817 3840/232/3797
f 3841/267/3798 3863/264/3818 3840/232/3797 3861/228/3703
f 3890/205/3845 3865/2/3820 3867/150/3822 3891/206/3846
f 3891/206/3846 3867/150/3822 3869/151/3824 3892/207/3847
f 3892/207/3847 3869/151/3824 3871/153/3826 3893/208/3848
f 3893/208/3848 3871/153/3826 3873/155/3828 3894/209/3849
f 3894/209/3849 3873/155/3828 3875/161/3830 3895/210/3850
f 3895/210/3850 3875/161/3830 3865/169/3820 3890/211/3845
f 3906/212/3861 3887/215/3842 3876/214/3831 3924/213/3879
f 3901/216/3856 3886/219/3841 3877/218/3832 3896/217/3851
f 3905/220/3860 3885/221/3840 3887/215/3842 3906/212/3861
f 3900/222/3855 3884/223/3839 3886/219/3841 3901/216/3856
f 3904/224/3859 3883/225/3838 3885/221/3840 3905/220/3860
f 3899/226/3854 3882/227/3837 3884/223/3839 3900/222/3855
f 3923/228/3878 3881/229/3836 3883/225/3838 3904/224/3859
f 3898/230/3853 3880/231/3835 3882/227/3837 3899/226/3854
f 3902/232/3857 3879/233/3834 3881/229/3836 3923/228/3878
f 3897/234/3852 3878/235/3833 3880/231/3835 3898/230/3853
f 3924/236/3879 3876/237/3831 3879/233/3834 3902/232/3857
f 3896/238/3851 3877/239/3832 3878/235/3833 3897/234/3852
f 3870/240/3825 3872/242/3827 3889/241/3844
f 3921/243/3876 3920/245/3875 3888/244/3843
f 3920/245/3875 3922/246/3877 3888/244/3843
f 3874/247/3829 3921/243/3876 3888/244/3843 3889/241/3844
f 3872/242/3827 3874/247/3829 3889/241/3844
f 3922/246/3877 3870/240/3825 3889/241/3844 3888/244/3843
f 3912/248/3867 3895/210/3850 3890/211/3845 3913/249/3868
f 3911/250/3866 3894/209/3849 3895/210/3850 3912/248/3867
f 3910/251/3865 3893/208/3848 3894/209/3849 3911/250/3866
f 3909/252/3864 3892/207/3847 3893/208/3848 3910/251/3865
f 3908/253/3863 3891/206/3846 3892/207/3847 3909/252/3864
f 3913/254/3868 3890/205/3845 3891/206/3846 3908/253/3863
f 3919/255/3874 3896/238/3851 3897/234/3852 3914/256/3869
f 3914/256/3869 3897/234/3852 3898/230/3853 3915/257/3870
f 3915/257/3870 3898/230/3853 3899/226/3854 3916/258/3871
f 3916/258/3871 3899/226/3854 3900/222/3855 3917/259/3872
f 3917/259/3872 3900/222/3855 3901/216/3856 3918/260/3873
f 3918/260/3873 3901/216/3856 3896/217/3851 3919/261/3874
f 3864/262/3819 3907/265/3862 3925/264/3880 3866/263/3821
f 3866/263/3821 3925/264/3880 3903/267/3858 3868/266/3823
f 3922/246/3877 3923/228/3878 3904/224/3859 3870/240/3825
f 3870/240/3825 3904/224/3859 3905/220/3860 3872/242/3827
f 3872/242/3827 3905/220/3860 3906/212/3861 3874/247/3829
f 3874/247/3829 3906/212/3861 3924/213/3879 3921/243/3876
f 3877/239/3832 3913/254/3868 3908/253/3863 3878/235/3833
f 3878/235/3833 3908/253/3863 3909/252/3864 3880/231/3835
f 3880/231/3835 3909/252/3864 3910/251/3865 3882/227/3837
f 3882/227/3837 3910/251/3865 3911/250/3866 3884/223/3839
f 3884/223/3839 3911/250/3866 3912/248/3867 3886/219/3841
f 3886/219/3841 3912/248/3867 3913/249/3868 3877/218/3832
f 3887/215/3842 3918/260/3873 3919/261/3874 3876/214/3831
f 3885/221/3840 3917/259/3872 3918/260/3873 3887/215/3842
f 3883/225/3838 3916/258/3871 3917/259/3872 3885/221/3840
f 3881/229/3836 3915/257/3870 3916/258/3871 3883/225/3838
f 3879/233/3834 3914/256/3869 3915/257/3870 3881/229/3836
f 3876/237/3831 3919/255/3874 3914/256/3869 3879/233/3834
f 3864/262/3819 3866/263/3821 3920/245/3875 3921/11/3876
f 3866/263/3821 3868/266/3823 3922/246/3877 3920/245/3875
f 3868/266/3823 3903/267/3858 3923/228/3878 3922/246/3877
f 3907/265/3862 3864/262/3819 3921/11/3876 3924/236/3879
f 3925/264/3880 3907/265/3862 3924/236/3879 3902/232/3857
f 3903/267/3858 3925/264/3880 3902/232/3857 3923/228/3878
f 3960/212/3915 3943/215/3898 3932/214/3887 3978/213/3933
f 3955/216/3910 3942/219/3897 3933/218/3888 3950/217/3905
f 3959/220/3914 3941/221/3896 3943/215/3898 3960/212/3915
f 3954/222/3909 3940/223/3895 3942/219/3897 3955/216/3910
f 3958/224/3913 3939/225/3894 3941/221/3896 3959/220/3914
f 3953/226/3908 3938/227/3893 3940/223/3895 3954/222/3909
f 3977/228/3932 3937/229/3892 3939/225/3894 3958/224/3913
f 3952/230/3907 3936/231/3891 3938/227/3893 3953/226/3908
f 3956/232/3911 3935/233/3890 3937/229/3892 3977/228/3932
f 3951/234/3906 3934/235/3889 3936/231/3891 3952/230/3907
f 3978/236/3933 3932/237/3887 3935/233/3890 3956/232/3911
f 3950/238/3905 3933/239/3888 3934/235/3889 3951/234/3906
f 3929/240/3884 3930/242/3885 3945/241/3900
f 3975/243/3930 3974/245/3929 3944/244/3899
f 3974/245/3929 3976/246/3931 3944/244/3899
f 3931/247/3886 3975/243/3930 3944/244/3899 3945/241/3900
f 3930/242/3885 3931/247/3886 3945/241/3900
f 3976/246/3931 3929/240/3884 3945/241/3900 3944/244/3899
f 3966/248/3921 3949/210/3904 3946/211/3901 3967/249/3922
f 3965/250/3920 3948/209/3903 3949/210/3904 3966/248/3921
f 3964/251/3919 3947/208/3902 3948/209/3903 3965/250/3920
f 3973/255/3928 3950/238/3905 3951/234/3906 3968/256/3923
f 3968/256/3923 3951/234/3906 3952/230/3907 3969/257/3924
f 3969/257/3924 3952/230/3907 3953/226/3908 3970/258/3925
f 3970/258/3925 3953/226/3908 3954/222/3909 3971/259/3926
f 3971/259/3926 3954/222/3909 3955/216/3910 3972/260/3927
f 3972/260/3927 3955/216/3910 3950/217/3905 3973/261/3928
f 3926/262/3881 3961/265/3916 3979/264/3934 3927/263/3882
f 3927/263/3882 3979/264/3934 3957/267/3912 3928/266/3883
f 3976/246/3931 3977/228/3932 3958/224/3913 3929/240/3884
f 3929/240/3884 3958/224/3913 3959/220/3914 3930/242/3885
f 3930/242/3885 3959/220/3914 3960/212/3915 3931/247/3886
f 3931/247/3886 3960/212/3915 3978/213/3933 3975/243/3930
f 3933/239/3888 3967/254/3922 3962/253/3917 3934/235/3889
f 3934/235/3889 3962/253/3917 3963/252/3918 3936/231/3891
f 3936/231/3891 3963/252/3918 3964/251/3919 3938/227/3893
f 3938/227/3893 3964/251/3919 3965/250/3920 3940/223/3895
f 3940/223/3895 3965/250/3920 3966/248/3921 3942/219/3897
f 3942/219/3897 3966/248/3921 3967/249/3922 3933/218/3888
f 3943/215/3898 3972/260/3927 3973/261/3928 3932/214/3887
f 3941/221/3896 3971/259/3926 3972/260/3927 3943/215/3898
f 3939/225/3894 3970/258/3925 3971/259/3926 3941/221/3896
f 3937/229/3892 3969/257/3924 3970/258/3925 3939/225/3894
f 3935/233/3890 3968/256/3923 3969/257/3924 3937/229/3892
f 3932/237/3887 3973/255/3928 3968/256/3923 3935/233/3890
f 3926/262/3881 3927/263/3882 3974/245/3929 3975/11/3930
f 3927/263/3882 3928/266/3883 3976/246/3931 3974/245/3929
f 3928/266/3883 3957/267/3912 3977/228/3932 3976/246/3931
f 3961/265/3916 3926/262/3881 3975/11/3930 3978/236/3933
f 3979/264/3934 3961/265/3916 3978/236/3933 3956/232/3911
f 3957/267/3912 3979/264/3934 3956/232/3911 3977/228/3932
f 3809/153/3773 3807/151/3771 3865/169/3820 3875/161/3830
f 3747/153/3713 3745/151/3711 3803/169/3767 3813/161/3776
f 3685/153/3651 3683/151/3649 3741/169/3707 3751/161/3717
f 3809/153/3773 3875/161/3830 3993/153/3948
f 3871/153/3826 3869/151/3824 3997/151/3952 3998/153/3953
f 3683/151/3649 3681/150/3647 3981/150/3936 3982/151/3937
f 3811/155/3774 3809/153/3773 3993/153/3948 3994/155/3949
f 3751/161/3717 3749/155/3715 3989/155/3944 3983/161/3938
f 3865/169/3820 3807/151/3771 3992/169/3947
f 3867/150/3822 3865/2/3820 3992/2/3947 3996/150/3951
f 3689/161/3655 3687/155/3653 3984/155/3939 3985/161/3940
f 3807/151/3771 3805/150/3769 3991/150/3946 3992/151/3947
f 3747/153/3713 3813/161/3776 3988/153/3943
f 3803/169/3767 3745/151/3711 3987/169/3942
f 3873/155/3828 3871/153/3826 3998/153/3953 3999/155/3954
f 3813/161/3776 3811/155/3774 3994/155/3949 3988/161/3943
f 3743/150/3709 3741/2/3707 3982/2/3937 3986/150/3941
f 3741/169/3707 3683/151/3649 3982/169/3937
f 3869/151/3824 3867/150/3822 3996/150/3951 3997/151/3952
f 3681/150/3647 3679/2/3645 3980/2/3935 3981/150/3936
f 3679/169/3645 3689/161/3655 3985/161/3940 3980/169/3935
f 3685/153/3651 3751/161/3717 3983/153/3938
f 3749/155/3715 3747/153/3713 3988/153/3943 3989/155/3944
f 3875/161/3830 3873/155/3828 3999/155/3954 3993/161/3948
f 3687/155/3653 3685/153/3651 3983/153/3938 3984/155/3939
f 3805/150/3769 3803/2/3767 3987/2/3942 3991/150/3946
f 3745/151/3711 3743/150/3709 3986/150/3941 3987/151/3942
f 3997/151/3952 3996/150/3951 4006/150/3961 4007/151/3962
f 3998/153/3953 3997/151/3952 4007/151/3962 4008/153/3963
f 3987/151/3942 3986/150/3941 4000/150/3955
f 3999/155/3954 3998/153/3953 4008/153/3963 4004/155/3959
f 3992/2/3947 4003/2/3958 4006/150/3961
f 3989/155/3944 3988/153/3943 4001/155/3956
f 3988/161/3943 3994/155/3949 4005/155/3960
f 3983/161/3938 3989/155/3944 4001/161/3956
f 3991/150/3946 3987/2/3942 4003/150/3958
f 3986/150/3941 3982/2/3937 4000/150/3955
f 3981/150/3936 3980/2/3935 3990/2/3945 3995/150/3950
f 3993/161/3948 3999/155/3954 4004/161/3959
f 3992/151/3947 3991/150/3946 4003/151/3958
f 3982/151/3937 3981/150/3936 3995/150/3950
f 3994/155/3949 3993/153/3948 4004/153/3959
f 3983/153/3938 4001/153/3956 4002/155/3957
f 3996/150/3951 3992/2/3947 4006/150/3961
f 4003/151/3958 3987/151/3942 4000/150/3955
f 4000/151/3955 3982/151/3937 3995/150/3950
f 4005/155/3960 3994/155/3949 4004/153/3959
f 4001/161/3956 3988/161/3943 4005/155/3960
f 3984/155/3939 3983/153/3938 4002/155/3957
f 4002/155/3957 4001/153/3956 4033/153/3988 4030/155/3985
f 4005/155/3960 4004/153/3959 4034/153/3989 4032/155/3987
f 4003/151/3958 4000/150/3955 4011/150/3966 4015/151/3970
f 4006/150/3961 4003/2/3958 4015/2/3970 4018/150/3973
f 4007/151/3962 4006/150/3961 4018/150/3973 4019/151/3974
f 4004/155/3959 4008/153/3963 4031/153/3986 4034/155/3989
f 4000/151/3955 3995/150/3950 4010/150/3965 4011/151/3966
f 4008/153/3963 4007/151/3962 4019/151/3974 4031/153/3986
f 4001/161/3956 4005/155/3960 4032/155/3987 4033/161/3988
f 3995/150/3950 3990/2/3945 4009/2/3964 4010/150/3965
f 3946/211/3901 3949/210/3904 4027/269/3982 4022/268/3977
f 4009/169/3964 4024/270/3979 4022/268/3977
f 3949/210/3904 3948/209/3903 4028/271/3983 4027/269/3982
f 3948/209/3903 3947/208/3902 4029/272/3984 4028/271/3983
f 3962/253/3917 4021/274/3976 4026/273/3981 3963/252/3918
f 3946/211/3901 4024/270/3979 4025/275/3980 3962/253/3917 3967/254/3922
f 3980/2/3935 3985/161/3940 4021/274/3976 4025/276/3980 3990/2/3945
f 3984/155/3939 4002/155/3957 4026/273/3981
f 3964/251/3919 3963/252/3918 4002/155/3957 3947/208/3902
f 4013/155/3968 4029/272/3984 4030/155/3985
f 4022/268/3977 4023/277/3978 4009/169/3964
f 4025/275/3980 4024/270/3979 3990/169/3945
f 4022/268/3977 4024/270/3979 3946/211/3901
f 4025/276/3980 4021/274/3976 3962/253/3917
f 4026/273/3981 4021/274/3976 3985/161/3940 3984/155/3939
f 4026/273/3981 4002/155/3957 3963/252/3918
f 4027/269/3982 4028/271/3983 4013/155/3968 4014/161/3969
f 4022/268/3977 4027/269/3982 4014/161/3969 4023/277/3978
f 4030/155/3985 4029/272/3984 3947/208/3902 4002/155/3957
f 4028/271/3983 4029/272/3984 4013/155/3968
f 4030/155/3985 4033/153/3988 4012/153/3967 4013/155/3968
f 4033/161/3988 4032/155/3987 4017/155/3972 4012/161/3967
f 4034/155/3989 4031/153/3986 4020/153/3975 4016/155/3971
f 4032/155/3987 4034/153/3989 4016/153/3971 4017/155/3972
f 4031/153/3986 4019/151/3974 4020/153/3975
f 4024/270/3979 4009/169/3964 3990/169/3945
f 4018/150/3973 4015/2/3970 4044/2/3999 4045/150/4000
f 4058/1/4013 4061/1/4016 4070/279/4025 4072/278/4027
f 4015/151/3970 4011/150/3966 4043/150/3998 4044/151/3999
f 4019/151/3974 4018/150/3973 4045/150/4000 4046/151/4001
f 4061/1/4016 4062/1/4017 4071/280/4026 4070/279/4025
f 4009/169/3964 4023/277/3978 4047/277/4002 4041/169/3996
f 4023/277/3978 4014/161/3969 4047/277/4002
f 4019/151/3974 4046/151/4001 4020/153/3975
f 4017/155/3972 4016/153/3971 4050/153/4005 4051/155/4006
f 4016/155/3971 4020/153/3975 4052/153/4007 4050/155/4005
f 4046/151/4001 4052/153/4007 4020/153/3975
f 4013/155/3968 4012/153/3967 4048/153/4003 4049/155/4004
f 4012/161/3967 4017/155/3972 4051/155/4006 4048/161/4003
f 4013/155/3968 4049/155/4004 4047/277/4002 4014/161/3969
f 2885/1/2867 4056/1/4011 4067/1/4022 4038/1/3993
f 2883/1/2865 4054/1/4009 4055/1/4010 2884/1/2866
f 2894/1/2876 4060/1/4015 4062/1/4017 2896/1/2878
f 4037/1/3992 4066/1/4021 4065/1/4020 4036/1/3991
f 2887/1/2869 4058/1/4013 4057/1/4012 2886/1/2868
f 2888/1/2870 2884/1/2866 4055/1/4010 4059/1/4014 2893/1/2875 2892/1/2874 2891/1/2873 2890/1/2872 2889/1/2871
f 2893/1/2875 4059/1/4014 4060/1/4015 2894/1/2876
f 4038/1/3993 4067/1/4022 4066/1/4021 4037/1/3992
f 2886/1/2868 4057/1/4012 4056/1/4011 2885/1/2867
f 4035/1/3990 4064/1/4019 4068/1/4023 4039/1/3994
f 4060/1/4015 4059/3/4014 4043/150/3998 4073/281/4028
f 2895/1/2877 4061/1/4016 4058/1/4013 2887/1/2869
f 2897/1/2879 4063/1/4018 4064/1/4019 4035/1/3990
f 4040/1/3995 4069/1/4024 4053/1/4008 2882/1/2864
f 4036/1/3991 4065/1/4020 4063/1/4018 2897/1/2879
f 4039/1/3994 4068/1/4023 4069/1/4024 4040/1/3995
f 2896/1/2878 4062/1/4017 4061/1/4016 2895/1/2877
f 4044/2/3999 4043/150/3998 4059/3/4014 4055/1/4010
f 2882/1/2864 4053/1/4008 4054/1/4009 2883/1/2865
f 4051/155/4006 4050/153/4005 4068/1/4023 4064/1/4019
f 4051/155/4006 4064/1/4019 4063/1/4018 4048/161/4003
f 4049/155/4004 4048/161/4003 4063/1/4018 4065/1/4020
f 4047/277/4002 4049/155/4004 4065/1/4020 4066/1/4021
f 4050/153/4005 4052/153/4007 4069/1/4024 4068/1/4023
f 4052/153/4007 4046/151/4001 4053/1/4008 4069/1/4024
f 4046/151/4001 4045/150/4000 4054/1/4009 4053/1/4008
f 4045/150/4000 4044/2/3999 4055/1/4010 4054/1/4009
f 4066/1/4021 4067/1/4022 4047/277/4002
f 4041/169/3996 4047/277/4002 4067/1/4022 4056/1/4011
f 4062/1/4017 4060/1/4015 4073/281/4028 4071/280/4026
f 4043/150/3998 4011/150/3966 4009/169/3964 4041/169/3996 4042/282/3997 4072/278/4027 4070/279/4025 4071/280/4026 4073/281/4028
f 4057/1/4012 4042/282/3997 4041/169/3996 4056/1/4011
f 4042/282/3997 4057/1/4012 4058/1/4013 4072/278/4027
f 4074/3/4029 4076/1/4031 4077/2/4032 4075/11/4030
f 4075/11/4030 4079/11/4034 4078/3/4033 4074/3/4029
f 4079/11/4034 4081/11/4036 4080/3/4035 4078/3/4033
f 4081/11/4036 4083/11/4038 4082/3/4037 4080/3/4035
f 4083/11/4038 4141/11/4096 4140/3/4095 4082/3/4037
f 4085/11/4040 4087/11/4042 4086/3/4041 4084/3/4039
f 4087/11/4042 4089/11/4044 4088/3/4043 4086/3/4041
f 4089/11/4044 4091/11/4046 4090/3/4045 4088/3/4043
f 4091/11/4046 4093/11/4048 4092/3/4047 4090/3/4045
f 4093/11/4048 4095/11/4050 4094/3/4049 4092/3/4047
f 4095/11/4050 4097/11/4052 4096/3/4051 4094/3/4049
f 4097/11/4052 4099/11/4054 4098/3/4053 4096/3/4051
f 4099/11/4054 4101/11/4056 4100/3/4055 4098/3/4053
f 4101/11/4056 4103/11/4058 4102/3/4057 4100/3/4055
f 4103/11/4058 4105/11/4060 4104/3/4059 4102/3/4057
f 4105/11/4060 4107/11/4062 4106/3/4061 4104/3/4059
f 4109/11/4064 4111/11/4066 4110/3/4065 4108/3/4063
f 4110/3/4065 4113/3/4068 4112/3/4067 4108/3/4063
f 4113/3/4068 4115/3/4070 4114/3/4069 4112/3/4067
f 4115/3/4070 4117/3/4072 4116/3/4071 4114/3/4069
f 4117/3/4072 4119/3/4074 4118/3/4073 4116/3/4071
f 4119/3/4074 4121/3/4076 4120/3/4075 4118/3/4073
f 4121/3/4076 4123/3/4078 4122/3/4077 4120/3/4075
f 4123/3/4078 4125/3/4080 4124/3/4079 4122/3/4077
f 4125/3/4080 4127/3/4082 4126/3/4081 4124/3/4079
f 4127/3/4082 4129/3/4084 4128/3/4083 4126/3/4081
f 4129/3/4084 4131/3/4086 4130/3/4085 4128/3/4083
f 4131/3/4086 4133/3/4088 4132/3/4087 4130/3/4085
f 4133/3/4088 4135/3/4090 4134/3/4089 4132/3/4087
f 4114/3/4069 4137/3/4092 4136/3/4091 4112/3/4067
f 4137/3/4092 4139/3/4094 4138/3/4093 4136/3/4091
f 4081/11/4036 4134/3/4089 4135/3/4090 4083/11/4038
f 4141/11/4096 4085/11/4040 4084/3/4039 4140/3/4095
f 4104/3/4059 4106/3/4061 4129/3/4084 4127/3/4082
f 4102/3/4057 4104/3/4059 4127/3/4082 4125/3/4080
f 4100/3/4055 4102/3/4057 4125/3/4080 4123/3/4078
f 4098/3/4053 4100/3/4055 4123/3/4078 4121/3/4076
f 4118/3/4073 4169/3/4124 4167/3/4122 4116/3/4071
f 4136/3/4091 4180/3/4135 4163/3/4118 4112/3/4067
f 4090/3/4045 4154/3/4109 4153/3/4108 4088/3/4043
f 4111/11/4066 4162/11/4117 4161/3/4116 4110/3/4065
f 4121/3/4076 4172/3/4127 4158/3/4113 4098/3/4053
f 4117/3/4072 4168/3/4123 4170/3/4125 4119/3/4074
f 4114/3/4069 4165/3/4120 4181/3/4136 4137/3/4092
f 4128/3/4083 4176/3/4131 4175/3/4130 4126/3/4081
f 4082/3/4037 4150/3/4105 4148/3/4103 4080/3/4035
f 4139/3/4094 4183/3/4138 4182/3/4137 4138/3/4093
f 4109/11/4064 4160/11/4115 4162/11/4117 4111/11/4066
f 4120/3/4075 4171/3/4126 4169/3/4124 4118/3/4073
f 4138/3/4093 4182/3/4137 4180/3/4135 4136/3/4091
f 4092/3/4047 4155/3/4110 4154/3/4109 4090/3/4045
f 4119/3/4074 4170/3/4125 4172/3/4127 4121/3/4076
f 4074/3/4029 4142/3/4097 4144/1/4099 4076/1/4031
f 4137/3/4092 4181/3/4136 4183/3/4138 4139/3/4094
f 4112/3/4067 4163/3/4118 4159/3/4114 4108/3/4063
f 4130/3/4085 4177/3/4132 4176/3/4131 4128/3/4083
f 4084/3/4039 4151/3/4106 4184/3/4139 4140/3/4095
f 4140/3/4095 4184/3/4139 4150/3/4105 4082/3/4037
f 4110/3/4065 4161/3/4116 4164/3/4119 4113/3/4068
f 4122/3/4077 4173/3/4128 4171/3/4126 4120/3/4075
f 4077/2/4032 4145/2/4100 4143/11/4098 4075/11/4030
f 4094/3/4049 4156/3/4111 4155/3/4110 4092/3/4047
f 4076/1/4031 4144/1/4099 4145/2/4100 4077/2/4032
f 4132/3/4087 4192/3/4147 4191/3/4146 4130/3/4085
f 4086/3/4041 4152/3/4107 4151/3/4106 4084/3/4039
f 4113/3/4068 4164/3/4119 4166/3/4121 4115/3/4070
f 4122/3/4077 4197/3/4152 4200/3/4155 4173/3/4128
f 4078/3/4033 4146/3/4101 4142/3/4097 4074/3/4029
f 4081/11/4036 4149/11/4104 4179/3/4134 4134/3/4089
f 4096/3/4051 4157/3/4112 4156/3/4111 4094/3/4049
f 4075/11/4030 4143/11/4098 4147/11/4102 4079/11/4034
f 4116/3/4071 4167/3/4122 4165/3/4120 4114/3/4069
f 4130/3/4085 4191/3/4146 4194/3/4149 4177/3/4132
f 4088/3/4043 4153/3/4108 4152/3/4107 4086/3/4041
f 4115/3/4070 4166/3/4121 4168/3/4123 4117/3/4072
f 4124/3/4079 4198/3/4153 4197/3/4152 4122/3/4077
f 4080/3/4035 4148/3/4103 4146/3/4101 4078/3/4033
f 4098/3/4053 4158/3/4113 4157/3/4112 4096/3/4051
f 4108/3/4063 4159/3/4114 4160/11/4115 4109/11/4064
f 4079/11/4034 4147/11/4102 4149/11/4104 4081/11/4036
f 4152/3/4107 4162/11/4117 4160/11/4115 4151/3/4106
f 4152/3/4107 4153/3/4108 4161/3/4116 4162/11/4117
f 4153/3/4108 4154/3/4109 4164/3/4119 4161/3/4116
f 4154/3/4109 4155/3/4110 4166/3/4121 4164/3/4119
f 4155/3/4110 4156/3/4111 4168/3/4123 4166/3/4121
f 4144/1/4099 4142/3/4097 4165/3/4120 4167/3/4122
f 4142/3/4097 4146/3/4101 4181/3/4136 4165/3/4120
f 4146/3/4101 4148/3/4103 4183/3/4138 4181/3/4136
f 4148/3/4103 4150/3/4105 4182/3/4137 4183/3/4138
f 4184/3/4139 4185/283/4140 4182/3/4137 4150/3/4105
f 4160/11/4115 4159/3/4114 4186/3/4141 4185/283/4140
f 4159/3/4114 4163/3/4118 4180/3/4135 4186/3/4141
f 4186/3/4141 4180/3/4135 4182/3/4137 4185/283/4140
f 4185/283/4140 4184/3/4139 4151/3/4106 4160/11/4115
f 4143/11/4098 4188/3/4143 4178/3/4133 4147/11/4102
f 4145/2/4100 4144/1/4099 4167/3/4122 4169/3/4124
f 4178/3/4133 4179/3/4134 4149/11/4104 4147/11/4102
f 4171/3/4126 4173/3/4128 4189/3/4144 4190/3/4145
f 4192/3/4147 4195/3/4150 4194/3/4149 4191/3/4146
f 4173/3/4128 4174/3/4129 4189/3/4144
f 4188/3/4143 4143/11/4098 4145/2/4100 4190/3/4145
f 4175/3/4130 4176/3/4131 4177/3/4132 4187/3/4142
f 4187/3/4142 4177/3/4132 4178/3/4133 4188/3/4143
f 4145/2/4100 4169/3/4124 4171/3/4126 4190/3/4145
f 4174/3/4129 4175/3/4130 4187/3/4142 4189/3/4144
f 4189/3/4144 4187/3/4142 4188/3/4143 4190/3/4145
f 4193/3/4148 4196/3/4151 4195/3/4150 4192/3/4147
f 4178/3/4133 4195/3/4150 4196/3/4151 4179/3/4134
f 4179/3/4134 4196/3/4151 4193/3/4148 4134/3/4089
f 4134/3/4089 4193/3/4148 4192/3/4147 4132/3/4087
f 4177/3/4132 4194/3/4149 4195/3/4150 4178/3/4133
f 4198/3/4153 4201/3/4156 4200/3/4155 4197/3/4152
f 4199/3/4154 4202/3/4157 4201/3/4156 4198/3/4153
f 4173/3/4128 4200/3/4155 4201/3/4156 4174/3/4129
f 4175/3/4130 4202/3/4157 4199/3/4154 4126/3/4081
f 4126/3/4081 4199/3/4154 4198/3/4153 4124/3/4079
f 4174/3/4129 4201/3/4156 4202/3/4157 4175/3/4130
f 4156/3/4111 4157/3/4112 4170/3/4125 4168/3/4123
f 4157/3/4112 4158/3/4113 4172/3/4127 4170/3/4125
f 4085/11/4040 4204/11/4159 4205/11/4160 4087/11/4042
f 4095/11/4050 4213/11/4168 4208/11/4163 4097/11/4052
f 4131/3/4086 4220/3/4175 4221/3/4176 4133/3/4088
f 4105/11/4060 4217/11/4172 4218/11/4173 4107/11/4062
f 4106/3/4061 4209/3/4164 4219/3/4174 4129/3/4084
f 4091/11/4046 4212/11/4167 4207/11/4162 4093/11/4048
f 4101/11/4056 4215/11/4170 4216/11/4171 4103/11/4058
f 4087/11/4042 4205/11/4160 4206/11/4161 4089/11/4044
f 4097/11/4052 4208/11/4163 4214/11/4169 4099/11/4054
f 4133/3/4088 4221/3/4176 4210/3/4165 4135/3/4090
f 4141/11/4096 4211/11/4166 4204/11/4159 4085/11/4040
f 4083/11/4038 4203/11/4158 4211/11/4166 4141/11/4096
f 4093/11/4048 4207/11/4162 4213/11/4168 4095/11/4050
f 4129/3/4084 4219/3/4174 4220/3/4175 4131/3/4086
f 4103/11/4058 4216/11/4171 4217/11/4172 4105/11/4060
f 4107/11/4062 4218/11/4173 4209/3/4164 4106/3/4061
f 4135/3/4090 4210/3/4165 4203/11/4158 4083/11/4038
f 4089/11/4044 4206/11/4161 4212/11/4167 4091/11/4046
f 4099/11/4054 4214/11/4169 4215/11/4170 4101/11/4056
f 4232/11/4187 4231/1/4186 4238/3/4193 4237/3/4192 4236/3/4191 4234/3/4189 4235/11/4190 4233/11/4188
f 4208/11/4163 4229/11/4184 4230/11/4185 4214/11/4169
f 4203/11/4158 4222/11/4177 4239/11/4194 4211/11/4166
f 4214/11/4169 4230/11/4185 4231/11/4186 4215/11/4170
f 4204/11/4159 4223/11/4178 4224/11/4179 4205/11/4160
f 4211/11/4166 4239/11/4194 4223/11/4178 4204/11/4159
f 4215/11/4170 4231/11/4186 4232/11/4187 4216/11/4171
f 4205/11/4160 4224/11/4179 4225/11/4180 4206/11/4161
f 4210/3/4165 4238/3/4193 4222/11/4177 4203/11/4158
f 4216/11/4171 4232/11/4187 4233/11/4188 4217/11/4172
f 4206/11/4161 4225/11/4180 4226/11/4181 4212/11/4167
f 4209/3/4164 4234/3/4189 4236/3/4191 4219/3/4174
f 4218/11/4173 4235/11/4190 4234/3/4189 4209/3/4164
f 4212/11/4167 4226/11/4181 4227/11/4182 4207/11/4162
f 4217/11/4172 4233/11/4188 4235/11/4190 4218/11/4173
f 4207/11/4162 4227/11/4182 4228/11/4183 4213/11/4168
f 4219/3/4174 4236/3/4191 4237/3/4192 4220/3/4175
f 4213/11/4168 4228/11/4183 4229/11/4184 4208/11/4163
f 2417/1/2399 2410/1/2392 2375/1/2357 4240/1/4195
f 2419/1/2401 4223/1/4178 4239/1/4194 2414/1/2396
f 2410/1/2392 4238/1/4193 4231/1/4186 2415/1/2397
f 2430/1/2412 4224/1/4179 4223/1/4178 2419/1/2401
f 2416/1/2398 4230/1/4185 4229/1/4184 2429/1/2411
f 2414/1/2396 4239/1/4194 4222/1/4177 2417/1/2399
f 2429/1/2411 4229/1/4184 4228/1/4183 2427/1/2409
f 2417/1/2399 4222/1/4177 4238/1/4193 2410/1/2392
f 2427/1/2409 4228/1/4183 4227/1/4182 2425/1/2407
f 2425/1/2407 4227/1/4182 4226/1/4181 2423/1/2405
f 2423/1/2405 4226/1/4181 4225/1/4180 2421/1/2403
f 2421/1/2403 4225/1/4180 4224/1/4179 2430/1/2412
f 2415/1/2397 4231/1/4186 4230/1/4185 2416/1/2398
f 4241/1/4196 2420/1/2402 2421/1/2403 2430/1/2412
f 4238/3/4193 4210/3/4165 4221/3/4176 4220/3/4175 4237/3/4192
f 4247/1/4202 2443/1/2425 2442/1/2424 4245/1/4200
f 4242/1/4197 2444/1/2426 2443/1/2425 4247/1/4202
f 4245/1/4200 2442/1/2424 2441/1/2423 4246/1/4201
f 4246/1/4201 2441/1/2423 2440/1/2422 4244/1/4199
f 4244/1/4199 2440/1/2422 2439/1/2421 4243/1/4198
f 4243/1/4198 2439/1/2421 2438/1/2420 4248/1/4203
f 2170/1/2152 293/1/293 2444/1/2426 4242/1/4197
f 4248/1/4203 2438/1/2420 2420/1/2402 4241/1/4196
f 2277/1/2259 2347/13/2329 2348/1/2330 2285/1/2267 2284/20/2266 2283/20/2265
f 2201/3/2183 2227/3/2209 2199/3/2181 2358/1/2340
f 4010/150/3965 4009/2/3964 4011/150/3966
f 2606/73/2588 2601/65/2583 2747/105/2729 2728/108/2710
f 483/89/483 484/100/484 2616/101/2598 2614/88/2596
f 2608/106/2590 2735/107/2717 623/113/623 2173/284/2155
f 2617/98/2599 2568/24/2550 4259/30/4214 4258/285/4213
f 2605/70/2587 2606/73/2588 2608/106/2590 4256/286/4211
f 4249/102/4204 2615/96/2597 4253/104/4208 4252/287/4207
f 4253/104/4208 2616/101/2598 4258/285/4213 4252/287/4207
f 4254/94/4209 2614/88/2596 2616/101/2598 4253/104/4208
f 4251/80/4206 2611/85/2593 2609/77/2591 4250/79/4205
f 2620/26/2602 2619/27/2601 4249/102/4204 4252/287/4207
f 4254/94/4209 2613/92/2595 2611/90/2593 4251/93/4206
f 4250/79/4205 2609/77/2591 2607/75/2589 4255/288/4210
f 4256/286/4211 2608/106/2590 2173/284/2155 2187/289/2169
f 4255/288/4210 2604/69/2586 2605/70/2587 4256/286/4211
f 2607/75/2589 2603/72/2585 2604/69/2586 4255/288/4210
f 4256/286/4211 2610/78/2592 4250/79/4205 4255/288/4210
f 2651/1/2633 2653/1/2635 2652/1/2634 4257/41/4212
f 2581/1/2563 2580/38/2562 2576/34/2558 4257/41/4212
f 2616/101/2598 2617/98/2599 4258/285/4213
f 4260/31/4215 2571/29/2553 2620/26/2602 4259/30/4214
f 4259/30/4214 2620/26/2602 4252/287/4207 4258/285/4213
f 2580/38/2562 2579/42/2561 2575/37/2557 4261/33/4216
f 4261/33/4216 2575/37/2557 2571/29/2553 4260/31/4215
f 477/82/477 2610/78/2592 4256/286/4211 2187/289/2169
l 1124 1123
l 1125 1124
l 1126 1125
l 1128 1126
l 3201 3200
l 3202 3201
l 3203 3202
l 3205 3203
